{
    "addr_history": {
        "126hYxWMrviZMUgWkhCbCP75tqwYtNvpnX": [],
        "12AJN5mbWPVbYbv2CRLCmALuRFCL5k92oc": [],
        "13C1czvAYt1uAkfuJzjeFenKWxd1L1xEsV": [],
        "13HF1ykJmm1PC7yb8R48ingfSasGZEKYs6": [],
        "14wFVXepEDtn8tQfEvNYsYvHBiA5HEW33w": [],
        "15X9r5zjmPhv2jZuuJpyQRWh5FAg49TuvY": [],
        "1AMYX7yB3xCrCuPjsbcSYvB3RdbdLCEpJG": [],
        "1AakjQd2w77Yc5zfkXYVrg5LUZ2T1X1g9L": [],
        "1ApifJGp4TxoJtkVZubSPFPQkBgmQHmYkt": [],
        "1Biz392zdC8eEPeG2JDfurxmEQWXcxJd15": [],
        "1CmrVtkWGeHuHtLhjb1ak1pZogbNEHS1DJ": [],
        "1DHHNdovrNRqsDSfE7bHRCgLfKa168pDpx": [],
        "1DhtFVhFY2WqptxzddEs5duU7he2medE97": [],
        "1EMsKvQ2bfY5rm8Z6DYPKMkw89DkACFrW4": [],
        "1EWNP9QSWTVx4TV959YjkBAPPCm5hwGw5A": [],
        "1EcHsSHhGGkuDnCwwNaBChAuxhkCHCWkhj": [],
        "1FRm2ijRBtf5HsxpJumf2qLVUUhUA1RkhE": [],
        "1FzGoxPuqFpWgtP1pV9nb1jPLdono6JqR4": [],
        "1Gw8Ee1DcQayy39aBSkZsEcxMvGvZTzNmu": [],
        "1H32z7e9xh6H84b5zPCUWJib3tVP1BEGEL": [],
        "1JC2y1XqTfFnPrFUzPUNMZh2Kf3brp4u66": [],
        "1JhrhWDkBCvqVzLKCmV2tGQkeEdAUP6oih": [],
        "1KWyprFqmAy1RqqvPG6xqWH8Eoipi66sDu": [],
        "1KvMEUyii5F3JXLidWaRvsPmBMQSRHHEzb": [],
        "1KzFirBfGNdVKxKtR2hp7nEEdfLa6w669L": [],
        "1MFS3RLbP2nEcBn3JMYv7sUWEzGRMSBWSK": [],
        "1MqWNpxsCXtuDAYJ6X9YigyDvTcLFSUSZk": [],
        "1N4cbhfinXQx9Drj5FREvsvPSRYhvzVTfD": [],
        "1NMSQvZkMnYeCGWidZ6tqcWzVoi7DvXpJi": [],
        "1NWi6BrL8Nw6fy1cc57MrBmwnWfMGX7N2n": []
    },
    "addresses": {
        "change": [
            "13C1czvAYt1uAkfuJzjeFenKWxd1L1xEsV",
            "1JhrhWDkBCvqVzLKCmV2tGQkeEdAUP6oih",
            "1DHHNdovrNRqsDSfE7bHRCgLfKa168pDpx",
            "13HF1ykJmm1PC7yb8R48ingfSasGZEKYs6",
            "1ApifJGp4TxoJtkVZubSPFPQkBgmQHmYkt",
            "1NMSQvZkMnYeCGWidZ6tqcWzVoi7DvXpJi",
            "12AJN5mbWPVbYbv2CRLCmALuRFCL5k92oc",
            "1AakjQd2w77Yc5zfkXYVrg5LUZ2T1X1g9L",
            "1EWNP9QSWTVx4TV959YjkBAPPCm5hwGw5A",
            "1EMsKvQ2bfY5rm8Z6DYPKMkw89DkACFrW4"
        ],
        "receiving": [
            "1DhtFVhFY2WqptxzddEs5duU7he2medE97",
            "1EcHsSHhGGkuDnCwwNaBChAuxhkCHCWkhj",
            "1NWi6BrL8Nw6fy1cc57MrBmwnWfMGX7N2n",
            "1Biz392zdC8eEPeG2JDfurxmEQWXcxJd15",
            "1FzGoxPuqFpWgtP1pV9nb1jPLdono6JqR4",
            "1H32z7e9xh6H84b5zPCUWJib3tVP1BEGEL",
            "15X9r5zjmPhv2jZuuJpyQRWh5FAg49TuvY",
            "1KWyprFqmAy1RqqvPG6xqWH8Eoipi66sDu",
            "1KzFirBfGNdVKxKtR2hp7nEEdfLa6w669L",
            "1AMYX7yB3xCrCuPjsbcSYvB3RdbdLCEpJG",
            "1FRm2ijRBtf5HsxpJumf2qLVUUhUA1RkhE",
            "1Gw8Ee1DcQayy39aBSkZsEcxMvGvZTzNmu",
            "1MqWNpxsCXtuDAYJ6X9YigyDvTcLFSUSZk",
            "1CmrVtkWGeHuHtLhjb1ak1pZogbNEHS1DJ",
            "1N4cbhfinXQx9Drj5FREvsvPSRYhvzVTfD",
            "1JC2y1XqTfFnPrFUzPUNMZh2Kf3brp4u66",
            "14wFVXepEDtn8tQfEvNYsYvHBiA5HEW33w",
            "126hYxWMrviZMUgWkhCbCP75tqwYtNvpnX",
            "1KvMEUyii5F3JXLidWaRvsPmBMQSRHHEzb",
            "1MFS3RLbP2nEcBn3JMYv7sUWEzGRMSBWSK"
        ]
    },
    "fiat_value": {},
    "frozen_coins": {},
    "invoices": {},
    "keystore": {
        "derivation": "m",
        "pw_hash_version": 1,
        "root_fingerprint": "87c0f9cf",
        "seed": "minor zone pool album remain combine code claw medal settle grace capable",
        "seed_type": "standard",
        "type": "bip32",
        "xprv": "xprv9s21ZrQH143K3Ya9QoLvLjrbWEcBt4kL5wdh2x5wkuXYxV8WJqP5jM8whCkB4ywX41GocRgn6uWM8PaxV961seaEex4FtMxkeAntStXnxnR",
        "xpub": "xpub661MyMwAqRbcG2ecWpsvhsoL4GSgHXUBTAZHqLVZKF4XqHTerNhLH9TRYUR1jxzLE2vz41gmzZmEC4dF9L25viPyFoMj5W7uw7UgSPrq2t2"
    },
    "labels": {},
    "payment_requests": {},
    "prevouts_by_scripthash": {},
    "seed_version": 50,
    "spent_outpoints": {},
    "transactions": {},
    "tx_fees": {},
    "txi": {},
    "txo": {},
    "use_encryption": false,
    "verified_tx3": {},
    "wallet_type": "standard"
}