{
    "addr_history": {
        "12BXD6diY4yaBKctWMdKNwPmAw4gvxRYv3": [],
        "13Sb9whwyi8tjwNjcTGqMyDUDhVVUgBbcc": [],
        "167CQGC33PdvdMQRetZzWHCi6Lp5wmKnss": [],
        "16DVis5CvjiHbRgh3GMJHmVEdC9oKdrCHP": [],
        "16gHA1Vtdauxv9xyWs6kfvb6Ghni9EYjjW": [],
        "17BZkd5GQFf2AzitrDwvmJSL6onMSpH4oz": [],
        "17C9qSxdK6ykrcEmbjewNHCo7UQZ1AXhuG": [],
        "19KqNTJkpgfhiNwYEUZd5868LLZHpmhig4": [],
        "19Xk8MR8dCo6V43hS3qFf9pD2cTA21d3o9": [],
        "1Aecxow8EYwcTDnJFcnnBanNwTNWrNU1h2": [],
        "1B7JkYTBj4gSyarvVFMeGi6peBbAWLpsnh": [],
        "1Coyb2qLjPZP3sFo1jo24EmXPdLCFVk9Vw": [],
        "1CyDhKQgdJmn2CoVXmAwHoYPEbhFtSn5oe": [],
        "1DU9pzr7nowToMMbVP4iuExs1irWVQ9m73": [],
        "1DYKnRgVtLaDekBDDNjigpMuFucu7w4Vgd": [],
        "1DZmeSSA3X4EjPAqSvNzLpRcz6yy6CZXwT": [],
        "1E1VFCXk3EBgh7ESBNSdvuZbarW2MuMk9T": [],
        "1FK9dPqs8w3G5X7LUAjEabdMosCaNPEuqy": [],
        "1GiCWu3t4HvXkjVuZqCbcqKeGXRWzndpEu": [],
        "1JSP4fkYJnxviZB4XrHZLResQG7UEa8wrX": [],
        "1JiLUHDw8bkJmk2A58AA878V1Do2wkAe7F": [],
        "1JqmBTV4XioUz529sTNuVhCr8fwuzZV5wn": [],
        "1KgkXz6Zr9Y4yYenPNXypcxrgqQTKqicdK": [],
        "1L2pv3t9EqiTi2jeiTqSiWpoLuKuw71bjU": [],
        "1LbLJSRmCqgPsh2zBRVzYWj76xFtoWmiHg": [],
        "1N9Mvr9sATfwRkLixPUqqdp283SyCrvTqh": [],
        "1Nt1c2o6eB5RtTwLyRpzFZWW7PjBy4RXaB": [],
        "1Put68kuhewHJR1ceNrGAV31R2iBxxEUR8": [],
        "1ZKLdnWuDnDhhzKujHmvhtBW7DUpzyduK": [],
        "1aUeowKPdwmCTCUCz1p3LfspfPZYUG4s6": []
    },
    "addresses": {
        "change": [
            "1aUeowKPdwmCTCUCz1p3LfspfPZYUG4s6",
            "1E1VFCXk3EBgh7ESBNSdvuZbarW2MuMk9T",
            "1Put68kuhewHJR1ceNrGAV31R2iBxxEUR8",
            "1JSP4fkYJnxviZB4XrHZLResQG7UEa8wrX",
            "1B7JkYTBj4gSyarvVFMeGi6peBbAWLpsnh",
            "1FK9dPqs8w3G5X7LUAjEabdMosCaNPEuqy",
            "1Coyb2qLjPZP3sFo1jo24EmXPdLCFVk9Vw",
            "17BZkd5GQFf2AzitrDwvmJSL6onMSpH4oz",
            "13Sb9whwyi8tjwNjcTGqMyDUDhVVUgBbcc",
            "1N9Mvr9sATfwRkLixPUqqdp283SyCrvTqh"
        ],
        "receiving": [
            "1LbLJSRmCqgPsh2zBRVzYWj76xFtoWmiHg",
            "1GiCWu3t4HvXkjVuZqCbcqKeGXRWzndpEu",
            "1JiLUHDw8bkJmk2A58AA878V1Do2wkAe7F",
            "167CQGC33PdvdMQRetZzWHCi6Lp5wmKnss",
            "16DVis5CvjiHbRgh3GMJHmVEdC9oKdrCHP",
            "19Xk8MR8dCo6V43hS3qFf9pD2cTA21d3o9",
            "1DYKnRgVtLaDekBDDNjigpMuFucu7w4Vgd",
            "17C9qSxdK6ykrcEmbjewNHCo7UQZ1AXhuG",
            "1KgkXz6Zr9Y4yYenPNXypcxrgqQTKqicdK",
            "1Aecxow8EYwcTDnJFcnnBanNwTNWrNU1h2",
            "12BXD6diY4yaBKctWMdKNwPmAw4gvxRYv3",
            "1ZKLdnWuDnDhhzKujHmvhtBW7DUpzyduK",
            "1CyDhKQgdJmn2CoVXmAwHoYPEbhFtSn5oe",
            "1L2pv3t9EqiTi2jeiTqSiWpoLuKuw71bjU",
            "1DU9pzr7nowToMMbVP4iuExs1irWVQ9m73",
            "16gHA1Vtdauxv9xyWs6kfvb6Ghni9EYjjW",
            "1Nt1c2o6eB5RtTwLyRpzFZWW7PjBy4RXaB",
            "1DZmeSSA3X4EjPAqSvNzLpRcz6yy6CZXwT",
            "1JqmBTV4XioUz529sTNuVhCr8fwuzZV5wn",
            "19KqNTJkpgfhiNwYEUZd5868LLZHpmhig4"
        ]
    },
    "fiat_value": {},
    "frozen_coins": {},
    "invoices": {},
    "keystore": {
        "derivation": "m",
        "pw_hash_version": 1,
        "root_fingerprint": "722d0710",
        "seed": "minor zone pool account remain combine excuse claw medal settle grace capable",
        "seed_type": "standard",
        "type": "bip32",
        "xprv": "xprv9s21ZrQH143K2oEx7WouN3c5So1Brdhc9pwQ83Mn9PRyJUVvy158Jddc7zcpvCeuXEXKYPVBjf3VdZvwKQ4KvN4jAZt4JENExuJQv7XkanX",
        "xpub": "xpub661MyMwAqRbcFHKRDYLujBYozpqgG6RTX3rzvRmPhixxBGq5WYPNrRx5yHovK8Z1zHDvHfotJi8vwTATHkjpsE2EEKxghqMM7gJRo8x1sEW"
    },
    "labels": {},
    "payment_requests": {},
    "prevouts_by_scripthash": {},
    "seed_version": 50,
    "spent_outpoints": {},
    "transactions": {},
    "tx_fees": {},
    "txi": {},
    "txo": {},
    "use_encryption": false,
    "verified_tx3": {},
    "wallet_type": "standard"
}