{
    "addr_history": {
        "13PZt7oeUmPNok76vitXDSAsZD8jX9ASmA": [],
        "13RTnLU9PVzu7AWDUoWTsBNMxnndbuLa8c": [],
        "14497g2FNCen3r8rQQqD6wZ7MY1emt2fuS": [],
        "14ijKgKfEQU5UJBgZEqwcZbJVUZakY56ys": [],
        "14wnBRxwTqoaas88uBCPi4HC7tCoGTmTnV": [],
        "152qLoPrZpEfRDAUzBdNsWResx6rFjxrFt": [],
        "16PDYUH6CmpduzjSqveuhGGzZNJDokuK8v": [],
        "16djyx5xz7qnSPwAwPirhePUAVFrbyszZe": [],
        "171SMKT7h9iv1mZ523fEjRESLT1anTFV6S": [],
        "185p1bLzdm4kc8TNseZjFkPGWCpW3x2eEp": [],
        "19SiySDxvHhQwifziW2LX1Qzo7uTifdEtz": [],
        "1AXpxH18urgSBU7MRM51CNcPdhdDf8Vm6o": [],
        "1CeRiixHUmp8idDY6rJw5rjqjPmfBe1Ybn": [],
        "1CyhFoqNq4xsSiGDb8tmaMb3Y3jkFUF7ja": [],
        "1D7VVaRomXLUbGfFKibSr51gTkkjqvYEWe": [],
        "1DQ8ybUUj5wB94RPrmvuRM3JeaJvUvfRCC": [],
        "1EQftVL3cS57cqmExh3xRS7iNKJFhEmSPv": [],
        "1EuwmbjU5xEZXt1dkAjn4Ass784WHFoA7W": [],
        "1FAS6qbhDM3YH2Y66S9cgHrts4fekpfCpZ": [],
        "1HXiQxNyRBKGXZefiwmAwfEnDfzXxqF3Rx": [],
        "1He6mJGp8zZd8fwUN6ehMoRYLEpD718U8z": [],
        "1Jajpf3og9Jtjm6RBNct6nVzw12Kq6EGVy": [],
        "1LcLwVZLPegg3K1dScG3s6VPAd6F7TGkbv": [],
        "1MWpxqWQKv6ufpfXdmcQpAfKBkjVxiNNkY": [],
        "1NRyGe4GPx59qGr95Uo9pB9FJcgMTewbzn": [],
        "1Njp3p7C1KXmxbZBd9aeEFjmSLzDNyufet": [],
        "1PWrvCQxwSWHRh29HtQsu5kMKCJKvc2Knf": [],
        "1PZQx7RuaBgucCepeEdJQZQrY4JQ56qo5T": [],
        "1PzQRqo18KrE2mkX8d4EPrZG4S2UAgH7Xg": [],
        "1zmSGoN8eY9LHcVASVRJv8G6XV6LZFk2q": []
    },
    "addresses": {
        "change": [
            "13RTnLU9PVzu7AWDUoWTsBNMxnndbuLa8c",
            "171SMKT7h9iv1mZ523fEjRESLT1anTFV6S",
            "1HXiQxNyRBKGXZefiwmAwfEnDfzXxqF3Rx",
            "16PDYUH6CmpduzjSqveuhGGzZNJDokuK8v",
            "19SiySDxvHhQwifziW2LX1Qzo7uTifdEtz",
            "14497g2FNCen3r8rQQqD6wZ7MY1emt2fuS",
            "14wnBRxwTqoaas88uBCPi4HC7tCoGTmTnV",
            "14ijKgKfEQU5UJBgZEqwcZbJVUZakY56ys",
            "1zmSGoN8eY9LHcVASVRJv8G6XV6LZFk2q",
            "1D7VVaRomXLUbGfFKibSr51gTkkjqvYEWe"
        ],
        "receiving": [
            "1EQftVL3cS57cqmExh3xRS7iNKJFhEmSPv",
            "1DQ8ybUUj5wB94RPrmvuRM3JeaJvUvfRCC",
            "1Jajpf3og9Jtjm6RBNct6nVzw12Kq6EGVy",
            "1PzQRqo18KrE2mkX8d4EPrZG4S2UAgH7Xg",
            "1FAS6qbhDM3YH2Y66S9cgHrts4fekpfCpZ",
            "1Njp3p7C1KXmxbZBd9aeEFjmSLzDNyufet",
            "185p1bLzdm4kc8TNseZjFkPGWCpW3x2eEp",
            "152qLoPrZpEfRDAUzBdNsWResx6rFjxrFt",
            "1He6mJGp8zZd8fwUN6ehMoRYLEpD718U8z",
            "1EuwmbjU5xEZXt1dkAjn4Ass784WHFoA7W",
            "1MWpxqWQKv6ufpfXdmcQpAfKBkjVxiNNkY",
            "1CeRiixHUmp8idDY6rJw5rjqjPmfBe1Ybn",
            "1LcLwVZLPegg3K1dScG3s6VPAd6F7TGkbv",
            "16djyx5xz7qnSPwAwPirhePUAVFrbyszZe",
            "1AXpxH18urgSBU7MRM51CNcPdhdDf8Vm6o",
            "13PZt7oeUmPNok76vitXDSAsZD8jX9ASmA",
            "1NRyGe4GPx59qGr95Uo9pB9FJcgMTewbzn",
            "1CyhFoqNq4xsSiGDb8tmaMb3Y3jkFUF7ja",
            "1PZQx7RuaBgucCepeEdJQZQrY4JQ56qo5T",
            "1PWrvCQxwSWHRh29HtQsu5kMKCJKvc2Knf"
        ]
    },
    "fiat_value": {},
    "frozen_coins": {},
    "invoices": {},
    "keystore": {
        "derivation": "m",
        "pw_hash_version": 1,
        "root_fingerprint": "4f10dd64",
        "seed": "minor zone pool announce remain combine toe claw medal settle grace capable",
        "seed_type": "standard",
        "type": "bip32",
        "xprv": "xprv9s21ZrQH143K3d4bX7mUyASf5hRoPcpHajrch3PVoUjW4GgmSDkyQKD7zjuMpapy4vwSrXTvm266CBVczXcPWCBeiLGN6FPv6YHnLXJtUZb",
        "xpub": "xpub661MyMwAqRbcG794d9JVLJPPdjGHo5Y8wxnDVRo7MpGUw51uym5Dx7XbqyUvDnpxGDWFpjrgs7tjFohsKcFqXGFHQrgErRLFu3oZ9HEaajP"
    },
    "labels": {},
    "payment_requests": {},
    "prevouts_by_scripthash": {},
    "seed_version": 50,
    "spent_outpoints": {},
    "transactions": {},
    "tx_fees": {},
    "txi": {},
    "txo": {},
    "use_encryption": false,
    "verified_tx3": {},
    "wallet_type": "standard"
}