{
    "addr_history": {
        "12P5PwZZDiVXCKwDXDbd8KCsgnNo6J9cJU": [],
        "13Dk2ahZ2QUKQiPCfWhEZjphfocS4CMLbR": [],
        "13vrw4hz6AWAmaknVp3TyRkuYh8Y6fqHdJ": [],
        "14ngXRDoVLTeEknnRYmFjesAHbd1ZDsZhP": [],
        "1643vmqaUXkR6ybo43njq4FWWaefSHZaYp": [],
        "173M64YpNxVuDwMQ9mhbnw9uqWfp1KS6xg": [],
        "17JVWJmi5e3g4Ry5JvtKxmvBrTpxPiQCsz": [],
        "17WrvTxmrJxA1x1mvBYgUDWtSgjPGJo128": [],
        "17nzeKkSKAwej3ksU1brRhrpwxS9rocxVf": [],
        "19j6RXJmRHyFKvn86ceeuCsJ72CSNFyLKQ": [],
        "19zx2CWVnzaTu3JyQF1bHXcpreKhBvAnqq": [],
        "1AuX5pdo7gBjvFsH5Tn5B9hoDq8WdPv9pb": [],
        "1CC4Yj3yGZUJkpWD8qQcq8sur3YvoiMpKE": [],
        "1CWvsfkkUnYKEvnSmh74aAkwrrHJey8RyD": [],
        "1D3dCJL9UGLX4JhE3Efxf2jx7h7wqeaiJg": [],
        "1DYHcPLnPNPAqrhrBj1fx5doT7kHiF3Lir": [],
        "1Dfb3GYcHnSRyHgUGEEputqBzp6hDf3T7F": [],
        "1EHtFkdL21g21NA47XAibVsXvGkj9SPYUC": [],
        "1EQ52eYz9E76GBzPaUuGkk4EY473L1NMGh": [],
        "1FtxRS6tvE7grwCcwb6mrsrfFE25m15m5K": [],
        "1GS2xWNBtZD1stwDMzRVTtohuCGVH2Q2VS": [],
        "1HLLRzzwPn8phTcpVCBqFEiSoAoWbxbuLa": [],
        "1HPxon4m88tRgGvpkjvHrF9iJdBcEFrgiY": [],
        "1JDbh37sDPMnnnt1FZgyP9rBTTMm7rrMZD": [],
        "1JRop8AHytKZeChuNBdMFe7MstwwNpjvj6": [],
        "1JnE3p9a6fhp2anLQ6nyJZPeqPakwNxCJX": [],
        "1MFFLki1nj3LJiGgrU2gETNRtNjMkW57GK": [],
        "1NnabqJfRoRuG5R8p6mbSgvwKrppMTvdhv": [],
        "1Q7dYR7DQ7FD51ENba1p64vpvqHkb8udWe": [],
        "1wk4dNYwjgcCHkj6th6nVE94tqpNmX29a": []
    },
    "addresses": {
        "change": [
            "17JVWJmi5e3g4Ry5JvtKxmvBrTpxPiQCsz",
            "1643vmqaUXkR6ybo43njq4FWWaefSHZaYp",
            "173M64YpNxVuDwMQ9mhbnw9uqWfp1KS6xg",
            "1EHtFkdL21g21NA47XAibVsXvGkj9SPYUC",
            "1Dfb3GYcHnSRyHgUGEEputqBzp6hDf3T7F",
            "17WrvTxmrJxA1x1mvBYgUDWtSgjPGJo128",
            "1HLLRzzwPn8phTcpVCBqFEiSoAoWbxbuLa",
            "1MFFLki1nj3LJiGgrU2gETNRtNjMkW57GK",
            "1AuX5pdo7gBjvFsH5Tn5B9hoDq8WdPv9pb",
            "1EQ52eYz9E76GBzPaUuGkk4EY473L1NMGh"
        ],
        "receiving": [
            "12P5PwZZDiVXCKwDXDbd8KCsgnNo6J9cJU",
            "1CWvsfkkUnYKEvnSmh74aAkwrrHJey8RyD",
            "1CC4Yj3yGZUJkpWD8qQcq8sur3YvoiMpKE",
            "14ngXRDoVLTeEknnRYmFjesAHbd1ZDsZhP",
            "1GS2xWNBtZD1stwDMzRVTtohuCGVH2Q2VS",
            "19zx2CWVnzaTu3JyQF1bHXcpreKhBvAnqq",
            "1JnE3p9a6fhp2anLQ6nyJZPeqPakwNxCJX",
            "1D3dCJL9UGLX4JhE3Efxf2jx7h7wqeaiJg",
            "1Q7dYR7DQ7FD51ENba1p64vpvqHkb8udWe",
            "1NnabqJfRoRuG5R8p6mbSgvwKrppMTvdhv",
            "13vrw4hz6AWAmaknVp3TyRkuYh8Y6fqHdJ",
            "1JRop8AHytKZeChuNBdMFe7MstwwNpjvj6",
            "1DYHcPLnPNPAqrhrBj1fx5doT7kHiF3Lir",
            "1wk4dNYwjgcCHkj6th6nVE94tqpNmX29a",
            "1FtxRS6tvE7grwCcwb6mrsrfFE25m15m5K",
            "13Dk2ahZ2QUKQiPCfWhEZjphfocS4CMLbR",
            "1HPxon4m88tRgGvpkjvHrF9iJdBcEFrgiY",
            "1JDbh37sDPMnnnt1FZgyP9rBTTMm7rrMZD",
            "17nzeKkSKAwej3ksU1brRhrpwxS9rocxVf",
            "19j6RXJmRHyFKvn86ceeuCsJ72CSNFyLKQ"
        ]
    },
    "fiat_value": {},
    "frozen_coins": {},
    "invoices": {},
    "keystore": {
        "derivation": "m",
        "pw_hash_version": 1,
        "root_fingerprint": "6e4f47d6",
        "seed": "minor zone pool ask remain combine stuff claw medal settle grace capable",
        "seed_type": "standard",
        "type": "bip32",
        "xprv": "xprv9s21ZrQH143K4H1CK4CVADmpdbPrjHnb1aPQvWoczKk5ougLFnVEzrENWWjRGXMdNp9zdThavvnQaE6nRpUnBh89jFSXNm7HcQodwJRdBAM",
        "xpub": "xpub661MyMwAqRbcGm5fR5jVXMiZBdEM8kWSNoK1iuDEYfH4gi1UoKoVYeYrMm6RbXSFNkYomXmXaWN2awmH8MWy54ofUY5sbE8PSvs7BaPcYXN"
    },
    "labels": {},
    "payment_requests": {},
    "prevouts_by_scripthash": {},
    "seed_version": 50,
    "spent_outpoints": {},
    "transactions": {},
    "tx_fees": {},
    "txi": {},
    "txo": {},
    "use_encryption": false,
    "verified_tx3": {},
    "wallet_type": "standard"
}