{
    "addr_history": {
        "12FhjYV9HcNqK1SbPSBXk2cXs2b495gWFf": [],
        "12z6VheRno3BAaujbSMaTwXt1DRtgifXHT": [],
        "13pJheXvRkJvKgBTH58RRfNLaMddCGaeG1": [],
        "13ryh15W78MNeCo8RCASnH5gVgcuQcnzLD": [],
        "14m9bngTp8mKcCvsJtXSHnPF1QNSwXh3V2": [],
        "16GXkda54Ecn9Z1BJCnx9KLRjrFnE15mSV": [],
        "16MYCyuWtBLkZtQDYYundSNKz5PWTjbL5C": [],
        "17wm9RPzWfyzbhQ6pbqoKTH99XXto7ejMR": [],
        "18dbQJgDotrvHbkXD6UWL6XKsVBfhMkbqi": [],
        "1AbXBK4Qa9S4rKgbrarwScsANgXVfafqYB": [],
        "1BKzoggXY4mVutSoN29dXyRgvLxkkuDT6H": [],
        "1BXde4GLTYFdkKMPJaqrLFbbF3yduW7JXC": [],
        "1CxRdpguL4sKrChuoYkPRRBsXg4waD5GXv": [],
        "1DgWQ1hyurnkiFzixuf8ZVM48dAs5feNhb": [],
        "1EN9hfm4mAJdDPFpBUNPbJbgeEwQ89ki9h": [],
        "1ERDiY5c65SCqWotfev6KKUfPuF11v7CZY": [],
        "1EZoy7dyjKnrZrsVaF5Q8vfGhKHexjPUpV": [],
        "1EgWakk87W5CSo8GaAEQ7bS2RMfh8ovCpo": [],
        "1F6mjhxTRHPXeVLHXf3hJe9KKHvUSH8yzh": [],
        "1GD7CT3zT2B6fjr9mzCEppeNoXcJN58Bsy": [],
        "1GQFG1pspXeHqtpebHzjCiwfZkUP2pSdbm": [],
        "1GxTB7ytdXUskzqS2v2AV8iqUvnrajh3du": [],
        "1H83LvthCr7hE4dzxBpjMH2DQxLXRHFqt1": [],
        "1KtJx5qw6Y1TJcyLcPT1A3YviGRyur3o4k": [],
        "1LHQAq8kG6CA4qbrXqQnXGytVmC7k7LBfq": [],
        "1LMZFckwswGxridYWfFGmF4RuofrgwfLco": [],
        "1NDhwGRZGydyCey31ELWtWK9sSgGESywmh": [],
        "1Na6gubosk9FVZ3mbDZ4wKvWrvnJsjjcvv": [],
        "1PbGiXGbFvExU9HgiYYHJtAej8hhyzSsSn": [],
        "1PrXtBPoyyQD5rUjpUxYE2KEuaKWSsaFPy": []
    },
    "addresses": {
        "change": [
            "1PbGiXGbFvExU9HgiYYHJtAej8hhyzSsSn",
            "16GXkda54Ecn9Z1BJCnx9KLRjrFnE15mSV",
            "1DgWQ1hyurnkiFzixuf8ZVM48dAs5feNhb",
            "1CxRdpguL4sKrChuoYkPRRBsXg4waD5GXv",
            "1H83LvthCr7hE4dzxBpjMH2DQxLXRHFqt1",
            "1ERDiY5c65SCqWotfev6KKUfPuF11v7CZY",
            "13ryh15W78MNeCo8RCASnH5gVgcuQcnzLD",
            "18dbQJgDotrvHbkXD6UWL6XKsVBfhMkbqi",
            "1KtJx5qw6Y1TJcyLcPT1A3YviGRyur3o4k",
            "1LMZFckwswGxridYWfFGmF4RuofrgwfLco"
        ],
        "receiving": [
            "1GQFG1pspXeHqtpebHzjCiwfZkUP2pSdbm",
            "1Na6gubosk9FVZ3mbDZ4wKvWrvnJsjjcvv",
            "1LHQAq8kG6CA4qbrXqQnXGytVmC7k7LBfq",
            "1NDhwGRZGydyCey31ELWtWK9sSgGESywmh",
            "1EZoy7dyjKnrZrsVaF5Q8vfGhKHexjPUpV",
            "1AbXBK4Qa9S4rKgbrarwScsANgXVfafqYB",
            "1GxTB7ytdXUskzqS2v2AV8iqUvnrajh3du",
            "1PrXtBPoyyQD5rUjpUxYE2KEuaKWSsaFPy",
            "1EgWakk87W5CSo8GaAEQ7bS2RMfh8ovCpo",
            "1BXde4GLTYFdkKMPJaqrLFbbF3yduW7JXC",
            "12FhjYV9HcNqK1SbPSBXk2cXs2b495gWFf",
            "1EN9hfm4mAJdDPFpBUNPbJbgeEwQ89ki9h",
            "17wm9RPzWfyzbhQ6pbqoKTH99XXto7ejMR",
            "12z6VheRno3BAaujbSMaTwXt1DRtgifXHT",
            "1F6mjhxTRHPXeVLHXf3hJe9KKHvUSH8yzh",
            "1BKzoggXY4mVutSoN29dXyRgvLxkkuDT6H",
            "13pJheXvRkJvKgBTH58RRfNLaMddCGaeG1",
            "16MYCyuWtBLkZtQDYYundSNKz5PWTjbL5C",
            "14m9bngTp8mKcCvsJtXSHnPF1QNSwXh3V2",
            "1GD7CT3zT2B6fjr9mzCEppeNoXcJN58Bsy"
        ]
    },
    "fiat_value": {},
    "frozen_coins": {},
    "invoices": {},
    "keystore": {
        "derivation": "m",
        "pw_hash_version": 1,
        "root_fingerprint": "2201bf4a",
        "seed": "minor zone pool amount remain combine execute claw medal settle grace capable",
        "seed_type": "standard",
        "type": "bip32",
        "xprv": "xprv9s21ZrQH143K2H7ZnW32TpwPsKFjbnU2EjCtEj9ZypLvGkE1e57Sm4LwUV9WRD1VNjGsDVzZDukBg5HSiGgE6vxJXd2LKfGSfhWHXyibJ1a",
        "xpub": "xpub661MyMwAqRbcEmC2tXa2pxt8RM6E1FBsbx8V37ZBY9su9YZABcRhJrfRKnYjC6zCagVK3peFA9DDyfUNtVWnmkWQCKc2y1VfZDnB9w7cixu"
    },
    "labels": {},
    "payment_requests": {},
    "prevouts_by_scripthash": {},
    "seed_version": 50,
    "spent_outpoints": {},
    "transactions": {},
    "tx_fees": {},
    "txi": {},
    "txo": {},
    "use_encryption": false,
    "verified_tx3": {},
    "wallet_type": "standard"
}