{
    "addr_history": {
        "12QH4kjNrYjHoCTmZV5sUdKTW6nStHmVLX": [],
        "13PfQuhnhMtHaKTiw2TfphcKa4qWQGWHy7": [],
        "13pvGSgXtVvJrxVpKmcqbaMyCvXrL8ceT9": [],
        "14BsBm58KQgakbqacvE9ieczt7PpQu5scV": [],
        "14umpsTo1jadnkfdVCqdTHr8Vob4TLyXkH": [],
        "16Hw7SZFt5i5pJKrFqqWCPQFoUJidsMyy8": [],
        "16W4mEpDJFeswSzeJA8tAuQtJd2R2WdB5b": [],
        "17RNxGYyQas7TNYAs7X8oyCDpJFuivsjHW": [],
        "17fNBFKdpwowuxDhf746kSeZDubbA5VTaf": [],
        "17ryBxouaSKFjZUzUqV3SHwQkxXG6s5NVg": [],
        "18vQ1CvK4YH7S4uMuGRBBoM19YsxNykAxZ": [],
        "1922g51XrmhWvfGmrMVJ33xCh7erDCzgz7": [],
        "19Muv8FfS1HcnJiWQhv8HFz3Av431L2r5V": [],
        "19tZ5EXU4p15GHskMZqafZpjtLC4f8YQcg": [],
        "19vP1iDh9jycTdZKxKAx2kVZ7xrm6Zb26U": [],
        "1ByNfRM87FHwD8ADemNtYqPas3PerGAHzN": [],
        "1C2962b5CYLb8RCdSeZH8keqBrrFLzdZBM": [],
        "1DFgEViLBekQhSPYUF4b3DmM3wVVhWXzQg": [],
        "1DSfPipPrDiFcQotZ8sK1KhJ94ztRPbJ4J": [],
        "1H5XAaHCKnu28xWL2RR26XLUvmaWq7nE3z": [],
        "1HiQ51fehUZa4g2jVy4nMK3dirEz1G9SEM": [],
        "1HiTKZhWqDcMNh37XHY6yet1hDZZz4UFdm": [],
        "1JjLpXhyBbbAZxCNEDivfM6EmHWSz5sry4": [],
        "1K25AmSL7F8Z4TyrUozfTKJ3ySMufoX52a": [],
        "1KG5hnyMYqC147WcGqqLj1Wn2eHtq8iAwe": [],
        "1KbujEJ1oa796R2Xx26hZfxaYE9pVRDee5": [],
        "1N45DiHBwdu5qWTN9bca3MgZH3siqZ7Jmg": [],
        "1NUBeaWQf6uUX7YXyFmguCUxuRsVXTsCoV": [],
        "1NifuKdphQuoYpfZuVxPqPjYBULdkVBbEC": [],
        "1PCszQ6rC6HzLn9QYD2N4Sh17YJaDEs4R7": []
    },
    "addresses": {
        "change": [
            "1DFgEViLBekQhSPYUF4b3DmM3wVVhWXzQg",
            "19tZ5EXU4p15GHskMZqafZpjtLC4f8YQcg",
            "17ryBxouaSKFjZUzUqV3SHwQkxXG6s5NVg",
            "17fNBFKdpwowuxDhf746kSeZDubbA5VTaf",
            "14umpsTo1jadnkfdVCqdTHr8Vob4TLyXkH",
            "1HiTKZhWqDcMNh37XHY6yet1hDZZz4UFdm",
            "1DSfPipPrDiFcQotZ8sK1KhJ94ztRPbJ4J",
            "13pvGSgXtVvJrxVpKmcqbaMyCvXrL8ceT9",
            "16W4mEpDJFeswSzeJA8tAuQtJd2R2WdB5b",
            "19Muv8FfS1HcnJiWQhv8HFz3Av431L2r5V"
        ],
        "receiving": [
            "1C2962b5CYLb8RCdSeZH8keqBrrFLzdZBM",
            "19vP1iDh9jycTdZKxKAx2kVZ7xrm6Zb26U",
            "1JjLpXhyBbbAZxCNEDivfM6EmHWSz5sry4",
            "1NUBeaWQf6uUX7YXyFmguCUxuRsVXTsCoV",
            "17RNxGYyQas7TNYAs7X8oyCDpJFuivsjHW",
            "1HiQ51fehUZa4g2jVy4nMK3dirEz1G9SEM",
            "1ByNfRM87FHwD8ADemNtYqPas3PerGAHzN",
            "18vQ1CvK4YH7S4uMuGRBBoM19YsxNykAxZ",
            "1N45DiHBwdu5qWTN9bca3MgZH3siqZ7Jmg",
            "1922g51XrmhWvfGmrMVJ33xCh7erDCzgz7",
            "1H5XAaHCKnu28xWL2RR26XLUvmaWq7nE3z",
            "12QH4kjNrYjHoCTmZV5sUdKTW6nStHmVLX",
            "1PCszQ6rC6HzLn9QYD2N4Sh17YJaDEs4R7",
            "14BsBm58KQgakbqacvE9ieczt7PpQu5scV",
            "1KG5hnyMYqC147WcGqqLj1Wn2eHtq8iAwe",
            "13PfQuhnhMtHaKTiw2TfphcKa4qWQGWHy7",
            "1NifuKdphQuoYpfZuVxPqPjYBULdkVBbEC",
            "16Hw7SZFt5i5pJKrFqqWCPQFoUJidsMyy8",
            "1K25AmSL7F8Z4TyrUozfTKJ3ySMufoX52a",
            "1KbujEJ1oa796R2Xx26hZfxaYE9pVRDee5"
        ]
    },
    "fiat_value": {},
    "frozen_coins": {},
    "invoices": {},
    "keystore": {
        "derivation": "m",
        "pw_hash_version": 1,
        "root_fingerprint": "671e2c4e",
        "seed": "minor zone pool ancient remain combine program claw medal settle grace capable",
        "seed_type": "standard",
        "type": "bip32",
        "xprv": "xprv9s21ZrQH143K4bidz3CwFePU12aRaGmXeuaVdd8a8uqMdx2yWSoDSCUSPoifrDSJ4ci5Gfzt4rZdL6jnm94DHXXCXfSfXjXYkDscmfnh4xx",
        "xpub": "xpub661MyMwAqRbcH5o764jwcnLCZ4QuyjVP28W6S1YBhFNLWkN83z7TyznvF6gXfwRtfBjij36qsdF2jPTBFSRXFHTNTHVygdYNwhtEhmfSjLv"
    },
    "labels": {},
    "payment_requests": {},
    "prevouts_by_scripthash": {},
    "seed_version": 50,
    "spent_outpoints": {},
    "transactions": {},
    "tx_fees": {},
    "txi": {},
    "txo": {},
    "use_encryption": false,
    "verified_tx3": {},
    "wallet_type": "standard"
}