{
    "addr_history": {
        "128cEE5YZBNSgqjhbAf5H2R7XZQsAKGLic": [],
        "12EPMsEnRwkbULLfPhGyk5DdmNTgqkhisp": [],
        "12PTJWSVkPbGKXecJaFRtiG4fFggi7DEKB": [],
        "12zZXWjBbsHZezNj3LdAGpZ8A4t5nJtvsv": [],
        "13RzrxHBGJBrhbmtUsp7isj3EWaKYxFEfp": [],
        "13uv7a5GwShH8ArXdt5w2Qm67Kn6V3TYAF": [],
        "13woty3sxB9oQPEiuTz5L6bapidjuDgjxF": [],
        "14RwWbLrA1qN79KinUwnMJHHeZAsBaZTf6": [],
        "19rNU317U57hbdunZ8RGAMRjbzUjQLq5qo": [],
        "19zVJYTLohM3buxWGF2gumVjcAmyGaef8K": [],
        "1AfNAHQCX4rCece4z5Va5H1XbB91wiPU8P": [],
        "1B9GPio9CauDsobkH22zhg8Mvy9uprrbjB": [],
        "1BisMgVqSqY8mkcq8CwoVwMWUWpzxV1FG2": [],
        "1CbsCTP78XsPHNNKq5MvGickyLcqjC67NW": [],
        "1DbfP8V3VgpPCmHDiYeR7H4oJBR3bNdVzQ": [],
        "1EgdzhqLLF26hgrk39Txx6G5wW6Z47fr1c": [],
        "1EiuarUiTs2bfR83wtM7mnauMRZ6HM5jAD": [],
        "1Fv1RemLZwaNz4wzwyjFACRgTokuFJwGmj": [],
        "1G6sYXikLX2Y8koXnA7gnLrSL4MZG2kvyj": [],
        "1GX2hJcLbZV4Zxx2WJh63JYNZQifEFuXZY": [],
        "1HpQyZ1FRLXduvYrDGDAjG383SVhCp887A": [],
        "1K7CyMwP6WSWoJKNKQFskv1uA1dPQtbs3P": [],
        "1K89Su2BMdJnYQcoxrUm2yKDcyK7Zz41ST": [],
        "1MHSh9998knL1c6AoyCu2qzoRdordvcoi": [],
        "1NSPEAndavYAQcbv8k5WNbSD4mng7JseqC": [],
        "1Q3CQUK3RzAWoTbszyiQvE8gwpUQSz4xnf": [],
        "1QLE3rRhxbYDZ8geYQs5uiWjtiY14CvHe5": [],
        "1QjohUUtNDamFrAojmogU23hGddhujChk": [],
        "1YQckEAkmPrQ2o6mzp5bgD4Zy4EHsyFbS": [],
        "1iBhvB72LEt3N1PJcKsE6duKahkzU1xZy": []
    },
    "addresses": {
        "change": [
            "1QLE3rRhxbYDZ8geYQs5uiWjtiY14CvHe5",
            "1K89Su2BMdJnYQcoxrUm2yKDcyK7Zz41ST",
            "1GX2hJcLbZV4Zxx2WJh63JYNZQifEFuXZY",
            "1CbsCTP78XsPHNNKq5MvGickyLcqjC67NW",
            "1Fv1RemLZwaNz4wzwyjFACRgTokuFJwGmj",
            "12EPMsEnRwkbULLfPhGyk5DdmNTgqkhisp",
            "1YQckEAkmPrQ2o6mzp5bgD4Zy4EHsyFbS",
            "1iBhvB72LEt3N1PJcKsE6duKahkzU1xZy",
            "1DbfP8V3VgpPCmHDiYeR7H4oJBR3bNdVzQ",
            "1EgdzhqLLF26hgrk39Txx6G5wW6Z47fr1c"
        ],
        "receiving": [
            "1B9GPio9CauDsobkH22zhg8Mvy9uprrbjB",
            "13uv7a5GwShH8ArXdt5w2Qm67Kn6V3TYAF",
            "1MHSh9998knL1c6AoyCu2qzoRdordvcoi",
            "19rNU317U57hbdunZ8RGAMRjbzUjQLq5qo",
            "128cEE5YZBNSgqjhbAf5H2R7XZQsAKGLic",
            "1QjohUUtNDamFrAojmogU23hGddhujChk",
            "1AfNAHQCX4rCece4z5Va5H1XbB91wiPU8P",
            "1Q3CQUK3RzAWoTbszyiQvE8gwpUQSz4xnf",
            "12PTJWSVkPbGKXecJaFRtiG4fFggi7DEKB",
            "13woty3sxB9oQPEiuTz5L6bapidjuDgjxF",
            "19zVJYTLohM3buxWGF2gumVjcAmyGaef8K",
            "1K7CyMwP6WSWoJKNKQFskv1uA1dPQtbs3P",
            "12zZXWjBbsHZezNj3LdAGpZ8A4t5nJtvsv",
            "1BisMgVqSqY8mkcq8CwoVwMWUWpzxV1FG2",
            "1EiuarUiTs2bfR83wtM7mnauMRZ6HM5jAD",
            "1HpQyZ1FRLXduvYrDGDAjG383SVhCp887A",
            "1G6sYXikLX2Y8koXnA7gnLrSL4MZG2kvyj",
            "14RwWbLrA1qN79KinUwnMJHHeZAsBaZTf6",
            "1NSPEAndavYAQcbv8k5WNbSD4mng7JseqC",
            "13RzrxHBGJBrhbmtUsp7isj3EWaKYxFEfp"
        ]
    },
    "fiat_value": {},
    "frozen_coins": {},
    "invoices": {},
    "keystore": {
        "derivation": "m",
        "pw_hash_version": 1,
        "root_fingerprint": "8faf506c",
        "seed": "minor zone pool aware remain combine can claw medal settle grace capable",
        "seed_type": "standard",
        "type": "bip32",
        "xprv": "xprv9s21ZrQH143K43ntfnA2fEGqNNTmeH86BGHQaZpfpnSmEVAbW7ah67gxyyWoWL9Ty1LbUBKdPzBsZ1p1G7qd6TVFhpQRKKkRwt5kBowoJgD",
        "xpub": "xpub661MyMwAqRbcGXsMmoh32NDZvQJG3jqwYVD1NxEHP7yk7HVk3etwdv1SqHAicmguEC5Tfr1YK9CVnuYMgCvMAbx1vgDtgjXGsSuh8QpP3sS"
    },
    "labels": {},
    "payment_requests": {},
    "prevouts_by_scripthash": {},
    "seed_version": 50,
    "spent_outpoints": {},
    "transactions": {},
    "tx_fees": {},
    "txi": {},
    "txo": {},
    "use_encryption": false,
    "verified_tx3": {},
    "wallet_type": "standard"
}