{
    "addr_history": {
        "12Cwnz7DEfkeA1JpkCMntYTPrg5fi94odw": [],
        "14MLLz9hrRtma2J8ZFxLnXuMMfPKirDPc6": [],
        "14YLk6jDvcVHpZxUx2BCArZ8k9FyShgE2f": [],
        "15zj2oQybdPqNYizRDAzpp1aa8AG1UZ7e5": [],
        "17EYL54UxYsdhUsLncP3FS35BKaBDDoEdt": [],
        "17Fgc4e4vnMVFK1aMaBim7ibT9JqdPTnb5": [],
        "17hG35j6YXGtXwVibrP51XGy3XVRdydhP6": [],
        "18QKV7BXRgrEi2DdbmW2PLK4QfmED3RUfy": [],
        "19R4zpZhadAfcBUcdUrzwniTnJGsR1Bhdt": [],
        "19dJ9WbufQA8bTbtVbMrzHMYX9CGFKDvHh": [],
        "19r2QP8bSV3qcicTR8VkyLEF1KfuEf7eLa": [],
        "19zyoGu2vsNhJgzQCJJniRVX87fp4bDVZi": [],
        "1BE8ouZtA3LceZvRXKzhhzmms8QUm4tdT5": [],
        "1Btdg7YatVDEgqgrvmupuaE4yNNzNnQixw": [],
        "1CmWtJ8A1cZChESjg7YNre1LpezY8Ve5mY": [],
        "1Dxd63FohEPTLEcAve6taREW2MeX5tcWSH": [],
        "1EZEEsygBJtyG9mj8eVpRFCbSVG4rTHLA5": [],
        "1G5wf3E8WGNtEjCUs3S7Bybtg2JxgZ32rD": [],
        "1GHQjEimbYsTkMH6dWF9SaqkGTawmi31VD": [],
        "1HPC87Maee1H6i7hVcUGxRGe2yZDZX7MtB": [],
        "1Jek36mQkuvHPKRorAQjhbdMfDxgjDS2mw": [],
        "1Li3b5PMVPfJ6fGunhN2c2DYkLhCgq9UbW": [],
        "1Lt7uucagZYTUmu6CVngPGtC6seQrSC5g8": [],
        "1MJpGTF4yhqrraVk1XqEbve24oCsFPK7tJ": [],
        "1MqXouDXQ2DFwqAjvyNowvxBFJepi7f12A": [],
        "1MuFPQ95UJH3YB8aviHsKNwu8buKrd3XG": [],
        "1N5a8LRmzAkQKivqEir32ASB1ys1hrubbw": [],
        "1PRzjo7tpeGpLay55ruiC1TtwxgWgexxX": [],
        "1QHDjv49MyAqrXHKn9c4RvCQU2Q6yez4yB": [],
        "1QK1vxvGdCGTRKzH6aJVD46rKHyjmTzNkS": []
    },
    "addresses": {
        "change": [
            "1HPC87Maee1H6i7hVcUGxRGe2yZDZX7MtB",
            "1Dxd63FohEPTLEcAve6taREW2MeX5tcWSH",
            "1QHDjv49MyAqrXHKn9c4RvCQU2Q6yez4yB",
            "12Cwnz7DEfkeA1JpkCMntYTPrg5fi94odw",
            "18QKV7BXRgrEi2DdbmW2PLK4QfmED3RUfy",
            "17hG35j6YXGtXwVibrP51XGy3XVRdydhP6",
            "1GHQjEimbYsTkMH6dWF9SaqkGTawmi31VD",
            "1BE8ouZtA3LceZvRXKzhhzmms8QUm4tdT5",
            "1CmWtJ8A1cZChESjg7YNre1LpezY8Ve5mY",
            "1G5wf3E8WGNtEjCUs3S7Bybtg2JxgZ32rD"
        ],
        "receiving": [
            "1MuFPQ95UJH3YB8aviHsKNwu8buKrd3XG",
            "1MqXouDXQ2DFwqAjvyNowvxBFJepi7f12A",
            "19r2QP8bSV3qcicTR8VkyLEF1KfuEf7eLa",
            "19dJ9WbufQA8bTbtVbMrzHMYX9CGFKDvHh",
            "14MLLz9hrRtma2J8ZFxLnXuMMfPKirDPc6",
            "1Li3b5PMVPfJ6fGunhN2c2DYkLhCgq9UbW",
            "1QK1vxvGdCGTRKzH6aJVD46rKHyjmTzNkS",
            "19zyoGu2vsNhJgzQCJJniRVX87fp4bDVZi",
            "19R4zpZhadAfcBUcdUrzwniTnJGsR1Bhdt",
            "1N5a8LRmzAkQKivqEir32ASB1ys1hrubbw",
            "1Btdg7YatVDEgqgrvmupuaE4yNNzNnQixw",
            "14YLk6jDvcVHpZxUx2BCArZ8k9FyShgE2f",
            "1Jek36mQkuvHPKRorAQjhbdMfDxgjDS2mw",
            "1MJpGTF4yhqrraVk1XqEbve24oCsFPK7tJ",
            "17EYL54UxYsdhUsLncP3FS35BKaBDDoEdt",
            "1EZEEsygBJtyG9mj8eVpRFCbSVG4rTHLA5",
            "1PRzjo7tpeGpLay55ruiC1TtwxgWgexxX",
            "15zj2oQybdPqNYizRDAzpp1aa8AG1UZ7e5",
            "1Lt7uucagZYTUmu6CVngPGtC6seQrSC5g8",
            "17Fgc4e4vnMVFK1aMaBim7ibT9JqdPTnb5"
        ]
    },
    "fiat_value": {},
    "frozen_coins": {},
    "invoices": {},
    "keystore": {
        "derivation": "m",
        "pw_hash_version": 1,
        "root_fingerprint": "3a084d5c",
        "seed": "minor zone pool abstract remain combine stand claw medal settle grace capable",
        "seed_type": "standard",
        "type": "bip32",
        "xprv": "xprv9s21ZrQH143K26yBEZ2knddD7a2YsunCZSnynmaiFZz6ZgPHA794kJ3vKkScEZudJRd6Dkf3AkkSVxvhPqZnHHwQdQ7SYya9WG5voBa2WBg",
        "xpub": "xpub661MyMwAqRbcEb3eLaZm9mZwfbs3HNW3vfiab9zKouX5SUiRheTKJ6NQAzYF9RPtPnWjhVeyaj9N5RkB3a5o1qmmrPQtKardsymaLw6WU9M"
    },
    "labels": {},
    "payment_requests": {},
    "prevouts_by_scripthash": {},
    "seed_version": 50,
    "spent_outpoints": {},
    "transactions": {},
    "tx_fees": {},
    "txi": {},
    "txo": {},
    "use_encryption": false,
    "verified_tx3": {},
    "wallet_type": "standard"
}