{
    "addr_history": {
        "122CvVZ7CQi7SUsQK9YenpnUspo3UQnr27": [],
        "12EtwkPJm7HwSFmTxqF3Vtx6LKjncVWab1": [],
        "12LqqEroiWCbsWnfizhkF7uvsk5FQP7ms8": [],
        "12asQLrPD6GrjprTafcBCgjj6Wpi1X65NF": [],
        "133QqKVwFHd4DCYL5ihDrxgNmdCmZr5kwh": [],
        "139Hahkpjy26VG8Gk1x6g9WzyQyNw7BaYx": [],
        "13gb3eYUDaj68AkqMPYsXSxsALRdFRUnit": [],
        "13oAkQARBqJ8xFTmaZzu44dbSw9fqsQVcX": [],
        "15JDYDW6un5wUbEDmwioaPp94EsTr2zUA3": [],
        "17rU6RWoiUpZL8HDuJELpwaqVaMxDRxqHd": [],
        "18ZfSaquAgsCqEmPcVYZsQJuTjhgRJG98q": [],
        "18no5GMcLAKA4a8ZNqtdNa7k1rwPxzBJEs": [],
        "196fJiXjpxDM4bay6v2NjPgCcwZzxwpWhB": [],
        "19Fe9YKgsxCmnieJeKoTUYUxEVz1mfyqrD": [],
        "19zbi8ydJv9Hq6XjdHyu299sTerwWQDobB": [],
        "1AK6PoujfGCMBgoaEsqbCLXSJ2Mz4nxLab": [],
        "1BitRVyCpAuU64AWL59xA5cqFdyWPiQvFP": [],
        "1CqfcxhsNyY5EJHi5fSiqAqtRPfHQiFNRm": [],
        "1GErGL2tv2rWPVc6ZsyuPoCE1QtxAXNXs": [],
        "1H7RgddAuvHDvesdxY9nfoQcda9HVK6uab": [],
        "1HTYw3nYAMsdn9niiEfGc32ywxyh4aE1x": [],
        "1JCrgsMcA1WHtoZrMHZaiadTSty97x32Cj": [],
        "1JCumNypekJcruRhUQE57mup4jxheYDGcG": [],
        "1JGHHsi7JB8ZGDhFKWWit2MWhutWKDdz3B": [],
        "1KPzDwXNu52DUR8CZURffRbPrhzYmjADNy": [],
        "1Mc6zyctp3dkLGGUyKwZGULeoKrXyJLRc6": [],
        "1N6Qf6pCU1kcMyVw358ahu7LdowUE88JbC": [],
        "1PB7gzCkR6uyGjw3KyuKofsg1nqrNgpKEi": [],
        "1Pr2gp33NF73bv7Sfniev51JhBGKJAKTgP": [],
        "1PsymAqPDfnVdiMR5UinQPoANksShoRuN4": []
    },
    "addresses": {
        "change": [
            "18no5GMcLAKA4a8ZNqtdNa7k1rwPxzBJEs",
            "1GErGL2tv2rWPVc6ZsyuPoCE1QtxAXNXs",
            "1Mc6zyctp3dkLGGUyKwZGULeoKrXyJLRc6",
            "1JCrgsMcA1WHtoZrMHZaiadTSty97x32Cj",
            "1JGHHsi7JB8ZGDhFKWWit2MWhutWKDdz3B",
            "18ZfSaquAgsCqEmPcVYZsQJuTjhgRJG98q",
            "1N6Qf6pCU1kcMyVw358ahu7LdowUE88JbC",
            "1CqfcxhsNyY5EJHi5fSiqAqtRPfHQiFNRm",
            "1Pr2gp33NF73bv7Sfniev51JhBGKJAKTgP",
            "133QqKVwFHd4DCYL5ihDrxgNmdCmZr5kwh"
        ],
        "receiving": [
            "15JDYDW6un5wUbEDmwioaPp94EsTr2zUA3",
            "1PB7gzCkR6uyGjw3KyuKofsg1nqrNgpKEi",
            "13gb3eYUDaj68AkqMPYsXSxsALRdFRUnit",
            "19Fe9YKgsxCmnieJeKoTUYUxEVz1mfyqrD",
            "1AK6PoujfGCMBgoaEsqbCLXSJ2Mz4nxLab",
            "1H7RgddAuvHDvesdxY9nfoQcda9HVK6uab",
            "196fJiXjpxDM4bay6v2NjPgCcwZzxwpWhB",
            "12asQLrPD6GrjprTafcBCgjj6Wpi1X65NF",
            "1PsymAqPDfnVdiMR5UinQPoANksShoRuN4",
            "17rU6RWoiUpZL8HDuJELpwaqVaMxDRxqHd",
            "122CvVZ7CQi7SUsQK9YenpnUspo3UQnr27",
            "1KPzDwXNu52DUR8CZURffRbPrhzYmjADNy",
            "1HTYw3nYAMsdn9niiEfGc32ywxyh4aE1x",
            "139Hahkpjy26VG8Gk1x6g9WzyQyNw7BaYx",
            "12LqqEroiWCbsWnfizhkF7uvsk5FQP7ms8",
            "19zbi8ydJv9Hq6XjdHyu299sTerwWQDobB",
            "1BitRVyCpAuU64AWL59xA5cqFdyWPiQvFP",
            "12EtwkPJm7HwSFmTxqF3Vtx6LKjncVWab1",
            "13oAkQARBqJ8xFTmaZzu44dbSw9fqsQVcX",
            "1JCumNypekJcruRhUQE57mup4jxheYDGcG"
        ]
    },
    "fiat_value": {},
    "frozen_coins": {},
    "invoices": {},
    "keystore": {
        "derivation": "m",
        "pw_hash_version": 1,
        "root_fingerprint": "996499e0",
        "seed": "minor zone pool acoustic remain combine search claw medal settle grace capable",
        "seed_type": "standard",
        "type": "bip32",
        "xprv": "xprv9s21ZrQH143K3saN9eMf3m5rtj7AtUafmaPeDAs6YxeYDxAsg8AtwvmEXcZCYnT9qWippHxWVTR9Df28tZJK9dCeSD2iczGSPCq9uRdSmZt",
        "xpub": "xpub661MyMwAqRbcGMeqFftfQu2bSkwfHwJX8oKF1ZGi7JBX6kW2DfV9Vj5iNuxCJjDvbwojs4DbzAmZux4fqGX9xerzWvUVtGeLg6cLMPK5Qdh"
    },
    "labels": {},
    "payment_requests": {},
    "prevouts_by_scripthash": {},
    "seed_version": 50,
    "spent_outpoints": {},
    "transactions": {},
    "tx_fees": {},
    "txi": {},
    "txo": {},
    "use_encryption": false,
    "verified_tx3": {},
    "wallet_type": "standard"
}