{
    "addr_history": {
        "bc1q09uyk9ffljmq45wpkxkhavnl5e5l7zkv7gwe62": [],
        "bc1q0eekrh383a95c9yx5x3cr3y7r93r7cz8q6gc83": [],
        "bc1q36d3v77zmvevacspk2kl0dsqm46ffkyj43f8u6": [],
        "bc1q3u30ms9lhhq03pe42w0xcgekkqttzakx9srtqf": [],
        "bc1q40wqqrvfr0lpkkwqqldn69gjp5p9ya98m30yrn": [],
        "bc1q4kekx4dkugwyyuxfnrltfvtakxqlvjqa2gymdx": [],
        "bc1q5dc0ete6gzjphgz842rvp44rs6z32ll3cjd44v": [],
        "bc1q5telh9q8n26fxs8dncavsyqqzt3pteeerdc695": [],
        "bc1q6axhqxkzwpjxrzv35n6p048ydh62wdnuv5p92r": [],
        "bc1q6qst9avv9m226qatzusnu0r9wjrqrxur4sytnh": [],
        "bc1q7aw85ay5rfkynh4cn7874p8jqs0an6g3tgf3mc": [],
        "bc1q8xc659s6tcwtktk56ecz9xf3r8hnj6gd0xv9v6": [],
        "bc1q99qnvwd38cw075mcqwynzm8rucw3pl6zt8jzme": [],
        "bc1q9j9huhmxfl984prc8vf24p7fnhmrgzvyuz4rdw": [],
        "bc1q9ne3v28dzqz42ztl64f4elrs0pggzjl632pywy": [],
        "bc1qa3dpsh742md5938lqdwravv022x5stmwdnjae2": [],
        "bc1qag844pxl4amnsjzhkgzn0yhk6sdem3naqh5jcn": [],
        "bc1qd3f7fnpavk0s0v0n3hcntl26wquq6c54p0m5tm": [],
        "bc1qfvmjfuuw60wh4lj3tcw8kyf30av8un4wr8hdvc": [],
        "bc1qjmka2fy5gv8jvjfdvmu5pypqtwzx854vy44uzx": [],
        "bc1qkx3qx2evvfeaeuej02pj7cd2q3nllxmu4cwrwh": [],
        "bc1qmwk9y9n9y2jjhnn70fw28z28s3yn64nnc84e58": [],
        "bc1qnmzyf2c2xc3mvs4gz9jzzgt5de6lvwlwp2j0s7": [],
        "bc1qpa4nt9ay8422a8cyztudrlsuayv38j90u6ms8h": [],
        "bc1qphw7hl3k3rflrwwnkla8wzxmsv4vjx3amhyw6s": [],
        "bc1qplzg8zf6djjyt0ajdqyyxjkdnnkc04xwhm4wve": [],
        "bc1qs8gajkk039ghjqxmaplgveykmmlgxs3vnwuad7": [],
        "bc1qsw922g2k6ndun4r8jg5t7sdvnyhf8wj075k59j": [],
        "bc1qwkn9r7q3a0t6gd6nfvxhutmmw429angrlsv28z": [],
        "bc1qx2a5zc7wuwmr2w7hwe9gjzzywshxxjt4vaxe6v": []
    },
    "addresses": {
        "change": [
            "bc1q40wqqrvfr0lpkkwqqldn69gjp5p9ya98m30yrn",
            "bc1qag844pxl4amnsjzhkgzn0yhk6sdem3naqh5jcn",
            "bc1qx2a5zc7wuwmr2w7hwe9gjzzywshxxjt4vaxe6v",
            "bc1q9j9huhmxfl984prc8vf24p7fnhmrgzvyuz4rdw",
            "bc1qmwk9y9n9y2jjhnn70fw28z28s3yn64nnc84e58",
            "bc1qd3f7fnpavk0s0v0n3hcntl26wquq6c54p0m5tm",
            "bc1qwkn9r7q3a0t6gd6nfvxhutmmw429angrlsv28z",
            "bc1qa3dpsh742md5938lqdwravv022x5stmwdnjae2",
            "bc1q4kekx4dkugwyyuxfnrltfvtakxqlvjqa2gymdx",
            "bc1q5telh9q8n26fxs8dncavsyqqzt3pteeerdc695"
        ],
        "receiving": [
            "bc1qphw7hl3k3rflrwwnkla8wzxmsv4vjx3amhyw6s",
            "bc1q09uyk9ffljmq45wpkxkhavnl5e5l7zkv7gwe62",
            "bc1q7aw85ay5rfkynh4cn7874p8jqs0an6g3tgf3mc",
            "bc1qplzg8zf6djjyt0ajdqyyxjkdnnkc04xwhm4wve",
            "bc1qpa4nt9ay8422a8cyztudrlsuayv38j90u6ms8h",
            "bc1q99qnvwd38cw075mcqwynzm8rucw3pl6zt8jzme",
            "bc1qs8gajkk039ghjqxmaplgveykmmlgxs3vnwuad7",
            "bc1qsw922g2k6ndun4r8jg5t7sdvnyhf8wj075k59j",
            "bc1q9ne3v28dzqz42ztl64f4elrs0pggzjl632pywy",
            "bc1qfvmjfuuw60wh4lj3tcw8kyf30av8un4wr8hdvc",
            "bc1q5dc0ete6gzjphgz842rvp44rs6z32ll3cjd44v",
            "bc1q0eekrh383a95c9yx5x3cr3y7r93r7cz8q6gc83",
            "bc1qkx3qx2evvfeaeuej02pj7cd2q3nllxmu4cwrwh",
            "bc1q36d3v77zmvevacspk2kl0dsqm46ffkyj43f8u6",
            "bc1qjmka2fy5gv8jvjfdvmu5pypqtwzx854vy44uzx",
            "bc1q3u30ms9lhhq03pe42w0xcgekkqttzakx9srtqf",
            "bc1qnmzyf2c2xc3mvs4gz9jzzgt5de6lvwlwp2j0s7",
            "bc1q6axhqxkzwpjxrzv35n6p048ydh62wdnuv5p92r",
            "bc1q8xc659s6tcwtktk56ecz9xf3r8hnj6gd0xv9v6",
            "bc1q6qst9avv9m226qatzusnu0r9wjrqrxur4sytnh"
        ]
    },
    "channels": {},
    "fiat_value": {},
    "frozen_coins": {},
    "imported_channel_backups": {},
    "invoices": {},
    "keystore": {
        "derivation": "m/0'",
        "pw_hash_version": 1,
        "root_fingerprint": "8dca927b",
        "seed": "minor zone pool alpha remain combine shift claw medal settle grace capable",
        "seed_type": "segwit",
        "type": "bip32",
        "xprv": "zprvAZc7y5eKUQtGfbb4TvStkeSgHT3fn4Tr3rV5ZrV7991JfjQHTH4xj1J6gTEFx7nmWGkAyrBn8CxQGhcrrhyfLLxHXLj1nnmCjceakkU5xyq",
        "xpub": "zpub6nbUNbBDJnSZt5fXZwyu7nPQqUtABXBhR5QgNEtihUYHYXjRzpPDGocaXifQQbkQLPu1iJEcjxfM82XLQv8e2nzk9sELfz9p9eAERD25aHk"
    },
    "labels": {},
    "lightning_payments": {},
    "lightning_preimages": {},
    "lightning_xprv": "zprvAcFffRrwYw3eVaYmsJkPd9dwXhq2KnN6AnZ55MYVCxecbAx3wxjs98nsnSzTxFyti6kasrUYDV5WskYsEFujD7SyQsUnUyTQ56Dvds3gbgj",
    "onchain_channel_backups": {},
    "payment_requests": {},
    "prevouts_by_scripthash": {},
    "seed_version": 50,
    "spent_outpoints": {},
    "submarine_swaps": {},
    "transactions": {},
    "tx_fees": {},
    "txi": {},
    "txo": {},
    "use_encryption": false,
    "verified_tx3": {},
    "wallet_type": "standard"
}