{
    "addr_history": {
        "12jafGwrxpxtYDTsPRw66H3fPevbgj2qFZ": [],
        "12pyAMTQhds1b131hRpAiwobLYYPoN2fsU": [],
        "16Bw1cpeKL6V9z5nJmNXtvhUWHS18w2vqU": [],
        "16S8aCjyXQyXaQi9CRZgvXRNjP3U4kgy5A": [],
        "17mRm9BHAjZeaRSucUwvu3JWAtZZG6VZ85": [],
        "184WdJViYdGC676bSp4ZYUGpRsByhAA1Ws": [],
        "18V6Weu4m3sQyFKbPuQ7pF4nNZ787zZD1r": [],
        "18hMTap1K9KiRa4wTWtVHxBaTg2qY5WmiA": [],
        "18xVUT4LnkCFgRWn4dLZQLEYh5dPqeiKLQ": [],
        "1AAharAzcTeSY88o6GCBukCtjeDjwJk7ar": [],
        "1Bdjm6T5fkruo9jic27NV6iASV4KgeWpCs": [],
        "1CmYYfn4rP4Fv3e9uA1DJryKuS9WNMcBoC": [],
        "1DgbjKX7QiipydD43Xjj73svBj21gPwV7C": [],
        "1EZvUaWZeG8xCMeMdEkWcACCkTCG5HHZGV": [],
        "1Eac68LWtACa8FXf6BdjtpqajZ3vciYiYj": [],
        "1Emd8gF5GyyrabJie4AKm85BD1i3Ecd8jV": [],
        "1H5x8MsjE3i41qFHHFA4bcLEtdV4sCzhQF": [],
        "1Hx16mXs6GWD4hCw96cbD5gaKH8k4cFmcy": [],
        "1JEHu4hdBuJ5k5Z9Q485yWFL5ntKcFqEuP": [],
        "1K6SgDpET3uyciN4zqitaVsv99ubBfN6AV": [],
        "1KqykjY8sMTW5fZiTmCBiqNae62kYvs1M5": [],
        "1LEH4dyF5CkhibYtVaohaX2Ge2d5Ydk2f5": [],
        "1MAdgTHYYViZLN488sdD3PzTgNLTWCrRmF": [],
        "1NcZxNtdPuRx6fsdX58ae9TPBuLqgZHRSU": [],
        "1NvXiK8QiZM8s5ARTHKcQhk3tkD6vix7jG": [],
        "1PL33pXNpdSMaxehor94jiUMfLEPUCnoHi": [],
        "1Pmw8SVH9XcGydd595xbe7DwDr3qeT9s7B": [],
        "1Pnt11b1i8JAUz3oVprnQuBZKPLZMxgVmA": [],
        "1QAscvTFftBa2RC2dAAfBC2R7XJ9Lqwo77": [],
        "1QJrsTULzFCphi1WvjFYRTFuzHz2D2kF5d": []
    },
    "addresses": {
        "change": [
            "1EZvUaWZeG8xCMeMdEkWcACCkTCG5HHZGV",
            "1AAharAzcTeSY88o6GCBukCtjeDjwJk7ar",
            "1KqykjY8sMTW5fZiTmCBiqNae62kYvs1M5",
            "1H5x8MsjE3i41qFHHFA4bcLEtdV4sCzhQF",
            "1MAdgTHYYViZLN488sdD3PzTgNLTWCrRmF",
            "184WdJViYdGC676bSp4ZYUGpRsByhAA1Ws",
            "1Eac68LWtACa8FXf6BdjtpqajZ3vciYiYj",
            "1DgbjKX7QiipydD43Xjj73svBj21gPwV7C",
            "1QAscvTFftBa2RC2dAAfBC2R7XJ9Lqwo77",
            "1JEHu4hdBuJ5k5Z9Q485yWFL5ntKcFqEuP"
        ],
        "receiving": [
            "1PL33pXNpdSMaxehor94jiUMfLEPUCnoHi",
            "12pyAMTQhds1b131hRpAiwobLYYPoN2fsU",
            "1Emd8gF5GyyrabJie4AKm85BD1i3Ecd8jV",
            "17mRm9BHAjZeaRSucUwvu3JWAtZZG6VZ85",
            "18xVUT4LnkCFgRWn4dLZQLEYh5dPqeiKLQ",
            "1K6SgDpET3uyciN4zqitaVsv99ubBfN6AV",
            "1Pmw8SVH9XcGydd595xbe7DwDr3qeT9s7B",
            "1Bdjm6T5fkruo9jic27NV6iASV4KgeWpCs",
            "1NvXiK8QiZM8s5ARTHKcQhk3tkD6vix7jG",
            "18hMTap1K9KiRa4wTWtVHxBaTg2qY5WmiA",
            "1Hx16mXs6GWD4hCw96cbD5gaKH8k4cFmcy",
            "16S8aCjyXQyXaQi9CRZgvXRNjP3U4kgy5A",
            "18V6Weu4m3sQyFKbPuQ7pF4nNZ787zZD1r",
            "16Bw1cpeKL6V9z5nJmNXtvhUWHS18w2vqU",
            "12jafGwrxpxtYDTsPRw66H3fPevbgj2qFZ",
            "1CmYYfn4rP4Fv3e9uA1DJryKuS9WNMcBoC",
            "1NcZxNtdPuRx6fsdX58ae9TPBuLqgZHRSU",
            "1QJrsTULzFCphi1WvjFYRTFuzHz2D2kF5d",
            "1LEH4dyF5CkhibYtVaohaX2Ge2d5Ydk2f5",
            "1Pnt11b1i8JAUz3oVprnQuBZKPLZMxgVmA"
        ]
    },
    "fiat_value": {},
    "frozen_coins": {},
    "invoices": {},
    "keystore": {
        "derivation": "m",
        "pw_hash_version": 1,
        "root_fingerprint": "3a61497a",
        "seed": "minor zone pool around remain combine gauge claw medal settle grace capable",
        "seed_type": "standard",
        "type": "bip32",
        "xprv": "xprv9s21ZrQH143K2UHLfzxinRKP12ip2cKjzQeMBtbDpn4X3yYwuweXuqsSFS7T5HTVW4MVMP3ab9as3n1Mrk97Rq2DYJqnewQxZdsn3V3mq7v",
        "xpub": "xpub661MyMwAqRbcExMon2Vj9ZG7Z4ZJS53bMdZwzGzqP7bVvmt6TUxnTeBv6hJdjtdGhws292uYauDsb8RLrrFaQaR9mUD2mnbbpFHgSc4cN3V"
    },
    "labels": {},
    "payment_requests": {},
    "prevouts_by_scripthash": {},
    "seed_version": 50,
    "spent_outpoints": {},
    "transactions": {},
    "tx_fees": {},
    "txi": {},
    "txo": {},
    "use_encryption": false,
    "verified_tx3": {},
    "wallet_type": "standard"
}