{
    "addr_history": {
        "12kmFzLfeuKQKgcAsNLa4hDuqjEbai31kN": [],
        "13BkWEWuRZyHuG1jLgkfaZt9MqUx9RvkVT": [],
        "14q3VjpprSQJHXakVhF3xewfZn9s5bDw6N": [],
        "152yak8WfHjwdCkBGA9eHreGarC45YtL7P": [],
        "166NvNxZmTeMHZRRdjQAS2Ha2JpYQjfnWj": [],
        "16AWfDURTt2MNXK17PXyQsTpDGpkubQrea": [],
        "19N6VvoMy2LjedrXQAdi5iKDi5UwcjhoVL": [],
        "19saafQzyHpbE97Apa8JQdPrcbqa9Qo5vV": [],
        "1AJALCCEYjuosEoxt64Q4ms93V8UgscMo5": [],
        "1BNV4QsBaMQkkwSWSyDXraEoxVzae3H7cP": [],
        "1BbqmCSm3JXeYw6PXKwEFPQ6z99jxgzZjc": [],
        "1CEnVwSgLsVBhSsoWBxmvvn74dAStxJZDq": [],
        "1DiS8NnKamiXmMFgFg9XsbVphbRjhqE7mD": [],
        "1Dz5cz8r8dXysfFU3F7Bfmg9BSWWU21nji": [],
        "1GJgeaEk8xWfhoLc3N84CXR6MhHoitM5P4": [],
        "1GVNhGUKLwt1nWtJzMbWPntBPDRV1ynHwJ": [],
        "1Gz7wPDwgzztS6a42zP19emCfEGQfnTgL6": [],
        "1HA8gpU9XP1H7QgZcq65SJer4d4aBbSobo": [],
        "1J4U2SgBgDVq4LLPdXPYyvPTkqeuXtpJsx": [],
        "1MUdVa1Q4EtFfWRBNK51uS5RmAAdDwE5qa": [],
        "1MZunpDfrg8bdYxcF6coaXpamaaMi6HBBv": [],
        "1Mcp73Y81ZYGNEscfjYteYVipJZmuyH7gx": [],
        "1Mtm36TGTVMQWwBoyGRjTzcdkddKETGtyQ": [],
        "1N4kGrAA7WS8GSixYkke7QkVixN3XbtxT3": [],
        "1N6KBy8a5SWEd9tNbQ5xN92uMD6r1bBXEQ": [],
        "1NdAmCJNvKRZ4Gbn77QNuTTJwfMDksWQLw": [],
        "1P3aV1FB98ap8rbN1Pb3hdzXSXX13t95u": [],
        "1PQuRMWjvzaTgm6uU9QwC9GRDKNeQP3sCY": [],
        "1Pnqrk7xjfm5j8EiueRrZQPeJKM1K7DFZ6": [],
        "1pcfXhQvSREi5Jk9syW7VisveRM9ak9y4": []
    },
    "addresses": {
        "change": [
            "1BbqmCSm3JXeYw6PXKwEFPQ6z99jxgzZjc",
            "1MZunpDfrg8bdYxcF6coaXpamaaMi6HBBv",
            "1GVNhGUKLwt1nWtJzMbWPntBPDRV1ynHwJ",
            "1NdAmCJNvKRZ4Gbn77QNuTTJwfMDksWQLw",
            "1PQuRMWjvzaTgm6uU9QwC9GRDKNeQP3sCY",
            "1Mtm36TGTVMQWwBoyGRjTzcdkddKETGtyQ",
            "1J4U2SgBgDVq4LLPdXPYyvPTkqeuXtpJsx",
            "13BkWEWuRZyHuG1jLgkfaZt9MqUx9RvkVT",
            "1Mcp73Y81ZYGNEscfjYteYVipJZmuyH7gx",
            "166NvNxZmTeMHZRRdjQAS2Ha2JpYQjfnWj"
        ],
        "receiving": [
            "19N6VvoMy2LjedrXQAdi5iKDi5UwcjhoVL",
            "1DiS8NnKamiXmMFgFg9XsbVphbRjhqE7mD",
            "1P3aV1FB98ap8rbN1Pb3hdzXSXX13t95u",
            "1Gz7wPDwgzztS6a42zP19emCfEGQfnTgL6",
            "16AWfDURTt2MNXK17PXyQsTpDGpkubQrea",
            "19saafQzyHpbE97Apa8JQdPrcbqa9Qo5vV",
            "1CEnVwSgLsVBhSsoWBxmvvn74dAStxJZDq",
            "152yak8WfHjwdCkBGA9eHreGarC45YtL7P",
            "1AJALCCEYjuosEoxt64Q4ms93V8UgscMo5",
            "1BNV4QsBaMQkkwSWSyDXraEoxVzae3H7cP",
            "1pcfXhQvSREi5Jk9syW7VisveRM9ak9y4",
            "1N6KBy8a5SWEd9tNbQ5xN92uMD6r1bBXEQ",
            "1GJgeaEk8xWfhoLc3N84CXR6MhHoitM5P4",
            "12kmFzLfeuKQKgcAsNLa4hDuqjEbai31kN",
            "1Dz5cz8r8dXysfFU3F7Bfmg9BSWWU21nji",
            "1N4kGrAA7WS8GSixYkke7QkVixN3XbtxT3",
            "1HA8gpU9XP1H7QgZcq65SJer4d4aBbSobo",
            "1MUdVa1Q4EtFfWRBNK51uS5RmAAdDwE5qa",
            "14q3VjpprSQJHXakVhF3xewfZn9s5bDw6N",
            "1Pnqrk7xjfm5j8EiueRrZQPeJKM1K7DFZ6"
        ]
    },
    "fiat_value": {},
    "frozen_coins": {},
    "invoices": {},
    "keystore": {
        "derivation": "m",
        "pw_hash_version": 1,
        "root_fingerprint": "e0865a20",
        "seed": "minor zone pool baby remain combine click claw medal settle grace capable",
        "seed_type": "standard",
        "type": "bip32",
        "xprv": "xprv9s21ZrQH143K4An3xM1TvP6msKiKQod3PVyZ96jwvRkoVoUvWx4AKRvSisLo4aHa1Kzm7c5mHbXMXjez35z6ce51B4UbBmn4qndj7pVu1DX",
        "xpub": "xpub661MyMwAqRbcGerX4NYUHX3WRMYopGLtkiu9wV9ZUmHnNbp54VNQsEEva8aHLNDoif7D1xmnJ9EFDLotirvgxefuA9Tq1m4v7iMaK2t9nD8"
    },
    "labels": {},
    "payment_requests": {},
    "prevouts_by_scripthash": {},
    "seed_version": 50,
    "spent_outpoints": {},
    "transactions": {},
    "tx_fees": {},
    "txi": {},
    "txo": {},
    "use_encryption": false,
    "verified_tx3": {},
    "wallet_type": "standard"
}