{
    "addr_history": {
        "12ekfdpP6RmFZa38zDsHyKUNeZ4CfFSHnc": [],
        "14bHqQFzDd93nYJV3K2S6QhsbUNRU8biEX": [],
        "15kFxkgH1pGaYEe2Unkb5Q6wesMJaDHD1T": [],
        "16P2gvKNdxP8xtwdVjJscD3M1ddDVxMHZe": [],
        "16cAgSS5fcgfhtrjAUbLVNVPuaSbKx4RfY": [],
        "16xTXhrL1n9C4Xek3b2UmQAwvhnTomF4Mx": [],
        "17JZyugnyNCTjX9fdo5SwnAa1kQoCpmP2U": [],
        "18aHYnfsH7jrUxZTTtxpysjpHHEwrBkCxg": [],
        "19eXaJhWje7HXRJWaRfEFQCLoiimKKFN5B": [],
        "1AMqi5AoPCG9YG9jmbcyR9vrAF9LCpfxpC": [],
        "1BtU8q1UEPA3UxxHt5mZfbtxj2BrPBtBWW": [],
        "1CYyKiQNFWKeVJ7V1Zev9sdJ6AGC6rFF7z": [],
        "1CqQZwS3fYp96uDQX3vwzttWHTQbczxUYJ": [],
        "1D6FpAdJrjAJUZtrSVkYDTgiYXGNsAbRiR": [],
        "1DsRkuTcSbqSiQJ2yu9ji3aLf5qiKXM5X8": [],
        "1EPWJ6HNc2btZvM73YpbKJfDf2acj2Sm9t": [],
        "1EjKW2g3PpmhHB5PEhYZ8KWZYwVNXsRhNS": [],
        "1F7wmGtnNH77xAPVgNF5FiYwrJLhnqB1kq": [],
        "1FMC5tdPXwTsLfEB44ZNU5jYQrg3wDrQL": [],
        "1FVQLwKMdznc86aQ6Hbfex21qL7dcCrNkH": [],
        "1GDyXudqY6GG3Si36131zJqk87Z9HqaCYG": [],
        "1HLq6SuuJoWr8XNZyfEbHBhUmT1ti3CynC": [],
        "1JAHZro37yfrJHoW9dBtLXhKs186eShWcx": [],
        "1L1P3rNAMAYiptCpPVe9GBLaqhyqnx8fGp": [],
        "1LHzZWJeucdTJLRz5ckzu7FzQHyBcPpuAq": [],
        "1MKikBvcTz9tLBBBBLKEEdxeXwKVAjAM27": [],
        "1MeMQBD5Tc3F2wkWAzN4jRcZpSJSVRjfZL": [],
        "1PHPX5wAvVTZp5gNuQq8rcGTwHLL3nJEtv": [],
        "1YZxT1pmNyDf4WC2JEqotp9H7TvDhqW8R": [],
        "1xGwKiTufBezEMCp86xjvd7AaVHciYkNm": []
    },
    "addresses": {
        "change": [
            "1JAHZro37yfrJHoW9dBtLXhKs186eShWcx",
            "15kFxkgH1pGaYEe2Unkb5Q6wesMJaDHD1T",
            "16xTXhrL1n9C4Xek3b2UmQAwvhnTomF4Mx",
            "16cAgSS5fcgfhtrjAUbLVNVPuaSbKx4RfY",
            "1AMqi5AoPCG9YG9jmbcyR9vrAF9LCpfxpC",
            "1PHPX5wAvVTZp5gNuQq8rcGTwHLL3nJEtv",
            "1D6FpAdJrjAJUZtrSVkYDTgiYXGNsAbRiR",
            "1MKikBvcTz9tLBBBBLKEEdxeXwKVAjAM27",
            "1FMC5tdPXwTsLfEB44ZNU5jYQrg3wDrQL",
            "1EPWJ6HNc2btZvM73YpbKJfDf2acj2Sm9t"
        ],
        "receiving": [
            "1FVQLwKMdznc86aQ6Hbfex21qL7dcCrNkH",
            "1HLq6SuuJoWr8XNZyfEbHBhUmT1ti3CynC",
            "1BtU8q1UEPA3UxxHt5mZfbtxj2BrPBtBWW",
            "1L1P3rNAMAYiptCpPVe9GBLaqhyqnx8fGp",
            "1GDyXudqY6GG3Si36131zJqk87Z9HqaCYG",
            "1xGwKiTufBezEMCp86xjvd7AaVHciYkNm",
            "17JZyugnyNCTjX9fdo5SwnAa1kQoCpmP2U",
            "19eXaJhWje7HXRJWaRfEFQCLoiimKKFN5B",
            "1MeMQBD5Tc3F2wkWAzN4jRcZpSJSVRjfZL",
            "1CqQZwS3fYp96uDQX3vwzttWHTQbczxUYJ",
            "1LHzZWJeucdTJLRz5ckzu7FzQHyBcPpuAq",
            "12ekfdpP6RmFZa38zDsHyKUNeZ4CfFSHnc",
            "14bHqQFzDd93nYJV3K2S6QhsbUNRU8biEX",
            "1CYyKiQNFWKeVJ7V1Zev9sdJ6AGC6rFF7z",
            "16P2gvKNdxP8xtwdVjJscD3M1ddDVxMHZe",
            "1DsRkuTcSbqSiQJ2yu9ji3aLf5qiKXM5X8",
            "1F7wmGtnNH77xAPVgNF5FiYwrJLhnqB1kq",
            "1EjKW2g3PpmhHB5PEhYZ8KWZYwVNXsRhNS",
            "1YZxT1pmNyDf4WC2JEqotp9H7TvDhqW8R",
            "18aHYnfsH7jrUxZTTtxpysjpHHEwrBkCxg"
        ]
    },
    "fiat_value": {},
    "frozen_coins": {},
    "invoices": {},
    "keystore": {
        "derivation": "m",
        "pw_hash_version": 1,
        "root_fingerprint": "974d4185",
        "seed": "minor zone pool arena remain combine view claw medal settle grace capable",
        "seed_type": "standard",
        "type": "bip32",
        "xprv": "xprv9s21ZrQH143K3KfeUuKHy4BuuQgUvGoLmrjmuTmbQGdQHFwnZoyEMrzrfBvsR6B96diWLizgHgEzyjH6XA1r4yDtyZXwRPfEL7skcUAkhzX",
        "xpub": "xpub661MyMwAqRbcFok7avrJLC8eTSWyKjXC95fNhrBCxcAPA4Gw7MHUufKLWUiUhPBm4cTFTPGCoNJXeAaNAHF6vvbMxZY4FCGnzCEK2N7avgg"
    },
    "labels": {},
    "payment_requests": {},
    "prevouts_by_scripthash": {},
    "seed_version": 50,
    "spent_outpoints": {},
    "transactions": {},
    "tx_fees": {},
    "txi": {},
    "txo": {},
    "use_encryption": false,
    "verified_tx3": {},
    "wallet_type": "standard"
}