{
    "addr_history": {
        "14cjc3i6i7CQLghRTzX71JUbbDZEmATvgb": [],
        "15KvKL6ABmMAtuW9Xk29zvoXgfU5nkuBnN": [],
        "1BWFVfgN544SStMjmEvokoLXmo9oJfHL6A": [],
        "1BZ3ZLvHS43a9MWEwhMXwP5HaovzxaXZSH": [],
        "1DkatiHGhocWi8fdAmoMKp63Xhp81MgZ91": [],
        "1DxczmGRXEXEjLpibkSeGXdur8KnpRgukC": [],
        "1En2Pa7o7izghYGjFLrwAMPjDp4rfLLhZL": [],
        "1EwoQFxVupdbos4bpahV9c8JxhqT55Ee2": [],
        "1FvHwKLqimgEVEfM6a33jLZqrdUEDXiSzJ": [],
        "1Fy81pFKALBAunDS89gDWMoMiDuF6ZRUiU": [],
        "1G2Twn7PYQq9Uoau8dsi9gVSxuUfWsF9q6": [],
        "1HAZXdkAPVZUGWbBnXeBnQa2UnS52rpSSx": [],
        "1HjrMi4QUshPwU5c8Vu81NaFEEkSkfoajr": [],
        "1JK9h7LeLMnwsysonq4WqNopxc2NRzbGn1": [],
        "1K2dGrfMJRSgd85czwSMTM9Wax3PsjYzNV": [],
        "1K6aGueYrty5JdBMmUBugiCo1uvs75G9fS": [],
        "1KHwdCiYM8Gq3vtRWo1b6PSofTj1T552Xa": [],
        "1KJj8ADZbCfDinRbmQVkt2L1j3KvvbmCQ1": [],
        "1Kgw7G5BUZZ2DvvGMcPp2bTGUiySxipPzL": [],
        "1KieJ6dtwGTZhZ4mvfpYfXxoHmPvMEbE2i": [],
        "1LUameUjSZjT9xM2XTJH763vXRVtd3pAMM": [],
        "1LdnFh9Y5vgEx7ZxMiLmvzeps2MLsmxRHM": [],
        "1LjPxLbUPMYrDGtHHmfYEtgvLDLd3NiCSA": [],
        "1LvbDfBhJ8JBZLdZ6cEPRbC3ae4HxEc4i5": [],
        "1Lz6mHJfWd1vnNLrNy1Tf3EUscwP2Re35c": [],
        "1MNyEzKmBnZEb87YKuCyzMGpuEBLXVKEBB": [],
        "1PXH21wn3VF3zs8MmjzUzgKXaJ88mRFPDQ": [],
        "1Pf6sHtT1qsN1BJefnhRVR4Y1SgVcYcGe9": [],
        "1ffdTnb5ERitcnmZvTeqjYkvdWNrduKBj": [],
        "1jLot7YVU1tjRmPaTJ9HAfJB3zspK74hf": []
    },
    "addresses": {
        "change": [
            "1HjrMi4QUshPwU5c8Vu81NaFEEkSkfoajr",
            "1K6aGueYrty5JdBMmUBugiCo1uvs75G9fS",
            "1DkatiHGhocWi8fdAmoMKp63Xhp81MgZ91",
            "1Kgw7G5BUZZ2DvvGMcPp2bTGUiySxipPzL",
            "1ffdTnb5ERitcnmZvTeqjYkvdWNrduKBj",
            "1DxczmGRXEXEjLpibkSeGXdur8KnpRgukC",
            "1Pf6sHtT1qsN1BJefnhRVR4Y1SgVcYcGe9",
            "1LvbDfBhJ8JBZLdZ6cEPRbC3ae4HxEc4i5",
            "14cjc3i6i7CQLghRTzX71JUbbDZEmATvgb",
            "1K2dGrfMJRSgd85czwSMTM9Wax3PsjYzNV"
        ],
        "receiving": [
            "1jLot7YVU1tjRmPaTJ9HAfJB3zspK74hf",
            "1PXH21wn3VF3zs8MmjzUzgKXaJ88mRFPDQ",
            "1LjPxLbUPMYrDGtHHmfYEtgvLDLd3NiCSA",
            "1G2Twn7PYQq9Uoau8dsi9gVSxuUfWsF9q6",
            "1Fy81pFKALBAunDS89gDWMoMiDuF6ZRUiU",
            "1FvHwKLqimgEVEfM6a33jLZqrdUEDXiSzJ",
            "1Lz6mHJfWd1vnNLrNy1Tf3EUscwP2Re35c",
            "1MNyEzKmBnZEb87YKuCyzMGpuEBLXVKEBB",
            "1KJj8ADZbCfDinRbmQVkt2L1j3KvvbmCQ1",
            "1BWFVfgN544SStMjmEvokoLXmo9oJfHL6A",
            "1En2Pa7o7izghYGjFLrwAMPjDp4rfLLhZL",
            "15KvKL6ABmMAtuW9Xk29zvoXgfU5nkuBnN",
            "1JK9h7LeLMnwsysonq4WqNopxc2NRzbGn1",
            "1HAZXdkAPVZUGWbBnXeBnQa2UnS52rpSSx",
            "1BZ3ZLvHS43a9MWEwhMXwP5HaovzxaXZSH",
            "1EwoQFxVupdbos4bpahV9c8JxhqT55Ee2",
            "1LUameUjSZjT9xM2XTJH763vXRVtd3pAMM",
            "1LdnFh9Y5vgEx7ZxMiLmvzeps2MLsmxRHM",
            "1KHwdCiYM8Gq3vtRWo1b6PSofTj1T552Xa",
            "1KieJ6dtwGTZhZ4mvfpYfXxoHmPvMEbE2i"
        ]
    },
    "fiat_value": {},
    "frozen_coins": {},
    "invoices": {},
    "keystore": {
        "derivation": "m",
        "pw_hash_version": 1,
        "root_fingerprint": "209be417",
        "seed": "minor zone pool arena remain combine approve claw medal settle grace capable",
        "seed_type": "standard",
        "type": "bip32",
        "xprv": "xprv9s21ZrQH143K3rhJgnNHN2EBFGJnL8gyhMFzfmRfA84FEqLinCTnrJkPW6Gp8V1bvaHqWrgJVwmb5MzJg3TZeEYHkFvRkubcTWdVeFRUCBj",
        "xpub": "xpub661MyMwAqRbcGLmmnouHjAAuoJ9GjbQq4aBbU9qGiTbE7dfsKjn3Q74sMQNSofNtVGvUASNJ744mUoR1z3MnZKpfYydmzbnUcZ2tfBNneQF"
    },
    "labels": {},
    "payment_requests": {},
    "prevouts_by_scripthash": {},
    "seed_version": 50,
    "spent_outpoints": {},
    "transactions": {},
    "tx_fees": {},
    "txi": {},
    "txo": {},
    "use_encryption": false,
    "verified_tx3": {},
    "wallet_type": "standard"
}