{
    "addr_history": {
        "122zpTksXqA3hjLfho99JfJo8jkk5EwHc1": [],
        "132T5PE9ZMJJ4CqKi7V7KpFnwWc85s8wec": [],
        "14egwivtPbkG9xnvbZngpYVgNKcx8nQgR9": [],
        "157qobsTUvbb3Bft9vQPRPJxL9WXmb57N5": [],
        "15J1r1rfEW8kVaX6NrAP2DtPJ9PyzpX9Pa": [],
        "15iuVEVpLYq6QiQp9hZvNdBtzYMmz8VBdP": [],
        "16S7hHHpKJLADkgo9ZX2aS3xAeo518UZFQ": [],
        "16prqmh3hEktrCxfFyVdiEVx5qoEJNXAXF": [],
        "176jrEJzBmC3tQa1Hbyu8RYeP5RCmFitKM": [],
        "177pJTnAb4EoHJgd1JHpcD1HMraV7hMZwh": [],
        "17n4ojxipTLu4tJzhVqqezANRMbMqUdBFS": [],
        "17xxsyvj9PYyhYcV8b5hHCrX544eU2qrYg": [],
        "181N2dZ2nHjtqiai4zXYNrVBtQw6MQaPYj": [],
        "18xBLj6U3e4YhHFS4ERsnHUQJ5Qjnxvh3o": [],
        "1B223PdAbHvfNJ8U4BLnRJnwfxUYck3yvb": [],
        "1Bv4VvgXyYkwsfai9NvLbXq4dQoCkSUzx9": [],
        "1CfGXQ9KkrHYbjB2cLxjJqvS7PdYu6tktH": [],
        "1Cps5ZmPzWaGZcKMwAfZef7LgvLH9raic1": [],
        "1DxmKimWSGZai1HUHwSTYm21kP2zyrb47B": [],
        "1H9wqGDMDKjr77LkE1Fw4nbFUzPkbxahLy": [],
        "1Jzvb41EURAT2o8HuHKoRwH7uwGtm3tazM": [],
        "1KK8pUYgyYxUT3vcXvam651mhGoWEc8umE": [],
        "1MEGJNd9cYVmPawdZU745FdmnSn2sdXCya": [],
        "1NLTFpCjVubZtDEyEUtBBDdR9VnJ6EPiyz": [],
        "1PNmBz8KUew9f1DCNT3ihZSu7xL9u3Vjsi": [],
        "1PVm3zsEge8WnPihXtUSs3Cbt6fVWNjhZm": [],
        "1PZXh4ixJW8zKkpdJ1iMLCMaAfwynC4rxP": [],
        "1PyUFzt7V11NBRNNTgRThNZija8T1husTX": [],
        "1Q5Dbf44YpqoeXD5LowcC437ycMzx4yUH1": [],
        "1Q6EqboDEjjNZgcd6g1NiD8neMoKzRN4ee": []
    },
    "addresses": {
        "change": [
            "1MEGJNd9cYVmPawdZU745FdmnSn2sdXCya",
            "1PZXh4ixJW8zKkpdJ1iMLCMaAfwynC4rxP",
            "1DxmKimWSGZai1HUHwSTYm21kP2zyrb47B",
            "176jrEJzBmC3tQa1Hbyu8RYeP5RCmFitKM",
            "1H9wqGDMDKjr77LkE1Fw4nbFUzPkbxahLy",
            "181N2dZ2nHjtqiai4zXYNrVBtQw6MQaPYj",
            "14egwivtPbkG9xnvbZngpYVgNKcx8nQgR9",
            "16S7hHHpKJLADkgo9ZX2aS3xAeo518UZFQ",
            "1PyUFzt7V11NBRNNTgRThNZija8T1husTX",
            "17n4ojxipTLu4tJzhVqqezANRMbMqUdBFS"
        ],
        "receiving": [
            "1CfGXQ9KkrHYbjB2cLxjJqvS7PdYu6tktH",
            "1KK8pUYgyYxUT3vcXvam651mhGoWEc8umE",
            "177pJTnAb4EoHJgd1JHpcD1HMraV7hMZwh",
            "1B223PdAbHvfNJ8U4BLnRJnwfxUYck3yvb",
            "1Q6EqboDEjjNZgcd6g1NiD8neMoKzRN4ee",
            "132T5PE9ZMJJ4CqKi7V7KpFnwWc85s8wec",
            "16prqmh3hEktrCxfFyVdiEVx5qoEJNXAXF",
            "18xBLj6U3e4YhHFS4ERsnHUQJ5Qjnxvh3o",
            "1PVm3zsEge8WnPihXtUSs3Cbt6fVWNjhZm",
            "1Jzvb41EURAT2o8HuHKoRwH7uwGtm3tazM",
            "1NLTFpCjVubZtDEyEUtBBDdR9VnJ6EPiyz",
            "122zpTksXqA3hjLfho99JfJo8jkk5EwHc1",
            "1Cps5ZmPzWaGZcKMwAfZef7LgvLH9raic1",
            "17xxsyvj9PYyhYcV8b5hHCrX544eU2qrYg",
            "157qobsTUvbb3Bft9vQPRPJxL9WXmb57N5",
            "15iuVEVpLYq6QiQp9hZvNdBtzYMmz8VBdP",
            "1Q5Dbf44YpqoeXD5LowcC437ycMzx4yUH1",
            "1PNmBz8KUew9f1DCNT3ihZSu7xL9u3Vjsi",
            "1Bv4VvgXyYkwsfai9NvLbXq4dQoCkSUzx9",
            "15J1r1rfEW8kVaX6NrAP2DtPJ9PyzpX9Pa"
        ]
    },
    "fiat_value": {},
    "frozen_coins": {},
    "invoices": {},
    "keystore": {
        "derivation": "m",
        "pw_hash_version": 1,
        "root_fingerprint": "a92f1fd4",
        "seed": "minor zone pool awesome remain combine dry claw medal settle grace capable",
        "seed_type": "standard",
        "type": "bip32",
        "xprv": "xprv9s21ZrQH143K2nyWo1ctMGbVDo1MoKsjqDhtE8HDoHf7p85SFaNwNhpzdHAV5VYPc9wKCYC3424KPbVmh8Bj58R9V7j2fU7opS29gs8rPV2",
        "xpub": "xpub661MyMwAqRbcFH3yu39tiQYDmpqrCnbbCSdV2WgqMdC6gvQao7hBvW9UUYeDoVsDGamQtT2etLgQ3mkVrFCmBQnURZPY6i89TgCTh3a4kCt"
    },
    "labels": {},
    "payment_requests": {},
    "prevouts_by_scripthash": {},
    "seed_version": 50,
    "spent_outpoints": {},
    "transactions": {},
    "tx_fees": {},
    "txi": {},
    "txo": {},
    "use_encryption": false,
    "verified_tx3": {},
    "wallet_type": "standard"
}