{
    "addr_history": {
        "12AT4Vj21HVkAMr9AquGSaAPDAitZ3VWCL": [],
        "13Dp9sPzrppZCkEks96TAaNPyAZ1eyv5TQ": [],
        "143C9QqSP7oqTeZGGsLoJBCDWXbrmRtjcx": [],
        "15fztj8wbH1ptCUqMGueTnDHanqtufsGzv": [],
        "15uZKHTkwiBrWzLsk2c11bzsaZynMDthTw": [],
        "16CdTE3LxhDeYummXLoQ1jAnuttXRFwZTJ": [],
        "16pkpSgD1vGxt7di6HuBZmhKnrXT1k9gzg": [],
        "17oKQCUkmKEuiT74pxAL9X95cRYUXCevee": [],
        "17yGDHHnEBodimbJw1HQr2X2ykhgp9DTeP": [],
        "19FDuW67XnBhYZDmUuQEkoGu8y7xmytV2g": [],
        "1AasjapyX5wPxBhkN33zhWgJE5s1JeRC1L": [],
        "1Awo194MncRtwJjSfovydHWgeFsz9hZD3e": [],
        "1C7EsVNtk9JuqMHeCxJFAre2DxbGEULHmW": [],
        "1CdEMaDs4mUNXVfzdf198Zp3XFc6uoMcDn": [],
        "1CmYYKVwpuVm2uoE2xwGfLRvV6iC7H46K4": [],
        "1Dhn2e9c1H4iz2Zm51nr3nPtS7fvR5qU54": [],
        "1F6SBSgsRFMxhZCifTX1SnKQwWGEbjvoJT": [],
        "1FwjxpkzccHEychrbqQVVMj9jnzMu2BjBo": [],
        "1G8wjqNfe7jhrm7ei9hFuVYYdtLetURHkX": [],
        "1GE3oiyXMQdkFPwyG8xB9A4V9sUVjXyPfk": [],
        "1HN33LPXVyhpeYPFU9xM8qrDJrcHbHNidM": [],
        "1J3JVxxtvGq8w6EzcD6wXNn81binZKqkHz": [],
        "1Kkh7nnTTwqXav8rwu58Y17YAbQ3JCSrF9": [],
        "1LANXWqdqACVAfx5WKHqofLDiqzAYsGNiL": [],
        "1LRBAJyeZSiDcUSHCNarQ5YkrHQX5SyqTB": [],
        "1Lgyk48Nx7VMAbWEXucSxGM5eJyuStQKEK": [],
        "1MkttRYFEUCuKFeqkfZZYZqMdjHbKN3E8m": [],
        "1PcxLLwrcajbFzmQK5vLuYs7TP2fn6P5CU": [],
        "1PjXPVKN1i3YuSDAyMg9RWhZk28U8YNh56": [],
        "1Q4xbNua1Qrsc4TPYbijiFdKgTZX7Lw5Vr": []
    },
    "addresses": {
        "change": [
            "15fztj8wbH1ptCUqMGueTnDHanqtufsGzv",
            "1GE3oiyXMQdkFPwyG8xB9A4V9sUVjXyPfk",
            "1CmYYKVwpuVm2uoE2xwGfLRvV6iC7H46K4",
            "1J3JVxxtvGq8w6EzcD6wXNn81binZKqkHz",
            "1CdEMaDs4mUNXVfzdf198Zp3XFc6uoMcDn",
            "1LANXWqdqACVAfx5WKHqofLDiqzAYsGNiL",
            "1Q4xbNua1Qrsc4TPYbijiFdKgTZX7Lw5Vr",
            "1C7EsVNtk9JuqMHeCxJFAre2DxbGEULHmW",
            "143C9QqSP7oqTeZGGsLoJBCDWXbrmRtjcx",
            "12AT4Vj21HVkAMr9AquGSaAPDAitZ3VWCL"
        ],
        "receiving": [
            "13Dp9sPzrppZCkEks96TAaNPyAZ1eyv5TQ",
            "1LRBAJyeZSiDcUSHCNarQ5YkrHQX5SyqTB",
            "17yGDHHnEBodimbJw1HQr2X2ykhgp9DTeP",
            "1Awo194MncRtwJjSfovydHWgeFsz9hZD3e",
            "1Kkh7nnTTwqXav8rwu58Y17YAbQ3JCSrF9",
            "1PcxLLwrcajbFzmQK5vLuYs7TP2fn6P5CU",
            "1F6SBSgsRFMxhZCifTX1SnKQwWGEbjvoJT",
            "1AasjapyX5wPxBhkN33zhWgJE5s1JeRC1L",
            "19FDuW67XnBhYZDmUuQEkoGu8y7xmytV2g",
            "16pkpSgD1vGxt7di6HuBZmhKnrXT1k9gzg",
            "17oKQCUkmKEuiT74pxAL9X95cRYUXCevee",
            "1MkttRYFEUCuKFeqkfZZYZqMdjHbKN3E8m",
            "1G8wjqNfe7jhrm7ei9hFuVYYdtLetURHkX",
            "1PjXPVKN1i3YuSDAyMg9RWhZk28U8YNh56",
            "1Lgyk48Nx7VMAbWEXucSxGM5eJyuStQKEK",
            "1HN33LPXVyhpeYPFU9xM8qrDJrcHbHNidM",
            "16CdTE3LxhDeYummXLoQ1jAnuttXRFwZTJ",
            "1FwjxpkzccHEychrbqQVVMj9jnzMu2BjBo",
            "1Dhn2e9c1H4iz2Zm51nr3nPtS7fvR5qU54",
            "15uZKHTkwiBrWzLsk2c11bzsaZynMDthTw"
        ]
    },
    "fiat_value": {},
    "frozen_coins": {},
    "invoices": {},
    "keystore": {
        "derivation": "m",
        "pw_hash_version": 1,
        "root_fingerprint": "fb7719c5",
        "seed": "minor zone pool always remain combine lizard claw medal settle grace capable",
        "seed_type": "standard",
        "type": "bip32",
        "xprv": "xprv9s21ZrQH143K2GLPEc5o7fJBcaPqyFzrz9soushy52rxtEZQWSAhGxq4ogyDYM62vrK7AgahKJ918boXv3VxzVxMGKhux1bcHXSFFreorgo",
        "xpub": "xpub661MyMwAqRbcEkQrLdcoUoEvAcELNiiiMNoQiG7adNPwm2tZ3yUwpm9YexmvkpJ8ewHtbBVh4PxjEeBS4Kpg1ZEbCdK16ujL8LG6DSNXdRB"
    },
    "labels": {},
    "payment_requests": {},
    "prevouts_by_scripthash": {},
    "seed_version": 50,
    "spent_outpoints": {},
    "transactions": {},
    "tx_fees": {},
    "txi": {},
    "txo": {},
    "use_encryption": false,
    "verified_tx3": {},
    "wallet_type": "standard"
}