{
    "addr_history": {
        "12vueX77bRrAwA5bBjNpARwRwYeeA5L8Yu": [],
        "13BKoZg1J2u28dYaG24EiNaqAAfrKnwCbL": [],
        "13hbCsgPogARaVhf7MYrrrf9RUxWNQFp7U": [],
        "13wEtPeCEwhmTnnybr2DtRWb3tVpwBY9n3": [],
        "13zaYZia8TMCxh5uYn3GFb4MrNZ5DvhBRa": [],
        "142Jzmj1aLrjdz1x1iwVAAke75m3cNUwAR": [],
        "14L3kcWRpdwYFDHNPmcTog4XAhqBcdvmpa": [],
        "14hTpa1JiPancreAZbPBADngptHrzmjxNu": [],
        "16WmjS5rnBwgRfk8iBEjmbdKjZGePTHb2G": [],
        "17JsMDwrmoPXDYx7EvLprV62pKLfEPsz5K": [],
        "18bXAarjix8yv6tCmY6AULjQ9vujBLveJr": [],
        "18oLaBbEwpp9EWupJdoaSQe6gcEC1zn9Pe": [],
        "19MqaiDe1bScwZKBtJZdGqxRQBu936SUiR": [],
        "1ACYWcuT8YF4Wo3a7FBnDP9QcL7U69j34L": [],
        "1AawTYsAMY9GSfWESAq8YeFBRfG32VuRge": [],
        "1BSaVLfy5Ate5Q6Mix9KsmxS3QCAGjTc6c": [],
        "1CE5KfxKKd8KXnLJ3jvnLmJ1UedWvboUvX": [],
        "1FqfNnWi8eqfNdVAAHCfnUzvJrmz8zyrFw": [],
        "1GFZ46FytJYFT1SndNouvoPsZtQTD1BXv8": [],
        "1GJehNbyncX8KFzPzxDEJ5D6rLTaiKHMsC": [],
        "1GUEjF22znXsFWUsRzpwD8imLLbA4wY2br": [],
        "1HDLo2XoeWsThAUWHbUqge1m1MPXz36Miw": [],
        "1J9pvvRrgrwpycgdHMTTTFuSoUp291M71f": [],
        "1JnxpdLvvCurSgS2fPFv2uiie1z79C7UAm": [],
        "1K8LoxSNHBPvfc9Ck3YkppshPAVMq44jFs": [],
        "1KW1gWh1FqfS3vwtGiwoZvhgaZZZNwtGvn": [],
        "1LYyuHffR18iHKmXFwwG3wM59wDmXKXED5": [],
        "1NxPkiMPqhj7prPYjH9Z8Yc8W8v6X7GUGy": [],
        "1PgTXumjz3fioH4dtf9mRUsP9BJc1a9QjR": [],
        "1oTBrFLY1h82U1fMbuD2NGkw9eQwsAVQT": []
    },
    "addresses": {
        "change": [
            "1ACYWcuT8YF4Wo3a7FBnDP9QcL7U69j34L",
            "1CE5KfxKKd8KXnLJ3jvnLmJ1UedWvboUvX",
            "1GFZ46FytJYFT1SndNouvoPsZtQTD1BXv8",
            "142Jzmj1aLrjdz1x1iwVAAke75m3cNUwAR",
            "1NxPkiMPqhj7prPYjH9Z8Yc8W8v6X7GUGy",
            "1GJehNbyncX8KFzPzxDEJ5D6rLTaiKHMsC",
            "1K8LoxSNHBPvfc9Ck3YkppshPAVMq44jFs",
            "14hTpa1JiPancreAZbPBADngptHrzmjxNu",
            "1GUEjF22znXsFWUsRzpwD8imLLbA4wY2br",
            "1AawTYsAMY9GSfWESAq8YeFBRfG32VuRge"
        ],
        "receiving": [
            "12vueX77bRrAwA5bBjNpARwRwYeeA5L8Yu",
            "1PgTXumjz3fioH4dtf9mRUsP9BJc1a9QjR",
            "1HDLo2XoeWsThAUWHbUqge1m1MPXz36Miw",
            "13zaYZia8TMCxh5uYn3GFb4MrNZ5DvhBRa",
            "1LYyuHffR18iHKmXFwwG3wM59wDmXKXED5",
            "1BSaVLfy5Ate5Q6Mix9KsmxS3QCAGjTc6c",
            "1oTBrFLY1h82U1fMbuD2NGkw9eQwsAVQT",
            "18bXAarjix8yv6tCmY6AULjQ9vujBLveJr",
            "1J9pvvRrgrwpycgdHMTTTFuSoUp291M71f",
            "13hbCsgPogARaVhf7MYrrrf9RUxWNQFp7U",
            "16WmjS5rnBwgRfk8iBEjmbdKjZGePTHb2G",
            "1FqfNnWi8eqfNdVAAHCfnUzvJrmz8zyrFw",
            "14L3kcWRpdwYFDHNPmcTog4XAhqBcdvmpa",
            "13BKoZg1J2u28dYaG24EiNaqAAfrKnwCbL",
            "17JsMDwrmoPXDYx7EvLprV62pKLfEPsz5K",
            "19MqaiDe1bScwZKBtJZdGqxRQBu936SUiR",
            "1JnxpdLvvCurSgS2fPFv2uiie1z79C7UAm",
            "18oLaBbEwpp9EWupJdoaSQe6gcEC1zn9Pe",
            "1KW1gWh1FqfS3vwtGiwoZvhgaZZZNwtGvn",
            "13wEtPeCEwhmTnnybr2DtRWb3tVpwBY9n3"
        ]
    },
    "fiat_value": {},
    "frozen_coins": {},
    "invoices": {},
    "keystore": {
        "derivation": "m",
        "pw_hash_version": 1,
        "root_fingerprint": "6752e7ac",
        "seed": "minor zone pool abuse remain combine boring claw medal settle grace capable",
        "seed_type": "standard",
        "type": "bip32",
        "xprv": "xprv9s21ZrQH143K4TjTrN3fbNVd4a4VSdaMJkzDNf1YXj5HEqLdzRWoyfFWB8M7NKcfLzqpsjShCjqHsSHbNgHHkRaqTmqxwNUELW35KnGYDvN",
        "xpub": "xpub661MyMwAqRbcGwovxPafxWSMcbtyr6JCfyupB3RA64cG7dfnXxq4XTZz2RJGuUrmdLLJZHF1a1DobiGMCT7o5Ay74T1cv2teUFCSWV1feFN"
    },
    "labels": {},
    "payment_requests": {},
    "prevouts_by_scripthash": {},
    "seed_version": 50,
    "spent_outpoints": {},
    "transactions": {},
    "tx_fees": {},
    "txi": {},
    "txo": {},
    "use_encryption": false,
    "verified_tx3": {},
    "wallet_type": "standard"
}