{
    "addr_history": {
        "bc1q07rhx7m4jaxepjlhctqm7gjjwey05c8uftps4g": [],
        "bc1q0vez0ashzuy3mpdr5ywp8ugnfcx0v0253pe0ec": [],
        "bc1q277thm5le6nxcyy4sdgydw556hm9xqp5anw4ne": [],
        "bc1q59pg0xzcnk8nndum267npe4fhuxyat6tmlc03d": [],
        "bc1q7jerlkcqllygev4m9edwzhr56t6jwqvhklrhw5": [],
        "bc1q8gqxtsqrf6qphpecyppemy7wnatvmsp8dcjufa": [],
        "bc1q9cav4els06uszy777deuha7nvgardyas44j54r": [],
        "bc1qccsspuccrllkcjz0hv6yguckcrsu4tqv7x3u5f": [],
        "bc1qe5mqa9an25j7pqcknrvzh0s4larq5qsf9fxd6g": [],
        "bc1qffvytvh9adr2275uz424yye0rrk0slkxmyf7p7": [],
        "bc1qfj5hf54qquwevvurnf0402mhy5pkck2hr8jllr": [],
        "bc1qfsjw86ejsujkq8fdcc7gnk2m27umx6h5p9n8ay": [],
        "bc1qfvdshhluk8gtdzkg0a8cz95tfuke2j55t7pyv4": [],
        "bc1qjj6yngzy6e6casf5vl2k7csyl96ex4djxp857t": [],
        "bc1qkv9qnfqlfn8yhu4kuc6xh83r5ca94j0069n5aj": [],
        "bc1ql8679g2udrhlgdmvjlal0srm5y2uu48xf2kmuu": [],
        "bc1qmx34whyjqa7xzaeup3krzhdagelg9exse9dnru": [],
        "bc1qpj8mz3pzzwy7j25u3tzk3d7fm60tcucg32ra23": [],
        "bc1qpjs8srmtz7mvk5xq5w39sq36cqpe0x95jj70sf": [],
        "bc1qpwz28fvdqupaz5q92wd9cvqpvy23jkjc3d9hzr": [],
        "bc1qq8zy07dh4qxd36lvtlw73re6l4jalkqalnxlvh": [],
        "bc1qqdunjshflrcftashjg58a5ktsklzh5n4fv02pk": [],
        "bc1qqgp3tj83rl62a0ecy3ak0k8ked7yrfxhy48xq3": [],
        "bc1qr2apz59p6cfaaae0ld0rrj3zm32s3sgydve3ct": [],
        "bc1qtf7t5xwt9u9g97l3mlm0qfwucfzcyxuw8uln9v": [],
        "bc1que8usrmrugzda4z5ss6ghyg24l909ht9qjx0w5": [],
        "bc1qvzd2y4wlyay729a7qydkj0ghf8zkw39l0aujgc": [],
        "bc1qxg4pul5w2aw2kz6f0qvtgdkn93jgm0dmjnulw0": [],
        "bc1qy4yanmzdvwvhalp98e03kx8lgcx728mnsrapxq": [],
        "bc1qzzahcy3q5wdnkfrhamhmuaz5n4em584u962vf7": []
    },
    "addresses": {
        "change": [
            "bc1q07rhx7m4jaxepjlhctqm7gjjwey05c8uftps4g",
            "bc1q277thm5le6nxcyy4sdgydw556hm9xqp5anw4ne",
            "bc1q9cav4els06uszy777deuha7nvgardyas44j54r",
            "bc1qpwz28fvdqupaz5q92wd9cvqpvy23jkjc3d9hzr",
            "bc1qe5mqa9an25j7pqcknrvzh0s4larq5qsf9fxd6g",
            "bc1q8gqxtsqrf6qphpecyppemy7wnatvmsp8dcjufa",
            "bc1qtf7t5xwt9u9g97l3mlm0qfwucfzcyxuw8uln9v",
            "bc1qvzd2y4wlyay729a7qydkj0ghf8zkw39l0aujgc",
            "bc1qmx34whyjqa7xzaeup3krzhdagelg9exse9dnru",
            "bc1ql8679g2udrhlgdmvjlal0srm5y2uu48xf2kmuu"
        ],
        "receiving": [
            "bc1que8usrmrugzda4z5ss6ghyg24l909ht9qjx0w5",
            "bc1qpj8mz3pzzwy7j25u3tzk3d7fm60tcucg32ra23",
            "bc1qccsspuccrllkcjz0hv6yguckcrsu4tqv7x3u5f",
            "bc1qkv9qnfqlfn8yhu4kuc6xh83r5ca94j0069n5aj",
            "bc1qxg4pul5w2aw2kz6f0qvtgdkn93jgm0dmjnulw0",
            "bc1qfsjw86ejsujkq8fdcc7gnk2m27umx6h5p9n8ay",
            "bc1qzzahcy3q5wdnkfrhamhmuaz5n4em584u962vf7",
            "bc1qqgp3tj83rl62a0ecy3ak0k8ked7yrfxhy48xq3",
            "bc1q0vez0ashzuy3mpdr5ywp8ugnfcx0v0253pe0ec",
            "bc1qr2apz59p6cfaaae0ld0rrj3zm32s3sgydve3ct",
            "bc1q7jerlkcqllygev4m9edwzhr56t6jwqvhklrhw5",
            "bc1qy4yanmzdvwvhalp98e03kx8lgcx728mnsrapxq",
            "bc1qjj6yngzy6e6casf5vl2k7csyl96ex4djxp857t",
            "bc1qqdunjshflrcftashjg58a5ktsklzh5n4fv02pk",
            "bc1qfvdshhluk8gtdzkg0a8cz95tfuke2j55t7pyv4",
            "bc1qfj5hf54qquwevvurnf0402mhy5pkck2hr8jllr",
            "bc1q59pg0xzcnk8nndum267npe4fhuxyat6tmlc03d",
            "bc1qpjs8srmtz7mvk5xq5w39sq36cqpe0x95jj70sf",
            "bc1qffvytvh9adr2275uz424yye0rrk0slkxmyf7p7",
            "bc1qq8zy07dh4qxd36lvtlw73re6l4jalkqalnxlvh"
        ]
    },
    "channels": {},
    "fiat_value": {},
    "frozen_coins": {},
    "imported_channel_backups": {},
    "invoices": {},
    "keystore": {
        "derivation": "m/0'",
        "pw_hash_version": 1,
        "root_fingerprint": "09a799cc",
        "seed": "minor zone pool ahead remain combine submit claw medal settle grace capable",
        "seed_type": "segwit",
        "type": "bip32",
        "xprv": "zprvAYdnkqxa8UKuc5Lm49NgP9uSN8d6yaZQh2qZAUn4FRb9EKvnAXLtMknophgcs1q3eJqLiv9NJeNiMC6tmqXwa6LRUAN5hYuKBEkt5EwHyQo",
        "xpub": "zpub6md9AMVTxqtCpZREAAugkHrAvATbP3HG4Fm9xsBfom8878Fvi4f8uZ7Hg11ceofSJcW3ba9AP9qNpz9UW4wNxRM9tsWCetQvvhqB3kpN6cM"
    },
    "labels": {},
    "lightning_payments": {},
    "lightning_preimages": {},
    "lightning_xprv": "zprvAbxerj76BKrCdrguXCwPJd7TMp54br6HSHyP9t8jj2pt23u6cBi5oW7m1RAmpcHd5eADoZ2rwaPi58N47Ww3JpkPsbvR7r1WhPwgnyE4e7N",
    "onchain_channel_backups": {},
    "payment_requests": {},
    "prevouts_by_scripthash": {},
    "seed_version": 50,
    "spent_outpoints": {},
    "submarine_swaps": {},
    "transactions": {},
    "tx_fees": {},
    "txi": {},
    "txo": {},
    "use_encryption": false,
    "verified_tx3": {},
    "wallet_type": "standard"
}