{
    "addr_history": {
        "114tAfcnbSaEiNZC5sYNJHagZXpufGL5oC": [],
        "12stzZcTYWWNQzqA2cS4FWgxrZHaQyTR1p": [],
        "14JcbQ1L8fNUBKXdLMYuMCjJDwPQ5GoDVh": [],
        "14YVuiiSv55Xd7baVYyoUvR3zXAmMP6Uai": [],
        "14jX7CxHACWAnV3883tZBavDC7wh2V7S7R": [],
        "14wgK42XfYg4CvstTFnQH1HvJ8NkBqLoeR": [],
        "15u6xXLK5WVpGgzfyw1yCTa1vvrsg9pHyB": [],
        "16niZST1DpH3ew1RYs4DJkeNYQPA3gunug": [],
        "17yLBgzE6g8WityxX2MAoJVrKfjciur9ZF": [],
        "17yWJo8xzLZR66uSixZvCZ5b3H9E6AvERy": [],
        "18tLeJzhfcCgonysA4fkL7vQizXwfZx9a5": [],
        "1C6K32978efTTKP9DzxYUfjF1g6Nn5fqom": [],
        "1CB8VRdkc86RZHbZ8PxArXmpCiq3UEsqEa": [],
        "1CCDC7SrxV3v8dbRwGJxd6GQxQr45Jzm7Q": [],
        "1FZj8vtyPCFFU6yf23Go6qaLbYNJQ9bEe1": [],
        "1GMTqTAFnWgYFofumAfdVZeskwcH6wuuLF": [],
        "1JY3ie7zZ4riZm6fWsEAhDn55p8Kd2xBoM": [],
        "1KTx2ZWdErG3unH59dZU3vYPesKYUUkyhV": [],
        "1KpHXoZXEAAVw39HdWCAzwHjjD8a3AWjYh": [],
        "1Ks6To2cvWy3KACSC7H3aipqsgsz6Pw8UD": [],
        "1LQ3tjE8NUB12cEypFEYYP5vah7nevN7ja": [],
        "1Ld7nfBcB45SAxGNQn3jSvuSzDd4319E3M": [],
        "1M8FDCJd6RPWL5e7As46cmaCozworakEXz": [],
        "1MS5bwL3n4dwPVkE24WU2WuUZ5tTqWExpU": [],
        "1NbCSK11LafUKZBfgjJVViruh3EBEiQ9a9": [],
        "1NoGxL1G7met1H6SmsiEgAA3guo1nVzLm8": [],
        "1QAQ1zXToxaofytRMoU1zmhJzA4ebfyp8E": [],
        "1QEWmDS24PyiqfXQY6Z3HRuGnY83jgumjD": [],
        "1evSb66Ye4VCWDwwhfAXkETRApuW94Kr2": [],
        "1sanjyVXBAQ3wj9BnZ3GDkutmqqEaqgKz": []
    },
    "addresses": {
        "change": [
            "1JY3ie7zZ4riZm6fWsEAhDn55p8Kd2xBoM",
            "1KTx2ZWdErG3unH59dZU3vYPesKYUUkyhV",
            "17yWJo8xzLZR66uSixZvCZ5b3H9E6AvERy",
            "1GMTqTAFnWgYFofumAfdVZeskwcH6wuuLF",
            "1NoGxL1G7met1H6SmsiEgAA3guo1nVzLm8",
            "1QEWmDS24PyiqfXQY6Z3HRuGnY83jgumjD",
            "1MS5bwL3n4dwPVkE24WU2WuUZ5tTqWExpU",
            "16niZST1DpH3ew1RYs4DJkeNYQPA3gunug",
            "14JcbQ1L8fNUBKXdLMYuMCjJDwPQ5GoDVh",
            "1NbCSK11LafUKZBfgjJVViruh3EBEiQ9a9"
        ],
        "receiving": [
            "1KpHXoZXEAAVw39HdWCAzwHjjD8a3AWjYh",
            "1C6K32978efTTKP9DzxYUfjF1g6Nn5fqom",
            "1sanjyVXBAQ3wj9BnZ3GDkutmqqEaqgKz",
            "14wgK42XfYg4CvstTFnQH1HvJ8NkBqLoeR",
            "14YVuiiSv55Xd7baVYyoUvR3zXAmMP6Uai",
            "1LQ3tjE8NUB12cEypFEYYP5vah7nevN7ja",
            "1QAQ1zXToxaofytRMoU1zmhJzA4ebfyp8E",
            "18tLeJzhfcCgonysA4fkL7vQizXwfZx9a5",
            "1Ks6To2cvWy3KACSC7H3aipqsgsz6Pw8UD",
            "1M8FDCJd6RPWL5e7As46cmaCozworakEXz",
            "14jX7CxHACWAnV3883tZBavDC7wh2V7S7R",
            "1FZj8vtyPCFFU6yf23Go6qaLbYNJQ9bEe1",
            "17yLBgzE6g8WityxX2MAoJVrKfjciur9ZF",
            "1evSb66Ye4VCWDwwhfAXkETRApuW94Kr2",
            "15u6xXLK5WVpGgzfyw1yCTa1vvrsg9pHyB",
            "1CCDC7SrxV3v8dbRwGJxd6GQxQr45Jzm7Q",
            "114tAfcnbSaEiNZC5sYNJHagZXpufGL5oC",
            "1Ld7nfBcB45SAxGNQn3jSvuSzDd4319E3M",
            "1CB8VRdkc86RZHbZ8PxArXmpCiq3UEsqEa",
            "12stzZcTYWWNQzqA2cS4FWgxrZHaQyTR1p"
        ]
    },
    "fiat_value": {},
    "frozen_coins": {},
    "invoices": {},
    "keystore": {
        "derivation": "m",
        "pw_hash_version": 1,
        "root_fingerprint": "058d2ba5",
        "seed": "minor zone pool attitude remain combine sport claw medal settle grace capable",
        "seed_type": "standard",
        "type": "bip32",
        "xprv": "xprv9s21ZrQH143K3FQwUCWdseGkPsP5AWf6KaPKgSGrRBu2XZQTfZTBP2UnMJJgha9AxRHSt3gWCqVLKXStpSQ2ExpZopRTQQTBKXERXSdrKJX",
        "xpub": "xpub661MyMwAqRbcFjVQaE3eEnDUwuDZZyNwgoJvUpgTyXS1QMjcD6mRvpoGCZcFyxPrk2XQyZitCTNbFTP629MUaUn1v8yzJKmrPCsVruoZ6Bg"
    },
    "labels": {},
    "payment_requests": {},
    "prevouts_by_scripthash": {},
    "seed_version": 50,
    "spent_outpoints": {},
    "transactions": {},
    "tx_fees": {},
    "txi": {},
    "txo": {},
    "use_encryption": false,
    "verified_tx3": {},
    "wallet_type": "standard"
}