{
    "addr_history": {
        "11RUsz4TWDhrBX5dp1pLHxHybYXzUhBqN": [],
        "121fKzzmZxnzCZ4nH4B5ehYSeLSsgBzyVS": [],
        "12jv6uK4iv2QTKoVM2eUct1Q2aAXYK6rud": [],
        "12zbfR2C5WsdSEWsebyCSC4Ric7FHXe9WB": [],
        "14frBBDwNAiJgRefRPjGVsXwujEfrrzC9y": [],
        "154RkxmGHJ231djU2RY1x9E8v26CubTbJb": [],
        "15ZTB4CGCXSdqg5dsciAo4p9iEVf4JG2fX": [],
        "16GoUArmMDo6zaLWSjNbCGwPYrmGwTEeeg": [],
        "16zG5twC4jjG2hbvmtN7BqV6d23g1PDzdh": [],
        "18x2pEEPHd9jKHirW4PtR8Z3BwShDXXJ2A": [],
        "1AA5cs9pTqPnzxprUkbf3iGZtQsN9mCySd": [],
        "1AJiB7Jca2DFRAmBtApX8dPMbajYc8BHhj": [],
        "1ARf8RkzV4LXuvFBSio9AMFvPokbsb5FzJ": [],
        "1AhNR3fbC4FvpJ4nMGwaffNhKU1g8LVvVD": [],
        "1AyBBPpjLzV8ZvjuZTZ7wU9tLpWijXTsH2": [],
        "1B8pPQxn2EkB8kDc2zFaesqKYkckGzSJrJ": [],
        "1BoFqTJd9riarCS8qbGFtSASWrMQUozhUc": [],
        "1C1yejRhgSrEih65aStmj2Yb3bh3TBtbHr": [],
        "1CM9mtHV9nR7zvfSsJVywWNYpkzBiM76rz": [],
        "1Jay4wbLTvmFpT4koBLtAmkXYP7869M6DH": [],
        "1JmZiHmwxQH8FQb7HDmwNS9QDJRGvjWdp9": [],
        "1Kk2LTC7MeAyfaxmSDat5NAdZDSBmoZ8va": [],
        "1KvHvUU9RsCUeRL4VDMWfWWES5BJBJW2mZ": [],
        "1LPtyGmZrkpchZzcwxna9WGNRoZRoAfJm": [],
        "1MtToDxUcTrhvTKSJvpyWFuhAWVU9PwxEr": [],
        "1Ngb1v6VTbLS122xvGUvZRs4bvLZMjxWa7": [],
        "1PEm7L8yVjWE9KWuhu4SApkEZGzRmV8HKz": [],
        "1PJkLF54YRoPQaDn31cf6S4U5rThs1z5mU": [],
        "1QKk3mivJ6iFhPKZCqX3ZcYgK8mYmffwXT": [],
        "1zwXNVfgcR9u7kniBviKchig1pCnJJnVB": []
    },
    "addresses": {
        "change": [
            "1zwXNVfgcR9u7kniBviKchig1pCnJJnVB",
            "154RkxmGHJ231djU2RY1x9E8v26CubTbJb",
            "121fKzzmZxnzCZ4nH4B5ehYSeLSsgBzyVS",
            "15ZTB4CGCXSdqg5dsciAo4p9iEVf4JG2fX",
            "1PEm7L8yVjWE9KWuhu4SApkEZGzRmV8HKz",
            "1AA5cs9pTqPnzxprUkbf3iGZtQsN9mCySd",
            "1JmZiHmwxQH8FQb7HDmwNS9QDJRGvjWdp9",
            "1BoFqTJd9riarCS8qbGFtSASWrMQUozhUc",
            "1Kk2LTC7MeAyfaxmSDat5NAdZDSBmoZ8va",
            "16zG5twC4jjG2hbvmtN7BqV6d23g1PDzdh"
        ],
        "receiving": [
            "1PJkLF54YRoPQaDn31cf6S4U5rThs1z5mU",
            "1AyBBPpjLzV8ZvjuZTZ7wU9tLpWijXTsH2",
            "1ARf8RkzV4LXuvFBSio9AMFvPokbsb5FzJ",
            "1Ngb1v6VTbLS122xvGUvZRs4bvLZMjxWa7",
            "1MtToDxUcTrhvTKSJvpyWFuhAWVU9PwxEr",
            "1B8pPQxn2EkB8kDc2zFaesqKYkckGzSJrJ",
            "1QKk3mivJ6iFhPKZCqX3ZcYgK8mYmffwXT",
            "1C1yejRhgSrEih65aStmj2Yb3bh3TBtbHr",
            "1CM9mtHV9nR7zvfSsJVywWNYpkzBiM76rz",
            "12jv6uK4iv2QTKoVM2eUct1Q2aAXYK6rud",
            "1LPtyGmZrkpchZzcwxna9WGNRoZRoAfJm",
            "16GoUArmMDo6zaLWSjNbCGwPYrmGwTEeeg",
            "1KvHvUU9RsCUeRL4VDMWfWWES5BJBJW2mZ",
            "14frBBDwNAiJgRefRPjGVsXwujEfrrzC9y",
            "11RUsz4TWDhrBX5dp1pLHxHybYXzUhBqN",
            "1AJiB7Jca2DFRAmBtApX8dPMbajYc8BHhj",
            "18x2pEEPHd9jKHirW4PtR8Z3BwShDXXJ2A",
            "1Jay4wbLTvmFpT4koBLtAmkXYP7869M6DH",
            "1AhNR3fbC4FvpJ4nMGwaffNhKU1g8LVvVD",
            "12zbfR2C5WsdSEWsebyCSC4Ric7FHXe9WB"
        ]
    },
    "fiat_value": {},
    "frozen_coins": {},
    "invoices": {},
    "keystore": {
        "derivation": "m",
        "pw_hash_version": 1,
        "root_fingerprint": "d752066e",
        "seed": "minor zone pool already remain combine tank claw medal settle grace capable",
        "seed_type": "standard",
        "type": "bip32",
        "xprv": "xprv9s21ZrQH143K2kDCeH8vyYZWAHF69qiuj8XSuh5hV2jyskz2KZdiGKqQnYgN3dA96inV92yLkXt5pEyCNK2MYWGtyMHe5Gmg1fF6ChNPoZh",
        "xpub": "xpub661MyMwAqRbcFEHfkJfwLgWEiK5aZJSm6MT3i5VK3NGxkZKAs6wxp89tdoaL9Pvfikmf2NN2t13tseUJiXs6kRupiNueoLwsgHcUthBWLv7"
    },
    "labels": {},
    "payment_requests": {},
    "prevouts_by_scripthash": {},
    "seed_version": 50,
    "spent_outpoints": {},
    "transactions": {},
    "tx_fees": {},
    "txi": {},
    "txo": {},
    "use_encryption": false,
    "verified_tx3": {},
    "wallet_type": "standard"
}