{
    "addr_history": {
        "114Ys19QfzVtvoC8iDuHgm68S7JEQFk47W": [],
        "129M7NMVUTUrTmMqXiqkc1p3wpssshrxj2": [],
        "12z9DY7AwFNX21HHHmRPbAKNU6ADCXSHAo": [],
        "14Ewz4uXWiHtVHrjH7J2eja5QzmhJ9ELj8": [],
        "14pekTJuB11PoiFDY7nvHYUQ8rf5rVYpby": [],
        "16ibTMgN59SGQ6VTVXudhuvDZt2u4psqxc": [],
        "18BNfxCDsQP5mWEhwd34LsU1n1kfosAysL": [],
        "18Mf4LUdGyycttrrqucHgeVVZvmavS6H14": [],
        "18PZU97EhMHzL9hV2rJcNKz9cFJHtgW4Wo": [],
        "19a6Vczv7i2zmEATUMvzryo2vWNNjkpFUL": [],
        "1AbbdnTDxDZNXQPzsRLiozEqd81W6RcfiH": [],
        "1BPDfhxaapR9Qm1E4B2s3Ebt8TQ8QHSpfh": [],
        "1D7YjwZ5bFfGNm3gvLFGqP4f2nMFbAwtiP": [],
        "1DC9ZbvfWvXe5m99Vu65cQzWqhpaoM1Xis": [],
        "1EWihVFgvZmq2vaFjw6PCu1AHsfDrSBKKK": [],
        "1EtVzUcbAZkxxi56ceNvFchjyNzMgEjs5T": [],
        "1G2bEAWmC8pTcWwZaYe3QwTfooS8McJ2ND": [],
        "1G3r3v36QNGXMjhgKmXdKMTymbS75uZxDs": [],
        "1GGESZmsrP426uNf7orybZrttTMjx7ao4e": [],
        "1JQFTSGpp7ndWWq8UF2erWawz6PziSbR61": [],
        "1JRa3MuvQZ8M77mhdupk6UGVxHLCRmGsgo": [],
        "1JTGYJSaFZNv4bppRUDrikBM9sdiW8Cgdv": [],
        "1JV92tNg2vvTNT15B2puVPP2FhjopY2JDN": [],
        "1L2dmUQmkseNiGsnXBNoTgY2yUyJtJpEuW": [],
        "1MCC3iizNY2CoLMXm4Kc1HFskgqpcjaT11": [],
        "1MZSxZkRXqDbrJjH4foSPjX4bgqjnAu8dJ": [],
        "1Mt2gMHK6cNCTPA1Cu3F8SiXE4q2xevTc1": [],
        "1NMvz6GNkGSBtBK8AC4mMuTQm7daBrjYvU": [],
        "1NjiQDcTY3XDCefsrkSJHuUtdmuG7p4c2Z": [],
        "1PnweM6XAQANW2UYgp8c2YP3vUx94Xq3gK": []
    },
    "addresses": {
        "change": [
            "19a6Vczv7i2zmEATUMvzryo2vWNNjkpFUL",
            "114Ys19QfzVtvoC8iDuHgm68S7JEQFk47W",
            "1EtVzUcbAZkxxi56ceNvFchjyNzMgEjs5T",
            "1JTGYJSaFZNv4bppRUDrikBM9sdiW8Cgdv",
            "14Ewz4uXWiHtVHrjH7J2eja5QzmhJ9ELj8",
            "12z9DY7AwFNX21HHHmRPbAKNU6ADCXSHAo",
            "14pekTJuB11PoiFDY7nvHYUQ8rf5rVYpby",
            "1AbbdnTDxDZNXQPzsRLiozEqd81W6RcfiH",
            "1D7YjwZ5bFfGNm3gvLFGqP4f2nMFbAwtiP",
            "1L2dmUQmkseNiGsnXBNoTgY2yUyJtJpEuW"
        ],
        "receiving": [
            "129M7NMVUTUrTmMqXiqkc1p3wpssshrxj2",
            "1Mt2gMHK6cNCTPA1Cu3F8SiXE4q2xevTc1",
            "1DC9ZbvfWvXe5m99Vu65cQzWqhpaoM1Xis",
            "1NjiQDcTY3XDCefsrkSJHuUtdmuG7p4c2Z",
            "18PZU97EhMHzL9hV2rJcNKz9cFJHtgW4Wo",
            "1PnweM6XAQANW2UYgp8c2YP3vUx94Xq3gK",
            "18BNfxCDsQP5mWEhwd34LsU1n1kfosAysL",
            "1MZSxZkRXqDbrJjH4foSPjX4bgqjnAu8dJ",
            "1NMvz6GNkGSBtBK8AC4mMuTQm7daBrjYvU",
            "1G3r3v36QNGXMjhgKmXdKMTymbS75uZxDs",
            "1G2bEAWmC8pTcWwZaYe3QwTfooS8McJ2ND",
            "1EWihVFgvZmq2vaFjw6PCu1AHsfDrSBKKK",
            "1BPDfhxaapR9Qm1E4B2s3Ebt8TQ8QHSpfh",
            "1JV92tNg2vvTNT15B2puVPP2FhjopY2JDN",
            "1MCC3iizNY2CoLMXm4Kc1HFskgqpcjaT11",
            "1JRa3MuvQZ8M77mhdupk6UGVxHLCRmGsgo",
            "16ibTMgN59SGQ6VTVXudhuvDZt2u4psqxc",
            "1GGESZmsrP426uNf7orybZrttTMjx7ao4e",
            "1JQFTSGpp7ndWWq8UF2erWawz6PziSbR61",
            "18Mf4LUdGyycttrrqucHgeVVZvmavS6H14"
        ]
    },
    "fiat_value": {},
    "frozen_coins": {},
    "invoices": {},
    "keystore": {
        "derivation": "m",
        "pw_hash_version": 1,
        "root_fingerprint": "e77f9f51",
        "seed": "minor zone pool all remain combine denial claw medal settle grace capable",
        "seed_type": "standard",
        "type": "bip32",
        "xprv": "xprv9s21ZrQH143K3b5QvUcyZKf56aZi8G1qT5TRRd2xJUHppDTnmsveod6EyN2isUXmSMcTrZK7siFNPXqJG34TrFyvhrh6hCPiYsqoCvrVPAx",
        "xpub": "xpub661MyMwAqRbcG59t2W9yvTboecQCXijgpJP2E1SZropoh1nwKREuMRQipeepXfh3kVc1uJALKj1B6ZU1KMKbnxPi7g4dXxxCk6DM7tRaYXG"
    },
    "labels": {},
    "payment_requests": {},
    "prevouts_by_scripthash": {},
    "seed_version": 50,
    "spent_outpoints": {},
    "transactions": {},
    "tx_fees": {},
    "txi": {},
    "txo": {},
    "use_encryption": false,
    "verified_tx3": {},
    "wallet_type": "standard"
}