{
    "addr_history": {
        "12GJHJKzEmJ5nEH2ZfFprzovXRqpPCRp6t": [],
        "12Hb5Lj6iY5DKiFZa2ZBVLHxhp1gk5YbJ9": [],
        "12KuuNRxNAPx9AoSNuq9Phk8g5vWGBthXM": [],
        "12Vw2qa7BfW2HaV8UiLrbocpCMkQJBqoYE": [],
        "13ZKXiaz9zdEuazSKRjkLRUHzsKAeJyfLv": [],
        "144edWJ6KC3awVPrKZcgyRhxdupFtFaV84": [],
        "15eLeq2EtUm789azpQbCJ7rc3dM52WiEFB": [],
        "15j11UKeBQUu4oNu7MQfTYWXzvrXaSUtej": [],
        "174y52HiQtgyfqqpXXJ8ACCtfApkaVKuTg": [],
        "17yjTMzh1DgbtsEAMCo1PQmkdVtd435zei": [],
        "1AQEdTk3rGDv7VScGSGUW15hSPJgQPECag": [],
        "1AjeueoHPBFYEhMPTShvH8kDAhz2jbLspa": [],
        "1BkosxDVrk5SnFx9L2MHmszSPVK6nToqRA": [],
        "1CR4rGvCvmfYE6VhaedMJobaHBpRVwPubo": [],
        "1CZMkKpJY6fcZXVUveHZ5a3nGK9oJroxHq": [],
        "1DJrDRoxbAXkxnt2uMi2h3Tm2cokR3Ydt9": [],
        "1EKuU12Sx5tjKkRBGGDbSZbfdjhXs8Q35a": [],
        "1EmPDBAnpp2NJiRqzAkset1pVKPGZFHNVM": [],
        "1F5caowSH9B5HnKbBqt8zeWVBrAmibL4RS": [],
        "1JSDNvxACwCFewT8miirJcFguXwMdBHmc9": [],
        "1KthE8SD5cQbHGSLzoyKpbtFmijjv61Tdw": [],
        "1LJVgvR9ZTXudXMVN9QCaXfRxPHcT6RqK6": [],
        "1LUoWPYi4piHoQWGwRJY94MqfLYvTtjHYJ": [],
        "1MRtB8dDqpBeiMvR8j2i1SpsboUrA9VqDq": [],
        "1N1YMApAp4DW3MEA2eiX3tgEBNug3Psu7x": [],
        "1PSAANYYtssDmXXm2g8GxSyx5gvGRE5gD9": [],
        "1PhSY1zeenDentH48W6NoBMJntr7knwRLR": [],
        "1PjbP5UXCbY6nSA9NJTMY2KSBjaePUnmk5": [],
        "1QH8sJ4FmLMYnkXU5a8HEXAu9hpApzDtgQ": [],
        "1wHgEgadbWPZh5ywJNFcfS8En2xZu75yU": []
    },
    "addresses": {
        "change": [
            "1wHgEgadbWPZh5ywJNFcfS8En2xZu75yU",
            "17yjTMzh1DgbtsEAMCo1PQmkdVtd435zei",
            "1CZMkKpJY6fcZXVUveHZ5a3nGK9oJroxHq",
            "12Vw2qa7BfW2HaV8UiLrbocpCMkQJBqoYE",
            "1EmPDBAnpp2NJiRqzAkset1pVKPGZFHNVM",
            "1DJrDRoxbAXkxnt2uMi2h3Tm2cokR3Ydt9",
            "1BkosxDVrk5SnFx9L2MHmszSPVK6nToqRA",
            "1F5caowSH9B5HnKbBqt8zeWVBrAmibL4RS",
            "1CR4rGvCvmfYE6VhaedMJobaHBpRVwPubo",
            "1AQEdTk3rGDv7VScGSGUW15hSPJgQPECag"
        ],
        "receiving": [
            "1LJVgvR9ZTXudXMVN9QCaXfRxPHcT6RqK6",
            "1PSAANYYtssDmXXm2g8GxSyx5gvGRE5gD9",
            "12GJHJKzEmJ5nEH2ZfFprzovXRqpPCRp6t",
            "13ZKXiaz9zdEuazSKRjkLRUHzsKAeJyfLv",
            "1QH8sJ4FmLMYnkXU5a8HEXAu9hpApzDtgQ",
            "1EKuU12Sx5tjKkRBGGDbSZbfdjhXs8Q35a",
            "15j11UKeBQUu4oNu7MQfTYWXzvrXaSUtej",
            "1MRtB8dDqpBeiMvR8j2i1SpsboUrA9VqDq",
            "1N1YMApAp4DW3MEA2eiX3tgEBNug3Psu7x",
            "12KuuNRxNAPx9AoSNuq9Phk8g5vWGBthXM",
            "1JSDNvxACwCFewT8miirJcFguXwMdBHmc9",
            "1PjbP5UXCbY6nSA9NJTMY2KSBjaePUnmk5",
            "1LUoWPYi4piHoQWGwRJY94MqfLYvTtjHYJ",
            "15eLeq2EtUm789azpQbCJ7rc3dM52WiEFB",
            "12Hb5Lj6iY5DKiFZa2ZBVLHxhp1gk5YbJ9",
            "1AjeueoHPBFYEhMPTShvH8kDAhz2jbLspa",
            "1PhSY1zeenDentH48W6NoBMJntr7knwRLR",
            "144edWJ6KC3awVPrKZcgyRhxdupFtFaV84",
            "174y52HiQtgyfqqpXXJ8ACCtfApkaVKuTg",
            "1KthE8SD5cQbHGSLzoyKpbtFmijjv61Tdw"
        ]
    },
    "fiat_value": {},
    "frozen_coins": {},
    "invoices": {},
    "keystore": {
        "derivation": "m",
        "pw_hash_version": 1,
        "root_fingerprint": "2703545b",
        "seed": "minor zone pool announce remain combine wise claw medal settle grace capable",
        "seed_type": "standard",
        "type": "bip32",
        "xprv": "xprv9s21ZrQH143K3H5sNU4HwWEPNhVsqitvkcXj1kY5mtivd9MBCL7Bwo2iJ8cMqMhe5Ui5YCtyoPWiCUw1YW3ntiaVAiMaH2SjkTRXZGvJ4rd",
        "xpub": "xpub661MyMwAqRbcFmALUVbJJeB7vjLNFBcn7qTKp8whLEFuVwgKjsRSVbMC9PpTtxVVbsoMBar7Bk99wvqfyeMRUjKpqPcgPajANqbKRq3SBKT"
    },
    "labels": {},
    "payment_requests": {},
    "prevouts_by_scripthash": {},
    "seed_version": 50,
    "spent_outpoints": {},
    "transactions": {},
    "tx_fees": {},
    "txi": {},
    "txo": {},
    "use_encryption": false,
    "verified_tx3": {},
    "wallet_type": "standard"
}