{
    "addr_history": {
        "12Hqj8PPMSd1pspWmwe1teQmJT4cFZJQ4a": [],
        "142KiDAsxFs4SDCAhKe2GsBZSkvaNVtzmi": [],
        "14FSWj2LwN3wm17vQ2EyjRpzMYfAiXC17L": [],
        "161YXBdaqBLXHccTwQjGJ33go1dvCBNZae": [],
        "16T5SZq3QfYTNW4a1opLmpgbnegD3V4otg": [],
        "17JrnCyiW71j6HB5R8k8x2RnxEChzLXcXb": [],
        "181XmMYHwZiDTuVmL3YRvi6Yhb8RKq4Y8M": [],
        "18omS1jDEiQ4eaWGs7tSCG5GH2u8Jypz8Y": [],
        "18qC5DLWiXjXSPEFWcQxJZeLAaxsVJyXvd": [],
        "193hLY22emtzt2KkLZF3WHH5xCGa36yyYa": [],
        "19zijdHS5kj4gZSaRFfYG7vkGtnVPGeyPu": [],
        "1CPPyyjWNcMW8BrHE9rE4WnR7k3PgCzBE6": [],
        "1CqynnjEBzPCChoQYFwC2ZeCWoh2LhkfWV": [],
        "1DEiNNgF1dhg41iBZFQV7GJkUa8WgEDoke": [],
        "1DjDkeGu1BwtFQL9qbVzvJe93oMuKbfK71": [],
        "1E6RfywkDscYnX7pw36NvWeCGX95v2yE2y": [],
        "1EeqAZKNe38nM2jsxmc63RoTqXqbS7VLJS": [],
        "1FVWeNqwEiaxFnCxiAs2EgkqkeVEf2JirC": [],
        "1GEz5o7MpbbyGY9t5pMJctPHZyUJQzVSCD": [],
        "1GWUJCLizq1igZi991JTHvAuqocKbeCknS": [],
        "1GiVdUP2v9XX99N4B4smRB7gfENqoqXSfx": [],
        "1HBRDqFW33RwGrXQAR4PM8imgLGEwgQCGB": [],
        "1JC6SaLeorVBienQ4VgYURXymY1ppnDSYJ": [],
        "1JSzeUUEcLhPyo7FcxHq7i1dPniSmWav4Q": [],
        "1JTiM6toMh5FoguMgEJbVmg81Zut9VDXw1": [],
        "1K9FWGoohjuytsfmditCnffgwq4Y3eiYiW": [],
        "1MQrwKcK5Puo9h2FGrd4a69Lf9Qb5pdVAs": [],
        "1MhWtvrPDkKwJRL78CDTF61wXinnJRA1NK": [],
        "1o4biy4ucXSKKC7CtPLy9AqCXJYMsAGxb": [],
        "1ym1Y13zZNH9pEuLoGWXkG6Pf2ahX2WNm": []
    },
    "addresses": {
        "change": [
            "1JTiM6toMh5FoguMgEJbVmg81Zut9VDXw1",
            "1JC6SaLeorVBienQ4VgYURXymY1ppnDSYJ",
            "1MQrwKcK5Puo9h2FGrd4a69Lf9Qb5pdVAs",
            "1GEz5o7MpbbyGY9t5pMJctPHZyUJQzVSCD",
            "1GWUJCLizq1igZi991JTHvAuqocKbeCknS",
            "17JrnCyiW71j6HB5R8k8x2RnxEChzLXcXb",
            "18omS1jDEiQ4eaWGs7tSCG5GH2u8Jypz8Y",
            "19zijdHS5kj4gZSaRFfYG7vkGtnVPGeyPu",
            "18qC5DLWiXjXSPEFWcQxJZeLAaxsVJyXvd",
            "1o4biy4ucXSKKC7CtPLy9AqCXJYMsAGxb"
        ],
        "receiving": [
            "1GiVdUP2v9XX99N4B4smRB7gfENqoqXSfx",
            "1JSzeUUEcLhPyo7FcxHq7i1dPniSmWav4Q",
            "1MhWtvrPDkKwJRL78CDTF61wXinnJRA1NK",
            "12Hqj8PPMSd1pspWmwe1teQmJT4cFZJQ4a",
            "1ym1Y13zZNH9pEuLoGWXkG6Pf2ahX2WNm",
            "1DEiNNgF1dhg41iBZFQV7GJkUa8WgEDoke",
            "14FSWj2LwN3wm17vQ2EyjRpzMYfAiXC17L",
            "1K9FWGoohjuytsfmditCnffgwq4Y3eiYiW",
            "1FVWeNqwEiaxFnCxiAs2EgkqkeVEf2JirC",
            "16T5SZq3QfYTNW4a1opLmpgbnegD3V4otg",
            "1HBRDqFW33RwGrXQAR4PM8imgLGEwgQCGB",
            "1CPPyyjWNcMW8BrHE9rE4WnR7k3PgCzBE6",
            "161YXBdaqBLXHccTwQjGJ33go1dvCBNZae",
            "193hLY22emtzt2KkLZF3WHH5xCGa36yyYa",
            "1DjDkeGu1BwtFQL9qbVzvJe93oMuKbfK71",
            "1EeqAZKNe38nM2jsxmc63RoTqXqbS7VLJS",
            "181XmMYHwZiDTuVmL3YRvi6Yhb8RKq4Y8M",
            "1CqynnjEBzPCChoQYFwC2ZeCWoh2LhkfWV",
            "142KiDAsxFs4SDCAhKe2GsBZSkvaNVtzmi",
            "1E6RfywkDscYnX7pw36NvWeCGX95v2yE2y"
        ]
    },
    "fiat_value": {},
    "frozen_coins": {},
    "invoices": {},
    "keystore": {
        "derivation": "m",
        "pw_hash_version": 1,
        "root_fingerprint": "76b2d893",
        "seed": "minor zone pool alien remain combine grant claw medal settle grace capable",
        "seed_type": "standard",
        "type": "bip32",
        "xprv": "xprv9s21ZrQH143K3zBf78hgrJ75e52wtLjLTRiprGW4gjr9LdyD9edBCRRTYXkevVCSfF8PsknKR79nysdHf9JnMJrUMyV2c3p7KLbAq56Q5tv",
        "xpub": "xpub661MyMwAqRbcGUG8DAEhDS3pC6sSHoTBpeeReeugF5P8DSJMhBwRkDjwPn1oPBmfYKsTWpkqpumRiVKdhVAQXoYVQNcFvisiTSKfsn6nowu"
    },
    "labels": {},
    "payment_requests": {},
    "prevouts_by_scripthash": {},
    "seed_version": 50,
    "spent_outpoints": {},
    "transactions": {},
    "tx_fees": {},
    "txi": {},
    "txo": {},
    "use_encryption": false,
    "verified_tx3": {},
    "wallet_type": "standard"
}