{
    "addr_history": {
        "126mo3gktGwL9vFHEUdVdpzogghiQagM1L": [],
        "12dyfPLTcYECU6g58H3BB1gXZZ7UGT5rhW": [],
        "13Fro5ZZDpw1QVHJjB5v9thieMzwGrJ6zU": [],
        "13xLFj2tak9BzkgYH2CGbxQisHULF7PF7g": [],
        "14EizYUXDgQomPEFSW47uvS1j5gcy87FG2": [],
        "14qV3xTeHFGe4h4oxGBbgd6zqANMraijt8": [],
        "15XKVw2i4nJ6KGyRM6MobQCAcb6aSxip6N": [],
        "15pz17on48VUv4guxAKCZvJeNNoWVmSJhN": [],
        "16f6x1TRHseyp2fsS4gVQUypqZmkxUpzT1": [],
        "16q7Jj8JP3yJiZD98MoWuDH1kZnu3yiEfJ": [],
        "179bgVW7eMu7MkTUWHt1CXTLXonktqtMkb": [],
        "194nXrP1eB54EauDtQhfFGr3Wq6LfKijRT": [],
        "19sXeq4C88NgxxBGQ8PmAMSWs2W7fZG53v": [],
        "1BzAkcWwBCwG3CWpz7t9FdPkuW7D8BuuXi": [],
        "1C8HR99cPX99h5Khix44vFLdjes8r2djJi": [],
        "1DDZuoR1oRsh37G5czRSwLwieK7MCm7Emi": [],
        "1DSzErCERY6fzwTzU4QPMkgG7xQAefncXJ": [],
        "1E4gJiXwMrTHJb4LPf5u2vzxnP8M5yb1TY": [],
        "1EwguGKm1mFxjnyMZG3PDV34sLAfmi9sv5": [],
        "1FNxkrQGDoVM7q2j6aXaziKH9ZHwzpHEtz": [],
        "1GGuqB9p3az13zq7WCKD3sRbqdygb3wesA": [],
        "1HAHemEhqCbGS5Hmuspj7y8RRsYHkGZ6iG": [],
        "1HNr7Ri3a5obWftBUX7cNQ7JFsaqtmRn5V": [],
        "1L4r6vvVZYxJGMckuS6DLDmNc3j4tPjXA6": [],
        "1Lg1WhictjW2r3A6fgHpugb2SEEL9H5YZd": [],
        "1LgToz3n343VPdJP2AgnwqQKgN8h6ioPE4": [],
        "1M8EhZ2Z35D72eVGJ1jA52acqMTJ1FjxkY": [],
        "1MeXo2pcaXNrh6dVPw4xwk5aJ5VN8k2MeH": [],
        "1NL4VSQwFt3NrENUnkYr6U3hcmNyLmQaFs": [],
        "1NoHia2CNCCKo7aPhhwxkzTfetnQunTaLB": []
    },
    "addresses": {
        "change": [
            "15pz17on48VUv4guxAKCZvJeNNoWVmSJhN",
            "1L4r6vvVZYxJGMckuS6DLDmNc3j4tPjXA6",
            "1DDZuoR1oRsh37G5czRSwLwieK7MCm7Emi",
            "1LgToz3n343VPdJP2AgnwqQKgN8h6ioPE4",
            "15XKVw2i4nJ6KGyRM6MobQCAcb6aSxip6N",
            "14qV3xTeHFGe4h4oxGBbgd6zqANMraijt8",
            "1M8EhZ2Z35D72eVGJ1jA52acqMTJ1FjxkY",
            "13Fro5ZZDpw1QVHJjB5v9thieMzwGrJ6zU",
            "14EizYUXDgQomPEFSW47uvS1j5gcy87FG2",
            "16f6x1TRHseyp2fsS4gVQUypqZmkxUpzT1"
        ],
        "receiving": [
            "179bgVW7eMu7MkTUWHt1CXTLXonktqtMkb",
            "1C8HR99cPX99h5Khix44vFLdjes8r2djJi",
            "16q7Jj8JP3yJiZD98MoWuDH1kZnu3yiEfJ",
            "1Lg1WhictjW2r3A6fgHpugb2SEEL9H5YZd",
            "19sXeq4C88NgxxBGQ8PmAMSWs2W7fZG53v",
            "1HAHemEhqCbGS5Hmuspj7y8RRsYHkGZ6iG",
            "1HNr7Ri3a5obWftBUX7cNQ7JFsaqtmRn5V",
            "1BzAkcWwBCwG3CWpz7t9FdPkuW7D8BuuXi",
            "1DSzErCERY6fzwTzU4QPMkgG7xQAefncXJ",
            "1EwguGKm1mFxjnyMZG3PDV34sLAfmi9sv5",
            "12dyfPLTcYECU6g58H3BB1gXZZ7UGT5rhW",
            "1E4gJiXwMrTHJb4LPf5u2vzxnP8M5yb1TY",
            "1GGuqB9p3az13zq7WCKD3sRbqdygb3wesA",
            "1MeXo2pcaXNrh6dVPw4xwk5aJ5VN8k2MeH",
            "1NoHia2CNCCKo7aPhhwxkzTfetnQunTaLB",
            "13xLFj2tak9BzkgYH2CGbxQisHULF7PF7g",
            "1NL4VSQwFt3NrENUnkYr6U3hcmNyLmQaFs",
            "194nXrP1eB54EauDtQhfFGr3Wq6LfKijRT",
            "1FNxkrQGDoVM7q2j6aXaziKH9ZHwzpHEtz",
            "126mo3gktGwL9vFHEUdVdpzogghiQagM1L"
        ]
    },
    "fiat_value": {},
    "frozen_coins": {},
    "invoices": {},
    "keystore": {
        "derivation": "m",
        "pw_hash_version": 1,
        "root_fingerprint": "1e0f0b74",
        "seed": "minor zone pool ability remain combine acquire claw medal settle grace capable",
        "seed_type": "standard",
        "type": "bip32",
        "xprv": "xprv9s21ZrQH143K4Xy67u9EJLkos3YXDQmu98zcTVKYPTrjvJcMNt7mSE1TpL2PjDEwe5wrjH8nnZUeCyJE9d3bQfBHXPhr3w6yXKTs6XmV79L",
        "xpub": "xpub661MyMwAqRbcH23ZDvgEfUhYR5P1csVkWMvDFsj9woPio6wVvRS1z2KwfdKtARR5e2G6q7R2AvHiX8HGP8u4PcDvPPsxrHPkHbBPsoVzmT8"
    },
    "labels": {},
    "payment_requests": {},
    "prevouts_by_scripthash": {},
    "seed_version": 50,
    "spent_outpoints": {},
    "transactions": {},
    "tx_fees": {},
    "txi": {},
    "txo": {},
    "use_encryption": false,
    "verified_tx3": {},
    "wallet_type": "standard"
}