{
    "addr_history": {
        "bc1q3ejdw4ue0g0rg8mwuuqvet0g4egqt2l83uyr0a": [],
        "bc1q3vt92rhcgzx8698etkl48rvj325rum0z9kk9cn": [],
        "bc1q5ys7yq620qu4dmww77m33u4k76r92usdpewvmu": [],
        "bc1q6jwvplrd30pj7ammjuv5nfp6qpaspfswx6qwae": [],
        "bc1q8hfr8eewr4j0m0nkauf07gaannv6l7p93x54ey": [],
        "bc1qamml6ksg73ncfesnq5ld6px3jcvp6ar8w2vpw0": [],
        "bc1qdkjl4qqf4fufjdzye92sdpjcjyvl6ve4hl0wn4": [],
        "bc1qdq05ewtdv0epyzptlxc54032e3wqvn58zf0yt4": [],
        "bc1qdz35agcewhkk7e3mttttkvqyvz0sczhpdgg9cy": [],
        "bc1qe07ns5az78a95ycyswj4ftax9yrdsymwm675zv": [],
        "bc1qep3stdvu7nm6e5e5me3a02r9t2v9ax8x6pkwf3": [],
        "bc1qf2d0r0agczz306x6kave9yahet00wuthtl6656": [],
        "bc1qf3h96lr6asxaru5q78mj9v985lfzv0pcay2j8x": [],
        "bc1qggvpzd8lqj3kz96yvjffgfg5hw9x9xm245n45n": [],
        "bc1qj3cvxlzw00lgvx0jmlnu2wtwppxgacnkj5rasf": [],
        "bc1qk0ph0k7vg0q4uk8p996ndjkr3strv9lmjs454m": [],
        "bc1qljsn5mt95wrq87atq9ghk2mzhc9tl0kyrqa4qy": [],
        "bc1qntpf0z4n6jx6e24rdhky3rvxuagk7f9kzn8c8e": [],
        "bc1qpxp7vqga7p6hxc55eg4mpuxs5r62pz2lvfvy7k": [],
        "bc1qpxyaw3gx636xtj87yq0xzx0c62du5gmqeg7ytq": [],
        "bc1qr9ej8zk45wtaw2p5pxfdtmnfxppjzlxxqn4k77": [],
        "bc1qrnqezug0a3s6nj478yltegrg5r9fe8pkqy5w6v": [],
        "bc1qtm0g96gg2f7h9awrnz6qmezlfwx6wskc0fhvgw": [],
        "bc1qtwlmxwtu6cfqrgu4jug7a4y5m5fjsswvjnxa6x": [],
        "bc1qtyxndgj6w92t0snq7pu424f3dcng3pl58kg74v": [],
        "bc1qwfer8aawpfp4g2n3kayqanzvr0cwgvkxd003n0": [],
        "bc1qwghl9wh5cen34gddp0pg5jevqfsvcvxuz6w8hl": [],
        "bc1qyqvr864chtx976ew6cvypxusxe0ly8lfhklle3": [],
        "bc1qyt7wga4uqw44dzxy95uegca0qv2nnla9hs7ez0": [],
        "bc1qyy3qfxynu9lsxed26ka05ez0kx60shn0yu9u0n": []
    },
    "addresses": {
        "change": [
            "bc1qdz35agcewhkk7e3mttttkvqyvz0sczhpdgg9cy",
            "bc1qj3cvxlzw00lgvx0jmlnu2wtwppxgacnkj5rasf",
            "bc1qtm0g96gg2f7h9awrnz6qmezlfwx6wskc0fhvgw",
            "bc1qpxyaw3gx636xtj87yq0xzx0c62du5gmqeg7ytq",
            "bc1qntpf0z4n6jx6e24rdhky3rvxuagk7f9kzn8c8e",
            "bc1q5ys7yq620qu4dmww77m33u4k76r92usdpewvmu",
            "bc1qtyxndgj6w92t0snq7pu424f3dcng3pl58kg74v",
            "bc1qdkjl4qqf4fufjdzye92sdpjcjyvl6ve4hl0wn4",
            "bc1qf2d0r0agczz306x6kave9yahet00wuthtl6656",
            "bc1qf3h96lr6asxaru5q78mj9v985lfzv0pcay2j8x"
        ],
        "receiving": [
            "bc1qe07ns5az78a95ycyswj4ftax9yrdsymwm675zv",
            "bc1qwfer8aawpfp4g2n3kayqanzvr0cwgvkxd003n0",
            "bc1qk0ph0k7vg0q4uk8p996ndjkr3strv9lmjs454m",
            "bc1qtwlmxwtu6cfqrgu4jug7a4y5m5fjsswvjnxa6x",
            "bc1qyt7wga4uqw44dzxy95uegca0qv2nnla9hs7ez0",
            "bc1qljsn5mt95wrq87atq9ghk2mzhc9tl0kyrqa4qy",
            "bc1qyqvr864chtx976ew6cvypxusxe0ly8lfhklle3",
            "bc1qep3stdvu7nm6e5e5me3a02r9t2v9ax8x6pkwf3",
            "bc1qpxp7vqga7p6hxc55eg4mpuxs5r62pz2lvfvy7k",
            "bc1qdq05ewtdv0epyzptlxc54032e3wqvn58zf0yt4",
            "bc1q8hfr8eewr4j0m0nkauf07gaannv6l7p93x54ey",
            "bc1qamml6ksg73ncfesnq5ld6px3jcvp6ar8w2vpw0",
            "bc1qggvpzd8lqj3kz96yvjffgfg5hw9x9xm245n45n",
            "bc1q6jwvplrd30pj7ammjuv5nfp6qpaspfswx6qwae",
            "bc1q3ejdw4ue0g0rg8mwuuqvet0g4egqt2l83uyr0a",
            "bc1qrnqezug0a3s6nj478yltegrg5r9fe8pkqy5w6v",
            "bc1qr9ej8zk45wtaw2p5pxfdtmnfxppjzlxxqn4k77",
            "bc1qwghl9wh5cen34gddp0pg5jevqfsvcvxuz6w8hl",
            "bc1q3vt92rhcgzx8698etkl48rvj325rum0z9kk9cn",
            "bc1qyy3qfxynu9lsxed26ka05ez0kx60shn0yu9u0n"
        ]
    },
    "channels": {},
    "fiat_value": {},
    "frozen_coins": {},
    "imported_channel_backups": {},
    "invoices": {},
    "keystore": {
        "derivation": "m/0'",
        "pw_hash_version": 1,
        "root_fingerprint": "74832396",
        "seed": "minor zone pool balcony remain combine tenant claw medal settle grace capable",
        "seed_type": "segwit",
        "type": "bip32",
        "xprv": "zprvAZRLvCYP8FCKZFmj9R6qZhMndqoqZZFMkCn5YoRphDZzYv4vEr8qQEoe6k5BE3vXzK9Vgm4QVdjmJwnJKkGGrTk4V5oRJyqhQp8tb1ESk91",
        "xpub": "zpub6nQhKi5GxckcmjrCFSdqvqJXBseKy1yD7RhgMBqSFZ6yRiQ4nPT5x387x31AeBQMwQEWkKwQTgjnHhfgE6SvBcyMQ6KFLnEjRNBG8P11hht"
    },
    "labels": {},
    "lightning_payments": {},
    "lightning_preimages": {},
    "lightning_xprv": "zprvAaw288fbqiTvDFgmtAkM4UnXLuxXfvtJg6TZCV1xHZysY2jPzwp7iHKh1t8q66VWTrfhfux9YZQqf6JNw4k4e7vjAWGguF6x2Q4xY8qCYHG",
    "onchain_channel_backups": {},
    "payment_requests": {},
    "prevouts_by_scripthash": {},
    "seed_version": 50,
    "spent_outpoints": {},
    "submarine_swaps": {},
    "transactions": {},
    "tx_fees": {},
    "txi": {},
    "txo": {},
    "use_encryption": false,
    "verified_tx3": {},
    "wallet_type": "standard"
}