{
    "addr_history": {
        "13ZD1fR62vu77BjRxiX9UF6iKmA2pAJYCK": [],
        "141HoPGtTUVyDfxoJSDPZpxCB88YGj4ZxV": [],
        "14UqMJn1kXLpfZMCP3NNKvCYHNNX2VMxRL": [],
        "14zMp9cfNLgHd5Zt3agNex7yYBrqJz5DXL": [],
        "16MmJsmGLLh73eS6GybC4wM8fBQ6TfEH9X": [],
        "16NKhP5L46whyG5m2uaBAwiNcbkcF6zNTM": [],
        "18hjiUYiKAtNeMsMcJivZnxNAJiYnChz8G": [],
        "18mcafkKByR1kQTFo5F4izi9NmrMrZCt1c": [],
        "18pbfyEzYM7QPh8CTWvLk7oyXrpscSreJo": [],
        "18qPYRW9S8bGPQCFfSB792v1jxUmx9aKkr": [],
        "19EsPwd1SthahjkDqM1vaCRB7M7BEwq6jf": [],
        "1Cc6bQK5MhsMHHtD4jX8LC6CL7H3bAT6cv": [],
        "1Di5cSUmdjiRC2mWai92AgKYoQ51WV4oG5": [],
        "1DwweEGMGaUTpS2BZt121Gw9NRjxR8xgG9": [],
        "1Eeb8vwsHM6ZLWeo2iV31srb1rLVWUPaJN": [],
        "1EkT5ewzYRVKBUBSwyiiorQUq7EKpCtUTV": [],
        "1FkVWqo9XzoBp6xSRqFMKkMDvzxUpDPjfG": [],
        "1HJHR9beUha45vV8ucknKsBYZGuoFFdFaY": [],
        "1HWwwkUgfLyogKYsfDNpvuhosikR3CqGW5": [],
        "1J3UA3ae3YtW4pzoNTPxX5mc77H2dTYYkt": [],
        "1JMYGsKfTPfxWh5DVXFRgv7TuPiee5cqic": [],
        "1JRPAohLiCe2BjNLm3DyvmtMZcZLdGSXxP": [],
        "1KnVr8oVGCvGiDutDh1qMNZCsaPg3QCos9": [],
        "1LroYba6V7g1sxQQjqhcor8SagPC1yEpJA": [],
        "1Mg6M5CkDwP96qgqaPi7w9ECAphYfUvAmH": [],
        "1Mm2HePxewApC26yJjgMuMQU3FkU1bQW43": [],
        "1Mm6JRrMoedteHMknEZSnH91deVYQQ21zR": [],
        "1NG8a46mqhZS9yGJvZapYCCBsEZM7kti5s": [],
        "1Q42A2euJKwJhhN33R9EZzo3HiYS9nudc5": [],
        "1pBs1ZS4rraFBnKRqUMTDW6mNZjLvyYmz": []
    },
    "addresses": {
        "change": [
            "1JMYGsKfTPfxWh5DVXFRgv7TuPiee5cqic",
            "1J3UA3ae3YtW4pzoNTPxX5mc77H2dTYYkt",
            "1KnVr8oVGCvGiDutDh1qMNZCsaPg3QCos9",
            "18mcafkKByR1kQTFo5F4izi9NmrMrZCt1c",
            "141HoPGtTUVyDfxoJSDPZpxCB88YGj4ZxV",
            "14zMp9cfNLgHd5Zt3agNex7yYBrqJz5DXL",
            "1FkVWqo9XzoBp6xSRqFMKkMDvzxUpDPjfG",
            "14UqMJn1kXLpfZMCP3NNKvCYHNNX2VMxRL",
            "1EkT5ewzYRVKBUBSwyiiorQUq7EKpCtUTV",
            "13ZD1fR62vu77BjRxiX9UF6iKmA2pAJYCK"
        ],
        "receiving": [
            "19EsPwd1SthahjkDqM1vaCRB7M7BEwq6jf",
            "18pbfyEzYM7QPh8CTWvLk7oyXrpscSreJo",
            "1Mm2HePxewApC26yJjgMuMQU3FkU1bQW43",
            "1pBs1ZS4rraFBnKRqUMTDW6mNZjLvyYmz",
            "1Q42A2euJKwJhhN33R9EZzo3HiYS9nudc5",
            "1LroYba6V7g1sxQQjqhcor8SagPC1yEpJA",
            "1Di5cSUmdjiRC2mWai92AgKYoQ51WV4oG5",
            "16NKhP5L46whyG5m2uaBAwiNcbkcF6zNTM",
            "16MmJsmGLLh73eS6GybC4wM8fBQ6TfEH9X",
            "18qPYRW9S8bGPQCFfSB792v1jxUmx9aKkr",
            "1Mg6M5CkDwP96qgqaPi7w9ECAphYfUvAmH",
            "1Cc6bQK5MhsMHHtD4jX8LC6CL7H3bAT6cv",
            "1Eeb8vwsHM6ZLWeo2iV31srb1rLVWUPaJN",
            "1HJHR9beUha45vV8ucknKsBYZGuoFFdFaY",
            "1HWwwkUgfLyogKYsfDNpvuhosikR3CqGW5",
            "18hjiUYiKAtNeMsMcJivZnxNAJiYnChz8G",
            "1JRPAohLiCe2BjNLm3DyvmtMZcZLdGSXxP",
            "1NG8a46mqhZS9yGJvZapYCCBsEZM7kti5s",
            "1Mm6JRrMoedteHMknEZSnH91deVYQQ21zR",
            "1DwweEGMGaUTpS2BZt121Gw9NRjxR8xgG9"
        ]
    },
    "fiat_value": {},
    "frozen_coins": {},
    "invoices": {},
    "keystore": {
        "derivation": "m",
        "pw_hash_version": 1,
        "root_fingerprint": "17c0fabe",
        "seed": "minor zone pool arrest remain combine name claw medal settle grace capable",
        "seed_type": "standard",
        "type": "bip32",
        "xprv": "xprv9s21ZrQH143K2e49GGUhy3qfq97UM8oEemWrVTMvT553F7ddUUs9xJJWwWiuxQGymrcsvBXNdzwt3cQBqWAk6UyK2iXRK4CM4fEBosS5LwS",
        "xpub": "xpub661MyMwAqRbcF88cNJ1iLBnQPAwxkbX61zSTHqmY1Qc27uxn22BQW6cznpSfFqwNqSHBzJX6Zb3ntB7VwakbVQnpK3o5KKzXz1bQekFTUve"
    },
    "labels": {},
    "payment_requests": {},
    "prevouts_by_scripthash": {},
    "seed_version": 50,
    "spent_outpoints": {},
    "transactions": {},
    "tx_fees": {},
    "txi": {},
    "txo": {},
    "use_encryption": false,
    "verified_tx3": {},
    "wallet_type": "standard"
}