{
    "addr_history": {
        "12833jJQ81zkTTGXbJTS1aq5ZvZXv9nBQk": [],
        "12PB2tnBv7RdukV1YUvzBsKvTDYuTntv2c": [],
        "12SE2TwZGDUBGCrJcZJ9n5f4F2cNDu7BJe": [],
        "13BdBgUy5m8CvMT8GNqqDMyZUvd4SpUYer": [],
        "15srHNcm3KjK2WgpRPH29zHHQQuy4Z5omy": [],
        "16MxvrfiY2PGogQnxQtVaMswhX1HPjCMGF": [],
        "17b6kUFuYWDTAxXdEtduFxbo31fiB8ue1Q": [],
        "17yD4jaPCJbUHLPhgxgK655ZjrKavfaW1S": [],
        "17z72gFRPUShn1AoDwchVww5Qm625np88E": [],
        "1877QiDY1s7wW5VzGHAPUTHXWN8ZRwVxtJ": [],
        "1886PyDmoBGresijZCsCW7PEXbHPZuhKFB": [],
        "18JNeJ24xjTktJcsjGK1PvmtsY6wfCaZpW": [],
        "18ampvVA7pL1QNuUMhpoFQjk9rFDR2yBoT": [],
        "1A7Ypoizx6pQbbWSTFAfqMuWjaoeYy7h3u": [],
        "1CLLdxvSqc6C5uiGdGb8LH98VWCgTwL6YH": [],
        "1CPmSbnRrhZSnt3c3SvMx8Ccii45ggcWfY": [],
        "1D4KY1wrMxEMUa13razyCDVBWb7j314Yva": [],
        "1D5aK4T2gz3kDWJq1jKGGk3yp8oppmxfr6": [],
        "1DJh2c7evL4mHX2CFPGUfWtnc9onjXkv65": [],
        "1DJqUKWFgZdVmGJyQ9AzfBsqxbfecSnN1Q": [],
        "1Fp3yQvAjQU95iHNwZof29oJLWeezPYU1r": [],
        "1GJhMce8qrLWed8qNchozJqDfqu4mcwCKe": [],
        "1JGcgaFM5iPAQEtdBTxT22so9VKJxU2UoE": [],
        "1JfQ1Xcyqa3572dysm35bXaRybjxMF5BCa": [],
        "1Kho1SsPhegEXXUg59xXBNMawiUotwXoCX": [],
        "1LGSbWrmzxzQcepPZN1ao377NDV8KXf7bp": [],
        "1LbQBYRRZcY62kfdaRxWWVLZaj8CyXzf3D": [],
        "1Mahmq3aAFcCroKghsnzg2fiSsCDzFuGK7": [],
        "1NCr5gd65BP5tzewjSNRdRMBmbtQtffyAL": [],
        "1PBLNsk4AAVcy6hEja9sAV5CgCjKt8Yfcr": []
    },
    "addresses": {
        "change": [
            "1DJh2c7evL4mHX2CFPGUfWtnc9onjXkv65",
            "1Fp3yQvAjQU95iHNwZof29oJLWeezPYU1r",
            "17b6kUFuYWDTAxXdEtduFxbo31fiB8ue1Q",
            "1CLLdxvSqc6C5uiGdGb8LH98VWCgTwL6YH",
            "1LGSbWrmzxzQcepPZN1ao377NDV8KXf7bp",
            "1886PyDmoBGresijZCsCW7PEXbHPZuhKFB",
            "12SE2TwZGDUBGCrJcZJ9n5f4F2cNDu7BJe",
            "1Kho1SsPhegEXXUg59xXBNMawiUotwXoCX",
            "1JGcgaFM5iPAQEtdBTxT22so9VKJxU2UoE",
            "18ampvVA7pL1QNuUMhpoFQjk9rFDR2yBoT"
        ],
        "receiving": [
            "12833jJQ81zkTTGXbJTS1aq5ZvZXv9nBQk",
            "1CPmSbnRrhZSnt3c3SvMx8Ccii45ggcWfY",
            "17yD4jaPCJbUHLPhgxgK655ZjrKavfaW1S",
            "1NCr5gd65BP5tzewjSNRdRMBmbtQtffyAL",
            "1A7Ypoizx6pQbbWSTFAfqMuWjaoeYy7h3u",
            "1877QiDY1s7wW5VzGHAPUTHXWN8ZRwVxtJ",
            "1D5aK4T2gz3kDWJq1jKGGk3yp8oppmxfr6",
            "15srHNcm3KjK2WgpRPH29zHHQQuy4Z5omy",
            "12PB2tnBv7RdukV1YUvzBsKvTDYuTntv2c",
            "1PBLNsk4AAVcy6hEja9sAV5CgCjKt8Yfcr",
            "1DJqUKWFgZdVmGJyQ9AzfBsqxbfecSnN1Q",
            "1GJhMce8qrLWed8qNchozJqDfqu4mcwCKe",
            "1LbQBYRRZcY62kfdaRxWWVLZaj8CyXzf3D",
            "1Mahmq3aAFcCroKghsnzg2fiSsCDzFuGK7",
            "17z72gFRPUShn1AoDwchVww5Qm625np88E",
            "18JNeJ24xjTktJcsjGK1PvmtsY6wfCaZpW",
            "13BdBgUy5m8CvMT8GNqqDMyZUvd4SpUYer",
            "16MxvrfiY2PGogQnxQtVaMswhX1HPjCMGF",
            "1D4KY1wrMxEMUa13razyCDVBWb7j314Yva",
            "1JfQ1Xcyqa3572dysm35bXaRybjxMF5BCa"
        ]
    },
    "fiat_value": {},
    "frozen_coins": {},
    "invoices": {},
    "keystore": {
        "derivation": "m",
        "pw_hash_version": 1,
        "root_fingerprint": "9886e87e",
        "seed": "minor zone pool afraid remain combine rubber claw medal settle grace capable",
        "seed_type": "standard",
        "type": "bip32",
        "xprv": "xprv9s21ZrQH143K489eLFpu7s16Nhv9Qh1dvXwx6kQ5MaDny8zVqGjYcgC9nyunsZL3XNRdgbdJtJar4TkT6NWHZf2J5qSD7kM7BGUqEnzySMn",
        "xpub": "xpub661MyMwAqRbcGcE7SHMuUzwpvjkdp9jVHksYu8oguukmqwKeNp3oAUWdeHUuZD2q4zz5x7LKLRMFBgwQEVf91aNLZ4tYUANuuVxabHJoUEe"
    },
    "labels": {},
    "payment_requests": {},
    "prevouts_by_scripthash": {},
    "seed_version": 50,
    "spent_outpoints": {},
    "transactions": {},
    "tx_fees": {},
    "txi": {},
    "txo": {},
    "use_encryption": false,
    "verified_tx3": {},
    "wallet_type": "standard"
}