{
    "addr_history": {
        "12CTUdY1HLKDbdpbBUfzeEnvMu8XUAzPno": [],
        "167zPQpfb5jy3ETzpfLEA6gygXWefG8BXH": [],
        "168uyE22gLD6QM2vVqXLNcqYe8yQZSd4ZV": [],
        "16k6gCh7aM1vP6FwFra8pEFjzQ4oFi77Fx": [],
        "179X13V9qE7JLjG2MQLjUT7LTj3uB91B5F": [],
        "17A5GHhV9dxN1q9274RVGMS1RQbUQPWYmC": [],
        "19VqNLGiQUU4RfATvJkY9AGF87LCmrUJw6": [],
        "19akZ8WvxXfXp4ixmt7shiYLasze9LrSpj": [],
        "1BDH9uQ25vSBN6TLFj9Gt5eLRARWnDikWE": [],
        "1BLQTqcMzGs7yeeAK6dV5vMDwk7SEAeM8p": [],
        "1CvXuYY6RNRt78jQBRZZv8quVsG3h9jVDx": [],
        "1CwNMfXvo8HAW6YaUnFj1AUhaVPpXn3xqR": [],
        "1DJbujfi87af2v3QFatXuMnfDBy3bvVTZq": [],
        "1DQTdnv6EbD67R3dV8aagMXZT3Bxb9ZVne": [],
        "1EQuJRrEDuj5jRonfLVkKmEoeWVpCvKS32": [],
        "1EmCciM71JrswL1Erpo27StZuK6T2mNVhW": [],
        "1EoufDnMpDdV2i2RytqyS6KgCvtTYRX7pp": [],
        "1EtbMgfPXPRL9HaCxpZw6wyY4fHiaFsGn": [],
        "1FNh2LyV6qy2oMY3BwaUZtnXmMWhvPVBja": [],
        "1G58zE616zD3GfzsJkwQYxgNmjcUeZ4fjK": [],
        "1G6qyj9QZVc4Tqdk1R5L35yFju9YnSyai2": [],
        "1G9Z8UFrVP6DsDK7z5ELygEJdxaCKqt9mj": [],
        "1GN8SBehaG4McRvauo1jzvknLUcYVCUsFp": [],
        "1Gw2GXxdmu2iYmaTVW96oKWWKYNFSqJzYs": [],
        "1HbbQSDhewy1pRkSUU5nvetdud5F26e1Xu": [],
        "1HkKJwLYDYJ8ZQVpCfGvvgVfuqpJxRXGZL": [],
        "1Hqid3jSstmRnySUypNmLVm8Ab8J9tiHEG": [],
        "1MYrfUKjB489n2uywNamX1pBu45Q8sxRby": [],
        "1Ne8rWckrCNpsjiSVaVgaLm9Aq4spHDsxf": [],
        "1NnaD1cTx3JB8mh1H9ReWdUoxaE6ch67hm": []
    },
    "addresses": {
        "change": [
            "1CvXuYY6RNRt78jQBRZZv8quVsG3h9jVDx",
            "1GN8SBehaG4McRvauo1jzvknLUcYVCUsFp",
            "1EmCciM71JrswL1Erpo27StZuK6T2mNVhW",
            "1NnaD1cTx3JB8mh1H9ReWdUoxaE6ch67hm",
            "1EQuJRrEDuj5jRonfLVkKmEoeWVpCvKS32",
            "1CwNMfXvo8HAW6YaUnFj1AUhaVPpXn3xqR",
            "1G9Z8UFrVP6DsDK7z5ELygEJdxaCKqt9mj",
            "167zPQpfb5jy3ETzpfLEA6gygXWefG8BXH",
            "179X13V9qE7JLjG2MQLjUT7LTj3uB91B5F",
            "1Hqid3jSstmRnySUypNmLVm8Ab8J9tiHEG"
        ],
        "receiving": [
            "168uyE22gLD6QM2vVqXLNcqYe8yQZSd4ZV",
            "17A5GHhV9dxN1q9274RVGMS1RQbUQPWYmC",
            "1EoufDnMpDdV2i2RytqyS6KgCvtTYRX7pp",
            "19akZ8WvxXfXp4ixmt7shiYLasze9LrSpj",
            "1G6qyj9QZVc4Tqdk1R5L35yFju9YnSyai2",
            "1EtbMgfPXPRL9HaCxpZw6wyY4fHiaFsGn",
            "1BDH9uQ25vSBN6TLFj9Gt5eLRARWnDikWE",
            "12CTUdY1HLKDbdpbBUfzeEnvMu8XUAzPno",
            "1BLQTqcMzGs7yeeAK6dV5vMDwk7SEAeM8p",
            "16k6gCh7aM1vP6FwFra8pEFjzQ4oFi77Fx",
            "1MYrfUKjB489n2uywNamX1pBu45Q8sxRby",
            "1G58zE616zD3GfzsJkwQYxgNmjcUeZ4fjK",
            "1DJbujfi87af2v3QFatXuMnfDBy3bvVTZq",
            "1Ne8rWckrCNpsjiSVaVgaLm9Aq4spHDsxf",
            "1Gw2GXxdmu2iYmaTVW96oKWWKYNFSqJzYs",
            "1DQTdnv6EbD67R3dV8aagMXZT3Bxb9ZVne",
            "1HbbQSDhewy1pRkSUU5nvetdud5F26e1Xu",
            "1HkKJwLYDYJ8ZQVpCfGvvgVfuqpJxRXGZL",
            "1FNh2LyV6qy2oMY3BwaUZtnXmMWhvPVBja",
            "19VqNLGiQUU4RfATvJkY9AGF87LCmrUJw6"
        ]
    },
    "fiat_value": {},
    "frozen_coins": {},
    "invoices": {},
    "keystore": {
        "derivation": "m",
        "pw_hash_version": 1,
        "root_fingerprint": "47289d2c",
        "seed": "minor zone pool ankle remain combine spring claw medal settle grace capable",
        "seed_type": "standard",
        "type": "bip32",
        "xprv": "xprv9s21ZrQH143K2iEgfnvZNqF1Xk9wXDM5VoF317KhVsT4JqUHuu879FMK8e7zr3yw2XvgKRzNpArpRPppmNS715QNjktKY4vun8UX1H4Zvzh",
        "xpub": "xpub661MyMwAqRbcFCK9mpTZjyBk5mzRvg4vs2AdoVjK4Cz3BdoSTSSMh3fnyuxCWueAdLNBWVncmZXPrwN8up2Vi7WNquBynLK5HPJBFrVxVmE"
    },
    "labels": {},
    "payment_requests": {},
    "prevouts_by_scripthash": {},
    "seed_version": 50,
    "spent_outpoints": {},
    "transactions": {},
    "tx_fees": {},
    "txi": {},
    "txo": {},
    "use_encryption": false,
    "verified_tx3": {},
    "wallet_type": "standard"
}