{
    "addr_history": {
        "12PNnmog2pJQ8ifRa6dsjKUYmtxitDA2Kc": [],
        "12Yt56s4JZsadmrtSFJj6gHBTAsybN5GCL": [],
        "12q3EgUVbCY47cvi6aHUxrxfk4WHD49Tky": [],
        "134LbNBxbH93rQh4M2P6grHauE7deGisCQ": [],
        "135ZK4mbY5qPRtzHqGyrUKZeJcbiqvjnkd": [],
        "13CU5utqAe8enhuvncPnYF6J5kg2sP2Gdf": [],
        "13SQ4LrrTjuA5V5jAmzUtbXcLVhdwxJ3TZ": [],
        "14eBFiuGv19D66P8Qrna5yCnk15AVRhG7i": [],
        "16Q6W1dqRVNoJg1BB1xNmQmVxuWoWTuL5m": [],
        "17QByeHqGA6gFUuhCqSc8Wwob84hdzvCAD": [],
        "17YLGAHzQfqkX9ApL6znQibvPnzwh8FWnw": [],
        "17f1P4Ekd1RmmKBjDpvp9LbEmVnHarjJ6A": [],
        "18dgGYWNbwgqj3RS7QCpJWAb54qZ45Ybhn": [],
        "1AKp9goCK7L8WT5dhW7gAxXwgr4SQYm6zL": [],
        "1AWXq82f29zc24WyXY7RXjpgieWgPDJYaz": [],
        "1B9MQATFTNzH7Joo51JBikZvEtm6SkNcCN": [],
        "1BYBdwy3i8J5uyB8hink8QGGdAuazkX697": [],
        "1CQ3e4qZp4ebzN7UjGoBfVgTJ2ACJ4Akei": [],
        "1D3doG1divgxoVGVNo8wA1bRGgRf5DA76V": [],
        "1DB75kjBDEkjudMMgTnWfwcSeVv2EoBuzv": [],
        "1EFAJZd8siZo7WDpj75vNV2YSSp1nRWkbq": [],
        "1FBKGQ48WMbfXRTWpX3T1RDruL5aNef721": [],
        "1GWn8d63sPmSjj7rZy1x35my6nCQZzd78R": [],
        "1JY4omm8TsTerJwC4y62ahpYo8yrWsVdyu": [],
        "1JkWDKbvp5uLGFw3m3ie1N7Qy8wV6XzDjV": [],
        "1KLkhUa51iHq8gqZVTUEWz5LikJ5V3Jzgk": [],
        "1MhcgUdh87h6v6QN1FSe848Y3bbX88bPzr": [],
        "1NrWzYCj1WCA6aesBiob3i1cawL6HwnxZc": [],
        "1QFJsPy9BvMPSLXdpkT35wsqenxHEB6Ssh": [],
        "1fMGbZUTCHDDaEqi74tYkoHkAXmL3dmNE": []
    },
    "addresses": {
        "change": [
            "135ZK4mbY5qPRtzHqGyrUKZeJcbiqvjnkd",
            "18dgGYWNbwgqj3RS7QCpJWAb54qZ45Ybhn",
            "16Q6W1dqRVNoJg1BB1xNmQmVxuWoWTuL5m",
            "1DB75kjBDEkjudMMgTnWfwcSeVv2EoBuzv",
            "1JkWDKbvp5uLGFw3m3ie1N7Qy8wV6XzDjV",
            "1QFJsPy9BvMPSLXdpkT35wsqenxHEB6Ssh",
            "17f1P4Ekd1RmmKBjDpvp9LbEmVnHarjJ6A",
            "1D3doG1divgxoVGVNo8wA1bRGgRf5DA76V",
            "17YLGAHzQfqkX9ApL6znQibvPnzwh8FWnw",
            "1EFAJZd8siZo7WDpj75vNV2YSSp1nRWkbq"
        ],
        "receiving": [
            "13SQ4LrrTjuA5V5jAmzUtbXcLVhdwxJ3TZ",
            "12PNnmog2pJQ8ifRa6dsjKUYmtxitDA2Kc",
            "1FBKGQ48WMbfXRTWpX3T1RDruL5aNef721",
            "1AWXq82f29zc24WyXY7RXjpgieWgPDJYaz",
            "14eBFiuGv19D66P8Qrna5yCnk15AVRhG7i",
            "12q3EgUVbCY47cvi6aHUxrxfk4WHD49Tky",
            "1AKp9goCK7L8WT5dhW7gAxXwgr4SQYm6zL",
            "1JY4omm8TsTerJwC4y62ahpYo8yrWsVdyu",
            "1BYBdwy3i8J5uyB8hink8QGGdAuazkX697",
            "17QByeHqGA6gFUuhCqSc8Wwob84hdzvCAD",
            "1B9MQATFTNzH7Joo51JBikZvEtm6SkNcCN",
            "1fMGbZUTCHDDaEqi74tYkoHkAXmL3dmNE",
            "13CU5utqAe8enhuvncPnYF6J5kg2sP2Gdf",
            "1NrWzYCj1WCA6aesBiob3i1cawL6HwnxZc",
            "12Yt56s4JZsadmrtSFJj6gHBTAsybN5GCL",
            "1MhcgUdh87h6v6QN1FSe848Y3bbX88bPzr",
            "1CQ3e4qZp4ebzN7UjGoBfVgTJ2ACJ4Akei",
            "1GWn8d63sPmSjj7rZy1x35my6nCQZzd78R",
            "134LbNBxbH93rQh4M2P6grHauE7deGisCQ",
            "1KLkhUa51iHq8gqZVTUEWz5LikJ5V3Jzgk"
        ]
    },
    "fiat_value": {},
    "frozen_coins": {},
    "invoices": {},
    "keystore": {
        "derivation": "m",
        "pw_hash_version": 1,
        "root_fingerprint": "77442e69",
        "seed": "minor zone pool anchor remain combine olive claw medal settle grace capable",
        "seed_type": "standard",
        "type": "bip32",
        "xprv": "xprv9s21ZrQH143K36NNCqqVPhWtqf2AJDhrYGUNa5TE8YYzoCrDvk74btMP675eQv1Ph5Hkv5QqgYSjrQ6mqZcnop41gTdYY1VkYVudCVTFoUh",
        "xpub": "xpub661MyMwAqRbcFaSqJsNVkqTdPgrehgRhuVPyNTrqgt5yg1BNUHRK9gfrwPUhJiUzyhMgSwQqBPNocThkyS2jPH33TdLT9GKVeRL6LJnxM5Z"
    },
    "labels": {},
    "payment_requests": {},
    "prevouts_by_scripthash": {},
    "seed_version": 50,
    "spent_outpoints": {},
    "transactions": {},
    "tx_fees": {},
    "txi": {},
    "txo": {},
    "use_encryption": false,
    "verified_tx3": {},
    "wallet_type": "standard"
}