{
    "addr_history": {
        "127mw32VUvjYUPqcojYTHez9v6LjViYmTw": [],
        "13EZqAaSTUsPCbPogtyyuEF8S61oigVEZi": [],
        "13XYV1aVPjZB9xBaqKKoAvJX6xnhasbkWh": [],
        "14ChVxLTonYdXN2LCcZSmZVrVTC67XuUfD": [],
        "14YJXSJxADfHhGY7m7TB8fFZ3D8Zzpkzyy": [],
        "14fySqK3Qf2QU5C4Yj1Dsi2iPEGpb22uiD": [],
        "14hR47i7xRo4owrUTpjVgCF2RqSJCF7fbn": [],
        "172G7yjHYutqsbkuGMSkgyDqiQa5BJYtcS": [],
        "19wQzGKnVamyquKdohAgFyM6eEnPko12Z": [],
        "1Aaw6WZLkiT1RrZyiU5Wn2a4BHbU6JwzSs": [],
        "1AupXRAbtZRB58y6n84QQqmz2D4SG1zmDs": [],
        "1AzGJGqna8n3JDCu3w67B7q5b7d8RFhRzp": [],
        "1B6e5qHADSZtAukPPHdhe6hrFscnmBvsXZ": [],
        "1BAx5YKwPJtLdNBpsTKaqjWfWVkrwTjZPc": [],
        "1Bdacpm83t5atU9NtGgrYmtqyUuGvzzqC9": [],
        "1Bsn7VdxcCXPeq3SSCMAncfpot5cQPMoN": [],
        "1CDL1HZCfDiz7khbp7A2UR2DZDVGmvrNAH": [],
        "1DiitoYVugWi8UmX45K9dU9PDduD62AkTj": [],
        "1DsAsxZwsQMmGaamAYN9LupmUtSmaWYJm4": [],
        "1E2xXC1cTpxVY2A7amP6kH1XnyR8X96bGU": [],
        "1F9fjiuNg2BafznAuF9TRUJa56mN1vNx32": [],
        "1GY4SxGZfmhbrMKsiVadxhvJkfkrHVHjR4": [],
        "1HcJ8xNG5YjSE1pKy3Vn3UfybWtZ6AkzWF": [],
        "1LcV84bFFdkmmEKZJgMBZA2odrHWUYbHW8": [],
        "1LeTwpQajs3NT1Z17THaSQ1fQDLLcgCNm4": [],
        "1PJBc3LD4YQmTxGGW6ugdDC8D24zsuSVmY": [],
        "1PLD4adxJMSLcjEQJKadduxq4pkswzRfcA": [],
        "1Q1Jx2z6hSgeDZyfYTU3PkNwEgrojRjHtm": [],
        "1VCkQE1c2NLyCkqYVUePwMNyefR8A2BjQ": [],
        "1X1k9Jw9U8au3PHm4933kenbxy2eBoExJ": []
    },
    "addresses": {
        "change": [
            "1LeTwpQajs3NT1Z17THaSQ1fQDLLcgCNm4",
            "14ChVxLTonYdXN2LCcZSmZVrVTC67XuUfD",
            "1CDL1HZCfDiz7khbp7A2UR2DZDVGmvrNAH",
            "1HcJ8xNG5YjSE1pKy3Vn3UfybWtZ6AkzWF",
            "14YJXSJxADfHhGY7m7TB8fFZ3D8Zzpkzyy",
            "19wQzGKnVamyquKdohAgFyM6eEnPko12Z",
            "1GY4SxGZfmhbrMKsiVadxhvJkfkrHVHjR4",
            "1F9fjiuNg2BafznAuF9TRUJa56mN1vNx32",
            "127mw32VUvjYUPqcojYTHez9v6LjViYmTw",
            "14fySqK3Qf2QU5C4Yj1Dsi2iPEGpb22uiD"
        ],
        "receiving": [
            "1DsAsxZwsQMmGaamAYN9LupmUtSmaWYJm4",
            "1Q1Jx2z6hSgeDZyfYTU3PkNwEgrojRjHtm",
            "1X1k9Jw9U8au3PHm4933kenbxy2eBoExJ",
            "14hR47i7xRo4owrUTpjVgCF2RqSJCF7fbn",
            "1PLD4adxJMSLcjEQJKadduxq4pkswzRfcA",
            "1Aaw6WZLkiT1RrZyiU5Wn2a4BHbU6JwzSs",
            "1BAx5YKwPJtLdNBpsTKaqjWfWVkrwTjZPc",
            "13EZqAaSTUsPCbPogtyyuEF8S61oigVEZi",
            "1DiitoYVugWi8UmX45K9dU9PDduD62AkTj",
            "1AzGJGqna8n3JDCu3w67B7q5b7d8RFhRzp",
            "1VCkQE1c2NLyCkqYVUePwMNyefR8A2BjQ",
            "1B6e5qHADSZtAukPPHdhe6hrFscnmBvsXZ",
            "1AupXRAbtZRB58y6n84QQqmz2D4SG1zmDs",
            "1E2xXC1cTpxVY2A7amP6kH1XnyR8X96bGU",
            "1Bsn7VdxcCXPeq3SSCMAncfpot5cQPMoN",
            "1Bdacpm83t5atU9NtGgrYmtqyUuGvzzqC9",
            "13XYV1aVPjZB9xBaqKKoAvJX6xnhasbkWh",
            "1LcV84bFFdkmmEKZJgMBZA2odrHWUYbHW8",
            "172G7yjHYutqsbkuGMSkgyDqiQa5BJYtcS",
            "1PJBc3LD4YQmTxGGW6ugdDC8D24zsuSVmY"
        ]
    },
    "fiat_value": {},
    "frozen_coins": {},
    "invoices": {},
    "keystore": {
        "derivation": "m",
        "pw_hash_version": 1,
        "root_fingerprint": "344c2bda",
        "seed": "minor zone pool awake remain combine fame claw medal settle grace capable",
        "seed_type": "standard",
        "type": "bip32",
        "xprv": "xprv9s21ZrQH143K2wLNLbThUN4nYiYzh4LJCokbLcUN9v36obRCxzSm8MQLVrGAQ6uKCriuum5D9H7MiK2gM7D9vgYaowSotMbb15UvDrxdxs8",
        "xpub": "xpub661MyMwAqRbcFRQqSczhqW1X6kPV6X49a2gC8zsyiFa5gPkMWXm1g9ipM8wM9mp2ao8o4oqE7Yg8SfhoDJ2S2KCvYEjnaRhZVxf8TeJwr3z"
    },
    "labels": {},
    "payment_requests": {},
    "prevouts_by_scripthash": {},
    "seed_version": 50,
    "spent_outpoints": {},
    "transactions": {},
    "tx_fees": {},
    "txi": {},
    "txo": {},
    "use_encryption": false,
    "verified_tx3": {},
    "wallet_type": "standard"
}