{
    "addr_history": {
        "12BwNh23eGbk7Agq74WcRTwdXpd1rDAnyj": [],
        "13tpHJtyi8FpJbrqUt45TneVBVRnxL1n9P": [],
        "14Qv7N6JoCjgJKUdXxoZbsvdx1QCZDYVK3": [],
        "164xDRTpbbZ3QQfcKhmxKXpAjg2WpxERfR": [],
        "16ZcAbdtw9p7M9hRmk1Q2HnMN7RxkcDWYM": [],
        "19KLv4aW3QDvWtSffj4ByAqEtGNe7EXxUf": [],
        "1AS83wThJaCfWPtDkAuFPCYT9n7gjZMhhj": [],
        "1AenMwff4zuhP31yvuUqN7X1cdoP4rRG2b": [],
        "1BrRU94YK6HABLd5ednYH6fzEPdfh5pGuu": [],
        "1CLMEQZ53yuzuJKN7w9KDQTFQkwXNvShb": [],
        "1CXXRDhLLydd2qu4s92YprBWgkvAQRLum1": [],
        "1DEUYFmP2YpH2eQz257ybSJ2vmGhKCc6FM": [],
        "1DThCSCC2sai8a6B5H9yDZdmke753PmgTb": [],
        "1FBc4WNFk3TCUqU5BUikmsrL35ju6xSnif": [],
        "1FJ1s6b6KAzikkFxyiBtZ1hXkQ2Bu8tQ42": [],
        "1FwCrnBLzJMcUTntGap34mWb2DKNwywDUy": [],
        "1G7Gj7RwhEWa1wH9j37BSKMNEehU68UK5h": [],
        "1HC9sGb6ZLhGVY892XkR82uLnp8CU3Zmfm": [],
        "1HcWJaRUenLEcdZpeVeUXFzeZG72YWzmq9": [],
        "1JQKeYFrUioa1ZqiVyYDktSBLSjHoF5Wzu": [],
        "1JoV2skpdYqRJDuz4DWjZdrfuxpUA89Jjy": [],
        "1Jsdn1eLDG1ZaVc2xJ2dKWyjgdiZvbte59": [],
        "1JxpYFBu9EuyjWrYwUyb3AusEuxRTnzYUP": [],
        "1KGedVq8N5b9AsSbfuSjN1EDV5mcu4XjmQ": [],
        "1KiQpkeGEv6LS2A2AVGf26Sp8pY4Wstoqz": [],
        "1KzpauosjBhYVnZaYMEUJxwC6WuMPdN6ZF": [],
        "1LwXDDW5HN6916rNdkQSjXmBFrcY9wJ1tZ": [],
        "1NiiuQCqAEx8eKSSNss8hkB3Zsqv7tozww": [],
        "1Nu2MFUJT5gWr4Ja3kTuzj1v17dBH2SgM6": [],
        "1pY6m3mRKixHuDia8iuBA8CmnjWTxLHu4": []
    },
    "addresses": {
        "change": [
            "1Jsdn1eLDG1ZaVc2xJ2dKWyjgdiZvbte59",
            "14Qv7N6JoCjgJKUdXxoZbsvdx1QCZDYVK3",
            "1KGedVq8N5b9AsSbfuSjN1EDV5mcu4XjmQ",
            "1CXXRDhLLydd2qu4s92YprBWgkvAQRLum1",
            "1NiiuQCqAEx8eKSSNss8hkB3Zsqv7tozww",
            "1Nu2MFUJT5gWr4Ja3kTuzj1v17dBH2SgM6",
            "1AenMwff4zuhP31yvuUqN7X1cdoP4rRG2b",
            "1JxpYFBu9EuyjWrYwUyb3AusEuxRTnzYUP",
            "12BwNh23eGbk7Agq74WcRTwdXpd1rDAnyj",
            "1FBc4WNFk3TCUqU5BUikmsrL35ju6xSnif"
        ],
        "receiving": [
            "1CLMEQZ53yuzuJKN7w9KDQTFQkwXNvShb",
            "1FJ1s6b6KAzikkFxyiBtZ1hXkQ2Bu8tQ42",
            "1pY6m3mRKixHuDia8iuBA8CmnjWTxLHu4",
            "1AS83wThJaCfWPtDkAuFPCYT9n7gjZMhhj",
            "1JoV2skpdYqRJDuz4DWjZdrfuxpUA89Jjy",
            "1KiQpkeGEv6LS2A2AVGf26Sp8pY4Wstoqz",
            "1DEUYFmP2YpH2eQz257ybSJ2vmGhKCc6FM",
            "19KLv4aW3QDvWtSffj4ByAqEtGNe7EXxUf",
            "1HC9sGb6ZLhGVY892XkR82uLnp8CU3Zmfm",
            "1G7Gj7RwhEWa1wH9j37BSKMNEehU68UK5h",
            "1DThCSCC2sai8a6B5H9yDZdmke753PmgTb",
            "16ZcAbdtw9p7M9hRmk1Q2HnMN7RxkcDWYM",
            "164xDRTpbbZ3QQfcKhmxKXpAjg2WpxERfR",
            "1FwCrnBLzJMcUTntGap34mWb2DKNwywDUy",
            "1BrRU94YK6HABLd5ednYH6fzEPdfh5pGuu",
            "1KzpauosjBhYVnZaYMEUJxwC6WuMPdN6ZF",
            "1LwXDDW5HN6916rNdkQSjXmBFrcY9wJ1tZ",
            "13tpHJtyi8FpJbrqUt45TneVBVRnxL1n9P",
            "1HcWJaRUenLEcdZpeVeUXFzeZG72YWzmq9",
            "1JQKeYFrUioa1ZqiVyYDktSBLSjHoF5Wzu"
        ]
    },
    "fiat_value": {},
    "frozen_coins": {},
    "invoices": {},
    "keystore": {
        "derivation": "m",
        "pw_hash_version": 1,
        "root_fingerprint": "c22fbf1a",
        "seed": "minor zone pool ankle remain combine awesome claw medal settle grace capable",
        "seed_type": "standard",
        "type": "bip32",
        "xprv": "xprv9s21ZrQH143K3ZZGKrXg6kFMRGUU7AgWV9yN4k1a8WwMumBc45qBZ331W6MoTaxEFTqD3F7BKBgFmNKxtGyeBXWokwndKktfBEHQVWj32oU",
        "xpub": "xpub661MyMwAqRbcG3djRt4gTtC5yJJxWdQMrNtxs8RBgrULnZWkbd9S6qMVMPSD4TLb6jT5piydKNa8UrZTswjzzi3YafQGBGRqzbJeRo7dqJe"
    },
    "labels": {},
    "payment_requests": {},
    "prevouts_by_scripthash": {},
    "seed_version": 50,
    "spent_outpoints": {},
    "transactions": {},
    "tx_fees": {},
    "txi": {},
    "txo": {},
    "use_encryption": false,
    "verified_tx3": {},
    "wallet_type": "standard"
}