{
    "addr_history": {
        "13UyqiS6DsYWQhFVv76wQYnqoqQ3GjvT1f": [],
        "13wN8cHeXpLm9MBon9qMoMBUytZcP245cX": [],
        "14JUceE7fGw8zVwff9jC8DXV5WPhZNzrMY": [],
        "14a3Hneye2RhYS8QH48DjjfYH8RiR1uLqX": [],
        "14xsCTVhjJ32CqH3iRg7gBxdJdmA8VjJUK": [],
        "154Vrk6c3owqaM65ipj6GGzEj8Y5ywb8wx": [],
        "15LCXm8SdpgdZhRc7WRFcdg7VPVL7RZvmv": [],
        "15NPSg3wKEJhnVUYWvaKyUSXu432RAf8DR": [],
        "16iZTPVfZ7Mb2b4pP3BacvYJzVmS8KvdyU": [],
        "17GfMLUjpRaKuWoFHmSFEw3NJrpAzcfMys": [],
        "17MnpTZtRCW4uYbKVjKcu8w74FoR3bsf8C": [],
        "17yDxB3gL5teFch65uMiKoa8LRRgEvYWMy": [],
        "18Ke9Wfz4oS7vHvUrjQ2aLQywUdyr4nEyN": [],
        "18i7Af399fVASL3YVhDc99cJhpCx7gSmb7": [],
        "18xfd7bPXdUxwj52UCehqZTyUtkofBRryy": [],
        "19vokhMabXEK8sMP4nfvVMtxqLxkiVSihE": [],
        "1CxvhucCjgHmZeaTdrEUUV3QCMGBCNFFzH": [],
        "1DENNKpYQfLRDRFWZrDdkohPm4QWgYygMo": [],
        "1E9MGg7aTpsRerRVN7J2Tt2Sty5MJeHfPZ": [],
        "1EKjhLri4vrKEfmekX2QzPvxePU8bUdvAj": [],
        "1Hzj7BnpnjoHEKB1w69uLTpi9NHFnJGq74": [],
        "1J3QoY2guCwLKcKoVeNrxUe6jFb596kiTo": [],
        "1JbFDfMqccHQqBMckRXxsYuvYQeKBnHFoN": [],
        "1MSTg4EuyeoFGTwJNo9pjBcbeRLKwEcHLX": [],
        "1P7qrVPDBX7ZHosFk7hmEBnJWXADhtqCC6": [],
        "1P9cGtzYDPQwg5YhAUx1wnrP5y7JzgoX8": [],
        "1Py7r7PH34KwfLyPmQppsWk5L3CCZn9tA5": [],
        "1Q78xKmZMMxtSTDrzqz4bs6GcKiv3w24Yt": [],
        "1Q8YcyoYTk7z5rPP4DzUfbTs1t6343SdRT": [],
        "1oEG4xcdVBEoiDQqaT5R7Bi4vmB4UHsG7": []
    },
    "addresses": {
        "change": [
            "1Hzj7BnpnjoHEKB1w69uLTpi9NHFnJGq74",
            "1oEG4xcdVBEoiDQqaT5R7Bi4vmB4UHsG7",
            "14xsCTVhjJ32CqH3iRg7gBxdJdmA8VjJUK",
            "1DENNKpYQfLRDRFWZrDdkohPm4QWgYygMo",
            "1Q78xKmZMMxtSTDrzqz4bs6GcKiv3w24Yt",
            "13UyqiS6DsYWQhFVv76wQYnqoqQ3GjvT1f",
            "13wN8cHeXpLm9MBon9qMoMBUytZcP245cX",
            "1Py7r7PH34KwfLyPmQppsWk5L3CCZn9tA5",
            "18Ke9Wfz4oS7vHvUrjQ2aLQywUdyr4nEyN",
            "14a3Hneye2RhYS8QH48DjjfYH8RiR1uLqX"
        ],
        "receiving": [
            "1EKjhLri4vrKEfmekX2QzPvxePU8bUdvAj",
            "18xfd7bPXdUxwj52UCehqZTyUtkofBRryy",
            "1P7qrVPDBX7ZHosFk7hmEBnJWXADhtqCC6",
            "1Q8YcyoYTk7z5rPP4DzUfbTs1t6343SdRT",
            "154Vrk6c3owqaM65ipj6GGzEj8Y5ywb8wx",
            "1JbFDfMqccHQqBMckRXxsYuvYQeKBnHFoN",
            "17GfMLUjpRaKuWoFHmSFEw3NJrpAzcfMys",
            "1MSTg4EuyeoFGTwJNo9pjBcbeRLKwEcHLX",
            "1CxvhucCjgHmZeaTdrEUUV3QCMGBCNFFzH",
            "15NPSg3wKEJhnVUYWvaKyUSXu432RAf8DR",
            "15LCXm8SdpgdZhRc7WRFcdg7VPVL7RZvmv",
            "19vokhMabXEK8sMP4nfvVMtxqLxkiVSihE",
            "16iZTPVfZ7Mb2b4pP3BacvYJzVmS8KvdyU",
            "1P9cGtzYDPQwg5YhAUx1wnrP5y7JzgoX8",
            "17MnpTZtRCW4uYbKVjKcu8w74FoR3bsf8C",
            "18i7Af399fVASL3YVhDc99cJhpCx7gSmb7",
            "1E9MGg7aTpsRerRVN7J2Tt2Sty5MJeHfPZ",
            "17yDxB3gL5teFch65uMiKoa8LRRgEvYWMy",
            "14JUceE7fGw8zVwff9jC8DXV5WPhZNzrMY",
            "1J3QoY2guCwLKcKoVeNrxUe6jFb596kiTo"
        ]
    },
    "fiat_value": {},
    "frozen_coins": {},
    "invoices": {},
    "keystore": {
        "derivation": "m",
        "pw_hash_version": 1,
        "root_fingerprint": "6542f53a",
        "seed": "minor zone pool abuse remain combine raccoon claw medal settle grace capable",
        "seed_type": "standard",
        "type": "bip32",
        "xprv": "xprv9s21ZrQH143K2qmcyi4v1QYEwv31N3HZjADmpiGB7ydoQbQVoDuccbRE5hx1uEhnxHgM8jURwDhsaMADb9T5RxJEBySjdtGshfoRr9KThvp",
        "xpub": "xpub661MyMwAqRbcFKr65jbvNYUyVwsVmW1R6P9Nd6fngKAnHPjeLmDsAPjhvzLs5zBVBdoaVGdHK4v9Jn4tfLtVem8GwRVobJsKxJsh9P75afL"
    },
    "labels": {},
    "payment_requests": {},
    "prevouts_by_scripthash": {},
    "seed_version": 50,
    "spent_outpoints": {},
    "transactions": {},
    "tx_fees": {},
    "txi": {},
    "txo": {},
    "use_encryption": false,
    "verified_tx3": {},
    "wallet_type": "standard"
}