{
    "addr_history": {
        "12LbZfaormfCY3827SYVFDWbiLHzAaQNDA": [],
        "13zcy63TjpqMKaZwXVujCVx7MNsKAbh3RZ": [],
        "14F3KNXwDSdAbNrM4oBsRCMwc9VAExPpSK": [],
        "14mFfhcxFMnjhNR9y7HjtW3Nu6p9hou2r2": [],
        "15QoiBpUtQ1z7pV8KwwjFtC1yLEEMuMLcV": [],
        "15UsbFeBNw7eec9js25eBZ5ARPUVieawWW": [],
        "16U9HxcjL3aEYjXisnB2R8FQV7pBfpb1He": [],
        "16UYmSYpJXSNurye1p2RyhngjqG24UoPF": [],
        "179Q9WPUKGtUQZyTDmYYi6P415PYeo2dWN": [],
        "17VjSbV1VyBaEiTg88RotevJgD9ZHbyiYj": [],
        "18ChS58zvfcGgBZHjP62AihtcFtnjXTW1z": [],
        "18YE787vwxTur7xgLBsYTtagT9iDev6Jjk": [],
        "18zCC81dKsfHssZgdoHSVbfmHG5B4VrPKx": [],
        "19KsS2zmodv7fVW4TFEo9QTryrfCwfVV5b": [],
        "1AWGqFr48notpqKJAarFyoBEy1HHofdSgw": [],
        "1BNF1zqy5QrEygdkcR8rjQqcpamzAYu4NJ": [],
        "1BnTT8fTQEPpUsgALPSqMJ7WkdX1U9Tb6L": [],
        "1D9BaZ7W6vLLWVDp6ZZnRTzkrX3FuVyi6m": [],
        "1DKAiBjySMFQRy8bcmtgMQ3yvkbUCPiLHM": [],
        "1F36KqhMcDCqvSAcq6Qi1jcUQzLwzwskhU": [],
        "1G1XLLrZKEecUE2Pk6imJiJcuJzCJRaaFS": [],
        "1G7gQfKp5B3pejMnXFZcha7DX9q5s55thb": [],
        "1GJUFTkp4TYBQawmx9Vsyxic5rCgqwQdDo": [],
        "1GNcsSwQGEkA2SkBafHppb4r6oQiFY38Sw": [],
        "1J6EC5gqT2jGNKv2h9X7ywyx1YBUUyE11s": [],
        "1KXYVT4Bsq2G81b1Cm25chnyj6yoe1a7eC": [],
        "1KgUn6fEkz4ninWQDnY8FS57z9Ux5BXkc3": [],
        "1KjpEE3Bh6zQVtcuJ1ntGMmzEa5CVwvbSh": [],
        "1NdXUGnrtivzLpcgtAoajGQq4q1hTFT59z": [],
        "1PQZPB8hKRXhAn2Z78ztHQUWWgiEfNs7Vu": []
    },
    "addresses": {
        "change": [
            "16UYmSYpJXSNurye1p2RyhngjqG24UoPF",
            "15UsbFeBNw7eec9js25eBZ5ARPUVieawWW",
            "1J6EC5gqT2jGNKv2h9X7ywyx1YBUUyE11s",
            "17VjSbV1VyBaEiTg88RotevJgD9ZHbyiYj",
            "1KgUn6fEkz4ninWQDnY8FS57z9Ux5BXkc3",
            "179Q9WPUKGtUQZyTDmYYi6P415PYeo2dWN",
            "1D9BaZ7W6vLLWVDp6ZZnRTzkrX3FuVyi6m",
            "1BNF1zqy5QrEygdkcR8rjQqcpamzAYu4NJ",
            "1F36KqhMcDCqvSAcq6Qi1jcUQzLwzwskhU",
            "1GJUFTkp4TYBQawmx9Vsyxic5rCgqwQdDo"
        ],
        "receiving": [
            "1GNcsSwQGEkA2SkBafHppb4r6oQiFY38Sw",
            "1PQZPB8hKRXhAn2Z78ztHQUWWgiEfNs7Vu",
            "13zcy63TjpqMKaZwXVujCVx7MNsKAbh3RZ",
            "19KsS2zmodv7fVW4TFEo9QTryrfCwfVV5b",
            "14mFfhcxFMnjhNR9y7HjtW3Nu6p9hou2r2",
            "18ChS58zvfcGgBZHjP62AihtcFtnjXTW1z",
            "18zCC81dKsfHssZgdoHSVbfmHG5B4VrPKx",
            "1AWGqFr48notpqKJAarFyoBEy1HHofdSgw",
            "1KXYVT4Bsq2G81b1Cm25chnyj6yoe1a7eC",
            "12LbZfaormfCY3827SYVFDWbiLHzAaQNDA",
            "1DKAiBjySMFQRy8bcmtgMQ3yvkbUCPiLHM",
            "1G7gQfKp5B3pejMnXFZcha7DX9q5s55thb",
            "1NdXUGnrtivzLpcgtAoajGQq4q1hTFT59z",
            "16U9HxcjL3aEYjXisnB2R8FQV7pBfpb1He",
            "18YE787vwxTur7xgLBsYTtagT9iDev6Jjk",
            "14F3KNXwDSdAbNrM4oBsRCMwc9VAExPpSK",
            "1KjpEE3Bh6zQVtcuJ1ntGMmzEa5CVwvbSh",
            "1G1XLLrZKEecUE2Pk6imJiJcuJzCJRaaFS",
            "15QoiBpUtQ1z7pV8KwwjFtC1yLEEMuMLcV",
            "1BnTT8fTQEPpUsgALPSqMJ7WkdX1U9Tb6L"
        ]
    },
    "fiat_value": {},
    "frozen_coins": {},
    "invoices": {},
    "keystore": {
        "derivation": "m",
        "pw_hash_version": 1,
        "root_fingerprint": "fc8871c9",
        "seed": "minor zone pool awesome remain combine rifle claw medal settle grace capable",
        "seed_type": "standard",
        "type": "bip32",
        "xprv": "xprv9s21ZrQH143K48z1wPzo2hSLNJZFEEr3sfrEyq1fz6UsczREeytrbWQ6Sa9RDW2JEakuVQbakay2ig81TYKfzx3mzY1AWTDvnxgaqiChURC",
        "xpub": "xpub661MyMwAqRbcGd4V3RXoPqP4vLPjdhZuEtmqnDRHYS1rVnkPCXD79JiaHra5fnqVx7W6zr6LLrg61i8zdwn7uvh4uqsFeZmrS9H9BE2rNMK"
    },
    "labels": {},
    "payment_requests": {},
    "prevouts_by_scripthash": {},
    "seed_version": 50,
    "spent_outpoints": {},
    "transactions": {},
    "tx_fees": {},
    "txi": {},
    "txo": {},
    "use_encryption": false,
    "verified_tx3": {},
    "wallet_type": "standard"
}