{
    "addr_history": {
        "11nwFZCcUU273qYpP3TZXWewmxtP2QkY5": [],
        "12tPvxcHG88VBNxUrr1dQFoQf1EBATogs4": [],
        "143ytwuFkRub8P53psx54efxwpGpP8Tiai": [],
        "14ZcSdrgQPQcurAj3LtFTs69otZsy3WSks": [],
        "14ghcA3iKYX4CgxJzk3evUnVUY4g7z5ovo": [],
        "15vD2iEKN7gpyQM1XjwzAx39MrpFreJUG6": [],
        "178HFZLSYG91zoVBmXC3fMPgnkyfpVESNZ": [],
        "17zTPPwdEKy6mLEfvYc3afTNPR8VSdf9Bx": [],
        "18BDeNHTy8eLVF6j7jN7W5kQG3kLYsei2R": [],
        "18dTCVsvj3S1BzuECFVmTMcCgy3YpUPZKL": [],
        "18soP1dVcnhNfeaGGLf62QsAr8AYMDycXs": [],
        "18xns8M38ZyT8TCK7tfJAA2CY3QcGnhxfQ": [],
        "197No1cb5LUCYhww7nA9UircQVKiSGD9pP": [],
        "1Bc31LqfHmYwFBEZUiRbjYcPy9KLLEvN7v": [],
        "1C8acEzcmedN7rst6oSQrTg5qTur9XZemW": [],
        "1CexBxoFjSuoUzoXFBR1ppKUzRJPpWRyhh": [],
        "1E2eoJ4HS9Eo1b7LpubXvZT6oLQeerretH": [],
        "1F8CPgDf8prSykRCZpXmghGo6z6tkeYfZ9": [],
        "1FhV67MNCdT3Qa1qWhPNf8REkg4HxtzvWQ": [],
        "1GGcy7Nf57nG2Yhb2mdmmbq7BQwniwJPUq": [],
        "1GtyiarDgRXn9yV2kLBBUUip6GuPushrTH": [],
        "1Hx1UYq2d8JNQLN6s5JJtpC84jXAaLo7Lo": [],
        "1JGMni2PVWosUC7UeVYUk11pUMVGF1CSUM": [],
        "1KEs6oDFeGf3hsTNBoBR63kcFPSLYfCKAP": [],
        "1LBQHfEuFoyPegVzCAUGjST4fgiBrtZsPn": [],
        "1M2dMZqHKWyniCk3tfR4JL6y9ykkM7PDkd": [],
        "1MDjkTVx72arEsKcahRQSfdrXbbgSTW5fU": [],
        "1NCan3rq3oghi8xyix8Lj73o8D4UK2996Z": [],
        "1NpmK5K3GsuhdbXfqpBoTMbaW5bq6wLjzJ": [],
        "1PdERcb5xr49nmXvtvm6QtES4puEsk71tu": []
    },
    "addresses": {
        "change": [
            "1Hx1UYq2d8JNQLN6s5JJtpC84jXAaLo7Lo",
            "1JGMni2PVWosUC7UeVYUk11pUMVGF1CSUM",
            "14ghcA3iKYX4CgxJzk3evUnVUY4g7z5ovo",
            "1C8acEzcmedN7rst6oSQrTg5qTur9XZemW",
            "197No1cb5LUCYhww7nA9UircQVKiSGD9pP",
            "1FhV67MNCdT3Qa1qWhPNf8REkg4HxtzvWQ",
            "1CexBxoFjSuoUzoXFBR1ppKUzRJPpWRyhh",
            "1M2dMZqHKWyniCk3tfR4JL6y9ykkM7PDkd",
            "1NCan3rq3oghi8xyix8Lj73o8D4UK2996Z",
            "1E2eoJ4HS9Eo1b7LpubXvZT6oLQeerretH"
        ],
        "receiving": [
            "1LBQHfEuFoyPegVzCAUGjST4fgiBrtZsPn",
            "18BDeNHTy8eLVF6j7jN7W5kQG3kLYsei2R",
            "18xns8M38ZyT8TCK7tfJAA2CY3QcGnhxfQ",
            "11nwFZCcUU273qYpP3TZXWewmxtP2QkY5",
            "18dTCVsvj3S1BzuECFVmTMcCgy3YpUPZKL",
            "14ZcSdrgQPQcurAj3LtFTs69otZsy3WSks",
            "1GtyiarDgRXn9yV2kLBBUUip6GuPushrTH",
            "1MDjkTVx72arEsKcahRQSfdrXbbgSTW5fU",
            "143ytwuFkRub8P53psx54efxwpGpP8Tiai",
            "1KEs6oDFeGf3hsTNBoBR63kcFPSLYfCKAP",
            "1PdERcb5xr49nmXvtvm6QtES4puEsk71tu",
            "178HFZLSYG91zoVBmXC3fMPgnkyfpVESNZ",
            "18soP1dVcnhNfeaGGLf62QsAr8AYMDycXs",
            "1NpmK5K3GsuhdbXfqpBoTMbaW5bq6wLjzJ",
            "15vD2iEKN7gpyQM1XjwzAx39MrpFreJUG6",
            "12tPvxcHG88VBNxUrr1dQFoQf1EBATogs4",
            "1GGcy7Nf57nG2Yhb2mdmmbq7BQwniwJPUq",
            "17zTPPwdEKy6mLEfvYc3afTNPR8VSdf9Bx",
            "1F8CPgDf8prSykRCZpXmghGo6z6tkeYfZ9",
            "1Bc31LqfHmYwFBEZUiRbjYcPy9KLLEvN7v"
        ]
    },
    "fiat_value": {},
    "frozen_coins": {},
    "invoices": {},
    "keystore": {
        "derivation": "m",
        "pw_hash_version": 1,
        "root_fingerprint": "12c37ddd",
        "seed": "minor zone pool anger remain combine similar claw medal settle grace capable",
        "seed_type": "standard",
        "type": "bip32",
        "xprv": "xprv9s21ZrQH143K2wYBqKncPpb4Cdhudw4PRJCc6DjxbVkRk7VvpeTBe1anuEkgQ1bwgP1vXhdGVbLgaTvMwYE9HhE4TGZcGVm1XBFfHRoLis1",
        "xpub": "xpub661MyMwAqRbcFRcewMKckxXnkfYQ3PnEnX8Ctc9a9qHQcuq5NBmSBouGkYWfoiT4gUeUbasLr7JFzR5MGF1kaezDtsx1Pj3sZ3P1abdm4pV"
    },
    "labels": {},
    "payment_requests": {},
    "prevouts_by_scripthash": {},
    "seed_version": 50,
    "spent_outpoints": {},
    "transactions": {},
    "tx_fees": {},
    "txi": {},
    "txo": {},
    "use_encryption": false,
    "verified_tx3": {},
    "wallet_type": "standard"
}