{
    "addr_history": {
        "138LuvauWZAb3opKMVV6P2UdtQg19Eas7V": [],
        "13GYKMsBPizbcYxis6LN5DwTTf6NnT6oLB": [],
        "145ZL7ZDyGvB1KbsyqERoKJagpMk1ijMy8": [],
        "14G3wEg9G5Qhu9nRUXkDDnzqR2d5NNSbRE": [],
        "14uADTgPBkP7CQ15cNyYuvqgU7Cjncg3U1": [],
        "16sTTiFUehC6MZ8iZuvPEooUf1Hbqv62k3": [],
        "17VMWgoLukmnidUD4rJRasjjfWQ5r2gciz": [],
        "17ZyHrDUUmC8RihaoJXva6c7ffzF6F8kYv": [],
        "18mGJ6ZwhozNwMUBWWmLM8KDuZMbVrdFVu": [],
        "19F6uDCs6FuF8zRdQiWfP9HCu8JPfCU1Mz": [],
        "19Tifeq5whjG3yrNtGmBm63wcAamrFNY5k": [],
        "19zeSUcZDeBRMpHgtfkgpcVCum5i36YMXf": [],
        "1B6nUabmKHn9ecZ7XQzxG2gSRmePxWQCvb": [],
        "1CMTqY8dBmxomLp6mSJpp1qvAz6Ef2msER": [],
        "1CVQZYJ7dx4YLDbXkY6SBa3x9mBRHJDF2G": [],
        "1CfotPNQL37R8PwJYuDDmpcRQXNy9fhVaD": [],
        "1EPUhqimoijjaxHCQmjJ5nb9uWU5DNiuoj": [],
        "1ER1mLT4HMV7nVbRV8VaJgA8THzbrdJNit": [],
        "1FdG9Zq8iZUZEJtbFBTnnyrH9Z6wUoiFyK": [],
        "1KEVKtAgbHzA4eX7K6DCrK3VcH7rFaFrw6": [],
        "1KSitjiyunManarZ6UzcM5dhPt5toVr9aN": [],
        "1KwG9BzzbnuyppXyVPiX3qKMEed2NmYkB3": [],
        "1L1JPEwsGCvx4K7az6CEg7ToS2eXErgaz4": [],
        "1L7NwkkDrQ8h9fme2kAVF7h3car3sb5GeW": [],
        "1MAutLtMNShbHrMTh7s5u4VWyZLWqsiNHn": [],
        "1MHK6GzPFxetdkGcJmbXyWCMi7NYjUp7tn": [],
        "1MLogabZRtoCEG13k9hTdMn7E8diXz41Mt": [],
        "1MZQoUo56BMtRp2Bs2jmjUJJZGAD64L46h": [],
        "1My75KdZ9r4dydcThW2HsPP9m6jiGZrneP": [],
        "1PRyuWB7EyXUuxfxAeSUArV4aeHj5ofdBP": []
    },
    "addresses": {
        "change": [
            "1MHK6GzPFxetdkGcJmbXyWCMi7NYjUp7tn",
            "13GYKMsBPizbcYxis6LN5DwTTf6NnT6oLB",
            "1My75KdZ9r4dydcThW2HsPP9m6jiGZrneP",
            "1MLogabZRtoCEG13k9hTdMn7E8diXz41Mt",
            "1KEVKtAgbHzA4eX7K6DCrK3VcH7rFaFrw6",
            "1L1JPEwsGCvx4K7az6CEg7ToS2eXErgaz4",
            "18mGJ6ZwhozNwMUBWWmLM8KDuZMbVrdFVu",
            "17ZyHrDUUmC8RihaoJXva6c7ffzF6F8kYv",
            "1ER1mLT4HMV7nVbRV8VaJgA8THzbrdJNit",
            "1L7NwkkDrQ8h9fme2kAVF7h3car3sb5GeW"
        ],
        "receiving": [
            "1KwG9BzzbnuyppXyVPiX3qKMEed2NmYkB3",
            "138LuvauWZAb3opKMVV6P2UdtQg19Eas7V",
            "1CMTqY8dBmxomLp6mSJpp1qvAz6Ef2msER",
            "1EPUhqimoijjaxHCQmjJ5nb9uWU5DNiuoj",
            "19zeSUcZDeBRMpHgtfkgpcVCum5i36YMXf",
            "14G3wEg9G5Qhu9nRUXkDDnzqR2d5NNSbRE",
            "145ZL7ZDyGvB1KbsyqERoKJagpMk1ijMy8",
            "17VMWgoLukmnidUD4rJRasjjfWQ5r2gciz",
            "19Tifeq5whjG3yrNtGmBm63wcAamrFNY5k",
            "16sTTiFUehC6MZ8iZuvPEooUf1Hbqv62k3",
            "19F6uDCs6FuF8zRdQiWfP9HCu8JPfCU1Mz",
            "1FdG9Zq8iZUZEJtbFBTnnyrH9Z6wUoiFyK",
            "1KSitjiyunManarZ6UzcM5dhPt5toVr9aN",
            "14uADTgPBkP7CQ15cNyYuvqgU7Cjncg3U1",
            "1CVQZYJ7dx4YLDbXkY6SBa3x9mBRHJDF2G",
            "1MAutLtMNShbHrMTh7s5u4VWyZLWqsiNHn",
            "1CfotPNQL37R8PwJYuDDmpcRQXNy9fhVaD",
            "1PRyuWB7EyXUuxfxAeSUArV4aeHj5ofdBP",
            "1MZQoUo56BMtRp2Bs2jmjUJJZGAD64L46h",
            "1B6nUabmKHn9ecZ7XQzxG2gSRmePxWQCvb"
        ]
    },
    "fiat_value": {},
    "frozen_coins": {},
    "invoices": {},
    "keystore": {
        "derivation": "m",
        "pw_hash_version": 1,
        "root_fingerprint": "32227322",
        "seed": "minor zone pool balance remain combine hurt claw medal settle grace capable",
        "seed_type": "standard",
        "type": "bip32",
        "xprv": "xprv9s21ZrQH143K2faLdEisEbqcxAV1tcoo9grVbmi5k39Zagi6oq7TwZYMZ9yH5s2KcerL77uDHdyEParka71siZf7CzQxSoD6G8ZNACacdHf",
        "xpub": "xpub661MyMwAqRbcF9eojGFsbjnMWCKWJ5XeWun6QA7hJNgYTV3FMNRiVMrqQSLjRAKtKnkxuVawmHuXFLc6eJa8JCXNJxguMoRadMSDhiaWTgv"
    },
    "labels": {},
    "payment_requests": {},
    "prevouts_by_scripthash": {},
    "seed_version": 50,
    "spent_outpoints": {},
    "transactions": {},
    "tx_fees": {},
    "txi": {},
    "txo": {},
    "use_encryption": false,
    "verified_tx3": {},
    "wallet_type": "standard"
}