{
    "addr_history": {
        "12DC9z6PiMNNKqVvxYik2gkV39vCokyMkN": [],
        "13XZBt8PDjF5FbqRAASEGcqdXwbbs9JwpP": [],
        "14F2tHRRp6F94wqAaPvcdwbXDrwK7Jw88T": [],
        "14WYckqLpPGRYVECtH54ZgsaPaaAhAiVNN": [],
        "14d61Lg9ViHtH2MXJ7rdBdAJpUkdsXqEF2": [],
        "15AFYJi3FswT3xtyB9M5vZGU8Vc3tBdyst": [],
        "16mMPnDCUiWRmxKdjnhNfjm9qmSLkmpsSC": [],
        "16wg8BtB24bRFTZM9FHfgBBueXtRvw5pBS": [],
        "18MrrtzomhwXRCimrUFrP6uXoVhHQiQdEZ": [],
        "18TcgaJxTvcfZNKLyLBhCRN4LyE14FUNRq": [],
        "18d77TN9HotvTZDHyusnXsTvyF5b14CzyR": [],
        "18mnzAKb6vffZqchk4tkEbY6CCoouStrRB": [],
        "19PR8NgHTTWUg1pDU5bNSsVe4RdrTTt9Ln": [],
        "19w5mpmBSdr2eBwuf5BPdaS7n8EhFFpvkU": [],
        "1BPFWXv2z4MqHVBTaYAcUgHyR8JKSEhxmH": [],
        "1C1JAjmHBpdSEfKVdgFRKEjicn1b7nW8bz": [],
        "1CfzgUPNE6mV1kqUt2VYJ9Nq4hT6j2pzMG": [],
        "1CjvzKkB3M1PgfZx3mx71BURFySnk6TXVJ": [],
        "1DXsDyxAVz8Hc4FJKmh2Ku8zyP9fU9KC5n": [],
        "1Egh663aYbbDYzVkEPnbNkN92jpi3EGVDZ": [],
        "1FCiiMXn93YPmy2DrmUvfn4shJEneAKqci": [],
        "1FJ7EK735RNLK6bTQfXZ9FqXzZWfLYeitF": [],
        "1GrrscY5ToS6CLV9nLeAYNBjkSsB8sv3yq": [],
        "1HrZVFEu6P6F1et62kftUCgcQknYEP7m92": [],
        "1JTYUg1cVdC1ZLvYvpJweyAWR4SZGNfS8E": [],
        "1L8Aeid4xxjiBNH8PMbQTqthr27Nsz6bNt": [],
        "1LCYUbn7UXpgU3wsY5JDNxzD4ftGMTQtQu": [],
        "1MMjJ8dJnscMs7rAPj7wUL9RK51qxFFxCe": [],
        "1MQoxqvUeunmVn87ND5YbFdwxywKmQ5a2i": [],
        "1Mj2acBLkjk8YATS1RQuyGScrLZUmjjWqM": []
    },
    "addresses": {
        "change": [
            "1HrZVFEu6P6F1et62kftUCgcQknYEP7m92",
            "15AFYJi3FswT3xtyB9M5vZGU8Vc3tBdyst",
            "18mnzAKb6vffZqchk4tkEbY6CCoouStrRB",
            "1CjvzKkB3M1PgfZx3mx71BURFySnk6TXVJ",
            "1MMjJ8dJnscMs7rAPj7wUL9RK51qxFFxCe",
            "16mMPnDCUiWRmxKdjnhNfjm9qmSLkmpsSC",
            "18MrrtzomhwXRCimrUFrP6uXoVhHQiQdEZ",
            "1L8Aeid4xxjiBNH8PMbQTqthr27Nsz6bNt",
            "1GrrscY5ToS6CLV9nLeAYNBjkSsB8sv3yq",
            "19w5mpmBSdr2eBwuf5BPdaS7n8EhFFpvkU"
        ],
        "receiving": [
            "13XZBt8PDjF5FbqRAASEGcqdXwbbs9JwpP",
            "1C1JAjmHBpdSEfKVdgFRKEjicn1b7nW8bz",
            "14F2tHRRp6F94wqAaPvcdwbXDrwK7Jw88T",
            "19PR8NgHTTWUg1pDU5bNSsVe4RdrTTt9Ln",
            "1DXsDyxAVz8Hc4FJKmh2Ku8zyP9fU9KC5n",
            "1FJ7EK735RNLK6bTQfXZ9FqXzZWfLYeitF",
            "1FCiiMXn93YPmy2DrmUvfn4shJEneAKqci",
            "1JTYUg1cVdC1ZLvYvpJweyAWR4SZGNfS8E",
            "1CfzgUPNE6mV1kqUt2VYJ9Nq4hT6j2pzMG",
            "18d77TN9HotvTZDHyusnXsTvyF5b14CzyR",
            "14d61Lg9ViHtH2MXJ7rdBdAJpUkdsXqEF2",
            "1MQoxqvUeunmVn87ND5YbFdwxywKmQ5a2i",
            "1Egh663aYbbDYzVkEPnbNkN92jpi3EGVDZ",
            "18TcgaJxTvcfZNKLyLBhCRN4LyE14FUNRq",
            "12DC9z6PiMNNKqVvxYik2gkV39vCokyMkN",
            "1BPFWXv2z4MqHVBTaYAcUgHyR8JKSEhxmH",
            "14WYckqLpPGRYVECtH54ZgsaPaaAhAiVNN",
            "1LCYUbn7UXpgU3wsY5JDNxzD4ftGMTQtQu",
            "16wg8BtB24bRFTZM9FHfgBBueXtRvw5pBS",
            "1Mj2acBLkjk8YATS1RQuyGScrLZUmjjWqM"
        ]
    },
    "fiat_value": {},
    "frozen_coins": {},
    "invoices": {},
    "keystore": {
        "derivation": "m",
        "pw_hash_version": 1,
        "root_fingerprint": "46805bba",
        "seed": "minor zone pool appear remain combine above claw medal settle grace capable",
        "seed_type": "standard",
        "type": "bip32",
        "xprv": "xprv9s21ZrQH143K2fxjEVPiYCPEHjBaAY121xFeCUeaEbXQ2rVQ2N8WvZRjseqRNzUHdWc3PuNEKWfWmpd66wu67hEfTzZtfJNg9r35127ximM",
        "xpub": "xpub661MyMwAqRbcFA3CLWviuLKxqm24ZzisPBBEzs4Bnw4NuepYZuSmUMkDiv5dqmg9woYgCc2T8t5c2C4jA7QXJggkkayBUnpA1msigMjHshR"
    },
    "labels": {},
    "payment_requests": {},
    "prevouts_by_scripthash": {},
    "seed_version": 50,
    "spent_outpoints": {},
    "transactions": {},
    "tx_fees": {},
    "txi": {},
    "txo": {},
    "use_encryption": false,
    "verified_tx3": {},
    "wallet_type": "standard"
}