{
    "addr_history": {
        "bc1q0swdusc3lves0gr8s6chw9nu5f05xlyk2ev4lu": [],
        "bc1q20nal9ju9kd6ea8vnzne9qp9rruuea65v3hqnr": [],
        "bc1q3079crpxf5g2jukcrf4fnatg94e38hlg8ger2f": [],
        "bc1q3ma42y0lljpez4np5al8dqw524zazk58spclkt": [],
        "bc1q5nzf8cu252ekxntskm4edpdd7ec86ldwqm4l7z": [],
        "bc1q6tzvm0vdqkcdue07glt3kme94vcs9rgv4ukfww": [],
        "bc1q6zj8kjnl7qqw0ayneaaer7uj08rqwfnuervd2s": [],
        "bc1qakh4xrwx5y7ktpxe9n720pv9qulhe96zwhvtva": [],
        "bc1qazvt4hpk7s4wsltt99hg3qwplc0mt5yanng3x2": [],
        "bc1qcmr6zfv3xaxhk4m7yxld0zu094jdwgp5r9g7rn": [],
        "bc1qdge4pzaj52zv0z8zjecvm0kzfr5hh0m4ztsz4d": [],
        "bc1qdxffdejlwa49zyvdlwx006d7adgqwfhfg0z97v": [],
        "bc1qeqtzqpu0g38ndgj9e3ycxc52aur54x79z40y9t": [],
        "bc1qjf4zv3yw6qxz9zgw4cyaykx8r7hl5hgy9386as": [],
        "bc1qkm5rtc0zm35zwpjtlqft5seulxatpx76aln9ax": [],
        "bc1qlfg9scxqvwu9zyuwayn2pjry7g0yw8ryp9t5c9": [],
        "bc1qln4yjwrxysg4ed226yry6man3f33aekhre52tm": [],
        "bc1qmmzfnan7uyhk6acfpn4j9462t4c9jj25chv4zp": [],
        "bc1qnsefdu7qphxtpjwulklre93luzcpjt8f7stcxw": [],
        "bc1qpku92c9n9t04yx5n6edahc742lylgw02sfhm2d": [],
        "bc1qprzm7p9c2qld26xg62y56fwlupdx2xlzy6q00n": [],
        "bc1qqn42xa3harc32pfn7rq6x9tvhh7tgychr9mtnr": [],
        "bc1qrj0j2vywxu0z87264fxfm4xfyzsldc5ayqqdms": [],
        "bc1qs4mrgwvpaxuwm9drz2v87q4r0fp4ryjgsmr9pq": [],
        "bc1qv97n948yx23t9l6kdvkwmzk57ux32f3ljs7tmk": [],
        "bc1qvygy9xz76r6jym5352n3jktpygqu7nnhc6hc4n": [],
        "bc1qx5dlylkxxc26l0zfvjj023pff8zm2ywpkz2238": [],
        "bc1qxn4uvvurzhs6q980xta4pwrkg8rjm96gjyten2": [],
        "bc1qyuaplgauas3rrp3df0hqegv5zxpy5njd87a3qk": [],
        "bc1qzzejysf9hruqf3j7rnfgpjljjpkqgha4xq4pkq": []
    },
    "addresses": {
        "change": [
            "bc1qv97n948yx23t9l6kdvkwmzk57ux32f3ljs7tmk",
            "bc1qcmr6zfv3xaxhk4m7yxld0zu094jdwgp5r9g7rn",
            "bc1qlfg9scxqvwu9zyuwayn2pjry7g0yw8ryp9t5c9",
            "bc1q3ma42y0lljpez4np5al8dqw524zazk58spclkt",
            "bc1qjf4zv3yw6qxz9zgw4cyaykx8r7hl5hgy9386as",
            "bc1qazvt4hpk7s4wsltt99hg3qwplc0mt5yanng3x2",
            "bc1qqn42xa3harc32pfn7rq6x9tvhh7tgychr9mtnr",
            "bc1qyuaplgauas3rrp3df0hqegv5zxpy5njd87a3qk",
            "bc1qpku92c9n9t04yx5n6edahc742lylgw02sfhm2d",
            "bc1qdge4pzaj52zv0z8zjecvm0kzfr5hh0m4ztsz4d"
        ],
        "receiving": [
            "bc1q0swdusc3lves0gr8s6chw9nu5f05xlyk2ev4lu",
            "bc1q20nal9ju9kd6ea8vnzne9qp9rruuea65v3hqnr",
            "bc1q6tzvm0vdqkcdue07glt3kme94vcs9rgv4ukfww",
            "bc1qzzejysf9hruqf3j7rnfgpjljjpkqgha4xq4pkq",
            "bc1q5nzf8cu252ekxntskm4edpdd7ec86ldwqm4l7z",
            "bc1qprzm7p9c2qld26xg62y56fwlupdx2xlzy6q00n",
            "bc1qvygy9xz76r6jym5352n3jktpygqu7nnhc6hc4n",
            "bc1q3079crpxf5g2jukcrf4fnatg94e38hlg8ger2f",
            "bc1qrj0j2vywxu0z87264fxfm4xfyzsldc5ayqqdms",
            "bc1qln4yjwrxysg4ed226yry6man3f33aekhre52tm",
            "bc1qxn4uvvurzhs6q980xta4pwrkg8rjm96gjyten2",
            "bc1qmmzfnan7uyhk6acfpn4j9462t4c9jj25chv4zp",
            "bc1qakh4xrwx5y7ktpxe9n720pv9qulhe96zwhvtva",
            "bc1qx5dlylkxxc26l0zfvjj023pff8zm2ywpkz2238",
            "bc1qeqtzqpu0g38ndgj9e3ycxc52aur54x79z40y9t",
            "bc1qs4mrgwvpaxuwm9drz2v87q4r0fp4ryjgsmr9pq",
            "bc1qkm5rtc0zm35zwpjtlqft5seulxatpx76aln9ax",
            "bc1qnsefdu7qphxtpjwulklre93luzcpjt8f7stcxw",
            "bc1qdxffdejlwa49zyvdlwx006d7adgqwfhfg0z97v",
            "bc1q6zj8kjnl7qqw0ayneaaer7uj08rqwfnuervd2s"
        ]
    },
    "channels": {},
    "fiat_value": {},
    "frozen_coins": {},
    "imported_channel_backups": {},
    "invoices": {},
    "keystore": {
        "derivation": "m/0'",
        "pw_hash_version": 1,
        "root_fingerprint": "6d050a8a",
        "seed": "minor zone pool apology remain combine dumb claw medal settle grace capable",
        "seed_type": "segwit",
        "type": "bip32",
        "xprv": "zprvAZN9f3NSDT545a6HSjwXvf8H1qq5kZNKxd5QX8eayU3GweADcHG3bQUcrBCEVmqP3As2cSHGJpofJbGueGcQeAsJtQWG6DUxFfEDX3epbKL",
        "xpub": "zpub6nMW4YuL3pdMJ4AkYmUYHo51ZsfaA26BKr11KX4CXoaFpSVN9paJ9Co6hT7zCZXDJ3Qm7H6V3JS9Us7AYewpgYDDH1qkAMKUH17Gn62ZcoL"
    },
    "labels": {},
    "lightning_payments": {},
    "lightning_preimages": {},
    "lightning_xprv": "zprvAbiC9oz8WCE9Gnd5MJRp5x1hE1DbsHBprnKRDSRLh7pwtJiPiMxKLcHoQxTSdfBNNryEfCYYtijCXpY4J6FLD5ebbL2puB5vtBe2cZmXaoR",
    "onchain_channel_backups": {},
    "payment_requests": {},
    "prevouts_by_scripthash": {},
    "seed_version": 50,
    "spent_outpoints": {},
    "submarine_swaps": {},
    "transactions": {},
    "tx_fees": {},
    "txi": {},
    "txo": {},
    "use_encryption": false,
    "verified_tx3": {},
    "wallet_type": "standard"
}