{
    "addr_history": {
        "12nW66bBKx7C2FLY165Pec9H2xhe8hhnzt": [],
        "14mE6mbWJiKzu2HAgj5BXZsq2Bs6YvWjxe": [],
        "151sGgmLEFg1UXym3un8BGCJGxb1ddz2VC": [],
        "152ysrcD9bwjmmXnv6xN9vx1YpeDtQRTrr": [],
        "158LWWxrRJaHKWgAuWVEneVXVNDsQX1Le7": [],
        "15VNHGfRYvpeLG5U6Zkrt9pWbYrszNRexg": [],
        "15nfw3JJsTf9UxbuNSWp5AxU7m3E4rXsP8": [],
        "16EJZ9sz2BHpnfYh4jhXWNsRXAomQVDX7M": [],
        "16d76sYphJ4C6dMPPhCjv1zFjwp122aocg": [],
        "17onA4WV9kWEKCXuWfQQVZhrTCAAAPC9Xw": [],
        "18r76CEUyz6Y7AFerhkW6DJoCgy3eYd7VW": [],
        "19X7nars6sy3ouqMwtC2PXeT5gcFJEPMT8": [],
        "1A2UMZr689y2vWRinSUDmPjPskBenUHJU3": [],
        "1AnnwwQMBMAAXX8qhiWGdHe1tdowStgHgA": [],
        "1B9ZwiDBLoEBphCSaQoviMhMD7EyaW1UCT": [],
        "1CHdrc4UAuELUJsh1RzLmNeuQc7huSL8Ka": [],
        "1CdFNBgEKuwGFX3Nitebptc524M2k8ehmX": [],
        "1DEuKk4iCJzVM1XUwNHt9M9trmeK8y48kS": [],
        "1DSr4nG2pEJ348cnQQjRuZ5Lpnv1pVvMw7": [],
        "1F2P6Yh7KDBcy2oKQZ4vEgqfY2YGNMcE6s": [],
        "1Guon9DRSMQWGW3cw5QPNnmKfH8cwjavdK": [],
        "1Hgj4ncEda2UrweShrC2n8WBHbb6VfsBD2": [],
        "1MPS59h47cF1Uahvbwhqenrvpg5E8BE2J5": [],
        "1NTsBTmPLgEksyLB3Nw9FnbFQkSbYaMX9S": [],
        "1P9VrBsMVif8QKSR1tpyf8i4DrTXmE1EoV": [],
        "1PLMzVNASwqisqd27hmVosmpuKhikWuidT": [],
        "1PPdsEULzMnBEudo2k9dWwRQA1ejkwyaMz": [],
        "1PgN6VuTBMeDYqPUn4XcKFcu1SfYosjPxU": [],
        "1QKjNBFaFqr3XMXGwo6gYMoVrQozoAG9TQ": [],
        "1YiyRDUBRgnvDMXzNRfKPAFzehKM32sQM": []
    },
    "addresses": {
        "change": [
            "1CHdrc4UAuELUJsh1RzLmNeuQc7huSL8Ka",
            "1PLMzVNASwqisqd27hmVosmpuKhikWuidT",
            "12nW66bBKx7C2FLY165Pec9H2xhe8hhnzt",
            "1P9VrBsMVif8QKSR1tpyf8i4DrTXmE1EoV",
            "1QKjNBFaFqr3XMXGwo6gYMoVrQozoAG9TQ",
            "1YiyRDUBRgnvDMXzNRfKPAFzehKM32sQM",
            "18r76CEUyz6Y7AFerhkW6DJoCgy3eYd7VW",
            "158LWWxrRJaHKWgAuWVEneVXVNDsQX1Le7",
            "15nfw3JJsTf9UxbuNSWp5AxU7m3E4rXsP8",
            "1Guon9DRSMQWGW3cw5QPNnmKfH8cwjavdK"
        ],
        "receiving": [
            "14mE6mbWJiKzu2HAgj5BXZsq2Bs6YvWjxe",
            "16EJZ9sz2BHpnfYh4jhXWNsRXAomQVDX7M",
            "1AnnwwQMBMAAXX8qhiWGdHe1tdowStgHgA",
            "1DEuKk4iCJzVM1XUwNHt9M9trmeK8y48kS",
            "1F2P6Yh7KDBcy2oKQZ4vEgqfY2YGNMcE6s",
            "16d76sYphJ4C6dMPPhCjv1zFjwp122aocg",
            "151sGgmLEFg1UXym3un8BGCJGxb1ddz2VC",
            "1CdFNBgEKuwGFX3Nitebptc524M2k8ehmX",
            "1Hgj4ncEda2UrweShrC2n8WBHbb6VfsBD2",
            "15VNHGfRYvpeLG5U6Zkrt9pWbYrszNRexg",
            "1PgN6VuTBMeDYqPUn4XcKFcu1SfYosjPxU",
            "1PPdsEULzMnBEudo2k9dWwRQA1ejkwyaMz",
            "1A2UMZr689y2vWRinSUDmPjPskBenUHJU3",
            "1NTsBTmPLgEksyLB3Nw9FnbFQkSbYaMX9S",
            "1DSr4nG2pEJ348cnQQjRuZ5Lpnv1pVvMw7",
            "1MPS59h47cF1Uahvbwhqenrvpg5E8BE2J5",
            "19X7nars6sy3ouqMwtC2PXeT5gcFJEPMT8",
            "1B9ZwiDBLoEBphCSaQoviMhMD7EyaW1UCT",
            "152ysrcD9bwjmmXnv6xN9vx1YpeDtQRTrr",
            "17onA4WV9kWEKCXuWfQQVZhrTCAAAPC9Xw"
        ]
    },
    "fiat_value": {},
    "frozen_coins": {},
    "invoices": {},
    "keystore": {
        "derivation": "m",
        "pw_hash_version": 1,
        "root_fingerprint": "57d1e85f",
        "seed": "minor zone pool auto remain combine idle claw medal settle grace capable",
        "seed_type": "standard",
        "type": "bip32",
        "xprv": "xprv9s21ZrQH143K2j61nmnPFyZcyV5EpqGb8jpu9Wrmg7t7xvR1Wu6pXpH7B7NYML5NwUD1EJUsAL6cG1P6CsfLD5KUhmWBcZ18YuLrudfUb5a",
        "xpub": "xpub661MyMwAqRbcFDAUtoKPd7WMXWujEHzSVxkVwuGPETR6qikA4SR55cbb2M429a1jsmxHNiGkof2EXRbToCwhjcymucMafUuf3HdgXdkb82n"
    },
    "labels": {},
    "payment_requests": {},
    "prevouts_by_scripthash": {},
    "seed_version": 50,
    "spent_outpoints": {},
    "transactions": {},
    "tx_fees": {},
    "txi": {},
    "txo": {},
    "use_encryption": false,
    "verified_tx3": {},
    "wallet_type": "standard"
}