{
    "addr_history": {
        "115fryH5KioVS9Es6BMgsYPmEq8XcyPFnq": [],
        "123Xsbp3wBsW5Fi4B6947K3GqJmG8H87PC": [],
        "13C6GKxtEd8sj7kJpkQtr5jQ2MVPBoRdby": [],
        "14RvZ3cFPUvLWv3eUhaenttw6H6unX3k5p": [],
        "15Q8WEdKiTZgcWucvy6JzmvNVpc6dykshz": [],
        "16sPANDn8xceWVZq7ubhdWYVZnP2X4CCoK": [],
        "182xBDUkqtxLQBdZ6Btudb2kvSwcwxRZnQ": [],
        "18D4y9Jc429k7RrsmuNDCazdwkmdxaCJvW": [],
        "18K13eX26zFLDVFPpxUbN1JeqhLa9Nhisq": [],
        "18aSjmUHYxM7CLs26w99YnyJQ5RetTRTb6": [],
        "19jdm3hM5vGRCpHLSY6TnmVPRGhMK5yEX7": [],
        "1AUTq9eKVJwti3CE1iPGqMF9oCfHUpt1az": [],
        "1AZS2yKeEdwJDtw9WtJVdHmYeA2d2etdq2": [],
        "1AZqJTk7odX97Zo6b9f6aFEztGTQDywFSw": [],
        "1BSUpxUYQT9sSu92nGKkFKBatcAV5mtYt2": [],
        "1DymWTKhzSdarazpPhvvaxTt51dJbfzLgD": [],
        "1E2iikfsmR8z5MRR9P28MRQuSZPLSc7Kwi": [],
        "1ErffGPzU2avay5FpP9ZkzyxCQsroeoc4p": [],
        "1FKUfN6YGLKeXyCJNQfEPMG2fY9sQ14NBA": [],
        "1Ffd7TFr1W3VD3ucMaGgAzQ9jnSFNyzz6": [],
        "1H1FH7qGZbcncfYTGWiEuA3Q6qXJiYCEvS": [],
        "1HYaJ56EhPuTLebfDzLHimDwxB9moDmn7o": [],
        "1HrVftxXbF59b8NEBYfo4jFB6DESm87jTd": [],
        "1K5P2uMGwaL6zgBmDzZisQwBwqXwyHEsiR": [],
        "1MEuDuU17wq7ze6meqk9JHdpbpJLAdgGTS": [],
        "1MZemTahcEyebfhcbvWoco5h4WyWTim9SM": [],
        "1Nk31zv3gKXzVLjeWSQL3oFJVBL3HKmycM": [],
        "1P6VynPEkquQJeSbrNiDJJjQdJkkWFMrqV": [],
        "1PHgnHBmi1FstEC9sDf2qL7fiFip6eWT1L": [],
        "1SgDKTZBMMbbGRAERCQaVg2MobKUMEko6": []
    },
    "addresses": {
        "change": [
            "1AZS2yKeEdwJDtw9WtJVdHmYeA2d2etdq2",
            "13C6GKxtEd8sj7kJpkQtr5jQ2MVPBoRdby",
            "1HYaJ56EhPuTLebfDzLHimDwxB9moDmn7o",
            "15Q8WEdKiTZgcWucvy6JzmvNVpc6dykshz",
            "1H1FH7qGZbcncfYTGWiEuA3Q6qXJiYCEvS",
            "18aSjmUHYxM7CLs26w99YnyJQ5RetTRTb6",
            "1BSUpxUYQT9sSu92nGKkFKBatcAV5mtYt2",
            "1DymWTKhzSdarazpPhvvaxTt51dJbfzLgD",
            "123Xsbp3wBsW5Fi4B6947K3GqJmG8H87PC",
            "1MZemTahcEyebfhcbvWoco5h4WyWTim9SM"
        ],
        "receiving": [
            "182xBDUkqtxLQBdZ6Btudb2kvSwcwxRZnQ",
            "1AZqJTk7odX97Zo6b9f6aFEztGTQDywFSw",
            "14RvZ3cFPUvLWv3eUhaenttw6H6unX3k5p",
            "1FKUfN6YGLKeXyCJNQfEPMG2fY9sQ14NBA",
            "1PHgnHBmi1FstEC9sDf2qL7fiFip6eWT1L",
            "1ErffGPzU2avay5FpP9ZkzyxCQsroeoc4p",
            "1AUTq9eKVJwti3CE1iPGqMF9oCfHUpt1az",
            "1Ffd7TFr1W3VD3ucMaGgAzQ9jnSFNyzz6",
            "1P6VynPEkquQJeSbrNiDJJjQdJkkWFMrqV",
            "115fryH5KioVS9Es6BMgsYPmEq8XcyPFnq",
            "1K5P2uMGwaL6zgBmDzZisQwBwqXwyHEsiR",
            "1E2iikfsmR8z5MRR9P28MRQuSZPLSc7Kwi",
            "1MEuDuU17wq7ze6meqk9JHdpbpJLAdgGTS",
            "16sPANDn8xceWVZq7ubhdWYVZnP2X4CCoK",
            "1Nk31zv3gKXzVLjeWSQL3oFJVBL3HKmycM",
            "19jdm3hM5vGRCpHLSY6TnmVPRGhMK5yEX7",
            "1HrVftxXbF59b8NEBYfo4jFB6DESm87jTd",
            "1SgDKTZBMMbbGRAERCQaVg2MobKUMEko6",
            "18K13eX26zFLDVFPpxUbN1JeqhLa9Nhisq",
            "18D4y9Jc429k7RrsmuNDCazdwkmdxaCJvW"
        ]
    },
    "fiat_value": {},
    "frozen_coins": {},
    "invoices": {},
    "keystore": {
        "derivation": "m",
        "pw_hash_version": 1,
        "root_fingerprint": "ff5aa2e4",
        "seed": "minor zone pool average remain combine flag claw medal settle grace capable",
        "seed_type": "standard",
        "type": "bip32",
        "xprv": "xprv9s21ZrQH143K3nUWsbrGXdbttyZD2bFeKZnJRhNdzYjZ5ZpgCuvm32fvxKThEWm8uctkP3sqF1iQRrSY65ZDqg4DVNyySVqwSupT1kuDo4P",
        "xpub": "xpub661MyMwAqRbcGGYyydPGtmYdT1PhS3yVgnhuE5nFYtGXxN9pkTF1apzQoawiSTvztchk9k37Jn8DcGb8zJ2YDMUcFA2UR3aX1yBs8ktAeML"
    },
    "labels": {},
    "payment_requests": {},
    "prevouts_by_scripthash": {},
    "seed_version": 50,
    "spent_outpoints": {},
    "transactions": {},
    "tx_fees": {},
    "txi": {},
    "txo": {},
    "use_encryption": false,
    "verified_tx3": {},
    "wallet_type": "standard"
}