{
    "addr_history": {
        "12DHdE67rhWBXFbiD3srkkCMDHFS8Wv6CS": [],
        "13LYKB5mKpTxM5KKTdApbNUPvz5nyA2oAs": [],
        "1516d6v7puT8TKJ8gxPz3kmzvHxFXQ461t": [],
        "16KCCHFHqLxpS5wRVP6KRWCcEEbse9P93j": [],
        "16PLncymNu4WRN5Ca61fhYwMJ3bm277C8u": [],
        "16dieQzSA32zK8QRTTuiQCjEyBhjqr3gvD": [],
        "18S48cqR3fAVPx8YWTuiBAbn2UGgkEs1Sg": [],
        "19HG1ErQz5bkGLy9DT6maGmcBxnXUL9i7J": [],
        "19wPZgyFccycVACL6sys3MiwHURAbJQ3dZ": [],
        "1A3ZmAorMhLiSzourF22fHhjkNE6zpz3p8": [],
        "1AHrhSwo3vR43Tyy4DKWYcRiGfSxhQcVpC": [],
        "1AanfDV4Y6p6jyB42J3RNtbHe9XnpmPDMJ": [],
        "1B6hcFDA1fCJKVi3RN3PSJqZSR2sXxZyQQ": [],
        "1BXLNFuS1yiACEb4HqwomfLfdVMKXbM54": [],
        "1CLasch6NHBo72MtE26XY6REjzrDNWutiX": [],
        "1FWyCxGU2L4ahFasW6gM57YExPAy1T7foB": [],
        "1GeeY5Li3mm1Mv24BonPdpKip62cZxW5rP": [],
        "1HHuvLn66hrieSKYdvFZv4ucKVgq868gpV": [],
        "1JHu4AgY1wn5Qg1LhUy6mgSRnnDU5d3HqX": [],
        "1JeN4896kDZMyziXVvjUAMZemQNejCR3vJ": [],
        "1KLfxTF8AB5bFHfaXyMvMrYKJWsop5iiMG": [],
        "1KiuKjc7RHMsqHoJ9TVc1ZWp8eHbhWeN8q": [],
        "1N2piUAAirWnZDMJShzwt927WcGjJANykX": [],
        "1NSKUbCPYBmgyCNg4K7EqAwExJoHtQZRhc": [],
        "1Ncpnym8GRWj2CkppVYgGEnK5GCDuGCTvK": [],
        "1NwBQieRZTRiFjAFhbxyR8z5b2dHsacMKQ": [],
        "1PBXhk7dFoLWnWrGVwJ6TvmJ5HHj5Ps3rT": [],
        "1PbgYiN74W7FkEAXv3E9zxr9ThwknPjWaw": [],
        "1mSsDgqX6uBfiPXnL9ccQ9uPaJy629EPg": [],
        "1qTdpX1QnBYBs7sqoGTiCsRZkY6vhm2sh": []
    },
    "addresses": {
        "change": [
            "1KiuKjc7RHMsqHoJ9TVc1ZWp8eHbhWeN8q",
            "1FWyCxGU2L4ahFasW6gM57YExPAy1T7foB",
            "1GeeY5Li3mm1Mv24BonPdpKip62cZxW5rP",
            "1516d6v7puT8TKJ8gxPz3kmzvHxFXQ461t",
            "1A3ZmAorMhLiSzourF22fHhjkNE6zpz3p8",
            "1qTdpX1QnBYBs7sqoGTiCsRZkY6vhm2sh",
            "1JHu4AgY1wn5Qg1LhUy6mgSRnnDU5d3HqX",
            "1mSsDgqX6uBfiPXnL9ccQ9uPaJy629EPg",
            "1Ncpnym8GRWj2CkppVYgGEnK5GCDuGCTvK",
            "1N2piUAAirWnZDMJShzwt927WcGjJANykX"
        ],
        "receiving": [
            "16PLncymNu4WRN5Ca61fhYwMJ3bm277C8u",
            "1PbgYiN74W7FkEAXv3E9zxr9ThwknPjWaw",
            "1NSKUbCPYBmgyCNg4K7EqAwExJoHtQZRhc",
            "1CLasch6NHBo72MtE26XY6REjzrDNWutiX",
            "1AHrhSwo3vR43Tyy4DKWYcRiGfSxhQcVpC",
            "16dieQzSA32zK8QRTTuiQCjEyBhjqr3gvD",
            "1B6hcFDA1fCJKVi3RN3PSJqZSR2sXxZyQQ",
            "1JeN4896kDZMyziXVvjUAMZemQNejCR3vJ",
            "18S48cqR3fAVPx8YWTuiBAbn2UGgkEs1Sg",
            "13LYKB5mKpTxM5KKTdApbNUPvz5nyA2oAs",
            "1NwBQieRZTRiFjAFhbxyR8z5b2dHsacMKQ",
            "16KCCHFHqLxpS5wRVP6KRWCcEEbse9P93j",
            "1BXLNFuS1yiACEb4HqwomfLfdVMKXbM54",
            "19HG1ErQz5bkGLy9DT6maGmcBxnXUL9i7J",
            "1PBXhk7dFoLWnWrGVwJ6TvmJ5HHj5Ps3rT",
            "1AanfDV4Y6p6jyB42J3RNtbHe9XnpmPDMJ",
            "19wPZgyFccycVACL6sys3MiwHURAbJQ3dZ",
            "1KLfxTF8AB5bFHfaXyMvMrYKJWsop5iiMG",
            "1HHuvLn66hrieSKYdvFZv4ucKVgq868gpV",
            "12DHdE67rhWBXFbiD3srkkCMDHFS8Wv6CS"
        ]
    },
    "fiat_value": {},
    "frozen_coins": {},
    "invoices": {},
    "keystore": {
        "derivation": "m",
        "pw_hash_version": 1,
        "root_fingerprint": "b0d1907e",
        "seed": "minor zone pool area remain combine use claw medal settle grace capable",
        "seed_type": "standard",
        "type": "bip32",
        "xprv": "xprv9s21ZrQH143K3q8hVxNfh3n5Dh9CUyfGthrCK69TVXo1hJxYLJyQQKM3ruLyo4fBSu1eCtJDVmv9pbg74hWcSFiBGNW2A9CcpwR7MCQQ37J",
        "xpub": "xpub661MyMwAqRbcGKDAbyug4BiomiygtSP8Fvmo7UZ53sKza7HgsrHex7fXiCGtwSX4aybLqw2MCeKLYwV2zCfo8rNSNMTbC5TWQXxJPoV1KF5"
    },
    "labels": {},
    "payment_requests": {},
    "prevouts_by_scripthash": {},
    "seed_version": 50,
    "spent_outpoints": {},
    "transactions": {},
    "tx_fees": {},
    "txi": {},
    "txo": {},
    "use_encryption": false,
    "verified_tx3": {},
    "wallet_type": "standard"
}