{
    "addr_history": {
        "127arw8jWYU3qVje5P8zpr4cy19m9NW2Nk": [],
        "12M3hTeg5F5wAFGUqkyKZbM8a5NRUDj2P2": [],
        "12hnxboU6dDZrPySE1CGGUpie8LGg5P2YH": [],
        "12qyQTqJUtVzwoRfrUeUvZvLhjzA6pBbzc": [],
        "13C6FwQ26UEDbEmZgxewbZaGdRsejybtDe": [],
        "13ibA4xmUgeEcB5kzALMZuqdUumQp7xadm": [],
        "14eDuA5cDgQ4sEmN8W3FWq48Zn3WKNuYT9": [],
        "15DagZuzioMK2R8huLCwgD4iKCjgSMQGqo": [],
        "17EcQhrcmizA2WpmoezbKy1VQABf5qycfB": [],
        "18a3eyWD22muvNjAgHUe6zNZg9JAMT7ZvX": [],
        "19gogS1EsFqe5b83pDSCqvgL7tM5HjdUzq": [],
        "1CoF3gdxVtrTQgNqULApWBgSrC9Ucc3aKW": [],
        "1CwtLqsiqHMPv63wbAqMob4xFw2uZMhcs": [],
        "1DF6Hqv9B75vJRCHAdiZ9TPppSGyCD1WPC": [],
        "1EMrPpYNPKdkUTfmLpV8X4VpPvMztpqHo5": [],
        "1EPbLySy3thyM3kzcK5aohWu7c281JY6bs": [],
        "1GgSJAr4DAcUvUzxRfY1xKcfaRBdp1ciN8": [],
        "1JaRxebnS9uf8wNkr6CaaqDAJC1KB2GcxK": [],
        "1JhcvwZUtQntjsKmbrGLtgUKZJrUQ9bkmf": [],
        "1KRuMPjvYjX1pQNngV4nLf9Wp3adYP5hwu": [],
        "1KaBLfftGk3qzAmzjYjJ8MxmDBnsfKkns": [],
        "1L6bswqGFP9nDFS3FRo1YoiqY1fZcjx7Gr": [],
        "1LZtSjKDcptLCpbmLtchtQCyu3Y8bDnvAc": [],
        "1MYPQewsEXMxt1E2UKtY45Eaf5Ga9Zr3nJ": [],
        "1N6iiG2uiaq7Epj4MfNQen472PaZqGG24V": [],
        "1P6qKPHPTVYFxuucgJqaKVbTX1oocqsWE5": [],
        "1PXnrVi6T4eFj3zmCWYFmayaQ789yhG74s": [],
        "1QCmdDGk7tgfiuZUZy2DsP51fZdqLgwmvr": [],
        "1R3nyMLS5yErsuZoZ8jSoekEhBXWAXc3W": [],
        "1jUH1P5fUN1zRXK47tCii7jej8BfpyPBj": []
    },
    "addresses": {
        "change": [
            "1jUH1P5fUN1zRXK47tCii7jej8BfpyPBj",
            "17EcQhrcmizA2WpmoezbKy1VQABf5qycfB",
            "1LZtSjKDcptLCpbmLtchtQCyu3Y8bDnvAc",
            "1N6iiG2uiaq7Epj4MfNQen472PaZqGG24V",
            "1R3nyMLS5yErsuZoZ8jSoekEhBXWAXc3W",
            "19gogS1EsFqe5b83pDSCqvgL7tM5HjdUzq",
            "13ibA4xmUgeEcB5kzALMZuqdUumQp7xadm",
            "1PXnrVi6T4eFj3zmCWYFmayaQ789yhG74s",
            "1DF6Hqv9B75vJRCHAdiZ9TPppSGyCD1WPC",
            "12hnxboU6dDZrPySE1CGGUpie8LGg5P2YH"
        ],
        "receiving": [
            "12qyQTqJUtVzwoRfrUeUvZvLhjzA6pBbzc",
            "1MYPQewsEXMxt1E2UKtY45Eaf5Ga9Zr3nJ",
            "14eDuA5cDgQ4sEmN8W3FWq48Zn3WKNuYT9",
            "1CoF3gdxVtrTQgNqULApWBgSrC9Ucc3aKW",
            "12M3hTeg5F5wAFGUqkyKZbM8a5NRUDj2P2",
            "1QCmdDGk7tgfiuZUZy2DsP51fZdqLgwmvr",
            "1CwtLqsiqHMPv63wbAqMob4xFw2uZMhcs",
            "1L6bswqGFP9nDFS3FRo1YoiqY1fZcjx7Gr",
            "1KaBLfftGk3qzAmzjYjJ8MxmDBnsfKkns",
            "18a3eyWD22muvNjAgHUe6zNZg9JAMT7ZvX",
            "1KRuMPjvYjX1pQNngV4nLf9Wp3adYP5hwu",
            "1GgSJAr4DAcUvUzxRfY1xKcfaRBdp1ciN8",
            "127arw8jWYU3qVje5P8zpr4cy19m9NW2Nk",
            "1EPbLySy3thyM3kzcK5aohWu7c281JY6bs",
            "1JhcvwZUtQntjsKmbrGLtgUKZJrUQ9bkmf",
            "15DagZuzioMK2R8huLCwgD4iKCjgSMQGqo",
            "13C6FwQ26UEDbEmZgxewbZaGdRsejybtDe",
            "1JaRxebnS9uf8wNkr6CaaqDAJC1KB2GcxK",
            "1EMrPpYNPKdkUTfmLpV8X4VpPvMztpqHo5",
            "1P6qKPHPTVYFxuucgJqaKVbTX1oocqsWE5"
        ]
    },
    "fiat_value": {},
    "frozen_coins": {},
    "invoices": {},
    "keystore": {
        "derivation": "m",
        "pw_hash_version": 1,
        "root_fingerprint": "2b0275ae",
        "seed": "minor zone pool arrest remain combine owner claw medal settle grace capable",
        "seed_type": "standard",
        "type": "bip32",
        "xprv": "xprv9s21ZrQH143K3FS1oxYY35HBQNEDj11i3NyP7SS915xJV5HdwmUAqGSxWBMYuUjVNvjuDdoct7Hr6iuHsw2xLDuzpMkFYv69WxggtpqJG1S",
        "xpub": "xpub661MyMwAqRbcFjWUuz5YQDDuxQ4i8TjZQbtyupqkZRVHMscnVJnRP4mSMSRm8ro3hQpiU84Uz3e29TqfoBKYwVm1sXc25L9Ur37azJp4ewa"
    },
    "labels": {},
    "payment_requests": {},
    "prevouts_by_scripthash": {},
    "seed_version": 50,
    "spent_outpoints": {},
    "transactions": {},
    "tx_fees": {},
    "txi": {},
    "txo": {},
    "use_encryption": false,
    "verified_tx3": {},
    "wallet_type": "standard"
}