{
    "addr_history": {
        "12kMHmzthEPJSxNF3M4MZ1w9fqLVcjFhba": [],
        "13UeeHfoEnq7zGK7jm2ANKxZ6yuUExPh2E": [],
        "148TGn4P27ooJyUXwK9aBsavdg9fm6CyR9": [],
        "158tX7ct9C6iwVUZnyxbmKSkev9MjffW4A": [],
        "15LPfpCdgVSXBXJbtTgHZqtsw7CxZjevjS": [],
        "16TGPCKp6in5Pa6UBgJ1AvsP4kA4cXGhn3": [],
        "17HuGy6y4JTKA9fmMBnSnFEZvnKR7o3fJ3": [],
        "18PCgsUxJnomTNdTGpSMpctLViddKnvGN4": [],
        "18Z763h3fiieEXCUG4H3QWXNwaitQrfNYm": [],
        "18qACHqGRoRMPTYn16Wb2qVYf2VXQuGbDD": [],
        "1BL4u7imcHar9ZzbhztPcwLjY3zFxxiCxv": [],
        "1CZfgsUucEQ9fJiAmoGD9R8zEVFw2p2Ld9": [],
        "1ChZ1eRoAZtnRfbkaqcnxd4o7PAT1cTvQP": [],
        "1Ezg2EVaN44M34V4onFV2hygoSN1WZNs8H": [],
        "1GR1zmwTHmnkGWF2uVCeGDFhqeku3qQLU4": [],
        "1GmeQBrPFwSqRvcqaSuzc3vTBXtnxBbRvm": [],
        "1GpZroZvvR2iTmBmgS7MH4SyF13Ff1zgYf": [],
        "1HWpAQAcuEZy4J1NJN2nZ5nZnFVV3C9Dcd": [],
        "1HfSh9XLnqo5gkUwwtR3HEjQ4M5Q1qkUAy": [],
        "1HgeH4NDraECSkE8CzEz7UJw8ukcQw6326": [],
        "1Hjk9avCstrVrebyCGPiY5n9SZuLyDqmnv": [],
        "1HrojwjUpKJe2txYDq1eF9SJt2fcZPFY36": [],
        "1JByh98jaCumUThDV9TbyFcud2sE3im6UZ": [],
        "1JHWAgKPXQMwvs1xY6UusEyFeRMiNmjXzK": [],
        "1NK7b9BBxVV9PAG21XxFThjHdXWDcfU77L": [],
        "1NQrwcT8NpJfG81c4FX8UvBqAsfVxK6u9t": [],
        "1NzEM2yfZrXzG7CEtPgdXR4pahthCHKksL": [],
        "1PdJmYs7Pj4BUunWYGv5ksDEfrb1NFgkx5": [],
        "1PnitYyAGT4VcncFV8S4j9abLeVjMDogwo": [],
        "1RDgsNefdryB6KvyyDMp8F4ZYYaGAaEih": []
    },
    "addresses": {
        "change": [
            "1PnitYyAGT4VcncFV8S4j9abLeVjMDogwo",
            "1Hjk9avCstrVrebyCGPiY5n9SZuLyDqmnv",
            "1RDgsNefdryB6KvyyDMp8F4ZYYaGAaEih",
            "18PCgsUxJnomTNdTGpSMpctLViddKnvGN4",
            "18Z763h3fiieEXCUG4H3QWXNwaitQrfNYm",
            "1NQrwcT8NpJfG81c4FX8UvBqAsfVxK6u9t",
            "18qACHqGRoRMPTYn16Wb2qVYf2VXQuGbDD",
            "16TGPCKp6in5Pa6UBgJ1AvsP4kA4cXGhn3",
            "1HWpAQAcuEZy4J1NJN2nZ5nZnFVV3C9Dcd",
            "1Ezg2EVaN44M34V4onFV2hygoSN1WZNs8H"
        ],
        "receiving": [
            "1CZfgsUucEQ9fJiAmoGD9R8zEVFw2p2Ld9",
            "1PdJmYs7Pj4BUunWYGv5ksDEfrb1NFgkx5",
            "148TGn4P27ooJyUXwK9aBsavdg9fm6CyR9",
            "1HgeH4NDraECSkE8CzEz7UJw8ukcQw6326",
            "1BL4u7imcHar9ZzbhztPcwLjY3zFxxiCxv",
            "13UeeHfoEnq7zGK7jm2ANKxZ6yuUExPh2E",
            "1GpZroZvvR2iTmBmgS7MH4SyF13Ff1zgYf",
            "1JByh98jaCumUThDV9TbyFcud2sE3im6UZ",
            "1ChZ1eRoAZtnRfbkaqcnxd4o7PAT1cTvQP",
            "1NK7b9BBxVV9PAG21XxFThjHdXWDcfU77L",
            "15LPfpCdgVSXBXJbtTgHZqtsw7CxZjevjS",
            "12kMHmzthEPJSxNF3M4MZ1w9fqLVcjFhba",
            "1GmeQBrPFwSqRvcqaSuzc3vTBXtnxBbRvm",
            "1GR1zmwTHmnkGWF2uVCeGDFhqeku3qQLU4",
            "1NzEM2yfZrXzG7CEtPgdXR4pahthCHKksL",
            "158tX7ct9C6iwVUZnyxbmKSkev9MjffW4A",
            "1JHWAgKPXQMwvs1xY6UusEyFeRMiNmjXzK",
            "17HuGy6y4JTKA9fmMBnSnFEZvnKR7o3fJ3",
            "1HrojwjUpKJe2txYDq1eF9SJt2fcZPFY36",
            "1HfSh9XLnqo5gkUwwtR3HEjQ4M5Q1qkUAy"
        ]
    },
    "fiat_value": {},
    "frozen_coins": {},
    "invoices": {},
    "keystore": {
        "derivation": "m",
        "pw_hash_version": 1,
        "root_fingerprint": "c205ee9a",
        "seed": "minor zone pool able remain combine sample claw medal settle grace capable",
        "seed_type": "standard",
        "type": "bip32",
        "xprv": "xprv9s21ZrQH143K2FWF38E26PJUmrBgUuiMXxTM3gNH9VutCuF47Se7Dmbwt9BjhjvEXXhwqpAAMfZ8jasqJULH3STiTriPRkT8d3LzQ4xCtA1",
        "xpub": "xpub661MyMwAqRbcEjai99m2TXFDKt2AtNSCuBNwr4mthqSs5haCeyxMmZvRjSdqH1xioNEAkRsZ3ugrYZBm3zp3HLYs3ceoDjtZBmTSxzDDFYc"
    },
    "labels": {},
    "payment_requests": {},
    "prevouts_by_scripthash": {},
    "seed_version": 50,
    "spent_outpoints": {},
    "transactions": {},
    "tx_fees": {},
    "txi": {},
    "txo": {},
    "use_encryption": false,
    "verified_tx3": {},
    "wallet_type": "standard"
}