{
    "addr_history": {
        "12DUWG9zbL4V3j5FEcpsHLLY8KjkcBhCLC": [],
        "13NbStGdFajjw9LNbM1WZUzHBqofsvh1c3": [],
        "14Ayj78CjkoPZXD81LyzFaykbiC15uMv7S": [],
        "14YM8hnt2jLsEvENeX3jskftgfGF6FsK79": [],
        "14mmgcAYFZfoLKVZnHz3j1XPUG7WfPi5R8": [],
        "14pEaWeSCGdTURqMjbSj23HPrRZsQiwv6x": [],
        "14t34uLLQYrQj8E7ajVS6DkorGpmzuFwia": [],
        "164ewJwYmGcSEcE9UykNRKbxytyNCHkxhi": [],
        "172WeUbrC525RnZgyfoH4E6v11VDYmB4DH": [],
        "1BLvikdEZ6wNE9Q6yC6FTM8ertoNpZ5gAr": [],
        "1BjVzKsS3SRdSiytJYD8kW1Bw2uKgHWRZA": [],
        "1CRUNmZ7YrGni4orB8PHGhMGXX3qE3TLWL": [],
        "1CyeSryhrNBNiHj5d6YwsWWU8LuYRTQBCM": [],
        "1D6YHSyck5SCSzdueHNcRBSWaXZim1WxbL": [],
        "1DBmNR1NejMchb8eATWjX15gKY6TtQ7CMh": [],
        "1DGGYhJkYguU4D8P4szmawUDk8d96aRv3h": [],
        "1E3VRXEoG7S9MbTX4x2EgayGUreRuKikKY": [],
        "1FUJhYxEYVC3NPUw9m7KVgQ641XrmzfaWj": [],
        "1Fj6TXCcAuNWsrZ34HnSvg7i66v5LmjzP": [],
        "1GD1xn8RdMyhAErYwMNaCrpPjrnQFysmWi": [],
        "1HPYJPxyJzTsForRtNLH7HMviNo7xWFXYK": [],
        "1J8TebTbGGbt6ooq9xQwkRr1dnVymMhR9Q": [],
        "1JC81zCbQPQJYrmTwCPmCwEmecTf9ckJL4": [],
        "1JPr6g6u5soNPYSXRTBjbLq5UiryCCsFUg": [],
        "1KiZTkJ8amsUaycKaB3hmiREWzHUQmZTsh": [],
        "1LBM5qzaEt3MQwq8xHQ4RtPQqFoKcvoncX": [],
        "1LJxK6yRRETLBxzdQdWDmYKyTG92HZqdFZ": [],
        "1MkvtApdLgwpAWm5AqcKx48261q35NV2R5": [],
        "1NJfCzknnN7PTTPpagjnX2HZv5XoxbDHc4": [],
        "1NV9LUQATjrAr8RyDf3xpFBfbT4oLP2vjS": []
    },
    "addresses": {
        "change": [
            "1J8TebTbGGbt6ooq9xQwkRr1dnVymMhR9Q",
            "1NV9LUQATjrAr8RyDf3xpFBfbT4oLP2vjS",
            "1HPYJPxyJzTsForRtNLH7HMviNo7xWFXYK",
            "172WeUbrC525RnZgyfoH4E6v11VDYmB4DH",
            "14mmgcAYFZfoLKVZnHz3j1XPUG7WfPi5R8",
            "1E3VRXEoG7S9MbTX4x2EgayGUreRuKikKY",
            "14Ayj78CjkoPZXD81LyzFaykbiC15uMv7S",
            "1KiZTkJ8amsUaycKaB3hmiREWzHUQmZTsh",
            "1FUJhYxEYVC3NPUw9m7KVgQ641XrmzfaWj",
            "12DUWG9zbL4V3j5FEcpsHLLY8KjkcBhCLC"
        ],
        "receiving": [
            "1JC81zCbQPQJYrmTwCPmCwEmecTf9ckJL4",
            "1GD1xn8RdMyhAErYwMNaCrpPjrnQFysmWi",
            "1DBmNR1NejMchb8eATWjX15gKY6TtQ7CMh",
            "1Fj6TXCcAuNWsrZ34HnSvg7i66v5LmjzP",
            "14t34uLLQYrQj8E7ajVS6DkorGpmzuFwia",
            "1BLvikdEZ6wNE9Q6yC6FTM8ertoNpZ5gAr",
            "1DGGYhJkYguU4D8P4szmawUDk8d96aRv3h",
            "1LJxK6yRRETLBxzdQdWDmYKyTG92HZqdFZ",
            "1D6YHSyck5SCSzdueHNcRBSWaXZim1WxbL",
            "1CyeSryhrNBNiHj5d6YwsWWU8LuYRTQBCM",
            "1MkvtApdLgwpAWm5AqcKx48261q35NV2R5",
            "1NJfCzknnN7PTTPpagjnX2HZv5XoxbDHc4",
            "13NbStGdFajjw9LNbM1WZUzHBqofsvh1c3",
            "1CRUNmZ7YrGni4orB8PHGhMGXX3qE3TLWL",
            "1BjVzKsS3SRdSiytJYD8kW1Bw2uKgHWRZA",
            "1JPr6g6u5soNPYSXRTBjbLq5UiryCCsFUg",
            "14YM8hnt2jLsEvENeX3jskftgfGF6FsK79",
            "1LBM5qzaEt3MQwq8xHQ4RtPQqFoKcvoncX",
            "164ewJwYmGcSEcE9UykNRKbxytyNCHkxhi",
            "14pEaWeSCGdTURqMjbSj23HPrRZsQiwv6x"
        ]
    },
    "fiat_value": {},
    "frozen_coins": {},
    "invoices": {},
    "keystore": {
        "derivation": "m",
        "pw_hash_version": 1,
        "root_fingerprint": "fa6051c5",
        "seed": "minor zone pool around remain combine soup claw medal settle grace capable",
        "seed_type": "standard",
        "type": "bip32",
        "xprv": "xprv9s21ZrQH143K3bUDCon7HyFGT9ig8tccyPRyZL8xWSZ744qSev8jvF9NgMiSA7BkfahqKF5FcgaELP9hyqyqfJbSwJ3zDvV2sPeqkKHLt7J",
        "xpub": "xpub661MyMwAqRbcG5YgJqK7f7C11BZAYMLULcMaMiYa4n65vsAbCTSzU3TrXfFpuQ8c2sMbWgeLhqMvVxdfuFv8WMZqsNSbjP1Hp5CiBrf7JhP"
    },
    "labels": {},
    "payment_requests": {},
    "prevouts_by_scripthash": {},
    "seed_version": 50,
    "spent_outpoints": {},
    "transactions": {},
    "tx_fees": {},
    "txi": {},
    "txo": {},
    "use_encryption": false,
    "verified_tx3": {},
    "wallet_type": "standard"
}