{
    "addr_history": {
        "13zXbsdAzQ89AUyMWe2fgTQd5ccZgcsDhq": [],
        "14dBUQTX3HSvg9bMjFRZctzDZ67YGivzTc": [],
        "14yqfLguboPjG1rZcc8Vdgm3isdeitqHUs": [],
        "15gRhQ1wKW743V3eLju7q9NScP6iRmLKd7": [],
        "16oiu3cXh2PKDPx5AEzrdmCYWY1b4Bpsua": [],
        "17aSFftJWMV3SSYG7PA8H6362iVNoy1eFg": [],
        "18GA9bcsyNrv5i4U6hFBywnBXX2woqBq7i": [],
        "19XRLz11Yco3yUNm71dCNwQF1Bz3mPJWt": [],
        "19k1m54QZzEFPLtpY8t96LHRCoqvtevoVj": [],
        "1A98isRMsKtb4rDBvZjdH94nFnMNxRDTSz": [],
        "1BUDDRiDkWSN2siSU3qFiGXvkKVgz4HDZf": [],
        "1C65FPd8zP4ETdnM81DbVW9JimS3GDD49H": [],
        "1EF13pEjWVCqNe79PJpu3foZsqoupg8VXb": [],
        "1ETN21M2p5JuKob9cUqFmCdE7DKfiNib3w": [],
        "1EUpCr16o8RzEvkGxYpwQxJmK5FeuqskDA": [],
        "1EZgkrLvQpqAS9sgu3GRws4umwxN7rLTw8": [],
        "1FYkzqtKAmuwDKmKQmGbL9MHDpiLsj1w55": [],
        "1GFio1g4YJmpYJmVQN4zXfnvjooyCXw9QS": [],
        "1K4Nd4doWuR4VJoiNNc7yqPMTQGFVkgLnD": [],
        "1KHNLtYgL9nNvPfBhy9CyuD7unrkK7rQS8": [],
        "1KhBnPeDY3DNQpUmXMiDMSPh9K95TMkdow": [],
        "1KmdiVrYvDNV7VUH9smyGWY9eCxDU2gdh1": [],
        "1L2aCQ8pRgWbbKFo81S7coN3PZRKbQ85i5": [],
        "1MGVEZAfXMLSb1ZMqe6UnUmpCwEaXn74KK": [],
        "1Mzy5abyDEMbV7UA9ioEFQjoSVxJqmUSvD": [],
        "1NZYY5wNpJv152Up2aTkGd4D3YxdC5FqaC": [],
        "1NaDfEG9JKZNUNjjzoGT2AcN7eL9Tu5Bpy": [],
        "1PSiAddRLJR67qGLYV7ZyqtVa7ifbwN9w5": [],
        "1PVk2H2FCsQEG9YF43aSzfd69wqPg3XM3r": [],
        "1fEzqZTvdxmqj1W1UZqVUUCu3mfQYPNTD": []
    },
    "addresses": {
        "change": [
            "14dBUQTX3HSvg9bMjFRZctzDZ67YGivzTc",
            "13zXbsdAzQ89AUyMWe2fgTQd5ccZgcsDhq",
            "19k1m54QZzEFPLtpY8t96LHRCoqvtevoVj",
            "1EUpCr16o8RzEvkGxYpwQxJmK5FeuqskDA",
            "17aSFftJWMV3SSYG7PA8H6362iVNoy1eFg",
            "1FYkzqtKAmuwDKmKQmGbL9MHDpiLsj1w55",
            "1A98isRMsKtb4rDBvZjdH94nFnMNxRDTSz",
            "1K4Nd4doWuR4VJoiNNc7yqPMTQGFVkgLnD",
            "1Mzy5abyDEMbV7UA9ioEFQjoSVxJqmUSvD",
            "1GFio1g4YJmpYJmVQN4zXfnvjooyCXw9QS"
        ],
        "receiving": [
            "1PSiAddRLJR67qGLYV7ZyqtVa7ifbwN9w5",
            "1C65FPd8zP4ETdnM81DbVW9JimS3GDD49H",
            "1KhBnPeDY3DNQpUmXMiDMSPh9K95TMkdow",
            "14yqfLguboPjG1rZcc8Vdgm3isdeitqHUs",
            "1KmdiVrYvDNV7VUH9smyGWY9eCxDU2gdh1",
            "1fEzqZTvdxmqj1W1UZqVUUCu3mfQYPNTD",
            "1ETN21M2p5JuKob9cUqFmCdE7DKfiNib3w",
            "1L2aCQ8pRgWbbKFo81S7coN3PZRKbQ85i5",
            "1MGVEZAfXMLSb1ZMqe6UnUmpCwEaXn74KK",
            "1KHNLtYgL9nNvPfBhy9CyuD7unrkK7rQS8",
            "1PVk2H2FCsQEG9YF43aSzfd69wqPg3XM3r",
            "19XRLz11Yco3yUNm71dCNwQF1Bz3mPJWt",
            "1EZgkrLvQpqAS9sgu3GRws4umwxN7rLTw8",
            "1NZYY5wNpJv152Up2aTkGd4D3YxdC5FqaC",
            "15gRhQ1wKW743V3eLju7q9NScP6iRmLKd7",
            "18GA9bcsyNrv5i4U6hFBywnBXX2woqBq7i",
            "1BUDDRiDkWSN2siSU3qFiGXvkKVgz4HDZf",
            "1NaDfEG9JKZNUNjjzoGT2AcN7eL9Tu5Bpy",
            "16oiu3cXh2PKDPx5AEzrdmCYWY1b4Bpsua",
            "1EF13pEjWVCqNe79PJpu3foZsqoupg8VXb"
        ]
    },
    "fiat_value": {},
    "frozen_coins": {},
    "invoices": {},
    "keystore": {
        "derivation": "m",
        "pw_hash_version": 1,
        "root_fingerprint": "86f9e981",
        "seed": "minor zone pool autumn remain combine page claw medal settle grace capable",
        "seed_type": "standard",
        "type": "bip32",
        "xprv": "xprv9s21ZrQH143K43aERtgAVUeke7RvvMiPoybWua1sH4zM8BpfZXkg7tCiF92dGhoANx6qaLc8CppKJjV5ioPLyXGMJzprUSu3gpj21WywBxk",
        "xpub": "xpub661MyMwAqRbcGXehXvDArcbVC9GRKpSFBCX7hxRUqQXKzz9p754vfgXC6Pm4mM9o6mB24JXCtWDkeXDBBUdmGeCgMiwZiH4XXiU4oP6fi1f"
    },
    "labels": {},
    "payment_requests": {},
    "prevouts_by_scripthash": {},
    "seed_version": 50,
    "spent_outpoints": {},
    "transactions": {},
    "tx_fees": {},
    "txi": {},
    "txo": {},
    "use_encryption": false,
    "verified_tx3": {},
    "wallet_type": "standard"
}