{
    "addr_history": {
        "12f77PQ5egBwpwQTJRRag7LN1UGdFN6ktU": [],
        "13FB1kobzp79FZMkBjbzoRwadv9MPmxh97": [],
        "13JtbRS566Ud7cXLH9QfEphVvRRxEuhVHA": [],
        "15BGHqgAYSAXjW1KopvQyxEKAcyQdw1nAa": [],
        "17DofcDGWRPBzBokZEq5m1gLGkHu7Jc5H4": [],
        "185UKitnD5QqXhgPpugeFQ4iNkif8kswpu": [],
        "18Na15rJUsfZ8DufmY3Vz4dt4tMMo7Frp": [],
        "18XAVgJvWUbfh5P7gns7bT76eR7F5Z5fy1": [],
        "1AHidS7GBP5NEBkqnzuYHoRrQmXpzML5u8": [],
        "1Abfnwbz7tLzWwQXH9GKPvGYpUoL7eYvHK": [],
        "1AjomxRrTLxiub2mF2FSAfBWsR24pGoCD7": [],
        "1Asd9Tu8GuWNehtW9Fbz95epfHJXZe5qEi": [],
        "1Ax8bgwhntiGss8tHncq52w47isHXGax1R": [],
        "1BF7PpfRLeTxKc8kPP8FiuNHKFmQ1Nqdhn": [],
        "1DbC412ktjai3d4feqhqR7exeyojh2WKY8": [],
        "1F5qARKQA9wHM5pFhnTvBbZCzkLMmx3D6Q": [],
        "1GXPXWSCbbh7LSzzHVCUQwjsxVgFZPCGZ4": [],
        "1GiRRjhZbogfTQJaGfoyFtfFXZ5XQS2zwK": [],
        "1Gx8nnUGMn5LqCZAUrZj7KZfQDXjj5Qvca": [],
        "1HDvV4RKwtXeEwozrw1owZAxiLDS44RG6w": [],
        "1JUzeYmEW1Y6my9hk6etem8t6zMrBjwxDq": [],
        "1KXGzLoCX51noK3zTtRGkrq97kM9Ce7hqp": [],
        "1LEmsZMpAAg4XC7B16G3jwBPEADSErf3mq": [],
        "1Ls2Mcgva4xPfkhXjQYEwD3NLYhwbA54br": [],
        "1MXd2itFBhRzwBWKLmUxhjcALM433csjPJ": [],
        "1MrxgVzqRxhUbR7wNLyfV4FFFMFAQeynfa": [],
        "1MyUfnUK2KqeAMjBCPYosXC7axs7v7HvX1": [],
        "1P3w4KbjaA9NQNRM8Xo5J7rjXZba7nZtp7": [],
        "1PqV6NHNFSXjM6xtgqfYd7kLbksdTmadjw": [],
        "1PsuLk1hKJc7W6naZXgaHqhVpMdjgBpLh1": []
    },
    "addresses": {
        "change": [
            "15BGHqgAYSAXjW1KopvQyxEKAcyQdw1nAa",
            "1AHidS7GBP5NEBkqnzuYHoRrQmXpzML5u8",
            "1Abfnwbz7tLzWwQXH9GKPvGYpUoL7eYvHK",
            "1BF7PpfRLeTxKc8kPP8FiuNHKFmQ1Nqdhn",
            "1KXGzLoCX51noK3zTtRGkrq97kM9Ce7hqp",
            "1MyUfnUK2KqeAMjBCPYosXC7axs7v7HvX1",
            "1P3w4KbjaA9NQNRM8Xo5J7rjXZba7nZtp7",
            "18Na15rJUsfZ8DufmY3Vz4dt4tMMo7Frp",
            "1PsuLk1hKJc7W6naZXgaHqhVpMdjgBpLh1",
            "1F5qARKQA9wHM5pFhnTvBbZCzkLMmx3D6Q"
        ],
        "receiving": [
            "1JUzeYmEW1Y6my9hk6etem8t6zMrBjwxDq",
            "1MXd2itFBhRzwBWKLmUxhjcALM433csjPJ",
            "1GiRRjhZbogfTQJaGfoyFtfFXZ5XQS2zwK",
            "185UKitnD5QqXhgPpugeFQ4iNkif8kswpu",
            "13FB1kobzp79FZMkBjbzoRwadv9MPmxh97",
            "17DofcDGWRPBzBokZEq5m1gLGkHu7Jc5H4",
            "1DbC412ktjai3d4feqhqR7exeyojh2WKY8",
            "1GXPXWSCbbh7LSzzHVCUQwjsxVgFZPCGZ4",
            "12f77PQ5egBwpwQTJRRag7LN1UGdFN6ktU",
            "1PqV6NHNFSXjM6xtgqfYd7kLbksdTmadjw",
            "18XAVgJvWUbfh5P7gns7bT76eR7F5Z5fy1",
            "1Asd9Tu8GuWNehtW9Fbz95epfHJXZe5qEi",
            "1MrxgVzqRxhUbR7wNLyfV4FFFMFAQeynfa",
            "1LEmsZMpAAg4XC7B16G3jwBPEADSErf3mq",
            "1HDvV4RKwtXeEwozrw1owZAxiLDS44RG6w",
            "13JtbRS566Ud7cXLH9QfEphVvRRxEuhVHA",
            "1Ax8bgwhntiGss8tHncq52w47isHXGax1R",
            "1Ls2Mcgva4xPfkhXjQYEwD3NLYhwbA54br",
            "1AjomxRrTLxiub2mF2FSAfBWsR24pGoCD7",
            "1Gx8nnUGMn5LqCZAUrZj7KZfQDXjj5Qvca"
        ]
    },
    "fiat_value": {},
    "frozen_coins": {},
    "invoices": {},
    "keystore": {
        "derivation": "m",
        "pw_hash_version": 1,
        "root_fingerprint": "9e6524c1",
        "seed": "minor zone pool also remain combine promote claw medal settle grace capable",
        "seed_type": "standard",
        "type": "bip32",
        "xprv": "xprv9s21ZrQH143K46LENXqabT5n7JhyqhNUYKTVa5reMpQkZk29XfvpEkwfwZZV41pHPWsQwLiwD1Mq1qnwAvJb41EdiFYcfm8BPJVsAfAA1sr",
        "xpub": "xpub661MyMwAqRbcGaQhUZNaxb2WfLYUFA6KuYP6NUGFv9wjSYMJ5DF4nZG9nqztdCzo8fwYFdQc4999YLALtzMUFoKYhwcRmyV7SwQrLqHMR2f"
    },
    "labels": {},
    "payment_requests": {},
    "prevouts_by_scripthash": {},
    "seed_version": 50,
    "spent_outpoints": {},
    "transactions": {},
    "tx_fees": {},
    "txi": {},
    "txo": {},
    "use_encryption": false,
    "verified_tx3": {},
    "wallet_type": "standard"
}