{
    "addr_history": {
        "13KAXTBL8jgV1dWe8jBzqTK2sFrXJSjwwo": [],
        "14b8JKo9Qfku53V2u7tAgjwouBcvXqW7TH": [],
        "15f6dFsgEG6gmHJtQWQwbkzzFvHB9HxSXi": [],
        "15kVu5jH3VUHSic6PdUMdQ6qpq3QYBJFrp": [],
        "164iWNSVAtoLxqyxL14qw6JyDPxVaK9WVz": [],
        "16i3DJ3vVtb7Eo3VxzXt7fJZFBQn9YTXwz": [],
        "17F7dvXSq2adAmfUxux8EGHkGw3JgGvBAJ": [],
        "17TXWDGFeob5sHVUNeMsmPutWZn3ttFjUR": [],
        "18FLXZRqu7YZyALp9xFtJ86eRg7RKJ8Fm2": [],
        "18NSY75TwZf9XVaGMuXdfGo2qdv4Qeg9dr": [],
        "19Dn12Zi4PGKQjDQxqzwjQs3pEqJ8tsP46": [],
        "1BUJYztSNsb672tYhcVuoEEJdMYgqi89nq": [],
        "1BV7EmFYpEscJ65MTRNnkG5T4NJiZTDJEq": [],
        "1CMEcJjzL3BsutPsfGLkj1pPYZtfyPCJo2": [],
        "1CfVzaYgFZfNkVxK2iJMTTCMjHWsQskVMC": [],
        "1DGYZHLchJsyyHuByJoE4NggnBzSou8SCs": [],
        "1G9UPtz3WbfnRkC5dSTNK7nFcqp4zqMZoX": [],
        "1GTpB8BimgAuScVwX7bcjmSQ8eJivRMGGb": [],
        "1GUqzyVHSFHBg3Q1UopsDEXmqYWceuf7ER": [],
        "1GgbykzFyianJ3LBFRyn8ySEWDFPMSV4dd": [],
        "1Ht68ai9UtnZ9b5HVdgyWPQ8tEZewXjJp3": [],
        "1J2gCBM1JY2TxBPtZowZE6DQN8xwx8LyKq": [],
        "1JN8DuJR5JzpW1tNhMrbS9MqYg6jDB68EQ": [],
        "1JmkDN5NgaN9tfQ3EavWoGyQ4DUMZ6jSX7": [],
        "1KTUXrW67r61TsAfcVDxd9ZWFoNtFRwWT5": [],
        "1LbtWNgABMBD6TQTFK3cVvUU52dPQDsF4m": [],
        "1MYXcfafxMPugs2N7BTXE8Kipyx4Ds3Qu1": [],
        "1MsAvZ38ydWKCzb2ejYLrAo3M8tMi19fdN": [],
        "1PzZknmAcsErwQ4v7EMXTmUucMjaJAk6hD": [],
        "1ZGEFEVmCs1kqSdgBZoFzSAWEfkkRfSC1": []
    },
    "addresses": {
        "change": [
            "1LbtWNgABMBD6TQTFK3cVvUU52dPQDsF4m",
            "1JN8DuJR5JzpW1tNhMrbS9MqYg6jDB68EQ",
            "15f6dFsgEG6gmHJtQWQwbkzzFvHB9HxSXi",
            "1KTUXrW67r61TsAfcVDxd9ZWFoNtFRwWT5",
            "164iWNSVAtoLxqyxL14qw6JyDPxVaK9WVz",
            "1MYXcfafxMPugs2N7BTXE8Kipyx4Ds3Qu1",
            "1JmkDN5NgaN9tfQ3EavWoGyQ4DUMZ6jSX7",
            "1CMEcJjzL3BsutPsfGLkj1pPYZtfyPCJo2",
            "1Ht68ai9UtnZ9b5HVdgyWPQ8tEZewXjJp3",
            "19Dn12Zi4PGKQjDQxqzwjQs3pEqJ8tsP46"
        ],
        "receiving": [
            "1PzZknmAcsErwQ4v7EMXTmUucMjaJAk6hD",
            "1BUJYztSNsb672tYhcVuoEEJdMYgqi89nq",
            "1GUqzyVHSFHBg3Q1UopsDEXmqYWceuf7ER",
            "17TXWDGFeob5sHVUNeMsmPutWZn3ttFjUR",
            "18NSY75TwZf9XVaGMuXdfGo2qdv4Qeg9dr",
            "1ZGEFEVmCs1kqSdgBZoFzSAWEfkkRfSC1",
            "1MsAvZ38ydWKCzb2ejYLrAo3M8tMi19fdN",
            "14b8JKo9Qfku53V2u7tAgjwouBcvXqW7TH",
            "18FLXZRqu7YZyALp9xFtJ86eRg7RKJ8Fm2",
            "13KAXTBL8jgV1dWe8jBzqTK2sFrXJSjwwo",
            "1BV7EmFYpEscJ65MTRNnkG5T4NJiZTDJEq",
            "1G9UPtz3WbfnRkC5dSTNK7nFcqp4zqMZoX",
            "1DGYZHLchJsyyHuByJoE4NggnBzSou8SCs",
            "15kVu5jH3VUHSic6PdUMdQ6qpq3QYBJFrp",
            "17F7dvXSq2adAmfUxux8EGHkGw3JgGvBAJ",
            "1J2gCBM1JY2TxBPtZowZE6DQN8xwx8LyKq",
            "1GTpB8BimgAuScVwX7bcjmSQ8eJivRMGGb",
            "16i3DJ3vVtb7Eo3VxzXt7fJZFBQn9YTXwz",
            "1GgbykzFyianJ3LBFRyn8ySEWDFPMSV4dd",
            "1CfVzaYgFZfNkVxK2iJMTTCMjHWsQskVMC"
        ]
    },
    "fiat_value": {},
    "frozen_coins": {},
    "invoices": {},
    "keystore": {
        "derivation": "m",
        "pw_hash_version": 1,
        "root_fingerprint": "2b817697",
        "seed": "minor zone pool april remain combine amateur claw medal settle grace capable",
        "seed_type": "standard",
        "type": "bip32",
        "xprv": "xprv9s21ZrQH143K38NUtkBnM2ruU7pksTuA9sWm5ZGrxG18oujWFvcpkTUUbmTHjQNDiQw5LAYiZmkd8EhvCwrBrNdCA5tvu9H8kauuCyCwJ1X",
        "xpub": "xpub661MyMwAqRbcFcSwzminiAoe29fFGvd1X6SMswgUWbY7gi4eoTw5JFnxT3r4RULhMWY7Tjfi9wzdd9RTnABwAv7jzM4qgV2v2TiFSxrZ1zz"
    },
    "labels": {},
    "payment_requests": {},
    "prevouts_by_scripthash": {},
    "seed_version": 50,
    "spent_outpoints": {},
    "transactions": {},
    "tx_fees": {},
    "txi": {},
    "txo": {},
    "use_encryption": false,
    "verified_tx3": {},
    "wallet_type": "standard"
}