{
    "addr_history": {
        "12G7yGYyhufBmwGDHAVMnbZD27ffignM6B": [],
        "149A8f2QGt1c6MGEBQsgfTiUzTReowfpM9": [],
        "14CAa2dkM7U9ndQf6hCgW8og1capRJdvrm": [],
        "14ez1SjY4foWpf2UhnVGf9ettLWUcAGv4d": [],
        "14gbCyGUtLn1Ehmgc2MrpS5tJWhhhvfwFU": [],
        "15Ru7JSfzpHVmpN4aVT3J4k85U6FBVu65d": [],
        "16EuaLxE67L4oCKBDTd11d2nW2aRvurAus": [],
        "16TZa6AiyWHkSdk7SkqZyYmgzTVXodKW2Y": [],
        "17n9EUUyt35B6Tp3MjvzQbToH6FadgAtGE": [],
        "182hWEw5xyKFbp9PsvbXK26BdEA5jDZCYn": [],
        "18gucR5ANVgZsVSs4ucvAto6FYpbfswSjD": [],
        "1AqLGu2QVcamfv8iPmCEkmHjcjkjeVoCfM": [],
        "1BoDQmpww5XpvJW4Ju3uu9Di7QN6LMjRVK": [],
        "1DX3fqTLnFdSTBo9BXz9WWyaeXAmABz1fz": [],
        "1ExCpctJQzT4HQRNnJqke9NMrVKEkwk8d8": [],
        "1FguKQFSc3xzL2ri65NerbbRNw98fzx7Fk": [],
        "1GZ9cn671gfMLNNSiSf2JYv4ivyn9kq7S4": [],
        "1HQV1UrWUWt5bPfVs9FcdgUCcdLi2Z1C1K": [],
        "1JEMfVCZt4jpDzDFwsLhxNptFQj235b1r9": [],
        "1K1vBjVjWZWo8PgPk98Wqy6Ddz9NJVf2FQ": [],
        "1L19JF1EMZuxxqubw3gLehCqbi6AKsnnEv": [],
        "1L7xNDJCVM6x1ctxLDEz871GJFaN8sKt5g": [],
        "1M9CFWaQW7TAhTdB26eSNHdd3ELKm7jfmX": [],
        "1PavvNKB8s4CTG9oppiYuXotJFdYdvZxLG": [],
        "1PfXztM9Y342ctjXire6jqdfRnnsuEPiNq": [],
        "1PhD5yMRRfUV8TDu7E2ehcMUH3ZaUpYGAe": [],
        "1Pwf8gJaHjyZzmSxwGxTmbsxUT85AzCoUb": [],
        "1Q8vA6rbo39jtqyAKp8C266HfQR7nBEM7w": [],
        "1Y9u6QmGssaifneJC9kYczvwa3WWTMpQE": [],
        "1gi8AikjfTpMbB1sjGb4zJDtosJsy2Ewn": []
    },
    "addresses": {
        "change": [
            "182hWEw5xyKFbp9PsvbXK26BdEA5jDZCYn",
            "1AqLGu2QVcamfv8iPmCEkmHjcjkjeVoCfM",
            "1BoDQmpww5XpvJW4Ju3uu9Di7QN6LMjRVK",
            "1K1vBjVjWZWo8PgPk98Wqy6Ddz9NJVf2FQ",
            "1PhD5yMRRfUV8TDu7E2ehcMUH3ZaUpYGAe",
            "1Q8vA6rbo39jtqyAKp8C266HfQR7nBEM7w",
            "149A8f2QGt1c6MGEBQsgfTiUzTReowfpM9",
            "14ez1SjY4foWpf2UhnVGf9ettLWUcAGv4d",
            "1DX3fqTLnFdSTBo9BXz9WWyaeXAmABz1fz",
            "1JEMfVCZt4jpDzDFwsLhxNptFQj235b1r9"
        ],
        "receiving": [
            "1ExCpctJQzT4HQRNnJqke9NMrVKEkwk8d8",
            "1PavvNKB8s4CTG9oppiYuXotJFdYdvZxLG",
            "16EuaLxE67L4oCKBDTd11d2nW2aRvurAus",
            "18gucR5ANVgZsVSs4ucvAto6FYpbfswSjD",
            "1gi8AikjfTpMbB1sjGb4zJDtosJsy2Ewn",
            "1PfXztM9Y342ctjXire6jqdfRnnsuEPiNq",
            "14CAa2dkM7U9ndQf6hCgW8og1capRJdvrm",
            "1HQV1UrWUWt5bPfVs9FcdgUCcdLi2Z1C1K",
            "1FguKQFSc3xzL2ri65NerbbRNw98fzx7Fk",
            "15Ru7JSfzpHVmpN4aVT3J4k85U6FBVu65d",
            "1L19JF1EMZuxxqubw3gLehCqbi6AKsnnEv",
            "1GZ9cn671gfMLNNSiSf2JYv4ivyn9kq7S4",
            "1Pwf8gJaHjyZzmSxwGxTmbsxUT85AzCoUb",
            "12G7yGYyhufBmwGDHAVMnbZD27ffignM6B",
            "17n9EUUyt35B6Tp3MjvzQbToH6FadgAtGE",
            "16TZa6AiyWHkSdk7SkqZyYmgzTVXodKW2Y",
            "1Y9u6QmGssaifneJC9kYczvwa3WWTMpQE",
            "14gbCyGUtLn1Ehmgc2MrpS5tJWhhhvfwFU",
            "1M9CFWaQW7TAhTdB26eSNHdd3ELKm7jfmX",
            "1L7xNDJCVM6x1ctxLDEz871GJFaN8sKt5g"
        ]
    },
    "fiat_value": {},
    "frozen_coins": {},
    "invoices": {},
    "keystore": {
        "derivation": "m",
        "pw_hash_version": 1,
        "root_fingerprint": "2184d22f",
        "seed": "minor zone pool action remain combine jewel claw medal settle grace capable",
        "seed_type": "standard",
        "type": "bip32",
        "xprv": "xprv9s21ZrQH143K3AzL29hgzhhmvNfWDwHLqxNQdD5j3oZxA7yFKZH6bmCveyPVJmH95Ky8YAfbVTrEfYbKT3VqYLi58QtskM3HWFCjkfFt9fY",
        "xpub": "xpub661MyMwAqRbcFf4o8BEhMqeWUQVzdQ1CDBJ1RbVLc96w2vJPs6bM9ZXQWGDzVqNPKL78W1ZLbWCGBCMVk3DiwjdWXHcPAoUJGjpAATT26d5"
    },
    "labels": {},
    "payment_requests": {},
    "prevouts_by_scripthash": {},
    "seed_version": 50,
    "spent_outpoints": {},
    "transactions": {},
    "tx_fees": {},
    "txi": {},
    "txo": {},
    "use_encryption": false,
    "verified_tx3": {},
    "wallet_type": "standard"
}