{
    "addr_history": {
        "12W64NecWvUhmDLGRJ3ZqpM7N8iPaUbCuL": [],
        "13v3n9KcBJv51XuUT1UPjx1YRiHapyMbKM": [],
        "141VxMbuvLChkKHzwTkSspEPMqwySEFiYw": [],
        "15nGccPp9VYYBEakY8pz5zPmpxdmcFa7KZ": [],
        "161XzoQLnHUM4i213fbnduAY3FBVNdmQyS": [],
        "16TkQYUCGeeK7Gvs9XfyvYMSfZANWrUrzD": [],
        "18kfLdPuNEQHZyQkfzRNT8ePcLNCQqpzju": [],
        "18mW1u5L9sNmrwZRd3CA1h4NdL1sxe9EXc": [],
        "19S5KuPLJkdsJaYPZo3jSQzzN5kcvAP4GT": [],
        "1BH95AJ6HVLETZqxXcn5f1AiCudEVyJkXx": [],
        "1BMZkK5LnzBnXpEo5guzZ7ktaLj8arXFrq": [],
        "1CQWuKSaCn27JZ9QtUybkKAyWyP4CahmAk": [],
        "1CZCjej1Lp8REG5AhC9Bw7az47bfxRzeTZ": [],
        "1DBNsmULa3ugfM5zuDBbDCEB6StU7NyREo": [],
        "1DCeNqBTChqAJYEX8YmqJ5kkJJ44EEFs8G": [],
        "1DUAEdASJRiTbqfY5hnWMK1bgw8m9xtkjP": [],
        "1EQpjN2uiyZxyWfAsymVPzL7xEqbsvpuar": [],
        "1Er53BLB82xeFpo4XEjcZKubxnTi1esQLB": [],
        "1F2DrLWqHBvKJzWTP3oTj94NUUWk1jZGMG": [],
        "1FW2k4CJDHsgJXimjBWeMJobJ1o4jwPqVU": [],
        "1G3i5tHZSUiSs9nYXoScxhPEqkBG2XMB3c": [],
        "1GjxcuFe7oeNAdLspueiw26L1EY3wVv9jC": [],
        "1GzfFsRrdJEYWoWJxvziriJFzSXaXsqTrn": [],
        "1JLUwYE5ZTE3A4USYZnDafgmtZ3baRuBMm": [],
        "1Kk9eMdc5HR2cKnX9N7BYiyFfKFgCE5DTW": [],
        "1M6SBeYRHLi4TXhTGGFgKYUw8K5e2DPaia": [],
        "1MHMQKxGr9nz7dEccDRUuHtDL37pz5euDL": [],
        "1ND3eJVko35RbCG1Jb89U9v7Q2nBQuvt42": [],
        "1QDs5wZaG3KQEsjWEoJdTbDiMsxcvenX7K": [],
        "1QKB95KRohk5thNS7ao7rkTgMXE5b9qRC2": []
    },
    "addresses": {
        "change": [
            "1BH95AJ6HVLETZqxXcn5f1AiCudEVyJkXx",
            "1Er53BLB82xeFpo4XEjcZKubxnTi1esQLB",
            "1Kk9eMdc5HR2cKnX9N7BYiyFfKFgCE5DTW",
            "15nGccPp9VYYBEakY8pz5zPmpxdmcFa7KZ",
            "1BMZkK5LnzBnXpEo5guzZ7ktaLj8arXFrq",
            "13v3n9KcBJv51XuUT1UPjx1YRiHapyMbKM",
            "18mW1u5L9sNmrwZRd3CA1h4NdL1sxe9EXc",
            "1M6SBeYRHLi4TXhTGGFgKYUw8K5e2DPaia",
            "1CQWuKSaCn27JZ9QtUybkKAyWyP4CahmAk",
            "1DCeNqBTChqAJYEX8YmqJ5kkJJ44EEFs8G"
        ],
        "receiving": [
            "1QDs5wZaG3KQEsjWEoJdTbDiMsxcvenX7K",
            "19S5KuPLJkdsJaYPZo3jSQzzN5kcvAP4GT",
            "141VxMbuvLChkKHzwTkSspEPMqwySEFiYw",
            "1GzfFsRrdJEYWoWJxvziriJFzSXaXsqTrn",
            "1FW2k4CJDHsgJXimjBWeMJobJ1o4jwPqVU",
            "1QKB95KRohk5thNS7ao7rkTgMXE5b9qRC2",
            "12W64NecWvUhmDLGRJ3ZqpM7N8iPaUbCuL",
            "1MHMQKxGr9nz7dEccDRUuHtDL37pz5euDL",
            "1GjxcuFe7oeNAdLspueiw26L1EY3wVv9jC",
            "18kfLdPuNEQHZyQkfzRNT8ePcLNCQqpzju",
            "1CZCjej1Lp8REG5AhC9Bw7az47bfxRzeTZ",
            "1G3i5tHZSUiSs9nYXoScxhPEqkBG2XMB3c",
            "1ND3eJVko35RbCG1Jb89U9v7Q2nBQuvt42",
            "1JLUwYE5ZTE3A4USYZnDafgmtZ3baRuBMm",
            "16TkQYUCGeeK7Gvs9XfyvYMSfZANWrUrzD",
            "1DUAEdASJRiTbqfY5hnWMK1bgw8m9xtkjP",
            "161XzoQLnHUM4i213fbnduAY3FBVNdmQyS",
            "1EQpjN2uiyZxyWfAsymVPzL7xEqbsvpuar",
            "1F2DrLWqHBvKJzWTP3oTj94NUUWk1jZGMG",
            "1DBNsmULa3ugfM5zuDBbDCEB6StU7NyREo"
        ]
    },
    "fiat_value": {},
    "frozen_coins": {},
    "invoices": {},
    "keystore": {
        "derivation": "m",
        "pw_hash_version": 1,
        "root_fingerprint": "3974793c",
        "seed": "minor zone pool afraid remain combine velvet claw medal settle grace capable",
        "seed_type": "standard",
        "type": "bip32",
        "xprv": "xprv9s21ZrQH143K4JDDVbuz3GeMVa1G86a18yR4VPF2NUedFjeb4H9tnfSBaxqvkeGc3unVZoS3WHXUmjbwD9fpWFmg4ZDdXyF821WyCwVE3oq",
        "xpub": "xpub661MyMwAqRbcGnHgbdSzQQb63bqkXZHrWCLfHmedvpBc8XyjbpU9LTkfSDixmNYiWhh6KK9hFyzCk93RvafwzPfUN3ie8UgBVomSbDxYGzY"
    },
    "labels": {},
    "payment_requests": {},
    "prevouts_by_scripthash": {},
    "seed_version": 50,
    "spent_outpoints": {},
    "transactions": {},
    "tx_fees": {},
    "txi": {},
    "txo": {},
    "use_encryption": false,
    "verified_tx3": {},
    "wallet_type": "standard"
}