{
    "addr_history": {
        "12WEw4tawkHRdWS4aas5qn4Z48EZD38xkK": [],
        "12gwVu4NXvcCzeAzRcsMQiDd9UUkPmxuxB": [],
        "13SSpbFaozoK6fFhG7sNdd68jwtKsGZniw": [],
        "13f2BjEUMmWFxzfQ3eFGHTauruPEYZXQPm": [],
        "15DBJ8YgLTZHhMECefe1yPPYk1Pwt3Gkjk": [],
        "15JH8mMEvDzxvJW8dMQGxFGtk1B5KBmHcE": [],
        "16psaBrUPnhcKKZjPoZSxERYZJC6VfXCEi": [],
        "171kt5p9toQTyek3DXnRR71iPjMDX19fVF": [],
        "17D3aqRwRkZTC8vCv6d3JhXqSsYKyDQzBC": [],
        "17xPi2tP8CyfVqxQzYHWgC11GBbLKM6qHJ": [],
        "17z2kFJD7cm4Mv93pmL3J22A1q79wxQ8BK": [],
        "18aMhNP3SUVHkoDfws7RBkQK5HdyGvDqvk": [],
        "19FFm2TAGtuwTyEeQUj8zJfPR7PRC3pTda": [],
        "19ba7JCyQyHeC2BUuqjTohovXA54wJwVMw": [],
        "19qCeoz7wTdg8Js7SZckNs82FNXRW9j5Y4": [],
        "19yd2MGywX1LpxQQimCVXCTDix81bFbifY": [],
        "1AJ6utG4xAcZNmWfzNLdTM2xWp4TLhnaBL": [],
        "1Ato8wkwsKn9dGSghZoQc2go1GZP1D2epv": [],
        "1CzKQ6Nnj8LXbFx5z5N4rDDPP5fpK9a9Wb": [],
        "1E1SmkVN7wNPacVcFS5rYqtXCLHkWvaa8c": [],
        "1EAGFFzo8LusrRdezp1kJ2wX44v7ukXx5x": [],
        "1FHGXcpCEWYbJfPYoJEBEj8LssosjYiLmo": [],
        "1FnfD9Ck3RZtmTPQ7JSHBrtyYN2Cnb88Ui": [],
        "1H9qAwh1mxE1ejaCh2TnRno9Qx4P8D9FTJ": [],
        "1HbQZRcFit3HEUuw4vb66mgBD3czPiFEPg": [],
        "1Lc6AYK2dtwhRrk2hgz99WUyu8vJ65B7y5": [],
        "1Lw78pA8K4YoYkYtK5wCP7QFjQsHQQqPWn": [],
        "1PUukCXxyx3LrfXz5k9gLULTffUZ2jxP4p": [],
        "1PiFYZX9qaXTpjhFPcd8fVqdik7FWiJfhp": [],
        "1Rr1g4pRShuzeQhQhZXVrqJiNKS8KX5Ab": []
    },
    "addresses": {
        "change": [
            "1Lw78pA8K4YoYkYtK5wCP7QFjQsHQQqPWn",
            "1Rr1g4pRShuzeQhQhZXVrqJiNKS8KX5Ab",
            "15DBJ8YgLTZHhMECefe1yPPYk1Pwt3Gkjk",
            "19FFm2TAGtuwTyEeQUj8zJfPR7PRC3pTda",
            "12WEw4tawkHRdWS4aas5qn4Z48EZD38xkK",
            "17xPi2tP8CyfVqxQzYHWgC11GBbLKM6qHJ",
            "1Lc6AYK2dtwhRrk2hgz99WUyu8vJ65B7y5",
            "19ba7JCyQyHeC2BUuqjTohovXA54wJwVMw",
            "13f2BjEUMmWFxzfQ3eFGHTauruPEYZXQPm",
            "18aMhNP3SUVHkoDfws7RBkQK5HdyGvDqvk"
        ],
        "receiving": [
            "15JH8mMEvDzxvJW8dMQGxFGtk1B5KBmHcE",
            "1HbQZRcFit3HEUuw4vb66mgBD3czPiFEPg",
            "1PiFYZX9qaXTpjhFPcd8fVqdik7FWiJfhp",
            "17D3aqRwRkZTC8vCv6d3JhXqSsYKyDQzBC",
            "1FHGXcpCEWYbJfPYoJEBEj8LssosjYiLmo",
            "17z2kFJD7cm4Mv93pmL3J22A1q79wxQ8BK",
            "1Ato8wkwsKn9dGSghZoQc2go1GZP1D2epv",
            "19qCeoz7wTdg8Js7SZckNs82FNXRW9j5Y4",
            "1E1SmkVN7wNPacVcFS5rYqtXCLHkWvaa8c",
            "1PUukCXxyx3LrfXz5k9gLULTffUZ2jxP4p",
            "16psaBrUPnhcKKZjPoZSxERYZJC6VfXCEi",
            "1AJ6utG4xAcZNmWfzNLdTM2xWp4TLhnaBL",
            "1H9qAwh1mxE1ejaCh2TnRno9Qx4P8D9FTJ",
            "13SSpbFaozoK6fFhG7sNdd68jwtKsGZniw",
            "19yd2MGywX1LpxQQimCVXCTDix81bFbifY",
            "12gwVu4NXvcCzeAzRcsMQiDd9UUkPmxuxB",
            "1CzKQ6Nnj8LXbFx5z5N4rDDPP5fpK9a9Wb",
            "1FnfD9Ck3RZtmTPQ7JSHBrtyYN2Cnb88Ui",
            "171kt5p9toQTyek3DXnRR71iPjMDX19fVF",
            "1EAGFFzo8LusrRdezp1kJ2wX44v7ukXx5x"
        ]
    },
    "fiat_value": {},
    "frozen_coins": {},
    "invoices": {},
    "keystore": {
        "derivation": "m",
        "pw_hash_version": 1,
        "root_fingerprint": "988b812d",
        "seed": "minor zone pool ancient remain combine rough claw medal settle grace capable",
        "seed_type": "standard",
        "type": "bip32",
        "xprv": "xprv9s21ZrQH143K2Esx9R11pZCweQgyLe3UbAnmiuMEFAxqVhw6fU63eCGPnLZ8tLFLBCu4JfrfFQBc7xSaEQu91FkmgxnsSCBWqZd377LWkmN",
        "xpub": "xpub661MyMwAqRbcEixRFSY2Bh9gCSXTk6mKxPiNXHkqoWVpNWGFD1QJBzasdbV2QGx3c6zbQuPWLSMS1ZBpiVSsp3zwy6dqKwGidmoSEWeTPJH"
    },
    "labels": {},
    "payment_requests": {},
    "prevouts_by_scripthash": {},
    "seed_version": 50,
    "spent_outpoints": {},
    "transactions": {},
    "tx_fees": {},
    "txi": {},
    "txo": {},
    "use_encryption": false,
    "verified_tx3": {},
    "wallet_type": "standard"
}