{
    "addr_history": {
        "12HFTkK4nAi9AmpYwxnSAJWPQm4SMtzUTi": [],
        "12aQM3isFBHYeWXzUnPGSHs1D79pWUb9iz": [],
        "151Sp9BpgNZiCMSNRZr3fhP5MvDn2RJU82": [],
        "151tDFU8W6SezUEGxHbSRSwXU6SJB5uBTD": [],
        "17wWBGGfLXQThhuiebzoLx2BpyVVZ8R7GA": [],
        "19Lv5LYyHgvRUPr3jnMTErH6JxSqxw5Zvm": [],
        "1ACJRErbwZ3cmQprKSz8W4mLt8feTMz3KB": [],
        "1AwATjkHAc9xU9YRU5MLyZ2qnQnZ538ScN": [],
        "1B7zKGd3SZcPpi7i2cYk3Gcu6xddLM2zvL": [],
        "1B8J8k8RzBLHmSgmf9a9WC9mEYjiCewgEA": [],
        "1CUzr1m2GqMmng7EE9u5SHWktMckYiJrDg": [],
        "1CjPBTbkA759FdZ3FiBVMRT3qSUWeoC4XN": [],
        "1DF3SkW81JA7yntENgTv6hT8vAa9XrcGuu": [],
        "1DbE4s8sv8hHdxVP5HMpPCLhYEhkTE6QeK": [],
        "1EGKmaWoAJG4ebLaJZkZuvAgXtyaWHa7ZK": [],
        "1END5Uxdg1qKm743cnkCb5djgShBF3Sjzd": [],
        "1FjD86sDG3LqJLunb6SucVtY3uS6fiTT7u": [],
        "1FuCa33Ar1xzCF81YcGTS8V2FFuUjxX69r": [],
        "1JCMryeXT9Q1sJRJnPLjhNk5K3EXrCmQNv": [],
        "1KJzk3yYmGVqGghxq2AhikGRdLWvx62ZWn": [],
        "1Kfe8jhgvnm2PPBy997GsEnpFkW5i6zhcT": [],
        "1LgvgWaduj9ZbcVqcr8hNzHKsXXqVVeDjb": [],
        "1Lm4HywW9qRiUNW83HWNUhaMfuhZKtVehh": [],
        "1MFan4WZcYc9bUDHtPUo4dZZnWX3aSTFFF": [],
        "1MHgafqSNUrxzASHwioGphqQhWNc2ZB4Kw": [],
        "1Mj4P8SmnCBPB3AwZqDpLXLGzJP29yDddt": [],
        "1NLsn225JAUKSUGBk9NRmage62fAi8gQCU": [],
        "1Ncuan5bXaCrprrfPcnu9jLF39kyUwQThP": [],
        "1NgiqGTEyG9zvHbepzxF7ZxRC2aqUA8UQi": [],
        "1NiX6Fhc7WpHWfhrS5a3h4Z2NDdZuFAr63": []
    },
    "addresses": {
        "change": [
            "1LgvgWaduj9ZbcVqcr8hNzHKsXXqVVeDjb",
            "1END5Uxdg1qKm743cnkCb5djgShBF3Sjzd",
            "1ACJRErbwZ3cmQprKSz8W4mLt8feTMz3KB",
            "1B7zKGd3SZcPpi7i2cYk3Gcu6xddLM2zvL",
            "1B8J8k8RzBLHmSgmf9a9WC9mEYjiCewgEA",
            "12aQM3isFBHYeWXzUnPGSHs1D79pWUb9iz",
            "1Kfe8jhgvnm2PPBy997GsEnpFkW5i6zhcT",
            "1DF3SkW81JA7yntENgTv6hT8vAa9XrcGuu",
            "12HFTkK4nAi9AmpYwxnSAJWPQm4SMtzUTi",
            "1AwATjkHAc9xU9YRU5MLyZ2qnQnZ538ScN"
        ],
        "receiving": [
            "19Lv5LYyHgvRUPr3jnMTErH6JxSqxw5Zvm",
            "1MFan4WZcYc9bUDHtPUo4dZZnWX3aSTFFF",
            "1DbE4s8sv8hHdxVP5HMpPCLhYEhkTE6QeK",
            "1Ncuan5bXaCrprrfPcnu9jLF39kyUwQThP",
            "1CUzr1m2GqMmng7EE9u5SHWktMckYiJrDg",
            "151Sp9BpgNZiCMSNRZr3fhP5MvDn2RJU82",
            "1Lm4HywW9qRiUNW83HWNUhaMfuhZKtVehh",
            "1Mj4P8SmnCBPB3AwZqDpLXLGzJP29yDddt",
            "1NiX6Fhc7WpHWfhrS5a3h4Z2NDdZuFAr63",
            "151tDFU8W6SezUEGxHbSRSwXU6SJB5uBTD",
            "1JCMryeXT9Q1sJRJnPLjhNk5K3EXrCmQNv",
            "17wWBGGfLXQThhuiebzoLx2BpyVVZ8R7GA",
            "1EGKmaWoAJG4ebLaJZkZuvAgXtyaWHa7ZK",
            "1MHgafqSNUrxzASHwioGphqQhWNc2ZB4Kw",
            "1NLsn225JAUKSUGBk9NRmage62fAi8gQCU",
            "1FuCa33Ar1xzCF81YcGTS8V2FFuUjxX69r",
            "1CjPBTbkA759FdZ3FiBVMRT3qSUWeoC4XN",
            "1FjD86sDG3LqJLunb6SucVtY3uS6fiTT7u",
            "1NgiqGTEyG9zvHbepzxF7ZxRC2aqUA8UQi",
            "1KJzk3yYmGVqGghxq2AhikGRdLWvx62ZWn"
        ]
    },
    "fiat_value": {},
    "frozen_coins": {},
    "invoices": {},
    "keystore": {
        "derivation": "m",
        "pw_hash_version": 1,
        "root_fingerprint": "30847cd8",
        "seed": "minor zone pool awful remain combine more claw medal settle grace capable",
        "seed_type": "standard",
        "type": "bip32",
        "xprv": "xprv9s21ZrQH143K3BzWDnFxKioBwjpZTcBnXnerSkCN52R8gid5NCG7eE7gHMdKULH1sfTXpa5BUoCRJ1yd63WovgcYh43rcZ8BLSsVV3oohfC",
        "xpub": "xpub661MyMwAqRbcFg4yKonxgrjvVmf3s4udu1aTF8bydMx7ZWxDujaNC2SA8dFfjTfNACmoW2sd9UUDWsKjKz4nuCAq6PvNiFmCJESUxFMRh1B"
    },
    "labels": {},
    "payment_requests": {},
    "prevouts_by_scripthash": {},
    "seed_version": 50,
    "spent_outpoints": {},
    "transactions": {},
    "tx_fees": {},
    "txi": {},
    "txo": {},
    "use_encryption": false,
    "verified_tx3": {},
    "wallet_type": "standard"
}