{
    "addr_history": {
        "15qVtuCYA5jw4uMjfinpBLWnHGJM8ksDAS": [],
        "16V77DxnmvFeJU4Ynji1y9f7wddN4VUyca": [],
        "18qf62r9AcA8ex7aBLeam81VPYp2a3sfpm": [],
        "1Aeq21BwYgjSzBbtLzeKUnw5beqL3457Bo": [],
        "1AfkbxsUn7eHeubwyX85bQ6A6SXKM1bbuu": [],
        "1Btf9tiwCkzk9oeTHoJHCDJzxiq3qgEvVb": [],
        "1CJjuh6RNtvCkeecQEZBrQPLCP2Sa8neRH": [],
        "1CWaKL1iso1yFKN53rXZG1dAVoTrrQ5mVh": [],
        "1CimXNkfvH277xScEUrykj3oGwFTAdr8ah": [],
        "1DEtFiCsrjr57wkc4XsxJnAwJEeZZ7AVh": [],
        "1DTfdMMhnuVFseNHhpa47nY3cX7Adqxg2b": [],
        "1DsqsSsQayh5MRGCVEH28rt1yxP9AnWgXJ": [],
        "1FqBU2nT7FEdLkRgPwTXGafHs2r1koFLR5": [],
        "1GYNimLTzV5TJL4MjAxeUrritXF3RxmM7K": [],
        "1GuizvQTJ3cyGXwsy3PYzUx1wMgrM1fDXc": [],
        "1GzUGJ1Fn9txn4dbmiLDHY59Na8v9BNAkU": [],
        "1HWNddqbnQUtb7RB7s4psUp21VBpzooKDT": [],
        "1HbXZiGFa7eVVizpwo8vhZvTKpoi3gx3PF": [],
        "1JLcZwdLUKZzBqQeN1cEw1xcenUGvsmuoY": [],
        "1KbkStvT3G1Fda7sW2MgP6gXn22VVTqbhC": [],
        "1L2D1rER9CgKumQXpxoDu6azY5A32RFf5y": [],
        "1LJjJZmzAoY179BXjpsnU9vrfSqDdApvoR": [],
        "1MYVqHbPAquZGjfbA6DZdWsyJgY1bXAK1w": [],
        "1Mmf5RJBsq6FNVanj9J8bcBRDb8N1ByTZs": [],
        "1NXbrhe9NmeHXaQndZJje7VLFtAjXkSjkN": [],
        "1NbTkCUY32sAuWtaWFkDtF7o2xuJmxc2f8": [],
        "1Nj6AhpqHHnvqYpgc2WwfdHg9D4ambu9vQ": [],
        "1PwdV5shxNCiD1oHuNKBrnmSnjYNcL8RwV": [],
        "1Q5333gCVdPTXP1QdPxNsPewbkXFpq3F6j": [],
        "1VpfBg4BSz2FXYDCQFGAS8Tm2XGCxC4Jz": []
    },
    "addresses": {
        "change": [
            "1Btf9tiwCkzk9oeTHoJHCDJzxiq3qgEvVb",
            "1CWaKL1iso1yFKN53rXZG1dAVoTrrQ5mVh",
            "1Q5333gCVdPTXP1QdPxNsPewbkXFpq3F6j",
            "1Mmf5RJBsq6FNVanj9J8bcBRDb8N1ByTZs",
            "16V77DxnmvFeJU4Ynji1y9f7wddN4VUyca",
            "1GuizvQTJ3cyGXwsy3PYzUx1wMgrM1fDXc",
            "1PwdV5shxNCiD1oHuNKBrnmSnjYNcL8RwV",
            "1NXbrhe9NmeHXaQndZJje7VLFtAjXkSjkN",
            "1CJjuh6RNtvCkeecQEZBrQPLCP2Sa8neRH",
            "1GYNimLTzV5TJL4MjAxeUrritXF3RxmM7K"
        ],
        "receiving": [
            "1L2D1rER9CgKumQXpxoDu6azY5A32RFf5y",
            "1FqBU2nT7FEdLkRgPwTXGafHs2r1koFLR5",
            "1LJjJZmzAoY179BXjpsnU9vrfSqDdApvoR",
            "1MYVqHbPAquZGjfbA6DZdWsyJgY1bXAK1w",
            "15qVtuCYA5jw4uMjfinpBLWnHGJM8ksDAS",
            "1HWNddqbnQUtb7RB7s4psUp21VBpzooKDT",
            "1GzUGJ1Fn9txn4dbmiLDHY59Na8v9BNAkU",
            "1KbkStvT3G1Fda7sW2MgP6gXn22VVTqbhC",
            "18qf62r9AcA8ex7aBLeam81VPYp2a3sfpm",
            "1CimXNkfvH277xScEUrykj3oGwFTAdr8ah",
            "1DTfdMMhnuVFseNHhpa47nY3cX7Adqxg2b",
            "1Nj6AhpqHHnvqYpgc2WwfdHg9D4ambu9vQ",
            "1DEtFiCsrjr57wkc4XsxJnAwJEeZZ7AVh",
            "1JLcZwdLUKZzBqQeN1cEw1xcenUGvsmuoY",
            "1VpfBg4BSz2FXYDCQFGAS8Tm2XGCxC4Jz",
            "1DsqsSsQayh5MRGCVEH28rt1yxP9AnWgXJ",
            "1NbTkCUY32sAuWtaWFkDtF7o2xuJmxc2f8",
            "1AfkbxsUn7eHeubwyX85bQ6A6SXKM1bbuu",
            "1HbXZiGFa7eVVizpwo8vhZvTKpoi3gx3PF",
            "1Aeq21BwYgjSzBbtLzeKUnw5beqL3457Bo"
        ]
    },
    "fiat_value": {},
    "frozen_coins": {},
    "invoices": {},
    "keystore": {
        "derivation": "m",
        "pw_hash_version": 1,
        "root_fingerprint": "3e7389c2",
        "seed": "minor zone pool able remain combine what claw medal settle grace capable",
        "seed_type": "standard",
        "type": "bip32",
        "xprv": "xprv9s21ZrQH143K3vvvTdFetgPMqtCFk9v9g8Ay1xjh1i41rwj76miVJZBdaHhg4L5zo2XUtr5Xqfgmnqd8RbPnWksikAbkcwhu6YdtDryWXzX",
        "xpub": "xpub661MyMwAqRbcGR1PZenfFpL6Pv2k9ce13M6ZpM9Ja3azjk4FeK2jrMW7Ray9NtiDM9DS9Xq36AtmqWEXefZZQD5qcQLcJYRpmuupes66JnK"
    },
    "labels": {},
    "payment_requests": {},
    "prevouts_by_scripthash": {},
    "seed_version": 50,
    "spent_outpoints": {},
    "transactions": {},
    "tx_fees": {},
    "txi": {},
    "txo": {},
    "use_encryption": false,
    "verified_tx3": {},
    "wallet_type": "standard"
}