{
    "addr_history": {
        "13D8LwFj4Mc427jweFoPe6NLC3XoFDgpLF": [],
        "13Wy3dHUfiTecZ9uLeSDZAgeFLcTqu9ZkP": [],
        "14PUGp6WQgZLAgbNk1o1fCeRneYvnGhmdd": [],
        "14PWeRNWJMBy8KGNRkXtZPBm3cor65T6nn": [],
        "15hLW5MoNtBEU833FbZeQn4BeA7kuQ4C8D": [],
        "16J4XyX5EqMFENw67hv3NGFDyUyotZyaAB": [],
        "16sBpLPb5EomN554VRgmcGsVzEUQDXAN71": [],
        "17icV3qXRjJThHrnZi5M6MvWwto7GcKv8r": [],
        "17yKFedhnuB9FDiqGr6BZhM3F1xtTPTmMB": [],
        "185TJ7Y4mbqx3DCtZibugudnbQm6sK5cmW": [],
        "188AK8UrqWMPjHcuzURbGdvqGzTVHqbAS": [],
        "1ARNGQZa1eadjq5tQZ5bKVWWyxNYFBvNC1": [],
        "1BEVf3r29rSpfTA6qZnD4me3QwYQUzMduq": [],
        "1ByHu3bbM9riwWQnP4FXTtEnPvixE5Jkwb": [],
        "1CC71jbxQU5NEFRrdRg1qh9ugumZY12tgN": [],
        "1F3Y2Hbp9mZPaEyHTM6QPeFhKTQnusJS9f": [],
        "1F3mgGVmUwt2ebZXrR66rHnJ6c352D3LVc": [],
        "1FH4fJGwGEKeKbsg1aLkBCSmrrYbFCDsbN": [],
        "1Ggm6UtasD9vq2bT8SDghGDzYjYXudDSU": [],
        "1HD8PKA9JiyXw74UpWyWDqTGGgTG4PRH7A": [],
        "1HKsSWnWYKmGpavWMGPoYi5GNMGKXgYLoS": [],
        "1HYWcTtH1RWSW1ePtHp7coJiFumQG3VMUA": [],
        "1JLao8Xv2y8SHzm4bqZSfjMPQyFQexJPow": [],
        "1JfKfT343yEBK7NW87MjRXrscY7xxzn4pL": [],
        "1LtMoiLuHHzSWaGADDZzWr8ZA34Xh39E3U": [],
        "1NTQysuTYCt8sbaPGvDhgrVDVwFw9ADNAt": [],
        "1NagQEwFyo8L3vuz52a2qErLTA4CUE1Ftk": [],
        "1PQaqK18HioBYeyro5RqypBBnk76fFt1LH": [],
        "1Q2aSRMye3D5RJZxokqpDCLcbjLgZiWvvE": [],
        "1QnKN89fmYuqYctGFNHS8eAxy1ZYA881B": []
    },
    "addresses": {
        "change": [
            "1F3mgGVmUwt2ebZXrR66rHnJ6c352D3LVc",
            "15hLW5MoNtBEU833FbZeQn4BeA7kuQ4C8D",
            "1NTQysuTYCt8sbaPGvDhgrVDVwFw9ADNAt",
            "1ByHu3bbM9riwWQnP4FXTtEnPvixE5Jkwb",
            "17icV3qXRjJThHrnZi5M6MvWwto7GcKv8r",
            "1NagQEwFyo8L3vuz52a2qErLTA4CUE1Ftk",
            "1CC71jbxQU5NEFRrdRg1qh9ugumZY12tgN",
            "1BEVf3r29rSpfTA6qZnD4me3QwYQUzMduq",
            "1F3Y2Hbp9mZPaEyHTM6QPeFhKTQnusJS9f",
            "16J4XyX5EqMFENw67hv3NGFDyUyotZyaAB"
        ],
        "receiving": [
            "14PWeRNWJMBy8KGNRkXtZPBm3cor65T6nn",
            "1LtMoiLuHHzSWaGADDZzWr8ZA34Xh39E3U",
            "185TJ7Y4mbqx3DCtZibugudnbQm6sK5cmW",
            "16sBpLPb5EomN554VRgmcGsVzEUQDXAN71",
            "13D8LwFj4Mc427jweFoPe6NLC3XoFDgpLF",
            "13Wy3dHUfiTecZ9uLeSDZAgeFLcTqu9ZkP",
            "188AK8UrqWMPjHcuzURbGdvqGzTVHqbAS",
            "1QnKN89fmYuqYctGFNHS8eAxy1ZYA881B",
            "1Q2aSRMye3D5RJZxokqpDCLcbjLgZiWvvE",
            "1ARNGQZa1eadjq5tQZ5bKVWWyxNYFBvNC1",
            "1JfKfT343yEBK7NW87MjRXrscY7xxzn4pL",
            "1FH4fJGwGEKeKbsg1aLkBCSmrrYbFCDsbN",
            "1HKsSWnWYKmGpavWMGPoYi5GNMGKXgYLoS",
            "1PQaqK18HioBYeyro5RqypBBnk76fFt1LH",
            "1JLao8Xv2y8SHzm4bqZSfjMPQyFQexJPow",
            "1Ggm6UtasD9vq2bT8SDghGDzYjYXudDSU",
            "1HYWcTtH1RWSW1ePtHp7coJiFumQG3VMUA",
            "1HD8PKA9JiyXw74UpWyWDqTGGgTG4PRH7A",
            "17yKFedhnuB9FDiqGr6BZhM3F1xtTPTmMB",
            "14PUGp6WQgZLAgbNk1o1fCeRneYvnGhmdd"
        ]
    },
    "fiat_value": {},
    "frozen_coins": {},
    "invoices": {},
    "keystore": {
        "derivation": "m",
        "pw_hash_version": 1,
        "root_fingerprint": "57d8e143",
        "seed": "minor zone pool account remain combine page claw medal settle grace capable",
        "seed_type": "standard",
        "type": "bip32",
        "xprv": "xprv9s21ZrQH143K3aMyLgj7srVBBB1X61QRhQqTtMsTNAjsgUEq3TrQ3kLaYSTFnP7yUxCseR3Y4N1k84qnwCr9UaAr6Jv9QcAE6GhuDQHLGtc",
        "xpub": "xpub661MyMwAqRbcG4SSSiG8EzRujCr1VU8H4dm4gkH4vWGrZGZyb1AebYf4PkWmgSH1Lknbw4DkGjSmsQmA11gQjebsMWSyiqVELTsNGiutSS7"
    },
    "labels": {},
    "payment_requests": {},
    "prevouts_by_scripthash": {},
    "seed_version": 50,
    "spent_outpoints": {},
    "transactions": {},
    "tx_fees": {},
    "txi": {},
    "txo": {},
    "use_encryption": false,
    "verified_tx3": {},
    "wallet_type": "standard"
}