{
    "addr_history": {
        "124LZnMrMUhAdmQT9VXq14xfj2zcTwRfsy": [],
        "12puHMoq7s9HXeKgreHVKUnMKhvonfXcGo": [],
        "13ACGdgvUSHpmRfwcnwV4hUNEKaNNrdcKs": [],
        "13P8HXzXp2Nk6C4xJ465qnLqAXF6JUScwX": [],
        "14dLChTsGrwg99Udm3bwHfzfPQ3Ss9Fev4": [],
        "156vYs5zM5DHs4mNPzEH1r6iqYg1EpG9eg": [],
        "15BBr3gnid5TBrETsTboKynTKCmPChEhHw": [],
        "15QmXAuNb5NFG9Khf2GmGHvQbpi42YSpcx": [],
        "16e1oeCHkNsjvNyNdXhpSDVPKE71qDYueh": [],
        "16h4fMuGFwe8PAX2ZWJFZxA1tAfhWENnfp": [],
        "173fUnW5MCoGsBWCaj6eAbmfotf8GLKb1Y": [],
        "17a9Z1Aogx6JQ6XRqAEqmyuaCrEvh9wedb": [],
        "18QU7KAUaDyHsHq5PyHSCxFuetTN2f4RYP": [],
        "18iPNEH8oz5mESDweSxfTj9ZhkdYATAqJ5": [],
        "19dEtmtB21uaGnFqj6GGHndeneWzPnGTPA": [],
        "1AiegcTxNQZX9Q1dc7CLqV5FxTuWTsxR2J": [],
        "1BMgF6BEQeRAPNssbmSR1CabR17dH4e9dS": [],
        "1CeV5TBKmBcCVywg1j32GFyNdrXfCjHNDE": [],
        "1CyyPF6V37Cg91z3htRR1tFQwhVVSDy6iK": [],
        "1EARn2EMTM742B2bhcRD9hP2Gp2QoyywaM": [],
        "1F9GJZQxJtXgUkUZwYrGwsQv53597pAvjZ": [],
        "1FjaQHV9tUkc1iUhZox43iHKnf3GmTfpef": [],
        "1H9Yp3f1fpvP6pE5UwpkKW3fugwRZHCu63": [],
        "1HYMirtrnJ2q9wG1BKmrEZv9GFkbhifdfN": [],
        "1K7GtvMUeFUptDhUwNy6PgNbKtJWZgicSc": [],
        "1KHH9TGjeH5HwhivqHddGTMqPDzwohVKiJ": [],
        "1Nj29GBXLFrcEKzB22fDMikFZtt5eyjX52": [],
        "1PQuAW9QTJdSrDFntkCueRNELy7jcLezTd": [],
        "1QjRR5qzY1DLGTXW8wvwKgW9qUHcEJDWr": [],
        "1zd5pUTkdaVGnX3yQsk7jVuDFDBmqJ3Rs": []
    },
    "addresses": {
        "change": [
            "1CeV5TBKmBcCVywg1j32GFyNdrXfCjHNDE",
            "1H9Yp3f1fpvP6pE5UwpkKW3fugwRZHCu63",
            "15QmXAuNb5NFG9Khf2GmGHvQbpi42YSpcx",
            "18QU7KAUaDyHsHq5PyHSCxFuetTN2f4RYP",
            "1HYMirtrnJ2q9wG1BKmrEZv9GFkbhifdfN",
            "1AiegcTxNQZX9Q1dc7CLqV5FxTuWTsxR2J",
            "1QjRR5qzY1DLGTXW8wvwKgW9qUHcEJDWr",
            "1FjaQHV9tUkc1iUhZox43iHKnf3GmTfpef",
            "19dEtmtB21uaGnFqj6GGHndeneWzPnGTPA",
            "13P8HXzXp2Nk6C4xJ465qnLqAXF6JUScwX"
        ],
        "receiving": [
            "124LZnMrMUhAdmQT9VXq14xfj2zcTwRfsy",
            "14dLChTsGrwg99Udm3bwHfzfPQ3Ss9Fev4",
            "1CyyPF6V37Cg91z3htRR1tFQwhVVSDy6iK",
            "16h4fMuGFwe8PAX2ZWJFZxA1tAfhWENnfp",
            "13ACGdgvUSHpmRfwcnwV4hUNEKaNNrdcKs",
            "12puHMoq7s9HXeKgreHVKUnMKhvonfXcGo",
            "1K7GtvMUeFUptDhUwNy6PgNbKtJWZgicSc",
            "18iPNEH8oz5mESDweSxfTj9ZhkdYATAqJ5",
            "15BBr3gnid5TBrETsTboKynTKCmPChEhHw",
            "16e1oeCHkNsjvNyNdXhpSDVPKE71qDYueh",
            "1KHH9TGjeH5HwhivqHddGTMqPDzwohVKiJ",
            "1F9GJZQxJtXgUkUZwYrGwsQv53597pAvjZ",
            "1zd5pUTkdaVGnX3yQsk7jVuDFDBmqJ3Rs",
            "156vYs5zM5DHs4mNPzEH1r6iqYg1EpG9eg",
            "1Nj29GBXLFrcEKzB22fDMikFZtt5eyjX52",
            "17a9Z1Aogx6JQ6XRqAEqmyuaCrEvh9wedb",
            "1PQuAW9QTJdSrDFntkCueRNELy7jcLezTd",
            "1EARn2EMTM742B2bhcRD9hP2Gp2QoyywaM",
            "1BMgF6BEQeRAPNssbmSR1CabR17dH4e9dS",
            "173fUnW5MCoGsBWCaj6eAbmfotf8GLKb1Y"
        ]
    },
    "fiat_value": {},
    "frozen_coins": {},
    "invoices": {},
    "keystore": {
        "derivation": "m",
        "pw_hash_version": 1,
        "root_fingerprint": "8c1e5ddf",
        "seed": "minor zone pool able remain combine frozen claw medal settle grace capable",
        "seed_type": "standard",
        "type": "bip32",
        "xprv": "xprv9s21ZrQH143K2tAVTFoX7RaAW9NUwDwkFmfsHFVuYWXxJ5z5Ev2tFQHV3sqsVhmWP4XcvRTm42WkougMzj6xU5x6cEjQhwqAMZFE34q9JkP",
        "xpub": "xpub661MyMwAqRbcFNExZHLXUZWu4BCyLgfbczbU5duX6r4wAtKDnTM8oCbxu8ZmEZ5Lf5TCvDcTijfgQBFroY7UTaYGzPdjaXNANRnUY5Rn3xN"
    },
    "labels": {},
    "payment_requests": {},
    "prevouts_by_scripthash": {},
    "seed_version": 50,
    "spent_outpoints": {},
    "transactions": {},
    "tx_fees": {},
    "txi": {},
    "txo": {},
    "use_encryption": false,
    "verified_tx3": {},
    "wallet_type": "standard"
}