{
    "addr_history": {
        "116EY5Bb47nZe7sUTiBrPCUGDdFvB2osM9": [],
        "11wRjC9oZnkFQYXFrZjky62S6p7RetSKq": [],
        "133HVCpNBYsMJuSLzJqdEZ13YkFD6gJPcf": [],
        "18QJWH6ia15ow1JR7LUarAfaVrdvZEurzL": [],
        "18vGo8SRNu4mqJNJ9utQi4WS8D1tR42brc": [],
        "197x4ovviaS1M7mgw6CXajj4XGquEVYU7g": [],
        "19KxpaCJHfEBKRiZbFEGkq8ogXtWpqdixT": [],
        "1A4XUWAarb8yUiVG5coaoA4RT6UHHiTsir": [],
        "1AgFvoN7PJ6F7v6dpanktqMXQbvjc5sn9o": [],
        "1AwkvHankJdotZxEELR2PnMCFKYqcfvWEF": [],
        "1BMLzAWM2Zx6W7D6D9yVd3nhFUmUwaB76B": [],
        "1BuKdxk4ztfx8NFzx6W1TyuEhN9Jen89ky": [],
        "1CfPbM8gZ25mZnq46fSmLCyAXLgDiNnSxS": [],
        "1D9Jrdef7aaAZg9NDZfB4wSmEDcTcj8mZa": [],
        "1E6qpR9F9ahBuhQR6BuXVMPbc6xZACyYxT": [],
        "1FWz595ht8Nud5494pRZ8R8wtfDTXXDFfh": [],
        "1HUcgWTPZjWrdQKGGHZmm9gq8hnkEBJs1X": [],
        "1HWyxV3Ep39ZXhKmGfh3ixkgzubqiUpB3S": [],
        "1HcqD8kwDBN34kC6kNzKsQLxE5npCM6qL1": [],
        "1Hd88ZhfrEQJfqXThgJykPVX48HZpEkQiE": [],
        "1Jev96i6dFwxt4gTHtJ5p4gmGxwFnNyoMb": [],
        "1KakyPAooNsCn9j26gmsY4WbUMgixeznbF": [],
        "1LgFTDM6wfitnHxtEbLqCtHL2ByCXq69GL": [],
        "1Lj6mNJcSUMojdiDNqmfYcN5WFefBwm3e": [],
        "1NG46q6mi9tnfJQMrJeLd48E9WTqUMTko": [],
        "1NXUfUxhCXtqFbUACvZ84VSSz21aERxVsx": [],
        "1PHUQMrj4YnXur5M4JJbcLZ1FuoVsheV81": [],
        "1Pih8caAVyAhsPDNGpVhqoXCE4R2TvK5L9": [],
        "1QAKNmQmqbRkRdE6TGFAMxXwWSQLtJdvUv": [],
        "1nBauhquQmV2jS4kgAQCyqbTV6XpQ96eC": []
    },
    "addresses": {
        "change": [
            "197x4ovviaS1M7mgw6CXajj4XGquEVYU7g",
            "1Pih8caAVyAhsPDNGpVhqoXCE4R2TvK5L9",
            "1NXUfUxhCXtqFbUACvZ84VSSz21aERxVsx",
            "1NG46q6mi9tnfJQMrJeLd48E9WTqUMTko",
            "1A4XUWAarb8yUiVG5coaoA4RT6UHHiTsir",
            "11wRjC9oZnkFQYXFrZjky62S6p7RetSKq",
            "1QAKNmQmqbRkRdE6TGFAMxXwWSQLtJdvUv",
            "18QJWH6ia15ow1JR7LUarAfaVrdvZEurzL",
            "1D9Jrdef7aaAZg9NDZfB4wSmEDcTcj8mZa",
            "133HVCpNBYsMJuSLzJqdEZ13YkFD6gJPcf"
        ],
        "receiving": [
            "1nBauhquQmV2jS4kgAQCyqbTV6XpQ96eC",
            "1BMLzAWM2Zx6W7D6D9yVd3nhFUmUwaB76B",
            "19KxpaCJHfEBKRiZbFEGkq8ogXtWpqdixT",
            "1HcqD8kwDBN34kC6kNzKsQLxE5npCM6qL1",
            "1FWz595ht8Nud5494pRZ8R8wtfDTXXDFfh",
            "1Hd88ZhfrEQJfqXThgJykPVX48HZpEkQiE",
            "18vGo8SRNu4mqJNJ9utQi4WS8D1tR42brc",
            "1PHUQMrj4YnXur5M4JJbcLZ1FuoVsheV81",
            "1Lj6mNJcSUMojdiDNqmfYcN5WFefBwm3e",
            "1E6qpR9F9ahBuhQR6BuXVMPbc6xZACyYxT",
            "1HWyxV3Ep39ZXhKmGfh3ixkgzubqiUpB3S",
            "1Jev96i6dFwxt4gTHtJ5p4gmGxwFnNyoMb",
            "1AwkvHankJdotZxEELR2PnMCFKYqcfvWEF",
            "1BuKdxk4ztfx8NFzx6W1TyuEhN9Jen89ky",
            "1HUcgWTPZjWrdQKGGHZmm9gq8hnkEBJs1X",
            "1KakyPAooNsCn9j26gmsY4WbUMgixeznbF",
            "1AgFvoN7PJ6F7v6dpanktqMXQbvjc5sn9o",
            "1CfPbM8gZ25mZnq46fSmLCyAXLgDiNnSxS",
            "1LgFTDM6wfitnHxtEbLqCtHL2ByCXq69GL",
            "116EY5Bb47nZe7sUTiBrPCUGDdFvB2osM9"
        ]
    },
    "fiat_value": {},
    "frozen_coins": {},
    "invoices": {},
    "keystore": {
        "derivation": "m",
        "pw_hash_version": 1,
        "root_fingerprint": "c452e9d6",
        "seed": "minor zone pool alter remain combine melt claw medal settle grace capable",
        "seed_type": "standard",
        "type": "bip32",
        "xprv": "xprv9s21ZrQH143K3CgLPp9qxFEAi62L77MMnREzXVQmptj2WKYS2TK1bWmpy6HEuFA36TLiqfcANhjeBVqKutSbNQuHjcgD13aJ4pEtu7iQoeV",
        "xpub": "xpub661MyMwAqRbcFgkoVqgrKPAuG7rpWa5D9eAbKspPPEG1P7saZzdG9K6JpP3dFQseX4fmnDySfT9RfVUDs1Whe9B7pWiqrhne1eX4S1VYNJF"
    },
    "labels": {},
    "payment_requests": {},
    "prevouts_by_scripthash": {},
    "seed_version": 50,
    "spent_outpoints": {},
    "transactions": {},
    "tx_fees": {},
    "txi": {},
    "txo": {},
    "use_encryption": false,
    "verified_tx3": {},
    "wallet_type": "standard"
}