{
    "addr_history": {
        "114JMcPw4NK1wB6EacccbcCyG1HwukiBW6": [],
        "125qfsMAFpyhKCgnHPLes2MbcdiJeeTGxS": [],
        "12VmNTEZ1FJZbG5BumTN5NdSXmMtv4N7XP": [],
        "13WRrJBpR4rDEut1gB9JQ1HbZpZooMGSp2": [],
        "13fyKChniieQdzJbK6JYAnphCf83RnoP8c": [],
        "154hYCjhrxntLfCHyHnmxbBGkWWp38gkk1": [],
        "15FQZrZ3uRUWYo2Px11PQZmnqZEVtvSYt4": [],
        "16C4aspHY5GVHeuuXwqs5gSLmh77ddeTAY": [],
        "188kQMjeHfWq5qFitWma1Ya9NWqspUutDu": [],
        "19rPMeCwiBaCBed9UQDYA7nd7FqnwnwNtv": [],
        "19zLpZWA9gEAZ3wXC1NZyB6wnS4S7qE4Yt": [],
        "1A9ixDCFPimwfsjh9CqqcDUnqCGLAMaWt4": [],
        "1BXw6qiEvdFv8cwXp2KGTfFTa3LojVy94J": [],
        "1CbTgPqHgGgJCvL1Ur9kQPE6JV6iqDV51j": [],
        "1CksMbqLQWM5uNW3qbV21an9pX9NMW62G": [],
        "1DDzu36y9Q7T8FcEPxq8YQuefQFfmAcKHR": [],
        "1E6YTXmWQi1fwefbtDBR4zCC8u8dGKcmQi": [],
        "1ES7k8QfhKbLb6zTrqokKza51iUc3we6v7": [],
        "1FRKMSvtLDyLE6U7ChYKHs1sUawEdMMGQH": [],
        "1FZwxuqLpgK841tSKgTLGZt91TRpTwdifs": [],
        "1G1XkGxUBy5E6D9RHQqV8DgPpChPnDiB7f": [],
        "1HcJjkyPak4ek9z8VpHrDzJ3cX2bjYBxix": [],
        "1Hp4gtCaLS9LaomRguD7hMQ9VKjnPbqYCc": [],
        "1JtfPZ2eGzFykyJW9qqv9pXRwrSzWuW4hY": [],
        "1KkJYdDP2ARDPNyreA2KbNvRboUApbwdoC": [],
        "1KzsE3Y7nkakPDtdHue2PVMjwW8wpV9Feu": [],
        "1MZd88fpFRPnWxhPw7gjkAD9C8t7dbVtM9": [],
        "1Mqra2AdBmJZ5RshynbFuvzsiX8pCPhbWi": [],
        "1N5ckgmAw7DvFMQYStC4VUGnYixA5TvLto": [],
        "1PBJRC8ShJnqQKVT4rayqevr7oN1zkRzZa": []
    },
    "addresses": {
        "change": [
            "1A9ixDCFPimwfsjh9CqqcDUnqCGLAMaWt4",
            "1G1XkGxUBy5E6D9RHQqV8DgPpChPnDiB7f",
            "1Hp4gtCaLS9LaomRguD7hMQ9VKjnPbqYCc",
            "12VmNTEZ1FJZbG5BumTN5NdSXmMtv4N7XP",
            "1KkJYdDP2ARDPNyreA2KbNvRboUApbwdoC",
            "1E6YTXmWQi1fwefbtDBR4zCC8u8dGKcmQi",
            "1FZwxuqLpgK841tSKgTLGZt91TRpTwdifs",
            "1DDzu36y9Q7T8FcEPxq8YQuefQFfmAcKHR",
            "188kQMjeHfWq5qFitWma1Ya9NWqspUutDu",
            "19rPMeCwiBaCBed9UQDYA7nd7FqnwnwNtv"
        ],
        "receiving": [
            "1CbTgPqHgGgJCvL1Ur9kQPE6JV6iqDV51j",
            "1HcJjkyPak4ek9z8VpHrDzJ3cX2bjYBxix",
            "16C4aspHY5GVHeuuXwqs5gSLmh77ddeTAY",
            "114JMcPw4NK1wB6EacccbcCyG1HwukiBW6",
            "1ES7k8QfhKbLb6zTrqokKza51iUc3we6v7",
            "154hYCjhrxntLfCHyHnmxbBGkWWp38gkk1",
            "13fyKChniieQdzJbK6JYAnphCf83RnoP8c",
            "19zLpZWA9gEAZ3wXC1NZyB6wnS4S7qE4Yt",
            "1PBJRC8ShJnqQKVT4rayqevr7oN1zkRzZa",
            "1JtfPZ2eGzFykyJW9qqv9pXRwrSzWuW4hY",
            "1KzsE3Y7nkakPDtdHue2PVMjwW8wpV9Feu",
            "1MZd88fpFRPnWxhPw7gjkAD9C8t7dbVtM9",
            "1FRKMSvtLDyLE6U7ChYKHs1sUawEdMMGQH",
            "1BXw6qiEvdFv8cwXp2KGTfFTa3LojVy94J",
            "15FQZrZ3uRUWYo2Px11PQZmnqZEVtvSYt4",
            "1CksMbqLQWM5uNW3qbV21an9pX9NMW62G",
            "13WRrJBpR4rDEut1gB9JQ1HbZpZooMGSp2",
            "1N5ckgmAw7DvFMQYStC4VUGnYixA5TvLto",
            "125qfsMAFpyhKCgnHPLes2MbcdiJeeTGxS",
            "1Mqra2AdBmJZ5RshynbFuvzsiX8pCPhbWi"
        ]
    },
    "fiat_value": {},
    "frozen_coins": {},
    "invoices": {},
    "keystore": {
        "derivation": "m",
        "pw_hash_version": 1,
        "root_fingerprint": "d4d41ce6",
        "seed": "minor zone pool april remain combine please claw medal settle grace capable",
        "seed_type": "standard",
        "type": "bip32",
        "xprv": "xprv9s21ZrQH143K2J4a7dSiVzPHkYWFrooxzD86ycqwn5REGKA4D1nxQ4QKn5qcfGfcvA3RfocSagh7hjBQNeef67ARAAwAW2e5qjbFkP5Upcd",
        "xpub": "xpub661MyMwAqRbcEn93Deyis8L2JaLkGGXpMS3hn1FZLQxD97VCkZ7CwriodMLvhhyFbGHDnazzdRHgWWTrP9F4dvcv9aLK7A5x8bCYhb4b22B"
    },
    "labels": {},
    "payment_requests": {},
    "prevouts_by_scripthash": {},
    "seed_version": 50,
    "spent_outpoints": {},
    "transactions": {},
    "tx_fees": {},
    "txi": {},
    "txo": {},
    "use_encryption": false,
    "verified_tx3": {},
    "wallet_type": "standard"
}