{
    "addr_history": {
        "12BPbjwzQPW8uFcVoCwHXGpQBuJnX2LAoi": [],
        "13o2uFU4EDG79ivxFL8mfhhLgzw9rvBXZb": [],
        "149HXuKwVuQFBex55JsVTkXjVNBoUptFnv": [],
        "14RLPbVpJyYCg5DKjpfAtQ5yspznZXgMRW": [],
        "14coDsKn6x58esLxRqgKU3aoHfL9GUmJ8a": [],
        "14kYPWUubtTUhC5GCKin4C7f26C8JK3Pf8": [],
        "168FwXWV3br1Wt1K4uGBj7XM33vwTgkkK8": [],
        "16HdXzyqQGKtmydzGL43WggWazPa39qLCG": [],
        "16qHHH9Ad9FPVsJ5gpPCKkrwp7V6FQWSVa": [],
        "17559HzTqDkkaJuz5torWPfmeyBLK4KqWA": [],
        "19esWnsiWk8ZiB8Mu44t1nprW7WfhVXFsr": [],
        "1A8zunuk2o7ghUiQMbozuY1mGGnXAwzYte": [],
        "1AAFAwibiWYH98dqMiggFi99yARqgWCsXN": [],
        "1Azii9RmbZeYGW7UR8A1NvHiNzLMwinEVX": [],
        "1CNqgMkeKmCttqrSvrgd5roSbowtEBNwuA": [],
        "1EDTEWw1FPaaFjs6owj8meXtoUrYdDJiLX": [],
        "1FhcrsTPafpeBEBKuSVdd8rL8h8u7uGiGK": [],
        "1HEEsCFXaJ1iMP2VuCAvdbg6Rd2sjsS9d3": [],
        "1J4Hz5CKkJjVdXS3abNxTEA9kHTczt4zdk": [],
        "1J8ukjquwNc1jVmU9pzfn9TKEXMH3RpMkX": [],
        "1KEisDmLHeZYJkcKA5K8YKroV5YHJhjZWi": [],
        "1KMQXWyQqcu37gru8DS4kgKZTNFHEpLHtX": [],
        "1KWfr9eUgFCeQ4zEwryYqjoJuAbFHzoVLg": [],
        "1KYQ4uBQjpQcxC693zvNRW6Xk7mq1FxsBR": [],
        "1KrwJ3ZmRwHp8saBawPJK22CNo3tKjfqUB": [],
        "1LCdCGpgnXrh653Zw5PENy7hTtAvjWZkeh": [],
        "1LhPEa8kzw2o9rfTqFRCeSRyt9UsFeJ3ay": [],
        "1PiYtQEPhLewLSDMdca1yMPZTivKszYU3n": [],
        "1YsrjhQ6JXd6ZUYFmMFVYkB76AurwjEY5": [],
        "1uoinC8sXpyWmxVbTTa49wNXt8yPnXenD": []
    },
    "addresses": {
        "change": [
            "17559HzTqDkkaJuz5torWPfmeyBLK4KqWA",
            "13o2uFU4EDG79ivxFL8mfhhLgzw9rvBXZb",
            "12BPbjwzQPW8uFcVoCwHXGpQBuJnX2LAoi",
            "1KrwJ3ZmRwHp8saBawPJK22CNo3tKjfqUB",
            "1EDTEWw1FPaaFjs6owj8meXtoUrYdDJiLX",
            "1J4Hz5CKkJjVdXS3abNxTEA9kHTczt4zdk",
            "14coDsKn6x58esLxRqgKU3aoHfL9GUmJ8a",
            "1J8ukjquwNc1jVmU9pzfn9TKEXMH3RpMkX",
            "1uoinC8sXpyWmxVbTTa49wNXt8yPnXenD",
            "1LhPEa8kzw2o9rfTqFRCeSRyt9UsFeJ3ay"
        ],
        "receiving": [
            "14RLPbVpJyYCg5DKjpfAtQ5yspznZXgMRW",
            "1FhcrsTPafpeBEBKuSVdd8rL8h8u7uGiGK",
            "1PiYtQEPhLewLSDMdca1yMPZTivKszYU3n",
            "1Azii9RmbZeYGW7UR8A1NvHiNzLMwinEVX",
            "1CNqgMkeKmCttqrSvrgd5roSbowtEBNwuA",
            "1KWfr9eUgFCeQ4zEwryYqjoJuAbFHzoVLg",
            "1AAFAwibiWYH98dqMiggFi99yARqgWCsXN",
            "14kYPWUubtTUhC5GCKin4C7f26C8JK3Pf8",
            "1HEEsCFXaJ1iMP2VuCAvdbg6Rd2sjsS9d3",
            "16qHHH9Ad9FPVsJ5gpPCKkrwp7V6FQWSVa",
            "1A8zunuk2o7ghUiQMbozuY1mGGnXAwzYte",
            "168FwXWV3br1Wt1K4uGBj7XM33vwTgkkK8",
            "149HXuKwVuQFBex55JsVTkXjVNBoUptFnv",
            "1KMQXWyQqcu37gru8DS4kgKZTNFHEpLHtX",
            "16HdXzyqQGKtmydzGL43WggWazPa39qLCG",
            "1KYQ4uBQjpQcxC693zvNRW6Xk7mq1FxsBR",
            "1LCdCGpgnXrh653Zw5PENy7hTtAvjWZkeh",
            "1YsrjhQ6JXd6ZUYFmMFVYkB76AurwjEY5",
            "1KEisDmLHeZYJkcKA5K8YKroV5YHJhjZWi",
            "19esWnsiWk8ZiB8Mu44t1nprW7WfhVXFsr"
        ]
    },
    "fiat_value": {},
    "frozen_coins": {},
    "invoices": {},
    "keystore": {
        "derivation": "m",
        "pw_hash_version": 1,
        "root_fingerprint": "ebd51e0e",
        "seed": "minor zone pool acid remain combine bitter claw medal settle grace capable",
        "seed_type": "standard",
        "type": "bip32",
        "xprv": "xprv9s21ZrQH143K4acrcFtxeBSG3aYhj2amvV6wAhpRSihMh2Qu54t7fbw1ZtpawhgHea87jnwjQPZ1fiAf9NCRU8cjoQ99sGaWbu5WYXMCrcM",
        "xpub": "xpub661MyMwAqRbcH4hKiHRy1KNzbcPC8VJdHi2Xy6E314ELZpk3ccCNDQFVR9nHFDA9NWKM2YmieG73XowAZwdtPStbpYyReHLY6NTSf6o5qso"
    },
    "labels": {},
    "payment_requests": {},
    "prevouts_by_scripthash": {},
    "seed_version": 50,
    "spent_outpoints": {},
    "transactions": {},
    "tx_fees": {},
    "txi": {},
    "txo": {},
    "use_encryption": false,
    "verified_tx3": {},
    "wallet_type": "standard"
}