{
    "addr_history": {
        "138gNzcdehKSNLAgm31kDDKfL3TeoUYLku": [],
        "13ymhjNS6t2e6CTUHF12DwrJ9SkMrJhLzo": [],
        "14ppvHmPwiqsiDoaisX4SAegsJei7KP2eZ": [],
        "15UPeAvEm9JiPkQVKLN44uTTh3kGYnpX5A": [],
        "186oLLXQafsX9LMeLZS4CTXLekG8FEcEin": [],
        "18aaYEn6zbPTTT9BmEHXGNee3rnYoMdYhQ": [],
        "195P8jobMF6Gek9HwPUTpPpj49YpwFrLh2": [],
        "19C98ELrAtd7Nod2R8sqkLdXBY84GdistE": [],
        "19yrUqEX57kaepwBzF8MYHsmBES4BmkVS1": [],
        "1AaEfKaeHL9D92Vo9b1qsUY6HwazjAUeTA": [],
        "1Ao2uN86st6QxU1wwiSLhS8RjFAaeLzjQE": [],
        "1B7PG2cuhAHCJxGP25TWv1d8dVnQpPkHD1": [],
        "1CoqfUT2Y6hsiwSex8D8HrAEzJJKkVTQZd": [],
        "1EayTjSnTBKiVQL8Eg5egAoKaT1fHHaA7b": [],
        "1EnGdVqYZnQoCvLLXWhqqf1c82PrvT1QcQ": [],
        "1FLPURC8QGvQgogUfRiYKfAkkPVsCVsu2k": [],
        "1FPHkmAe4R9abATRX8s4BNhoXQ7yMZsbCE": [],
        "1FvyDnCQ2pf7YbVm3PfxAdpLEo8rtSiQVq": [],
        "1GL8ERhFvXLkGy8JdPMbnvT1ioNtTP4Nnq": [],
        "1J3hoyZ57YUNh967MvgTdppayUWoCtnsFF": [],
        "1JztybjGdkZ5mW3N25FbscP8cN6Ze8yWFH": [],
        "1LA2Y9VVJ4KQJWjvWAk6c47GqL4VdPRpDY": [],
        "1LWQ9NXPKcQmhNLrzmbbr8Z9GoXq3JxEDB": [],
        "1LcyrfVAp5stU3gMmAVgY1ecgY3AmyTNQ7": [],
        "1PBNuTzHgzHHyaR4unCbQJztVYUbBBYfLv": [],
        "1PC23UdGf937PywQQ3PCHrCjvbPStkj636": [],
        "1PsJqkDDCFLYQcktKj5YzuS9RfeJrGk5kv": [],
        "1PsN9fuTFjogwBHEahiAy46BwogEJvahXL": [],
        "1cb1GugYonnELDEaBnkXogECfEKWDWfec": [],
        "1jXnXEsU38ZCNimY1geLDg9wKh5vYTeS4": []
    },
    "addresses": {
        "change": [
            "1LWQ9NXPKcQmhNLrzmbbr8Z9GoXq3JxEDB",
            "1AaEfKaeHL9D92Vo9b1qsUY6HwazjAUeTA",
            "1JztybjGdkZ5mW3N25FbscP8cN6Ze8yWFH",
            "1GL8ERhFvXLkGy8JdPMbnvT1ioNtTP4Nnq",
            "1cb1GugYonnELDEaBnkXogECfEKWDWfec",
            "1EnGdVqYZnQoCvLLXWhqqf1c82PrvT1QcQ",
            "1EayTjSnTBKiVQL8Eg5egAoKaT1fHHaA7b",
            "1LA2Y9VVJ4KQJWjvWAk6c47GqL4VdPRpDY",
            "195P8jobMF6Gek9HwPUTpPpj49YpwFrLh2",
            "1jXnXEsU38ZCNimY1geLDg9wKh5vYTeS4"
        ],
        "receiving": [
            "18aaYEn6zbPTTT9BmEHXGNee3rnYoMdYhQ",
            "1FvyDnCQ2pf7YbVm3PfxAdpLEo8rtSiQVq",
            "13ymhjNS6t2e6CTUHF12DwrJ9SkMrJhLzo",
            "186oLLXQafsX9LMeLZS4CTXLekG8FEcEin",
            "1FPHkmAe4R9abATRX8s4BNhoXQ7yMZsbCE",
            "19C98ELrAtd7Nod2R8sqkLdXBY84GdistE",
            "138gNzcdehKSNLAgm31kDDKfL3TeoUYLku",
            "19yrUqEX57kaepwBzF8MYHsmBES4BmkVS1",
            "1CoqfUT2Y6hsiwSex8D8HrAEzJJKkVTQZd",
            "1PC23UdGf937PywQQ3PCHrCjvbPStkj636",
            "1PBNuTzHgzHHyaR4unCbQJztVYUbBBYfLv",
            "1FLPURC8QGvQgogUfRiYKfAkkPVsCVsu2k",
            "1LcyrfVAp5stU3gMmAVgY1ecgY3AmyTNQ7",
            "1B7PG2cuhAHCJxGP25TWv1d8dVnQpPkHD1",
            "1J3hoyZ57YUNh967MvgTdppayUWoCtnsFF",
            "1Ao2uN86st6QxU1wwiSLhS8RjFAaeLzjQE",
            "15UPeAvEm9JiPkQVKLN44uTTh3kGYnpX5A",
            "14ppvHmPwiqsiDoaisX4SAegsJei7KP2eZ",
            "1PsJqkDDCFLYQcktKj5YzuS9RfeJrGk5kv",
            "1PsN9fuTFjogwBHEahiAy46BwogEJvahXL"
        ]
    },
    "fiat_value": {},
    "frozen_coins": {},
    "invoices": {},
    "keystore": {
        "derivation": "m",
        "pw_hash_version": 1,
        "root_fingerprint": "f999fb0a",
        "seed": "minor zone pool awake remain combine twin claw medal settle grace capable",
        "seed_type": "standard",
        "type": "bip32",
        "xprv": "xprv9s21ZrQH143K3rZ27qynSJFwJjwtNkKbZvQN8XR12M3h9dyeh1ZJNJpj9PiSoGbw46WvgunuEtzaLcktm5WvrR1VwvmMqLnSZXi5F8obNjP",
        "xpub": "xpub661MyMwAqRbcGLdVDsWnoSCfrmnNnD3Sw9Kxvupcagag2SJoEYsYv79CzgTiqaBszHJixdYwKVXSK5WN1kEkyVcDq2bHhUNUcagiEGY7WnZ"
    },
    "labels": {},
    "payment_requests": {},
    "prevouts_by_scripthash": {},
    "seed_version": 50,
    "spent_outpoints": {},
    "transactions": {},
    "tx_fees": {},
    "txi": {},
    "txo": {},
    "use_encryption": false,
    "verified_tx3": {},
    "wallet_type": "standard"
}