{
    "addr_history": {
        "12TApAUDvgoYMjdXsbtxFkbm9wuA2PW7Um": [],
        "12bwRamMgg6RdRpQTUpZa4dyL2wttD8e3A": [],
        "13UVkySD2iAwTw94ZhDLwSCwhrTtZLbUJL": [],
        "13e5HepN7si2M4iJ4657V56qW4yfp1r1hR": [],
        "14Covo9RioK1Vrzk9pqzubPcERUxNxvXKV": [],
        "14mnnbPEJ6e1p97NMP2rkLxMTtNwxAZrVG": [],
        "14pdFPzQo1z67c2uwSnEap9RtqKU6xaezK": [],
        "15pBkjue44GsKtHKjZgEYidPysWsqE4kzW": [],
        "15w4DiPgPSQ8DsEdjYhq8ZZosjztpY6FzA": [],
        "16PhCWeToDUouVAcaP6hdDnBgxgWLRDJwR": [],
        "17yH46fGk785L2J1Y1MJpFJJjahfomsQpq": [],
        "19QYFjFhBrMdU2jeWhmTnVDhvVUmDDmUQx": [],
        "19jJab89UfSYPL7UaKQwp39fxnSJ3mFcte": [],
        "1AmrKmj21aL7oQP6iqjLYQjkjwBaXXxcYW": [],
        "1Aq5mMxQV4v1TsU69Gj3neCYfJqFBhAVuk": [],
        "1BeQV5JDtcmVr7Pi8Sg3V7FX6cp8vnY92i": [],
        "1Ben35qNTFtpm5zXY8TggEoLsAMJ3d9bqa": [],
        "1D5kGueZwm1qpUQd8rwzeQW2obRYs6uFk3": [],
        "1D6Xem7XEz586oN3gahroPubcHMoo27W7m": [],
        "1FD3kz7TjBXQdQLFS8YJmAqZRawqvQ1E6i": [],
        "1Fm9EnbUb9CkanWxi6kAcHoAySaeB2f4YQ": [],
        "1G63UXRNwtJXPU3JucvNedgRZFBJTUkFmW": [],
        "1HCJ8en3TurdD52dBWDtC83u3UJ3TgoSPG": [],
        "1J42ZTntzkGp11iyLDcYLrkHmeSZoSgUhp": [],
        "1JLUWp9zu2RcCu1HHiVqoETRgSRZPjwu7e": [],
        "1LeptmH4YeANa4qJzjhoUv2jS2WVmRGwrw": [],
        "1MD64hKp9jVHCZ91b2vakxaJPs9GEgeCq4": [],
        "1MKRC7Y5HJPPSGw2jbbe6ZGWLg2RmJiMno": [],
        "1PFJKtBGKky11w4k8oTehc5JBvCSHt64Mi": [],
        "1QCnok2oyejgWVXeJ7aihaAG8fn5ReG9Hs": []
    },
    "addresses": {
        "change": [
            "1AmrKmj21aL7oQP6iqjLYQjkjwBaXXxcYW",
            "15pBkjue44GsKtHKjZgEYidPysWsqE4kzW",
            "1JLUWp9zu2RcCu1HHiVqoETRgSRZPjwu7e",
            "14mnnbPEJ6e1p97NMP2rkLxMTtNwxAZrVG",
            "19jJab89UfSYPL7UaKQwp39fxnSJ3mFcte",
            "13UVkySD2iAwTw94ZhDLwSCwhrTtZLbUJL",
            "1D6Xem7XEz586oN3gahroPubcHMoo27W7m",
            "16PhCWeToDUouVAcaP6hdDnBgxgWLRDJwR",
            "1LeptmH4YeANa4qJzjhoUv2jS2WVmRGwrw",
            "1HCJ8en3TurdD52dBWDtC83u3UJ3TgoSPG"
        ],
        "receiving": [
            "1D5kGueZwm1qpUQd8rwzeQW2obRYs6uFk3",
            "1PFJKtBGKky11w4k8oTehc5JBvCSHt64Mi",
            "1MKRC7Y5HJPPSGw2jbbe6ZGWLg2RmJiMno",
            "1Aq5mMxQV4v1TsU69Gj3neCYfJqFBhAVuk",
            "1Fm9EnbUb9CkanWxi6kAcHoAySaeB2f4YQ",
            "1FD3kz7TjBXQdQLFS8YJmAqZRawqvQ1E6i",
            "1J42ZTntzkGp11iyLDcYLrkHmeSZoSgUhp",
            "1BeQV5JDtcmVr7Pi8Sg3V7FX6cp8vnY92i",
            "1G63UXRNwtJXPU3JucvNedgRZFBJTUkFmW",
            "1QCnok2oyejgWVXeJ7aihaAG8fn5ReG9Hs",
            "1Ben35qNTFtpm5zXY8TggEoLsAMJ3d9bqa",
            "12TApAUDvgoYMjdXsbtxFkbm9wuA2PW7Um",
            "17yH46fGk785L2J1Y1MJpFJJjahfomsQpq",
            "13e5HepN7si2M4iJ4657V56qW4yfp1r1hR",
            "19QYFjFhBrMdU2jeWhmTnVDhvVUmDDmUQx",
            "15w4DiPgPSQ8DsEdjYhq8ZZosjztpY6FzA",
            "12bwRamMgg6RdRpQTUpZa4dyL2wttD8e3A",
            "1MD64hKp9jVHCZ91b2vakxaJPs9GEgeCq4",
            "14Covo9RioK1Vrzk9pqzubPcERUxNxvXKV",
            "14pdFPzQo1z67c2uwSnEap9RtqKU6xaezK"
        ]
    },
    "fiat_value": {},
    "frozen_coins": {},
    "invoices": {},
    "keystore": {
        "derivation": "m",
        "pw_hash_version": 1,
        "root_fingerprint": "45e1c8b0",
        "seed": "minor zone pool aim remain combine crouch claw medal settle grace capable",
        "seed_type": "standard",
        "type": "bip32",
        "xprv": "xprv9s21ZrQH143K46XvST81cJALCoR2ruJtbgyFvGuSwcozYsPE5YaF51V7cENXY4aBhCVaga4trkL3TjcDpUSrqZnArUG2RdcsDkfjKmcc5EY",
        "xpub": "xpub661MyMwAqRbcGacPYUf1yS74kqFXGN2jxutrifK4VxLyRfiNd5tVcoobTVE1vsEACPW8QgRvjCoXU6FKUoRLCcVb5q1PX5bNMkNroVByo35"
    },
    "labels": {},
    "payment_requests": {},
    "prevouts_by_scripthash": {},
    "seed_version": 50,
    "spent_outpoints": {},
    "transactions": {},
    "tx_fees": {},
    "txi": {},
    "txo": {},
    "use_encryption": false,
    "verified_tx3": {},
    "wallet_type": "standard"
}