{
    "addr_history": {
        "129rwXQBU1NwCJC3oEuVz9rsobpmKHrdU1": [],
        "12BKCaRfntqrpkdwJyMqt5Xi644r4k3nEA": [],
        "12SrPqiumEJpoebo4hbg3f3CuuF4RhEk7r": [],
        "13ibZHkSdDDgxVnEnbwRBmoDD9dujt5eSW": [],
        "14AqdzELa6dsjYSfXEgLNLaju37FfMbS3K": [],
        "15eHdEaKSui8Ehax4phu8FBpWiPta66SvD": [],
        "16wofm25zUDRyKTa1CzLZpBEwAq69aJuvV": [],
        "17hdzAi21n3L6FZeMstKP5wLzJYkN1ii5Q": [],
        "17jrtq3t5BwTW7rfRmTFvFyZCJRQMBdQSg": [],
        "18Mgu6a3nFGgPAGkB5N4BThixkoxSSWqYH": [],
        "19X3fSqYD5oQf8AKX2iVWtYCFGJUjLh4yL": [],
        "1Bg7uKMM1y4ixeLv3LVfWz7a9mV7NcqUXL": [],
        "1BjrSazTiqYxv9JpmR4PBFU2kwggfNeiHp": [],
        "1C6RDtjeXt3P8dL6UsBeNnVsDXMHhxrGqX": [],
        "1CEisjt17VJA5x5M7EKKGscpVCj1cPEuAA": [],
        "1CTzV3vhJw5CTj95fhCwdHTcBrwkVntrAS": [],
        "1DDaNYtJYsvfHXQGgZcrCTkzLjUjyzSuxZ": [],
        "1DrFsmTKq2VvrbMXGeZUsNvkp9dhbABoJ2": [],
        "1HYoNoUWhMz5M5RDxnKFWVorz2YsbPaUKm": [],
        "1K35E2PzGBvBx7LTScNx5Y1dKoALBaPFRN": [],
        "1KVofDF7FKiSCaWfwsL9QoDdZtUSsZeKSZ": [],
        "1KaPSt439ZWBma2UUThqpkwAtdvbq4M77X": [],
        "1LdhFHjLPsERbP1VrmkDN92sBFc8PMvYqH": [],
        "1LnzDdsXYTBRhzJtAHRRiLudoNUgkfMHf9": [],
        "1MfWh5JiMagbSH7vkahEqam4rfmtmfra2t": [],
        "1NRK6nUNfcSPDe5b87cb5gz7qX6qHtmpXa": [],
        "1NjYiWUSw69d9JYvm11fiZu7poKpEk2nE9": [],
        "1PH6gGYWuNDtTNhZDHMPQa4Wd3Jynd72p7": [],
        "1PzwEiuqbJkih1wvh2LPTaRwCN5a19ynn4": [],
        "1cwC6cwsjJmFpzZVtF9h18zHqZyP77zVZ": []
    },
    "addresses": {
        "change": [
            "1KVofDF7FKiSCaWfwsL9QoDdZtUSsZeKSZ",
            "17jrtq3t5BwTW7rfRmTFvFyZCJRQMBdQSg",
            "15eHdEaKSui8Ehax4phu8FBpWiPta66SvD",
            "1DDaNYtJYsvfHXQGgZcrCTkzLjUjyzSuxZ",
            "1BjrSazTiqYxv9JpmR4PBFU2kwggfNeiHp",
            "1PH6gGYWuNDtTNhZDHMPQa4Wd3Jynd72p7",
            "1CEisjt17VJA5x5M7EKKGscpVCj1cPEuAA",
            "1NjYiWUSw69d9JYvm11fiZu7poKpEk2nE9",
            "1MfWh5JiMagbSH7vkahEqam4rfmtmfra2t",
            "1cwC6cwsjJmFpzZVtF9h18zHqZyP77zVZ"
        ],
        "receiving": [
            "1K35E2PzGBvBx7LTScNx5Y1dKoALBaPFRN",
            "129rwXQBU1NwCJC3oEuVz9rsobpmKHrdU1",
            "1NRK6nUNfcSPDe5b87cb5gz7qX6qHtmpXa",
            "12BKCaRfntqrpkdwJyMqt5Xi644r4k3nEA",
            "19X3fSqYD5oQf8AKX2iVWtYCFGJUjLh4yL",
            "14AqdzELa6dsjYSfXEgLNLaju37FfMbS3K",
            "1CTzV3vhJw5CTj95fhCwdHTcBrwkVntrAS",
            "1DrFsmTKq2VvrbMXGeZUsNvkp9dhbABoJ2",
            "13ibZHkSdDDgxVnEnbwRBmoDD9dujt5eSW",
            "1C6RDtjeXt3P8dL6UsBeNnVsDXMHhxrGqX",
            "1Bg7uKMM1y4ixeLv3LVfWz7a9mV7NcqUXL",
            "16wofm25zUDRyKTa1CzLZpBEwAq69aJuvV",
            "12SrPqiumEJpoebo4hbg3f3CuuF4RhEk7r",
            "1KaPSt439ZWBma2UUThqpkwAtdvbq4M77X",
            "17hdzAi21n3L6FZeMstKP5wLzJYkN1ii5Q",
            "18Mgu6a3nFGgPAGkB5N4BThixkoxSSWqYH",
            "1LdhFHjLPsERbP1VrmkDN92sBFc8PMvYqH",
            "1HYoNoUWhMz5M5RDxnKFWVorz2YsbPaUKm",
            "1LnzDdsXYTBRhzJtAHRRiLudoNUgkfMHf9",
            "1PzwEiuqbJkih1wvh2LPTaRwCN5a19ynn4"
        ]
    },
    "fiat_value": {},
    "frozen_coins": {},
    "invoices": {},
    "keystore": {
        "derivation": "m",
        "pw_hash_version": 1,
        "root_fingerprint": "4149f42b",
        "seed": "minor zone pool adapt remain combine behind claw medal settle grace capable",
        "seed_type": "standard",
        "type": "bip32",
        "xprv": "xprv9s21ZrQH143K2b2mEBQqf9GHumEcP6jbQPurHJqnzLJBPDjynBLTGkqq5bwfhuxByRgh6pcMq8dwS1uEfNSRKiTXKRMxMA7CiqWLC7PAR9e",
        "xpub": "xpub661MyMwAqRbcF57ELCwr2HD2To56nZTSmcqT5hFQYfqAG258KiehpZAJvspdcqZ28tuuGNUDeodATGsif6uhxJGJX3c6xcc3ETaayyqxYvc"
    },
    "labels": {},
    "payment_requests": {},
    "prevouts_by_scripthash": {},
    "seed_version": 50,
    "spent_outpoints": {},
    "transactions": {},
    "tx_fees": {},
    "txi": {},
    "txo": {},
    "use_encryption": false,
    "verified_tx3": {},
    "wallet_type": "standard"
}