{
    "addr_history": {
        "12fXHNe9rbSRjcbbchCDczqSZKkzs61XzR": [],
        "13Gg7sRcoB2FzXyJzo3geAKTYJ8jCgP9nK": [],
        "147sUn2bJmM7qi9UacCXmK3X8NiUxm7f3m": [],
        "177Nt8zsyYMHnz499F441J6FCXq5Dx61os": [],
        "17bofbXZybPJst7n4nD1hYvnYf8sZZ1sNj": [],
        "17mcMmXJCK6fa63LG6octmQqqSPLhEhXMf": [],
        "17xkYAa3da8fqA2mXFLgo9fknMLDXyUuHA": [],
        "19mDbrkCB9djcZQqFnsudNBtgZby2C34zT": [],
        "19nbN7B21qYG8bMk55qMpDFTwphKi5oz6e": [],
        "1AKbfzunH7qWgY9QMHyRUWbqWGczgWLJbk": [],
        "1AQgRcvs6qXa94J1TpKi8g1eBAMm6rML27": [],
        "1Aibieb4MRftWvutv71RBsYfj7ZkwsCXtk": [],
        "1AuEE3KGTxd1VuAb41WaHnMKcUykEJ1cj6": [],
        "1CxE83muRHPiFhB1Ys23UeXcAGUxSt3KKE": [],
        "1D37ifTjszUHWJnqkJjY9ooQ1f7sbro7h7": [],
        "1DL11wFcm7wwtjcPUYY4v8KX75gKbyu9dA": [],
        "1Dm57QSvComDBSJXJc84GxzcmhYi7L8Giy": [],
        "1F4arJXBXt1GkbC65wXSfpWcoZCSUcpbzK": [],
        "1FKnu2hEpVwrakyT8EdfEGpoz6XRhqtiUm": [],
        "1FV8ZvK28fyzWeuaZ63bkuhs8kXxk1kaQZ": [],
        "1G9dXTXrQBxw4rZgcrV4qjUJRQ52eZ2sNd": [],
        "1KkSWXBPcJGqERRjypNowNRGtjSJy6LCKQ": [],
        "1KxjRnQy7wSQ4FN3Z3HBq2tuwF4MUKDeQk": [],
        "1L9hfjEWtBanzrSa4M6Jx2P1Fhv6DRmQLk": [],
        "1Lf8BXvr4qh7BRLFEyFbZnbMrRomJ8buoN": [],
        "1NxiutSMFFYxrdMhhNTkT8fFwDwdzFptHB": [],
        "1Px4r9ssQTNF6zEkWeBpEeJ3cTW4cmBAXP": [],
        "1Q2DXvrdiZUyV3SGwfvP5VQDKbjFtSs8ig": [],
        "1ZLiaP5KwtGyCkqpdg7Csk7oknFruTfWp": [],
        "1dUSZSwAXMq6FyqGbeGGmuJZKLEpUrmrh": []
    },
    "addresses": {
        "change": [
            "1G9dXTXrQBxw4rZgcrV4qjUJRQ52eZ2sNd",
            "1Q2DXvrdiZUyV3SGwfvP5VQDKbjFtSs8ig",
            "19mDbrkCB9djcZQqFnsudNBtgZby2C34zT",
            "1NxiutSMFFYxrdMhhNTkT8fFwDwdzFptHB",
            "17mcMmXJCK6fa63LG6octmQqqSPLhEhXMf",
            "1dUSZSwAXMq6FyqGbeGGmuJZKLEpUrmrh",
            "1AQgRcvs6qXa94J1TpKi8g1eBAMm6rML27",
            "1FKnu2hEpVwrakyT8EdfEGpoz6XRhqtiUm",
            "147sUn2bJmM7qi9UacCXmK3X8NiUxm7f3m",
            "1Lf8BXvr4qh7BRLFEyFbZnbMrRomJ8buoN"
        ],
        "receiving": [
            "1AKbfzunH7qWgY9QMHyRUWbqWGczgWLJbk",
            "1Aibieb4MRftWvutv71RBsYfj7ZkwsCXtk",
            "177Nt8zsyYMHnz499F441J6FCXq5Dx61os",
            "1Dm57QSvComDBSJXJc84GxzcmhYi7L8Giy",
            "12fXHNe9rbSRjcbbchCDczqSZKkzs61XzR",
            "17xkYAa3da8fqA2mXFLgo9fknMLDXyUuHA",
            "1CxE83muRHPiFhB1Ys23UeXcAGUxSt3KKE",
            "1KxjRnQy7wSQ4FN3Z3HBq2tuwF4MUKDeQk",
            "13Gg7sRcoB2FzXyJzo3geAKTYJ8jCgP9nK",
            "1D37ifTjszUHWJnqkJjY9ooQ1f7sbro7h7",
            "1ZLiaP5KwtGyCkqpdg7Csk7oknFruTfWp",
            "1F4arJXBXt1GkbC65wXSfpWcoZCSUcpbzK",
            "1DL11wFcm7wwtjcPUYY4v8KX75gKbyu9dA",
            "19nbN7B21qYG8bMk55qMpDFTwphKi5oz6e",
            "1L9hfjEWtBanzrSa4M6Jx2P1Fhv6DRmQLk",
            "1FV8ZvK28fyzWeuaZ63bkuhs8kXxk1kaQZ",
            "1KkSWXBPcJGqERRjypNowNRGtjSJy6LCKQ",
            "1Px4r9ssQTNF6zEkWeBpEeJ3cTW4cmBAXP",
            "1AuEE3KGTxd1VuAb41WaHnMKcUykEJ1cj6",
            "17bofbXZybPJst7n4nD1hYvnYf8sZZ1sNj"
        ]
    },
    "fiat_value": {},
    "frozen_coins": {},
    "invoices": {},
    "keystore": {
        "derivation": "m",
        "pw_hash_version": 1,
        "root_fingerprint": "ce6bb23b",
        "seed": "minor zone pool artwork remain combine cover claw medal settle grace capable",
        "seed_type": "standard",
        "type": "bip32",
        "xprv": "xprv9s21ZrQH143K3AKS8snEBUgoTQkFXW1nUCAXPVmvQCiXmxKBiDbihAaHevFzmGNTubbfhhWwZHYN3tcCsc5cnU2KTY5ujZEuxxrFAtBcyiF",
        "xpub": "xpub661MyMwAqRbcFePuEuKEYcdY1SajvxjdqR68BtBXxYFWekeLFkuyExtmWALpQ37Psox91wPVK4bxjzZrxjr1zKC7bUVGCzmbkmvJKfZwmHC"
    },
    "labels": {},
    "payment_requests": {},
    "prevouts_by_scripthash": {},
    "seed_version": 50,
    "spent_outpoints": {},
    "transactions": {},
    "tx_fees": {},
    "txi": {},
    "txo": {},
    "use_encryption": false,
    "verified_tx3": {},
    "wallet_type": "standard"
}