{
    "addr_history": {
        "12dnJbLy546hGaJgGG8Eyvh8RzJhNCJSPH": [],
        "131jUUA1mEjXbqyNmCBh3NEai3V4kREaXS": [],
        "132EAXRKnNcRNpWtCsUZrU4snucgJiuTRf": [],
        "13UGMP8S3XBEshTNB8juvumLhFsmMV5TYy": [],
        "149mVKxUFKzAyaQbdmKFB4R2QxFYJDPY91": [],
        "14fXAg22VEGq7Q8zftfKyHKhqCCMzB6X38": [],
        "15W9CvTHefW2fTdW1KpyynCEASsKV2tYHf": [],
        "15pwmfPcYQFhGAwdqH6NjzfnHEAZmbwdTJ": [],
        "15yHf65ec7p1fmFzjnrFt4oLSkLsssktB7": [],
        "17HGzL63mg5zQZd5oYHwzHEZRkn3nGrCgD": [],
        "17MxXL4gTvshs4bDKYBzQMX9JKQqwHtVCf": [],
        "17SDt5BbqQoFxmHdAhY49k8PN3CnWNpioU": [],
        "17rFt2GgMHmf6Ljd63voGBvX9bFcSfpJoz": [],
        "192z4ePtmftWsDmL1cqETo9jH3dTFf4RhS": [],
        "196akxoJedoqvo5qsbMFhocfVVTYsyZvWE": [],
        "19SUpAhu5RZZ2WyaHcGAbiandW4gG41fXb": [],
        "1APjTPaa2YoBHnGnZ3cck5GNWb2yXGBUxa": [],
        "1BbctHzmQEiEe73C2ksd1tSwgq8Ch52ay6": [],
        "1BnEmYnPnN46znVeKQnQgdTKeRcHNFjoZ7": [],
        "1DX3vBssVgi9YVZ7xvSQTKRmxvU8b7fuY1": [],
        "1G8Kjc19NUaYCCH3wH8U3H5J8vjDibhSBa": [],
        "1HJR59Za2gRcHkk82xy4aNoH62xPhr5jGF": [],
        "1HXnzbTdxmMzXhfnoKVH5BDctFqq78vnVR": [],
        "1JcNv98W6BZZbgvuTuE4Ygg7AaM89BdkNU": [],
        "1KxuBx9wJQHjJHEsf6FDst31VtBhgi3VZj": [],
        "1LXyhLnUegNUZzV55EHXNviJSUQ7eoF1a5": [],
        "1PLDxuMaFtxVL5M4FapMUn112zL6Du52RS": [],
        "1PVreSB1veiadPwXrqX2ADR7Lde2Fb5xi8": [],
        "1PyryyC6FCnENmGNmq6kmJxebCSEMTo1FB": [],
        "1QFnMN5hFHo1pTUrAKurAX1DB4sZE4adRJ": []
    },
    "addresses": {
        "change": [
            "15yHf65ec7p1fmFzjnrFt4oLSkLsssktB7",
            "13UGMP8S3XBEshTNB8juvumLhFsmMV5TYy",
            "1KxuBx9wJQHjJHEsf6FDst31VtBhgi3VZj",
            "132EAXRKnNcRNpWtCsUZrU4snucgJiuTRf",
            "196akxoJedoqvo5qsbMFhocfVVTYsyZvWE",
            "19SUpAhu5RZZ2WyaHcGAbiandW4gG41fXb",
            "17rFt2GgMHmf6Ljd63voGBvX9bFcSfpJoz",
            "1APjTPaa2YoBHnGnZ3cck5GNWb2yXGBUxa",
            "15W9CvTHefW2fTdW1KpyynCEASsKV2tYHf",
            "17HGzL63mg5zQZd5oYHwzHEZRkn3nGrCgD"
        ],
        "receiving": [
            "1DX3vBssVgi9YVZ7xvSQTKRmxvU8b7fuY1",
            "1BbctHzmQEiEe73C2ksd1tSwgq8Ch52ay6",
            "192z4ePtmftWsDmL1cqETo9jH3dTFf4RhS",
            "1HXnzbTdxmMzXhfnoKVH5BDctFqq78vnVR",
            "15pwmfPcYQFhGAwdqH6NjzfnHEAZmbwdTJ",
            "1PyryyC6FCnENmGNmq6kmJxebCSEMTo1FB",
            "1BnEmYnPnN46znVeKQnQgdTKeRcHNFjoZ7",
            "1LXyhLnUegNUZzV55EHXNviJSUQ7eoF1a5",
            "17MxXL4gTvshs4bDKYBzQMX9JKQqwHtVCf",
            "1QFnMN5hFHo1pTUrAKurAX1DB4sZE4adRJ",
            "12dnJbLy546hGaJgGG8Eyvh8RzJhNCJSPH",
            "149mVKxUFKzAyaQbdmKFB4R2QxFYJDPY91",
            "14fXAg22VEGq7Q8zftfKyHKhqCCMzB6X38",
            "1JcNv98W6BZZbgvuTuE4Ygg7AaM89BdkNU",
            "17SDt5BbqQoFxmHdAhY49k8PN3CnWNpioU",
            "1PVreSB1veiadPwXrqX2ADR7Lde2Fb5xi8",
            "1G8Kjc19NUaYCCH3wH8U3H5J8vjDibhSBa",
            "1PLDxuMaFtxVL5M4FapMUn112zL6Du52RS",
            "131jUUA1mEjXbqyNmCBh3NEai3V4kREaXS",
            "1HJR59Za2gRcHkk82xy4aNoH62xPhr5jGF"
        ]
    },
    "fiat_value": {},
    "frozen_coins": {},
    "invoices": {},
    "keystore": {
        "derivation": "m",
        "pw_hash_version": 1,
        "root_fingerprint": "22bb5a1c",
        "seed": "minor zone pool april remain combine hover claw medal settle grace capable",
        "seed_type": "standard",
        "type": "bip32",
        "xprv": "xprv9s21ZrQH143K2gENZHHoHVfLTtuejZCw5LaznKYFd6dEvFWFdTmG4dsCE6L43F4x5897gFysbSotdWnXbWdJ2Gi1VvTFvNjPZPaKePQz2jt",
        "xpub": "xpub661MyMwAqRbcFAJqfJpoedc51vk991vnSZWbahwsBSADo3qQB15WcSBg5MU7EmFochLQCC5P3SSaKKQZutCZUaabYtfRPcWKqLYH5CCc4TV"
    },
    "labels": {},
    "payment_requests": {},
    "prevouts_by_scripthash": {},
    "seed_version": 50,
    "spent_outpoints": {},
    "transactions": {},
    "tx_fees": {},
    "txi": {},
    "txo": {},
    "use_encryption": false,
    "verified_tx3": {},
    "wallet_type": "standard"
}