{
    "addr_history": {
        "12iYSVf5FNZ2hhLgmnh7PWYWpKxntRDSLs": [],
        "13EKdXbA6c3b85Y4Ew5Qcr7RvVLxcAGzDZ": [],
        "13K7gXBuZbuabwmfxBjd2ZyxyHnUMbAJc9": [],
        "13xPjH5rMCignboXtKzydeWuyUyN4tJuZC": [],
        "15zPW7ojje5YKhpENuyYCDfPsUv94mYNNH": [],
        "16vkc5yeRh1atYBqNssVWtUtiqCNTTZYo6": [],
        "17JiS6GEvp2aWusoxn7PkJJ28ToZPLpGT6": [],
        "18AvxTzboFXKEUQLsfuKuTfLexePNkPyVc": [],
        "18BS2AV4WgZVcaqhkedipU4swdf1vrugxW": [],
        "18QF79mMZLi21e2y2bv9Cngycd6rHwwXMN": [],
        "18TTMtuU2dsPEWa2Rsczenb4KCNkWrgYmT": [],
        "18sBe4vqf4ymwxRy5KGtdZrB9f8YrHnbAW": [],
        "1A49cFxopKhiRUDkZ7MANpUbiM4XvKvrTd": [],
        "1AdbCMLB975iLoN9S6CB6KpmCAEjVobg5p": [],
        "1B32w4PYQdeJABZDvFGovrtfKuwapA5BLy": [],
        "1BSCMgkFJanUiRWiojy3yfnnjVCCLuvYe8": [],
        "1BgFVhFcH8h2r3SLdATk5MMJ7WYQfWC6pw": [],
        "1BzbJNe32gTSEcoZLsAWnHXEsFYshp4KdQ": [],
        "1DrRUXEDYLbube5j41ymAah8Ac6tbuzCCZ": [],
        "1FAjL2vEsm1ZnHzujF2BqbdmwjFQSFp7mW": [],
        "1J4BMtHGzqtCzJ4nhb9Z8RrBLKnYRX74KQ": [],
        "1JGCgfMV78fwQX3iGNrVbKR9zNxMscAt24": [],
        "1JnTcFCSLdBF42QCUcBPyAsJnAxBfQFrUH": [],
        "1JyyfDr4ucBTugs8rKFCsi8uZAksv1WgwQ": [],
        "1KvcMLUjFfSybxszpaLmpBnQiHnxcdnFqJ": [],
        "1MTBmBTNQX3qDwJVryRQ27mZ2u9F8XucEs": [],
        "1MkJr9kZwcubK1YwgXmPH5y4CdT9D4hTAq": [],
        "1NRxYBB3aQSdY2nVkeLsXVamRNSg1QWkRP": [],
        "1PWKzv58pb3d2CTabF6R3tcydBieC3AbQr": [],
        "1PgwoKvuCar9r2vLpEHwB4vnRNgcdnAUC1": []
    },
    "addresses": {
        "change": [
            "1MTBmBTNQX3qDwJVryRQ27mZ2u9F8XucEs",
            "1J4BMtHGzqtCzJ4nhb9Z8RrBLKnYRX74KQ",
            "18AvxTzboFXKEUQLsfuKuTfLexePNkPyVc",
            "18BS2AV4WgZVcaqhkedipU4swdf1vrugxW",
            "1JGCgfMV78fwQX3iGNrVbKR9zNxMscAt24",
            "1BgFVhFcH8h2r3SLdATk5MMJ7WYQfWC6pw",
            "1BzbJNe32gTSEcoZLsAWnHXEsFYshp4KdQ",
            "17JiS6GEvp2aWusoxn7PkJJ28ToZPLpGT6",
            "13xPjH5rMCignboXtKzydeWuyUyN4tJuZC",
            "1PgwoKvuCar9r2vLpEHwB4vnRNgcdnAUC1"
        ],
        "receiving": [
            "1NRxYBB3aQSdY2nVkeLsXVamRNSg1QWkRP",
            "18TTMtuU2dsPEWa2Rsczenb4KCNkWrgYmT",
            "1KvcMLUjFfSybxszpaLmpBnQiHnxcdnFqJ",
            "18QF79mMZLi21e2y2bv9Cngycd6rHwwXMN",
            "1AdbCMLB975iLoN9S6CB6KpmCAEjVobg5p",
            "1MkJr9kZwcubK1YwgXmPH5y4CdT9D4hTAq",
            "1BSCMgkFJanUiRWiojy3yfnnjVCCLuvYe8",
            "1DrRUXEDYLbube5j41ymAah8Ac6tbuzCCZ",
            "1PWKzv58pb3d2CTabF6R3tcydBieC3AbQr",
            "1FAjL2vEsm1ZnHzujF2BqbdmwjFQSFp7mW",
            "13K7gXBuZbuabwmfxBjd2ZyxyHnUMbAJc9",
            "16vkc5yeRh1atYBqNssVWtUtiqCNTTZYo6",
            "1A49cFxopKhiRUDkZ7MANpUbiM4XvKvrTd",
            "12iYSVf5FNZ2hhLgmnh7PWYWpKxntRDSLs",
            "18sBe4vqf4ymwxRy5KGtdZrB9f8YrHnbAW",
            "1JnTcFCSLdBF42QCUcBPyAsJnAxBfQFrUH",
            "15zPW7ojje5YKhpENuyYCDfPsUv94mYNNH",
            "1B32w4PYQdeJABZDvFGovrtfKuwapA5BLy",
            "13EKdXbA6c3b85Y4Ew5Qcr7RvVLxcAGzDZ",
            "1JyyfDr4ucBTugs8rKFCsi8uZAksv1WgwQ"
        ]
    },
    "fiat_value": {},
    "frozen_coins": {},
    "invoices": {},
    "keystore": {
        "derivation": "m",
        "pw_hash_version": 1,
        "root_fingerprint": "8d17876b",
        "seed": "minor zone pool avoid remain combine cruel claw medal settle grace capable",
        "seed_type": "standard",
        "type": "bip32",
        "xprv": "xprv9s21ZrQH143K3RjvAjvsY88PqyHKLbC7NgA6Ri3W4dGrJnDYbx6f7oGdvevmib9yjNMhamnKJ5NC7UyHrjDKCRbtoTFDP45uDqJmZLkwZiP",
        "xpub": "xpub661MyMwAqRbcFupPGmTsuG58Q17ok3uxju5hE6T7cxoqBaYh9VQufbb7mtQNgoTyBQuvoiGLEYxdDXXbz7EVsLTM7DhRmJ8h4Miq1ky8VF4"
    },
    "labels": {},
    "payment_requests": {},
    "prevouts_by_scripthash": {},
    "seed_version": 50,
    "spent_outpoints": {},
    "transactions": {},
    "tx_fees": {},
    "txi": {},
    "txo": {},
    "use_encryption": false,
    "verified_tx3": {},
    "wallet_type": "standard"
}