{
    "addr_history": {
        "13vwkE7JchrXUMpobmK24qhPKKfV7kTk6i": [],
        "142nKCwjGDwZ3vzXH3bY4wbKFnYsL5YpZZ": [],
        "144d82NvENvhstf3NHi1cyuygXgKodkL2e": [],
        "14smDXoEqnJCMQdeF9CSVsHp6XhzEWR5Ln": [],
        "156A1QAZReJLyqZwoxd6JKdneKAKyvztiS": [],
        "15Egm29nzn864zpzNnrkm7mYZFo2xuWpb6": [],
        "15SGUVA2DSbooyLJkU6UyUz41Jie2XKp8H": [],
        "15WE6qsBgg7b1qtQdVVhH5RHYSGZMvWDQa": [],
        "15fbJ2HAFJNo1FzX7bU85ZPpkxxNCggURr": [],
        "15kNJw3jM5cXHYkHVmDU2MDjy91ALZ5WFc": [],
        "1863F3U1cRQPYVXhYzjsAoGY9skDahHb1H": [],
        "18h1pUknJXPvtuTc1PW7WiEMQsoMzxiq6K": [],
        "18r5W7oxWfGLx7sYkvyhivTgmfT53XRSV2": [],
        "19qyFftmdeWG8gCW5NZQ2vVEdtiyibLuDU": [],
        "1A9EJB3unjLRQrYmd1g6bXtRQU2n9pEUp": [],
        "1DPbQGsudAfX8BNZz3UgyXXAnsNB8ZorEJ": [],
        "1Ep3y5EwYm8BNuqdVwK7u57gHeLecDPG4L": [],
        "1GGF5fXo8G9FMmCub5jX6LaEACzGcWjBhv": [],
        "1GGhDtNKAYHbPxWRN5SnY4tPCVUmvadGvp": [],
        "1GcCEnPc9wRKQhZURjqTQ61R1PZhGK8KWA": [],
        "1HAKbonFQ4z1jBJ5EzC8fJRp869ptzubno": [],
        "1HDof6WEUaGCFPiPEpo19QoqNpFhKhVcGM": [],
        "1JhJQN5sQsRFdHHfbBq56NKrDKF73mYCSt": [],
        "1K2KDcC7wZUNCexyksizwouMfQEtVpV9Lw": [],
        "1KtvZdzDgLqv7FhameVYHRoJv4PfmVjkSS": [],
        "1NKsu9vdM97GbgLL1uuqWn48VCbW9pgVmM": [],
        "1Na2C4AjUcAtHygDRfixZeX712z7hxqB1M": [],
        "1P9N8p111MKy3a7efSnRuBHrjDTMNpC4b4": [],
        "1PsnEfbzVU1eiPyS6wfZoF2fgL1BdUgzb9": [],
        "1ixuFVEfsVHM9sEs4pSBwH4aw3Vek4aVA": []
    },
    "addresses": {
        "change": [
            "1A9EJB3unjLRQrYmd1g6bXtRQU2n9pEUp",
            "1NKsu9vdM97GbgLL1uuqWn48VCbW9pgVmM",
            "1GcCEnPc9wRKQhZURjqTQ61R1PZhGK8KWA",
            "15WE6qsBgg7b1qtQdVVhH5RHYSGZMvWDQa",
            "1P9N8p111MKy3a7efSnRuBHrjDTMNpC4b4",
            "1Ep3y5EwYm8BNuqdVwK7u57gHeLecDPG4L",
            "1GGhDtNKAYHbPxWRN5SnY4tPCVUmvadGvp",
            "1Na2C4AjUcAtHygDRfixZeX712z7hxqB1M",
            "18r5W7oxWfGLx7sYkvyhivTgmfT53XRSV2",
            "1KtvZdzDgLqv7FhameVYHRoJv4PfmVjkSS"
        ],
        "receiving": [
            "1DPbQGsudAfX8BNZz3UgyXXAnsNB8ZorEJ",
            "14smDXoEqnJCMQdeF9CSVsHp6XhzEWR5Ln",
            "1HDof6WEUaGCFPiPEpo19QoqNpFhKhVcGM",
            "1HAKbonFQ4z1jBJ5EzC8fJRp869ptzubno",
            "19qyFftmdeWG8gCW5NZQ2vVEdtiyibLuDU",
            "15SGUVA2DSbooyLJkU6UyUz41Jie2XKp8H",
            "1PsnEfbzVU1eiPyS6wfZoF2fgL1BdUgzb9",
            "1GGF5fXo8G9FMmCub5jX6LaEACzGcWjBhv",
            "1ixuFVEfsVHM9sEs4pSBwH4aw3Vek4aVA",
            "15Egm29nzn864zpzNnrkm7mYZFo2xuWpb6",
            "13vwkE7JchrXUMpobmK24qhPKKfV7kTk6i",
            "1JhJQN5sQsRFdHHfbBq56NKrDKF73mYCSt",
            "142nKCwjGDwZ3vzXH3bY4wbKFnYsL5YpZZ",
            "15fbJ2HAFJNo1FzX7bU85ZPpkxxNCggURr",
            "18h1pUknJXPvtuTc1PW7WiEMQsoMzxiq6K",
            "1863F3U1cRQPYVXhYzjsAoGY9skDahHb1H",
            "15kNJw3jM5cXHYkHVmDU2MDjy91ALZ5WFc",
            "1K2KDcC7wZUNCexyksizwouMfQEtVpV9Lw",
            "144d82NvENvhstf3NHi1cyuygXgKodkL2e",
            "156A1QAZReJLyqZwoxd6JKdneKAKyvztiS"
        ]
    },
    "fiat_value": {},
    "frozen_coins": {},
    "invoices": {},
    "keystore": {
        "derivation": "m",
        "pw_hash_version": 1,
        "root_fingerprint": "1a495206",
        "seed": "minor zone pool addict remain combine worry claw medal settle grace capable",
        "seed_type": "standard",
        "type": "bip32",
        "xprv": "xprv9s21ZrQH143K35ew9VEZSrgQsCtKYiP6zY5QR76Xo8ztpPL6hEHGN1ShhQRUCMou5agL29YFUUGqbi51Yhw3RLyLLMWrgrb7NfdmtQSWV2s",
        "xpub": "xpub661MyMwAqRbcFZjQFWmZozd9REioxB6xMm11DVW9MUXshBfFEmbWuomBYi8ne8bJiZuw416NCJpRCq4KrsPixsd8JTMLtCXXKk5H2yPGDrD"
    },
    "labels": {},
    "payment_requests": {},
    "prevouts_by_scripthash": {},
    "seed_version": 50,
    "spent_outpoints": {},
    "transactions": {},
    "tx_fees": {},
    "txi": {},
    "txo": {},
    "use_encryption": false,
    "verified_tx3": {},
    "wallet_type": "standard"
}