{
    "addr_history": {
        "124jJEB6sGvNzGSTx5JJJN368FGe5kUi7E": [],
        "133BSMN2MgoRH7nyjoS926gFXjU7s5wraN": [],
        "13PffRTSK9oWwqipZh7t3CcumhQX4zCg1x": [],
        "13py4FzqSonsDf6wHE3n8QsWqFjqiHf2bL": [],
        "13vXPmsEhUb6fVXP3NYXqrqH1JhaFruWC2": [],
        "13zexyyk3oEnLKZy65Vx6J7eVsw4CPcbMd": [],
        "15UREqv1zZnghSKYnt3a6utHch61FQK9Qf": [],
        "16G5NrVomfk7nvk2vnghfBERrspF61X6hv": [],
        "174YfjziTnwUUGuGedK2WFCqKQjn8Sjuxq": [],
        "1A4vuxLXUbUcn2TuD9KDcnLfb2rkCTgbQL": [],
        "1A6ZCuMLPDvMfdiy3mn7oG2yLdN2dj7DHG": [],
        "1Bfbtgi1J29E3NvhkrRRyYTiZb53ACYxWz": [],
        "1Bt4Y3nZdAePzxnqyPMXWGg67VLEJBCNyj": [],
        "1BzzeQPTr1zhKsCdBdnfmhwrLCT3HpTj1g": [],
        "1C1LePNEHBcHZ8DWpDc3nFwRxmACbVJnfC": [],
        "1EausWAuRFtwCuFLDqWWJdRTjKZbBZPty5": [],
        "1Eh3E7XmQBpHrWmfYqKCLZjkR6vLan7ZVc": [],
        "1EypL3N3WRw4oVDm3QhZfkRXKZBJ7F6YLt": [],
        "1GLpNkxAKmzaPPzckBWsnbR8z5NqsYomqP": [],
        "1GY6sgrRJFVnod5bFcdxxJZo3zANuXJ4HJ": [],
        "1GhJEr7JsiSfJG5RSgjZuK1gH2wsUNhDtP": [],
        "1JZHFAZgArGBCirecHHb6NgD2ZPQ6HNdrw": [],
        "1JkMxAfJYQREcWEN8PoVy4i1BZ8yrynDgY": [],
        "1Kh2rmmDhLjjDu8kuGiASjvAR6YSm1ALAf": [],
        "1KmBkpgPqC63oCp5DSQc3TdJNVxERyY1od": [],
        "1LM8tcWVYxEcDGMA2jXmZKcN5aiMEESnrx": [],
        "1LTCihrjhYg8t9EVEAZbMF2JaZBGAihmvk": [],
        "1NT8NN7dTursY7sPrwZLUqVrV8Q5bsJqVg": [],
        "1NcVuQMP8KGMCgmzBbWDYYoSEjidqfybwg": [],
        "1jmdZP1NbT4Yv8tvHYw73X8d3CPgkM3VA": []
    },
    "addresses": {
        "change": [
            "1LTCihrjhYg8t9EVEAZbMF2JaZBGAihmvk",
            "1NcVuQMP8KGMCgmzBbWDYYoSEjidqfybwg",
            "1JZHFAZgArGBCirecHHb6NgD2ZPQ6HNdrw",
            "15UREqv1zZnghSKYnt3a6utHch61FQK9Qf",
            "1C1LePNEHBcHZ8DWpDc3nFwRxmACbVJnfC",
            "1Bt4Y3nZdAePzxnqyPMXWGg67VLEJBCNyj",
            "13py4FzqSonsDf6wHE3n8QsWqFjqiHf2bL",
            "1Bfbtgi1J29E3NvhkrRRyYTiZb53ACYxWz",
            "1EypL3N3WRw4oVDm3QhZfkRXKZBJ7F6YLt",
            "1GLpNkxAKmzaPPzckBWsnbR8z5NqsYomqP"
        ],
        "receiving": [
            "13zexyyk3oEnLKZy65Vx6J7eVsw4CPcbMd",
            "1jmdZP1NbT4Yv8tvHYw73X8d3CPgkM3VA",
            "1BzzeQPTr1zhKsCdBdnfmhwrLCT3HpTj1g",
            "1A4vuxLXUbUcn2TuD9KDcnLfb2rkCTgbQL",
            "174YfjziTnwUUGuGedK2WFCqKQjn8Sjuxq",
            "1NT8NN7dTursY7sPrwZLUqVrV8Q5bsJqVg",
            "1Eh3E7XmQBpHrWmfYqKCLZjkR6vLan7ZVc",
            "1A6ZCuMLPDvMfdiy3mn7oG2yLdN2dj7DHG",
            "1Kh2rmmDhLjjDu8kuGiASjvAR6YSm1ALAf",
            "16G5NrVomfk7nvk2vnghfBERrspF61X6hv",
            "1GhJEr7JsiSfJG5RSgjZuK1gH2wsUNhDtP",
            "124jJEB6sGvNzGSTx5JJJN368FGe5kUi7E",
            "133BSMN2MgoRH7nyjoS926gFXjU7s5wraN",
            "1KmBkpgPqC63oCp5DSQc3TdJNVxERyY1od",
            "13vXPmsEhUb6fVXP3NYXqrqH1JhaFruWC2",
            "1LM8tcWVYxEcDGMA2jXmZKcN5aiMEESnrx",
            "1EausWAuRFtwCuFLDqWWJdRTjKZbBZPty5",
            "1GY6sgrRJFVnod5bFcdxxJZo3zANuXJ4HJ",
            "1JkMxAfJYQREcWEN8PoVy4i1BZ8yrynDgY",
            "13PffRTSK9oWwqipZh7t3CcumhQX4zCg1x"
        ]
    },
    "fiat_value": {},
    "frozen_coins": {},
    "invoices": {},
    "keystore": {
        "derivation": "m",
        "pw_hash_version": 1,
        "root_fingerprint": "f121b6aa",
        "seed": "minor zone pool agent remain combine tribe claw medal settle grace capable",
        "seed_type": "standard",
        "type": "bip32",
        "xprv": "xprv9s21ZrQH143K3Jeziay54om1faPEqMkEzfLRwgqgoNvWDxM5nTcBCq825gm9YScrTWUkHqeALStiQ9tubzv2nvHp5nhXi8DScztAyDDxYFM",
        "xpub": "xpub661MyMwAqRbcFnjTpcW5RwhkDcDjEpU6MtG2k5FJMiTV6kgEKzvRkdSVvzvWVW9jKUmg7y4QXaYC4g9cAph6GhhW3z3X4BWj44QoHbBYDZK"
    },
    "labels": {},
    "payment_requests": {},
    "prevouts_by_scripthash": {},
    "seed_version": 50,
    "spent_outpoints": {},
    "transactions": {},
    "tx_fees": {},
    "txi": {},
    "txo": {},
    "use_encryption": false,
    "verified_tx3": {},
    "wallet_type": "standard"
}