{
    "addr_history": {
        "13PmZE2jhqrRbm2PuwW4XFd72W9BRapyB1": [],
        "13UneRUJm3vkuPhgYLo6ZNohGjwvUszbZV": [],
        "19Sv4cFKgt59WcvK5pekXCLQFPefyNbc3H": [],
        "19uwCY3YYYrxZqaGkSwrB6trtRRkvNwa38": [],
        "1AA62bHBhC9qprbq5KvEU2CXMRhVLAmm1h": [],
        "1AropZbg2HhkVimE9TZ1Lz33PNEvN5VK82": [],
        "1C8C7cCphsSUPMjtJiE1uhHWpM5zBU4Jj6": [],
        "1CA6ieRgoCJLHYbQxXhmpu3DYtuc1zHXMU": [],
        "1CDKaWMiksygqQgZfdFZAQPuUELp5iPJqz": [],
        "1CghzGsKmJUmHW5kFFBcVyrCFJ8EKEynbe": [],
        "1Cs7eTioAiMepWmBw5DsDwfG7Hc4Exf4x6": [],
        "1DJ7nkDCyRXGqCRDQwEbsocVqtdLy3QhCq": [],
        "1DqfufBFAnxayLR8iRELxxG2v1rKWKdPKf": [],
        "1DyPxdgVptb6MGZhs1pLLPaEe9DBM5zz9A": [],
        "1EJqdEyAoJsXyMY8dNGm9PWjCyYc94etUT": [],
        "1EWD74MAnCUGKw2tHNBxwg8eoQHspmtrfD": [],
        "1F6uDPYyMivYfNBzt4aizx9jNaW48kQsvi": [],
        "1FpU9b941ahUwQefZegTMNED3hqywzZhS9": [],
        "1GtGMr8KCCiAHcZTYPvFtoyn5ZwRTwszwh": [],
        "1J5HzLiFwokHsThfYGJUVw6ZM1uVY12cKh": [],
        "1KR3QrzQ5riC3K5Wa2EEgHUFzQch3gHPRB": [],
        "1M1PUwJfh4ZGKVEUD53n94bjhmnMuyP58u": [],
        "1MLrwBdQ51xVkeFxj9bTMh8XJtq4jLmmSP": [],
        "1MSXtD79rBYBz8ck4kMiAmAA4Vwt3RUeNT": [],
        "1N5U8bspz55BNjTpaZYHf9M1m1pJnrGokh": [],
        "1NSGH5iWRh1sWRZVkQc9uXRapu6uNzgVMy": [],
        "1NkJR1sPja51KuxHnhWz6L38z6sfvtQ8st": [],
        "1PKbpXTjWCPyPHo7Jt3L2iTEw82LSsgkD8": [],
        "1PvewvUHegHMh9PB6PvxssSpP2grb6JWZN": [],
        "1gP7g3UkaYyoD94522vRe8f13nMeyYABJ": []
    },
    "addresses": {
        "change": [
            "1PKbpXTjWCPyPHo7Jt3L2iTEw82LSsgkD8",
            "1MSXtD79rBYBz8ck4kMiAmAA4Vwt3RUeNT",
            "13PmZE2jhqrRbm2PuwW4XFd72W9BRapyB1",
            "1J5HzLiFwokHsThfYGJUVw6ZM1uVY12cKh",
            "1NkJR1sPja51KuxHnhWz6L38z6sfvtQ8st",
            "1GtGMr8KCCiAHcZTYPvFtoyn5ZwRTwszwh",
            "1CA6ieRgoCJLHYbQxXhmpu3DYtuc1zHXMU",
            "1gP7g3UkaYyoD94522vRe8f13nMeyYABJ",
            "1F6uDPYyMivYfNBzt4aizx9jNaW48kQsvi",
            "1CghzGsKmJUmHW5kFFBcVyrCFJ8EKEynbe"
        ],
        "receiving": [
            "1AropZbg2HhkVimE9TZ1Lz33PNEvN5VK82",
            "1CDKaWMiksygqQgZfdFZAQPuUELp5iPJqz",
            "1FpU9b941ahUwQefZegTMNED3hqywzZhS9",
            "1PvewvUHegHMh9PB6PvxssSpP2grb6JWZN",
            "1Cs7eTioAiMepWmBw5DsDwfG7Hc4Exf4x6",
            "19Sv4cFKgt59WcvK5pekXCLQFPefyNbc3H",
            "1MLrwBdQ51xVkeFxj9bTMh8XJtq4jLmmSP",
            "1DJ7nkDCyRXGqCRDQwEbsocVqtdLy3QhCq",
            "1DqfufBFAnxayLR8iRELxxG2v1rKWKdPKf",
            "1N5U8bspz55BNjTpaZYHf9M1m1pJnrGokh",
            "1KR3QrzQ5riC3K5Wa2EEgHUFzQch3gHPRB",
            "1EWD74MAnCUGKw2tHNBxwg8eoQHspmtrfD",
            "1C8C7cCphsSUPMjtJiE1uhHWpM5zBU4Jj6",
            "1AA62bHBhC9qprbq5KvEU2CXMRhVLAmm1h",
            "19uwCY3YYYrxZqaGkSwrB6trtRRkvNwa38",
            "13UneRUJm3vkuPhgYLo6ZNohGjwvUszbZV",
            "1M1PUwJfh4ZGKVEUD53n94bjhmnMuyP58u",
            "1EJqdEyAoJsXyMY8dNGm9PWjCyYc94etUT",
            "1DyPxdgVptb6MGZhs1pLLPaEe9DBM5zz9A",
            "1NSGH5iWRh1sWRZVkQc9uXRapu6uNzgVMy"
        ]
    },
    "fiat_value": {},
    "frozen_coins": {},
    "invoices": {},
    "keystore": {
        "derivation": "m",
        "pw_hash_version": 1,
        "root_fingerprint": "afdc8ca9",
        "seed": "minor zone pool abstract remain combine panel claw medal settle grace capable",
        "seed_type": "standard",
        "type": "bip32",
        "xprv": "xprv9s21ZrQH143K27k2eToA44ChPvZbH9GtUggYAwir7uLMLxdHwMBKRvqD1TpATDCdcE4HQydd2GGV1baz1kENjADnwdd2uoW6SDsVUWTfwKJ",
        "xpub": "xpub661MyMwAqRbcEbpVkVLARC9RwxQ5gbzjquc8yL8TgEsLDkxSUtVZyj9grj3wFpk7m8KxGCu5tMNf93mYQKpYv8ULv88uhNJBsoPtqqY7f14"
    },
    "labels": {},
    "payment_requests": {},
    "prevouts_by_scripthash": {},
    "seed_version": 50,
    "spent_outpoints": {},
    "transactions": {},
    "tx_fees": {},
    "txi": {},
    "txo": {},
    "use_encryption": false,
    "verified_tx3": {},
    "wallet_type": "standard"
}