{
    "addr_history": {
        "12AAC53Fdm3BCkAYDSrcj5fCypUT3ShaoK": [],
        "12LKwGcPoeknxUbcJaGNkNnYySQeWo3hFs": [],
        "12wzP8rC2dVvR4bTusbnarSYSAJ6R9rHez": [],
        "142HsmUCTKFVYbiKo2S5TJo3dFnhu1qC2o": [],
        "14TAV5MWEM2m94YcuQ2VNMKhsp2bCAHnQp": [],
        "183juKso12X35zwdhQNqLsjVi1jFmPS5qu": [],
        "18sF5yoB9TZZx4dio2Hunz16axYT4wmS6V": [],
        "19S9t5araSrwfu7R4vPyM9eWEKnEkGC9vD": [],
        "19foFNVyPPASaRcn1Z9P9nhfjs5Fpytnny": [],
        "1Ahu9AUMLbvjF2iTvzfu17iQwDxvC8YBJD": [],
        "1B4ZbnU1K9KKmfVKkHgRK4ronKtTEyuYf4": [],
        "1BWu1Uz1qFfv17ejdRLVkyFoF7aebJbjrc": [],
        "1BZ9RebcZKPFkozzNa8CRP4rWPboz46jxa": [],
        "1Cvrm6pBAQqkixcbNikjmfrcyH4nqzfPtR": [],
        "1DLrZFFHBwm5fA3SjMLg9D4RVLJRGCH3x3": [],
        "1EtckZxW2kESbq9tWK9mjqX4t15AEZNXyM": [],
        "1F6qECJXMEaENu7B6dUk4LTJNhPij6wcu9": [],
        "1FdSaDxTNGibj2quY7YJ2pnvjdD5Sro38C": [],
        "1FjvS33bHYJUjT4aQiFAgx5MEXtCTN5EbS": [],
        "1HUCCN7BF4pS8QV6L2Mha4MBR2nMGyTgVR": [],
        "1HzS3N2RZGZFVNeutVhNVs9sxyeQjdY8WF": [],
        "1Kmk15VcfexzJcJQnNYHLWBA65rx4RCdfj": [],
        "1LTbmJF2LUU9hq6sKdMBLhUS6SKYb8Ctup": [],
        "1MPNgqapX8fqJdtq744icH95ALKFW7Q7ZY": [],
        "1MbohDExBYHsvYQpGZ43qPouyyV16AZKTH": [],
        "1NT6DkZm3cyTMN4TnZn2u63oNQJUChnEym": [],
        "1PBNsAEe5d2LRP3bvPeGrdyfbQtaPN4UDf": [],
        "1PCN1piSHhkdWKFRMLL6PmEZFHMMqHPect": [],
        "1Pcp7yTdJaTQhM5b6KQhZWt9ui3gBem3LX": [],
        "1Q4XDRHgHwpY6dD9JWwkAf6XYSc2h9YZ6w": []
    },
    "addresses": {
        "change": [
            "1FjvS33bHYJUjT4aQiFAgx5MEXtCTN5EbS",
            "1Cvrm6pBAQqkixcbNikjmfrcyH4nqzfPtR",
            "1PCN1piSHhkdWKFRMLL6PmEZFHMMqHPect",
            "1FdSaDxTNGibj2quY7YJ2pnvjdD5Sro38C",
            "1HUCCN7BF4pS8QV6L2Mha4MBR2nMGyTgVR",
            "14TAV5MWEM2m94YcuQ2VNMKhsp2bCAHnQp",
            "1BZ9RebcZKPFkozzNa8CRP4rWPboz46jxa",
            "1NT6DkZm3cyTMN4TnZn2u63oNQJUChnEym",
            "1Ahu9AUMLbvjF2iTvzfu17iQwDxvC8YBJD",
            "1Q4XDRHgHwpY6dD9JWwkAf6XYSc2h9YZ6w"
        ],
        "receiving": [
            "1PBNsAEe5d2LRP3bvPeGrdyfbQtaPN4UDf",
            "183juKso12X35zwdhQNqLsjVi1jFmPS5qu",
            "19foFNVyPPASaRcn1Z9P9nhfjs5Fpytnny",
            "12LKwGcPoeknxUbcJaGNkNnYySQeWo3hFs",
            "1F6qECJXMEaENu7B6dUk4LTJNhPij6wcu9",
            "1LTbmJF2LUU9hq6sKdMBLhUS6SKYb8Ctup",
            "1DLrZFFHBwm5fA3SjMLg9D4RVLJRGCH3x3",
            "12AAC53Fdm3BCkAYDSrcj5fCypUT3ShaoK",
            "1Kmk15VcfexzJcJQnNYHLWBA65rx4RCdfj",
            "1EtckZxW2kESbq9tWK9mjqX4t15AEZNXyM",
            "18sF5yoB9TZZx4dio2Hunz16axYT4wmS6V",
            "1B4ZbnU1K9KKmfVKkHgRK4ronKtTEyuYf4",
            "19S9t5araSrwfu7R4vPyM9eWEKnEkGC9vD",
            "1Pcp7yTdJaTQhM5b6KQhZWt9ui3gBem3LX",
            "142HsmUCTKFVYbiKo2S5TJo3dFnhu1qC2o",
            "1MPNgqapX8fqJdtq744icH95ALKFW7Q7ZY",
            "1HzS3N2RZGZFVNeutVhNVs9sxyeQjdY8WF",
            "1MbohDExBYHsvYQpGZ43qPouyyV16AZKTH",
            "1BWu1Uz1qFfv17ejdRLVkyFoF7aebJbjrc",
            "12wzP8rC2dVvR4bTusbnarSYSAJ6R9rHez"
        ]
    },
    "fiat_value": {},
    "frozen_coins": {},
    "invoices": {},
    "keystore": {
        "derivation": "m",
        "pw_hash_version": 1,
        "root_fingerprint": "0f7e9f2a",
        "seed": "minor zone pool again remain combine impulse claw medal settle grace capable",
        "seed_type": "standard",
        "type": "bip32",
        "xprv": "xprv9s21ZrQH143K3RfLHgW1U5JjEmUti6ME9fFjiibQ7qsRDY6XY8Picq4a8Dt3GshdcyCrgv9Fy7XXfTUaYNkRvLm3EW6FLkgJgQ2xwYbHfBQ",
        "xpub": "xpub661MyMwAqRbcFujoPi31qDFTnoKP7Z55WtBLX711gBQQ6LRg5fhyAdP3yU9Nw2WaNXiZUEKC95VWrKpfinhjTysXxTXz4dkekntWeZegadc"
    },
    "labels": {},
    "payment_requests": {},
    "prevouts_by_scripthash": {},
    "seed_version": 50,
    "spent_outpoints": {},
    "transactions": {},
    "tx_fees": {},
    "txi": {},
    "txo": {},
    "use_encryption": false,
    "verified_tx3": {},
    "wallet_type": "standard"
}