{
    "addr_history": {
        "133MaVKFL9B2oXAZnhMUPNzKa7zSPK8Wrn": [],
        "13S7Vwhtwu7E9xDmN3qrHgNgj5ncn5uRiY": [],
        "15LqPFAE6UpToxnJF2B4oR3Mp6kz1C9PyP": [],
        "1669PeH1Hc7tUq7W2jPm4emspdXaskd6CH": [],
        "16zAWLWqPt9nhiAXiWnMzLX9H3Kg7bCSqs": [],
        "17UPH1MCKWy87d96t9TwsBdqsA5xeMEydX": [],
        "17xoGVmZ8j2X1FQ5RpcuZq5uJ4Ri36Eb5M": [],
        "185vF1tpKJNPGoEoJdzYyF9gvCvm1MRxtL": [],
        "18Su9hmLJxiPtyNqskn7ucSYoRrBt6xGLX": [],
        "18YqmghPnrifmbHPpRLTgvbi1d8asNVoTJ": [],
        "19zqv851CfddTLksXaNd3GxHqJR6uBSiuM": [],
        "1ACvRhxzvWM5WmnapQAF23cGUf9g2r3fSz": [],
        "1B2UJn88znNHrfy49JEKcbYs8vBJhBg62U": [],
        "1CFZnwwYkiEEpEQTUDwLUVP58R3MnYCqhJ": [],
        "1CSCLGqrEcN2jVkHRgRQFhb3NCqSJxuvC5": [],
        "1D6iR7Bxxct2JqoREtqUkUhNQdy7f5am88": [],
        "1Dnf7WEbySPHuoMchXnv8wDTuSUBED7PvZ": [],
        "1Fjd2R9LYUSw7CT8WhwyH6zjZi4A2M9UiK": [],
        "1Gs2qjMJjN1bAWsJDCsYcVPmBcva8vrJNj": [],
        "1GvuPqbs3UKqMmFjfiG22Umvr9ZmF3Wd6e": [],
        "1HRaVT4gXR7NyUMxaEQoeiSJ32tK6ffyqc": [],
        "1K5UvsbDhdjTWbeGgELoxBtmy4WgQbjfDx": [],
        "1K99sqRaJVvnnjtwAw8h6BXj2mRa1nXKyG": [],
        "1L1AXLbPrudgJ9GHG93jdWs6saSEWupXbY": [],
        "1LcZVx5eAq3KLAF89m5CJMCqd1h5pVpHSd": [],
        "1Mbo1XzHUBaMebnKtqMBYNcUzu6hY11xbN": [],
        "1MwxioKFzkBkBekjfFG23wJDEomdRv9jtq": [],
        "1NubuBnHXgJBayR9G7wSGs6ymVqmPvrdqx": [],
        "1PF4JmodSzUu4Lf9d8UvZd4TjgSG3VJd1v": [],
        "1RktPQVqBS4uBXcnhMQsKMx3y9GKDM4D7": []
    },
    "addresses": {
        "change": [
            "1Mbo1XzHUBaMebnKtqMBYNcUzu6hY11xbN",
            "19zqv851CfddTLksXaNd3GxHqJR6uBSiuM",
            "1GvuPqbs3UKqMmFjfiG22Umvr9ZmF3Wd6e",
            "185vF1tpKJNPGoEoJdzYyF9gvCvm1MRxtL",
            "1HRaVT4gXR7NyUMxaEQoeiSJ32tK6ffyqc",
            "1CFZnwwYkiEEpEQTUDwLUVP58R3MnYCqhJ",
            "1RktPQVqBS4uBXcnhMQsKMx3y9GKDM4D7",
            "1669PeH1Hc7tUq7W2jPm4emspdXaskd6CH",
            "1NubuBnHXgJBayR9G7wSGs6ymVqmPvrdqx",
            "133MaVKFL9B2oXAZnhMUPNzKa7zSPK8Wrn"
        ],
        "receiving": [
            "1K5UvsbDhdjTWbeGgELoxBtmy4WgQbjfDx",
            "18YqmghPnrifmbHPpRLTgvbi1d8asNVoTJ",
            "1K99sqRaJVvnnjtwAw8h6BXj2mRa1nXKyG",
            "1ACvRhxzvWM5WmnapQAF23cGUf9g2r3fSz",
            "1MwxioKFzkBkBekjfFG23wJDEomdRv9jtq",
            "1PF4JmodSzUu4Lf9d8UvZd4TjgSG3VJd1v",
            "17xoGVmZ8j2X1FQ5RpcuZq5uJ4Ri36Eb5M",
            "16zAWLWqPt9nhiAXiWnMzLX9H3Kg7bCSqs",
            "17UPH1MCKWy87d96t9TwsBdqsA5xeMEydX",
            "1D6iR7Bxxct2JqoREtqUkUhNQdy7f5am88",
            "1Gs2qjMJjN1bAWsJDCsYcVPmBcva8vrJNj",
            "15LqPFAE6UpToxnJF2B4oR3Mp6kz1C9PyP",
            "1CSCLGqrEcN2jVkHRgRQFhb3NCqSJxuvC5",
            "1B2UJn88znNHrfy49JEKcbYs8vBJhBg62U",
            "1Dnf7WEbySPHuoMchXnv8wDTuSUBED7PvZ",
            "18Su9hmLJxiPtyNqskn7ucSYoRrBt6xGLX",
            "1L1AXLbPrudgJ9GHG93jdWs6saSEWupXbY",
            "13S7Vwhtwu7E9xDmN3qrHgNgj5ncn5uRiY",
            "1LcZVx5eAq3KLAF89m5CJMCqd1h5pVpHSd",
            "1Fjd2R9LYUSw7CT8WhwyH6zjZi4A2M9UiK"
        ]
    },
    "fiat_value": {},
    "frozen_coins": {},
    "invoices": {},
    "keystore": {
        "derivation": "m",
        "pw_hash_version": 1,
        "root_fingerprint": "35d15309",
        "seed": "minor zone pool actual remain combine proud claw medal settle grace capable",
        "seed_type": "standard",
        "type": "bip32",
        "xprv": "xprv9s21ZrQH143K2j9LBqBBRhFRPszDq6SpRzrGTAU8QLJXorprt7U2eLBJEeY1R1MUy9SWSuBC7FkEvmkYonnTjtyvsmLj8kBPxRNut8hyX4h",
        "xpub": "xpub661MyMwAqRbcFDDoHriBnqC9wupiEZAfoDmsFYsjxfqWgfA1RenHC8Vn5xTRCxLT9Lk8M8Df33UC5KwYqSR6cpVom6agHZwtcyeEF3oPEa4"
    },
    "labels": {},
    "payment_requests": {},
    "prevouts_by_scripthash": {},
    "seed_version": 50,
    "spent_outpoints": {},
    "transactions": {},
    "tx_fees": {},
    "txi": {},
    "txo": {},
    "use_encryption": false,
    "verified_tx3": {},
    "wallet_type": "standard"
}