{
    "addr_history": {
        "123p4Sj5i6nFhH3T4moeBGTxpBFre2F2Br": [],
        "125x1SZ1tPsdP7EpJThqdRTU359V5bNqcG": [],
        "12PxKMZjis5KDqhGpybfpFfqJCqz5u8AA5": [],
        "12zgpPzk6vi5fydqSCbBFAmJb57DvcVErW": [],
        "13571dHPgueRMekY6m8JDdd4cUcSgMjP4f": [],
        "13FeNCVtpoXsLYoGaonubbZ54rwSuBHADv": [],
        "13i9VfdWcjQ7qb2L2JHddFV8HKq9387k2K": [],
        "14p1rhz7CemajZVbAeiQSQx386usWxCUtK": [],
        "1517dgDE8WnHcJ8bBpsR3vVex4Uk8Hc7AB": [],
        "157iwMTemMxwBqze6sFRd4BoJYj7gDouGB": [],
        "15EfNbQPax2wAVKe7XRJVTsizj9RKUjWG7": [],
        "15PEaZmwdRuL5mtk2WCwpQmNjChkhQ2xSx": [],
        "17mooyindRw4Qjfs2CctduP7U9y4HMSZ2Z": [],
        "18Kb1h7zQCxxgS9eVbXGmnAzpu8E3Wtgm7": [],
        "18kqmLW8hzecPQJMMHpb9bg9WdguLDoNzH": [],
        "1ArgPMaNHjr4rvzCyegCRqzeUfpSHEDbHn": [],
        "1BSScMQwnytx1X1ZsKmuys8CGqP9Sozhjc": [],
        "1CtqZsa6xjNEq2vSWDX3YgiEnBEZqv9x6v": [],
        "1DY2X7onDC8PVqRBjK1e34afPhkZHup1Hm": [],
        "1F7r2wN9U8PkDTLCPqECqQdqaSfywH1rH": [],
        "1HEpLbLcTG4hYsHie43vDM5fCdWJeYmPvi": [],
        "1JJ1njddC6kNXA8mqbvRiespxdvgZhM4dK": [],
        "1K7WwjMGvKVtdZsGLJUXYs2riU7rSod6gK": [],
        "1KTzVdjPmGg3jVbySwBJPtCi6wALm7x542": [],
        "1KuV8PCWDSWC6sgXtfiXfVERBgyKhBMdwD": [],
        "1LXPMieMaaQSsjvdbiTUxU3hpcvWboVgW8": [],
        "1LqtRCzo8KEdPwQHXHnMfUU6ji18psd8ti": [],
        "1NNxpfpE2qnEDWn1NdrWwaMnBi6tDUTSSc": [],
        "1Q1PKn2SzUo1CgULM7QwDNDnSf8NMgQD4s": [],
        "1V2tuczTPujxyYi5qwyLSRu3Go8RynTSn": []
    },
    "addresses": {
        "change": [
            "14p1rhz7CemajZVbAeiQSQx386usWxCUtK",
            "125x1SZ1tPsdP7EpJThqdRTU359V5bNqcG",
            "13571dHPgueRMekY6m8JDdd4cUcSgMjP4f",
            "13FeNCVtpoXsLYoGaonubbZ54rwSuBHADv",
            "18Kb1h7zQCxxgS9eVbXGmnAzpu8E3Wtgm7",
            "1KTzVdjPmGg3jVbySwBJPtCi6wALm7x542",
            "17mooyindRw4Qjfs2CctduP7U9y4HMSZ2Z",
            "15EfNbQPax2wAVKe7XRJVTsizj9RKUjWG7",
            "1K7WwjMGvKVtdZsGLJUXYs2riU7rSod6gK",
            "1517dgDE8WnHcJ8bBpsR3vVex4Uk8Hc7AB"
        ],
        "receiving": [
            "1DY2X7onDC8PVqRBjK1e34afPhkZHup1Hm",
            "1F7r2wN9U8PkDTLCPqECqQdqaSfywH1rH",
            "157iwMTemMxwBqze6sFRd4BoJYj7gDouGB",
            "1Q1PKn2SzUo1CgULM7QwDNDnSf8NMgQD4s",
            "1LqtRCzo8KEdPwQHXHnMfUU6ji18psd8ti",
            "1NNxpfpE2qnEDWn1NdrWwaMnBi6tDUTSSc",
            "18kqmLW8hzecPQJMMHpb9bg9WdguLDoNzH",
            "1KuV8PCWDSWC6sgXtfiXfVERBgyKhBMdwD",
            "1LXPMieMaaQSsjvdbiTUxU3hpcvWboVgW8",
            "12zgpPzk6vi5fydqSCbBFAmJb57DvcVErW",
            "1HEpLbLcTG4hYsHie43vDM5fCdWJeYmPvi",
            "1BSScMQwnytx1X1ZsKmuys8CGqP9Sozhjc",
            "15PEaZmwdRuL5mtk2WCwpQmNjChkhQ2xSx",
            "1JJ1njddC6kNXA8mqbvRiespxdvgZhM4dK",
            "13i9VfdWcjQ7qb2L2JHddFV8HKq9387k2K",
            "1ArgPMaNHjr4rvzCyegCRqzeUfpSHEDbHn",
            "1V2tuczTPujxyYi5qwyLSRu3Go8RynTSn",
            "123p4Sj5i6nFhH3T4moeBGTxpBFre2F2Br",
            "12PxKMZjis5KDqhGpybfpFfqJCqz5u8AA5",
            "1CtqZsa6xjNEq2vSWDX3YgiEnBEZqv9x6v"
        ]
    },
    "fiat_value": {},
    "frozen_coins": {},
    "invoices": {},
    "keystore": {
        "derivation": "m",
        "pw_hash_version": 1,
        "root_fingerprint": "20f2ec61",
        "seed": "minor zone pool auction remain combine deputy claw medal settle grace capable",
        "seed_type": "standard",
        "type": "bip32",
        "xprv": "xprv9s21ZrQH143K2E3LopM1AvEoukq1vK4fJKhBX7C8xgydG4e1rB3MAfDWybXQP2JhU2XYS9g6n2ZtxY68HAYX5hsMZ4hbYsnny52HwK6ooE7",
        "xpub": "xpub661MyMwAqRbcEi7ouqt1Y4BYTnfWKmnWfYcnKVbkX2Wc8ryAPiMbiTXzptXs626M2heyC2NjpQiDp7sxnVn6Ge4KuYMk4M8FPy3dJtX5mLj"
    },
    "labels": {},
    "payment_requests": {},
    "prevouts_by_scripthash": {},
    "seed_version": 50,
    "spent_outpoints": {},
    "transactions": {},
    "tx_fees": {},
    "txi": {},
    "txo": {},
    "use_encryption": false,
    "verified_tx3": {},
    "wallet_type": "standard"
}