{
    "addr_history": {
        "bc1q32p436uxn75t6a6q5vx3ucdrepc0ktcww7f6lx": [],
        "bc1q4nv7fcmujdpprepuz6gn49k4m2dmvzfp7axrl3": [],
        "bc1q56kr7s2708vn35q3xr38pffhgh0j4ccacmkgad": [],
        "bc1q9n90tz83ydjrg2wdkalvtn6agwu34ttgvca3g3": [],
        "bc1qa5upglnsjh8m3gp5mfrspa5qstlq27q9h567q6": [],
        "bc1qcsg5sev26t95art8s5g5y3ws7udppw4ruj527a": [],
        "bc1qd08hrah2eqrazjz59c5geu0awgxr48vpke3c8m": [],
        "bc1qeu6663fykkawmp6lrlj7v2wxtx5axq6ey35eha": [],
        "bc1qhga64h5myy5sspq2ywcnzpldqneqryxd80g6pa": [],
        "bc1qhmm7mzamlgwuv8s0pz7tryc7zduulpttjnmfwx": [],
        "bc1qkpqpsezde3t3tjg4csfhlhjxj9rj8hmuy8dl60": [],
        "bc1qlkrac8k9g3v2wfde8j2pnr26h703m7rd5lrt3z": [],
        "bc1qmu50tphs70lqmx8axh27ten9q3fhr46e2nxnet": [],
        "bc1qna5a4lw3c8gh9z4hexktupmss0slxyzt4eann9": [],
        "bc1qnc980nkd2gpeypqcekw40qjdw65ljdk3v3gyan": [],
        "bc1qnflqt06s9j6xrwdg9q9l8yjj9svh35c3eep7a0": [],
        "bc1qqe0gagekqlg905zqgs645kwlpuk6kum40c876w": [],
        "bc1qqht9ys77eqdw72gpxj7slx6r22keu2xvqcjhqa": [],
        "bc1qr4t8xtg9jkgksnw0jh2mnc9z4sd7y92kzyxlgr": [],
        "bc1qrdjr7gjkr8757g95yjq08ezjlnsfxp2mw935fd": [],
        "bc1qrkq4xfna9v2kfqdnyy8munrzflj5yyu2lhyrel": [],
        "bc1qrs7947ls2vk0vkh3x0aw6mwtnp9mqqkjjpjt3m": [],
        "bc1qs80kq96ljg7n76wy53x6n78h5gn7g3gpelzujw": [],
        "bc1qtv4ent89cur93pd48ctet45c8fk7cvj3jwlyds": [],
        "bc1quxkt9x99n37mp3tt9am3p0kcrf00796r54tz08": [],
        "bc1qvqzuwdy4859725uk0ehqv7qk8kzsdq0xshmrl2": [],
        "bc1qy3f9vf963am96x52907nxtaj44wputhw5yrl5g": [],
        "bc1qz79kdgyf80h3uxa76yqepxjkl8qh4ndeyuxmez": [],
        "bc1qzdjgytwva2h67w3dkhfac8jthdxpunxqp04jm8": [],
        "bc1qzxddu223q8hw5lgv5qdca43fkfzdhpzf4f7x5n": []
    },
    "addresses": {
        "change": [
            "bc1qrdjr7gjkr8757g95yjq08ezjlnsfxp2mw935fd",
            "bc1qeu6663fykkawmp6lrlj7v2wxtx5axq6ey35eha",
            "bc1quxkt9x99n37mp3tt9am3p0kcrf00796r54tz08",
            "bc1qa5upglnsjh8m3gp5mfrspa5qstlq27q9h567q6",
            "bc1qnc980nkd2gpeypqcekw40qjdw65ljdk3v3gyan",
            "bc1q4nv7fcmujdpprepuz6gn49k4m2dmvzfp7axrl3",
            "bc1qna5a4lw3c8gh9z4hexktupmss0slxyzt4eann9",
            "bc1qr4t8xtg9jkgksnw0jh2mnc9z4sd7y92kzyxlgr",
            "bc1qnflqt06s9j6xrwdg9q9l8yjj9svh35c3eep7a0",
            "bc1q56kr7s2708vn35q3xr38pffhgh0j4ccacmkgad"
        ],
        "receiving": [
            "bc1qrs7947ls2vk0vkh3x0aw6mwtnp9mqqkjjpjt3m",
            "bc1qlkrac8k9g3v2wfde8j2pnr26h703m7rd5lrt3z",
            "bc1qz79kdgyf80h3uxa76yqepxjkl8qh4ndeyuxmez",
            "bc1qtv4ent89cur93pd48ctet45c8fk7cvj3jwlyds",
            "bc1q32p436uxn75t6a6q5vx3ucdrepc0ktcww7f6lx",
            "bc1qrkq4xfna9v2kfqdnyy8munrzflj5yyu2lhyrel",
            "bc1qhmm7mzamlgwuv8s0pz7tryc7zduulpttjnmfwx",
            "bc1qd08hrah2eqrazjz59c5geu0awgxr48vpke3c8m",
            "bc1qzdjgytwva2h67w3dkhfac8jthdxpunxqp04jm8",
            "bc1qkpqpsezde3t3tjg4csfhlhjxj9rj8hmuy8dl60",
            "bc1qqe0gagekqlg905zqgs645kwlpuk6kum40c876w",
            "bc1qs80kq96ljg7n76wy53x6n78h5gn7g3gpelzujw",
            "bc1qzxddu223q8hw5lgv5qdca43fkfzdhpzf4f7x5n",
            "bc1q9n90tz83ydjrg2wdkalvtn6agwu34ttgvca3g3",
            "bc1qqht9ys77eqdw72gpxj7slx6r22keu2xvqcjhqa",
            "bc1qvqzuwdy4859725uk0ehqv7qk8kzsdq0xshmrl2",
            "bc1qy3f9vf963am96x52907nxtaj44wputhw5yrl5g",
            "bc1qmu50tphs70lqmx8axh27ten9q3fhr46e2nxnet",
            "bc1qhga64h5myy5sspq2ywcnzpldqneqryxd80g6pa",
            "bc1qcsg5sev26t95art8s5g5y3ws7udppw4ruj527a"
        ]
    },
    "channels": {},
    "fiat_value": {},
    "frozen_coins": {},
    "imported_channel_backups": {},
    "invoices": {},
    "keystore": {
        "derivation": "m/0'",
        "pw_hash_version": 1,
        "root_fingerprint": "efba46d7",
        "seed": "minor zone pool afraid remain combine smooth claw medal settle grace capable",
        "seed_type": "segwit",
        "type": "bip32",
        "xprv": "zprvAaKsYRuYittL9Sk2SuqDruVbwsY3yhpeYTWp2SphxBfuBTDKsgHR7idMDZizUUKknzsKTnR4gcEkenztxWgJYVr86deW95vjthSWYNKgUtN",
        "xpub": "zpub6oKDwwSSZGSdMvpVYwNEE3SLVuNYPAYVugSQpqEKWXCt4FYURDbffWwq4rr9X7woMFFLvPwuqHVPUdeqzSrHGaBcLR3oWAhMuRFgyhDdkL4"
    },
    "labels": {},
    "lightning_payments": {},
    "lightning_preimages": {},
    "lightning_xprv": "zprvAbH3gGD372QhNUHQw18ZHo9qJ7nUhtZjHUnYPnriSS48id9khEZ7cqfqPT46A1TGfwJJQEZT6ASNRZ71ApWwnwdCa2p5ZFLmCuJXuVC6KLP",
    "onchain_channel_backups": {},
    "payment_requests": {},
    "prevouts_by_scripthash": {},
    "seed_version": 50,
    "spent_outpoints": {},
    "submarine_swaps": {},
    "transactions": {},
    "tx_fees": {},
    "txi": {},
    "txo": {},
    "use_encryption": false,
    "verified_tx3": {},
    "wallet_type": "standard"
}