{
    "addr_history": {
        "126mxcxREn7P28VgYT7owZxG7gK7gcx4no": [],
        "12BuBjCpFLnjiN2wCrmksfKtGtKq1sbxtf": [],
        "12eeRF3W4y44bthfunNdUnZsw5aTvanyc9": [],
        "12zZQbdBABSzTVCt9kitpTBQuyonHsRqcr": [],
        "13asng4JrXmu24xhALXYrzUqWzMy3dhJ6a": [],
        "13eiCzRdGUnQjcJ4g8VxpDP3dDPQiVoCxy": [],
        "13xCfXDHhciSaXyn1nGz8mhF49Bf2kn2u3": [],
        "13zc8TcftYtUAP8paooRrdny5uCz7JHJHQ": [],
        "14ivB8RBFQJLuJTYbM9m1ZaEMTPFKEyqcn": [],
        "15E72AeWaQdt2a3YWHyjjG9RU7HUTczkpX": [],
        "15KQtiVuxpZhbPU7SXTk9StGS5cEdcsRfh": [],
        "15RVoT9Zim6TZnTVL2U4gTevbXXf8MmrpT": [],
        "15zsDi6C9RRAgGtABU4JQGYrkaYQvK4yBL": [],
        "181YuY3YrCc4H7b6yqxNbmcvmsy5natYEh": [],
        "19f6UeLDGF9gN62AhHrLsPDxQ4myZYNovY": [],
        "1BDBjPzBmrN9ugD1cEqjVwci23RtCt3SR9": [],
        "1BuXrgiEMUstWJSciUaffmYJmmT2wUrDWM": [],
        "1Douvru73pMES8sCXDKrKnwFRHZwbtF2vX": [],
        "1EiRCn1UsbMDS6ANSYxCmyDUKm7tfMPkj3": [],
        "1F72mmjdbzwc8yTRkJYh3NzB869ggnMYdc": [],
        "1FkXd1BZNq3qdLicxAegfVreVH4XZp8G7W": [],
        "1FnXwXbUAc2bxtJdTnfkCoVyaDXMXKUzhs": [],
        "1H8gE1ctCG3eVUEdriew4UKguwWfKahZsv": [],
        "1HGw4oZv3EFnjWtVPgNjD4P5EitXmdRkXo": [],
        "1HJnLW6H1yaTdkzz9pcRVpg3C32EnprWiK": [],
        "1HUEUHSL1G3N1PqxfhAhRLnEuYf2xJ2ovi": [],
        "1KrBfhsH95a1zTQDRATwAzM5oM7aCdL3YE": [],
        "1MqRJU1noWBM5Dn6qwk1N1WThphV7WFTez": [],
        "1NYvEYeYBNJHY8nD7a7Hk7GokdhmAWCLsh": [],
        "1PeL4Ruf5NHiXpUbKN71yrtntKdXsZFzW3": []
    },
    "addresses": {
        "change": [
            "1BDBjPzBmrN9ugD1cEqjVwci23RtCt3SR9",
            "15RVoT9Zim6TZnTVL2U4gTevbXXf8MmrpT",
            "126mxcxREn7P28VgYT7owZxG7gK7gcx4no",
            "1BuXrgiEMUstWJSciUaffmYJmmT2wUrDWM",
            "12BuBjCpFLnjiN2wCrmksfKtGtKq1sbxtf",
            "13eiCzRdGUnQjcJ4g8VxpDP3dDPQiVoCxy",
            "13zc8TcftYtUAP8paooRrdny5uCz7JHJHQ",
            "1FkXd1BZNq3qdLicxAegfVreVH4XZp8G7W",
            "1KrBfhsH95a1zTQDRATwAzM5oM7aCdL3YE",
            "13xCfXDHhciSaXyn1nGz8mhF49Bf2kn2u3"
        ],
        "receiving": [
            "15E72AeWaQdt2a3YWHyjjG9RU7HUTczkpX",
            "1F72mmjdbzwc8yTRkJYh3NzB869ggnMYdc",
            "15KQtiVuxpZhbPU7SXTk9StGS5cEdcsRfh",
            "19f6UeLDGF9gN62AhHrLsPDxQ4myZYNovY",
            "1H8gE1ctCG3eVUEdriew4UKguwWfKahZsv",
            "181YuY3YrCc4H7b6yqxNbmcvmsy5natYEh",
            "14ivB8RBFQJLuJTYbM9m1ZaEMTPFKEyqcn",
            "1HGw4oZv3EFnjWtVPgNjD4P5EitXmdRkXo",
            "15zsDi6C9RRAgGtABU4JQGYrkaYQvK4yBL",
            "1FnXwXbUAc2bxtJdTnfkCoVyaDXMXKUzhs",
            "1NYvEYeYBNJHY8nD7a7Hk7GokdhmAWCLsh",
            "1Douvru73pMES8sCXDKrKnwFRHZwbtF2vX",
            "13asng4JrXmu24xhALXYrzUqWzMy3dhJ6a",
            "1HUEUHSL1G3N1PqxfhAhRLnEuYf2xJ2ovi",
            "1MqRJU1noWBM5Dn6qwk1N1WThphV7WFTez",
            "1EiRCn1UsbMDS6ANSYxCmyDUKm7tfMPkj3",
            "1PeL4Ruf5NHiXpUbKN71yrtntKdXsZFzW3",
            "1HJnLW6H1yaTdkzz9pcRVpg3C32EnprWiK",
            "12zZQbdBABSzTVCt9kitpTBQuyonHsRqcr",
            "12eeRF3W4y44bthfunNdUnZsw5aTvanyc9"
        ]
    },
    "fiat_value": {},
    "frozen_coins": {},
    "invoices": {},
    "keystore": {
        "derivation": "m",
        "pw_hash_version": 1,
        "root_fingerprint": "cac598f9",
        "seed": "minor zone pool age remain combine valid claw medal settle grace capable",
        "seed_type": "standard",
        "type": "bip32",
        "xprv": "xprv9s21ZrQH143K3yVXJNjYp8ornLBPE2sCxXwvFLthdsXkhjMtzTWATeAJPfK2A6HYe52LZdwkCpYn6GCVpF4QrRP6GneskqEejKuKfTiUz5n",
        "xpub": "xpub661MyMwAqRbcGTZzQQGZBGkbLN1sdVb4KksX3jJKCD4jaXh3XzpR1SUnExFsPGK2wQ9FgCgrJFW69mJv4Mt8uVyE8e3fi3qPCmmj5KUeSgP"
    },
    "labels": {},
    "payment_requests": {},
    "prevouts_by_scripthash": {},
    "seed_version": 50,
    "spent_outpoints": {},
    "transactions": {},
    "tx_fees": {},
    "txi": {},
    "txo": {},
    "use_encryption": false,
    "verified_tx3": {},
    "wallet_type": "standard"
}