{
    "addr_history": {
        "1299L5zLTUFTCYn4MrH9q7xvaXarjXLVCU": [],
        "12m3n2pCGsRb2tthL8J5Q2bsUbSTfXBQTF": [],
        "13yopZXhDPjiu8YfngjxkgH2MNapn8ovG8": [],
        "14Ras2vkEK2N8Uq3zFWvL7bpDfmJWEjXVo": [],
        "17i9Nu8mCjStThsHNvNWNfCmgfHFNyUdm8": [],
        "18bBSipbynsKAi2brvYpSvFfXrwkH1h34Y": [],
        "1CBnATcVXjywCuN8282Shbd1HwMYQJnXfU": [],
        "1CRmcwsVJk6JdAiPnNqWhGYihXMnTUb22s": [],
        "1CsdabkdbziSrDXSw8KigtLnpCtsK3x4cj": [],
        "1D6XQf5Jh1Cy7mxY8AFAgXGtxKGpHz2FNa": [],
        "1Ecy8aq6PV1e7KtCbZNGoo4xJ6sfAAiEN7": [],
        "1Esp8SsjV7FmuWQfFnE1ouii8HqPgiZWrp": [],
        "1HiN6Hp9jwjCCcCDpzLGNL9wjwEsiwBKZ9": [],
        "1HtsWYp3dpxEtGhZcmVt4QfXdhpdyxwsCP": [],
        "1JLAcFmeELJkVpVu2XgVR44Ctr6XLPCKxk": [],
        "1JsNMxzcFT1FfgpyLQUgk5tvrUZZyZZ145": [],
        "1KesGVrB5n8vt951qXy3XLz42xLCoCfTZQ": [],
        "1KqaqwDtPutNEkUTTjG5rX7FPv2jmdpxWJ": [],
        "1LH7x2dG3i6UCEcqLiPWHLVFVJoxDkiZ9o": [],
        "1Lc66JJeJVLRs2Hjbx6mW4RGciRhSkg7Ur": [],
        "1MKEi8NWLUjArFT7b8X3TRq38VgxgjJa7f": [],
        "1MNrdMmXktK3RGsoNxC6t6dKXPP7Ews5FZ": [],
        "1MSTJb7KxDPKDM3gBcCW5TQoXzYmvuvMGg": [],
        "1NyRVAjNHMAZgo6o8hBdC3zM3URmi2a1HM": [],
        "1P2pSqqwdmDCPX69VEozQupBRrVbixq7hN": [],
        "1P7kbPon1cWYJ3GW52ZgLSnmp27zkYejSB": [],
        "1PHQNE7UnJxvqVFFM68VF9x9dF7MNNRqX9": [],
        "1Pu3wqqXDfFtL3XtAw2edK29sMqNHm7V3c": [],
        "1QKUKgfxyhYYSGgrJG2RdyJCGLhhzqsDXe": [],
        "1qdmmu3F3idekunmBBRkrawZVYyvTnRz2": []
    },
    "addresses": {
        "change": [
            "1299L5zLTUFTCYn4MrH9q7xvaXarjXLVCU",
            "1JsNMxzcFT1FfgpyLQUgk5tvrUZZyZZ145",
            "1D6XQf5Jh1Cy7mxY8AFAgXGtxKGpHz2FNa",
            "1JLAcFmeELJkVpVu2XgVR44Ctr6XLPCKxk",
            "1CRmcwsVJk6JdAiPnNqWhGYihXMnTUb22s",
            "1MKEi8NWLUjArFT7b8X3TRq38VgxgjJa7f",
            "13yopZXhDPjiu8YfngjxkgH2MNapn8ovG8",
            "1Lc66JJeJVLRs2Hjbx6mW4RGciRhSkg7Ur",
            "1MNrdMmXktK3RGsoNxC6t6dKXPP7Ews5FZ",
            "1NyRVAjNHMAZgo6o8hBdC3zM3URmi2a1HM"
        ],
        "receiving": [
            "1P7kbPon1cWYJ3GW52ZgLSnmp27zkYejSB",
            "1QKUKgfxyhYYSGgrJG2RdyJCGLhhzqsDXe",
            "14Ras2vkEK2N8Uq3zFWvL7bpDfmJWEjXVo",
            "1HtsWYp3dpxEtGhZcmVt4QfXdhpdyxwsCP",
            "1Esp8SsjV7FmuWQfFnE1ouii8HqPgiZWrp",
            "18bBSipbynsKAi2brvYpSvFfXrwkH1h34Y",
            "1qdmmu3F3idekunmBBRkrawZVYyvTnRz2",
            "12m3n2pCGsRb2tthL8J5Q2bsUbSTfXBQTF",
            "1Pu3wqqXDfFtL3XtAw2edK29sMqNHm7V3c",
            "1LH7x2dG3i6UCEcqLiPWHLVFVJoxDkiZ9o",
            "1CsdabkdbziSrDXSw8KigtLnpCtsK3x4cj",
            "1Ecy8aq6PV1e7KtCbZNGoo4xJ6sfAAiEN7",
            "1PHQNE7UnJxvqVFFM68VF9x9dF7MNNRqX9",
            "1HiN6Hp9jwjCCcCDpzLGNL9wjwEsiwBKZ9",
            "1KqaqwDtPutNEkUTTjG5rX7FPv2jmdpxWJ",
            "17i9Nu8mCjStThsHNvNWNfCmgfHFNyUdm8",
            "1CBnATcVXjywCuN8282Shbd1HwMYQJnXfU",
            "1P2pSqqwdmDCPX69VEozQupBRrVbixq7hN",
            "1KesGVrB5n8vt951qXy3XLz42xLCoCfTZQ",
            "1MSTJb7KxDPKDM3gBcCW5TQoXzYmvuvMGg"
        ]
    },
    "fiat_value": {},
    "frozen_coins": {},
    "invoices": {},
    "keystore": {
        "derivation": "m",
        "pw_hash_version": 1,
        "root_fingerprint": "9599312d",
        "seed": "minor zone pool admit remain combine across claw medal settle grace capable",
        "seed_type": "standard",
        "type": "bip32",
        "xprv": "xprv9s21ZrQH143K3NNDSyXNXsvwqTEgXwKpG3yVGzLiZESFBt9Uqjg4GZQLHvYHH5dePczYbBm61L6F4Pr7GJxxoKpRrH3gyHKdVYnxpmqRqxG",
        "xpub": "xpub661MyMwAqRbcFrSgZ14Nu1sgPV5AwQ3fdGu65NkL7ZyE4gUdPGzJpMip9CFZ6YLcfgEubxZ8fi4gxaj7MMHRtaCefJ3MJctFS1mTRxijgyg"
    },
    "labels": {},
    "payment_requests": {},
    "prevouts_by_scripthash": {},
    "seed_version": 50,
    "spent_outpoints": {},
    "transactions": {},
    "tx_fees": {},
    "txi": {},
    "txo": {},
    "use_encryption": false,
    "verified_tx3": {},
    "wallet_type": "standard"
}