{
    "addr_history": {
        "12BK59UiAyRKgFrZr8EoJooyzAF4xSGd7n": [],
        "12KkvL8twSCiNaRXGw4xNi6u2BYwbWv7Xu": [],
        "13BXgVhfoerrcEh5ogXxUAU7iWt94YqgDR": [],
        "13WVmrveBh54bGE58a25htFRg1zmWPEayS": [],
        "14ZVcfnuvr21Sor7anBwMnZQuSYxiSn9sy": [],
        "14ZuCzriZqeptei7WevH4V7bmkMDV2NxXD": [],
        "14t4A6cNQcm2s5CFwK3XnUDmaEZdZUSJ27": [],
        "15QcRv3SQsvz3rFADNpvgyVemUaor3xtAe": [],
        "15eenxjh6Emw4SWnv9depmr7VoxdRFYMbX": [],
        "16x5Jkd9xvSNY3NCjZ9ZexEbwq5rVu2157": [],
        "17SYCgdELXzRqjsjowVgPrSXWuxLAY3Jrg": [],
        "17gdA6dt9Yks1xgJQNX8tmLKLaqCXroQzj": [],
        "17jenUiUcMjxSjavArsEEtVVuZwD3RNxWp": [],
        "195Ny2KRv3aKMeA6FtPT3BXSnu9VoA62gC": [],
        "19PsvNR3NRxti1Qpgy5Ze77enjKDujPiSn": [],
        "19YXWjhPJvZJPWCVPNfhuaH26TxtpcCq27": [],
        "19aNTYTGfXe3vSxohycUmDAXXGpmQmpPGQ": [],
        "19ghwghz9Jy1dKvjFuBXqzjnzbNp1ABRVp": [],
        "1ACG1HnnEr2PHAkxH3SXGRTHQCyGEgX7CW": [],
        "1BrwWutbN6fEeYsw97z5udJUbVvJkt7EtU": [],
        "1FmQDPjpzmd1eA9tVFQvFzDq4rdqnxH5Sj": [],
        "1G2SdeKUGTZKPdR9QNq7djxwKPyvxVPZZt": [],
        "1GP3E72QrKzXi5hnbfDpiqHZ1c9NUJ3G3G": [],
        "1Hw3uTrMK6djEFyN3zJyeTgDCKV1qNfFhJ": [],
        "1JBTtwUqtFyfwMgdszQpheccu9VAt7D7nm": [],
        "1K97tbbZSaxkQGybb9CpyCTUkzDi3UkUhT": [],
        "1Kc1LXDFmBFGj1YZcqJsoDZzziPzCgFrZh": [],
        "1Pd7SM7RM53XXjdzBb5CJ2EPthL6dUmj28": [],
        "1Pg8wDvE9LtiWiUswVqZvsGJjGcAcnYmL2": [],
        "1Q4xsiC4N8uXvhyDZQDcZhASykChEYeprc": []
    },
    "addresses": {
        "change": [
            "1Pg8wDvE9LtiWiUswVqZvsGJjGcAcnYmL2",
            "1G2SdeKUGTZKPdR9QNq7djxwKPyvxVPZZt",
            "19PsvNR3NRxti1Qpgy5Ze77enjKDujPiSn",
            "14t4A6cNQcm2s5CFwK3XnUDmaEZdZUSJ27",
            "15QcRv3SQsvz3rFADNpvgyVemUaor3xtAe",
            "12BK59UiAyRKgFrZr8EoJooyzAF4xSGd7n",
            "12KkvL8twSCiNaRXGw4xNi6u2BYwbWv7Xu",
            "16x5Jkd9xvSNY3NCjZ9ZexEbwq5rVu2157",
            "1BrwWutbN6fEeYsw97z5udJUbVvJkt7EtU",
            "195Ny2KRv3aKMeA6FtPT3BXSnu9VoA62gC"
        ],
        "receiving": [
            "17gdA6dt9Yks1xgJQNX8tmLKLaqCXroQzj",
            "13WVmrveBh54bGE58a25htFRg1zmWPEayS",
            "1Kc1LXDFmBFGj1YZcqJsoDZzziPzCgFrZh",
            "17SYCgdELXzRqjsjowVgPrSXWuxLAY3Jrg",
            "15eenxjh6Emw4SWnv9depmr7VoxdRFYMbX",
            "19ghwghz9Jy1dKvjFuBXqzjnzbNp1ABRVp",
            "1GP3E72QrKzXi5hnbfDpiqHZ1c9NUJ3G3G",
            "1ACG1HnnEr2PHAkxH3SXGRTHQCyGEgX7CW",
            "14ZuCzriZqeptei7WevH4V7bmkMDV2NxXD",
            "14ZVcfnuvr21Sor7anBwMnZQuSYxiSn9sy",
            "1FmQDPjpzmd1eA9tVFQvFzDq4rdqnxH5Sj",
            "19aNTYTGfXe3vSxohycUmDAXXGpmQmpPGQ",
            "17jenUiUcMjxSjavArsEEtVVuZwD3RNxWp",
            "1K97tbbZSaxkQGybb9CpyCTUkzDi3UkUhT",
            "1Pd7SM7RM53XXjdzBb5CJ2EPthL6dUmj28",
            "13BXgVhfoerrcEh5ogXxUAU7iWt94YqgDR",
            "19YXWjhPJvZJPWCVPNfhuaH26TxtpcCq27",
            "1Hw3uTrMK6djEFyN3zJyeTgDCKV1qNfFhJ",
            "1JBTtwUqtFyfwMgdszQpheccu9VAt7D7nm",
            "1Q4xsiC4N8uXvhyDZQDcZhASykChEYeprc"
        ]
    },
    "fiat_value": {},
    "frozen_coins": {},
    "invoices": {},
    "keystore": {
        "derivation": "m",
        "pw_hash_version": 1,
        "root_fingerprint": "f710696f",
        "seed": "minor zone pool armed remain combine scatter claw medal settle grace capable",
        "seed_type": "standard",
        "type": "bip32",
        "xprv": "xprv9s21ZrQH143K43RAd3vEDNfMdg1XYKQmsh4Shi4crgYBWzfX7GRSgKpapJBrpXZ7mqeJyMKERSS4VWBibcWtwHeWAXzKLp3b1hSovMynENH",
        "xpub": "xpub661MyMwAqRbcGXVdj5TEaWc6Bhr1wn8dEuz3W6UER25APnzfeojhE894faQ8fQr3d4qPGorB7E6FfPYPRxL3ZQjd9BmX6pJA5DcEVDKGgeR"
    },
    "labels": {},
    "payment_requests": {},
    "prevouts_by_scripthash": {},
    "seed_version": 50,
    "spent_outpoints": {},
    "transactions": {},
    "tx_fees": {},
    "txi": {},
    "txo": {},
    "use_encryption": false,
    "verified_tx3": {},
    "wallet_type": "standard"
}