{
    "addr_history": {
        "1133Q35dXzZcquqKiU1TH5oRUb4p1bvJCK": [],
        "115BTwLoty3XYwJC9cjAtRcDnXadnqwN1A": [],
        "12mhpo6uwYKcPSBQ9NMckMauQg6PJSTQhP": [],
        "13HhNmojGEnUTD5KZz61P7Wwbo5gWTGXEd": [],
        "14M8YaGTm6Wuw3z8WayPcDgEb3g4iY85rk": [],
        "14mLaYmYNM5E6ck4GFKKvh6mVqrYxnsauk": [],
        "14tXdshWQiSpc28y2KyPexoBQXeqTx2Pfb": [],
        "15H3xioqQrBu4DLwB2nFjxuJkf6NXfjuMP": [],
        "15zS1vTR9Zx1KAXViarJAfnZbLVFCFvpDn": [],
        "16qSehrEjdYu8bveKRKZvKgf5Lmqg6CoZ2": [],
        "19sfWVCbWAA6wLzRJrYHHCVCX6qs6ytRoF": [],
        "19tvYWLDJ8BAukQkFG76fmtANCyAdv14iu": [],
        "19zHWHp4tUntpyjwBSKv6SyNazVEyZUWma": [],
        "1AvMzTxga9tcp2qCK7q15mhXxyhfr5GzZF": [],
        "1B3gGcc8K923dLS47heHTBdA542fd1v2tv": [],
        "1CKi2FPfoGeA7L4cbz27aDYMG2Gu27tJX8": [],
        "1CMU4JUNQm2K6oUjfTp1bmvQgAuyDKNphG": [],
        "1DQGzKCUbAuVvKjQuqwJcDtTHr1n2SE4V7": [],
        "1EA25kvTfa8u6JAJqqm2VbCRJti5UtqD17": [],
        "1EB4jr4THqGY5yt9qkK5Nrizf7bJHgb1be": [],
        "1ECkD8Lv1UFD1zsuCqD36qcyifVp24iPA": [],
        "1EEZSP788uwSVpX1u46B7DjBmMeknK8GUq": [],
        "1FHVj7rGwP6T6HEpDuU5cjaum81Nwu2edR": [],
        "1Gb91oXaKkUkYzbnnG4eT8fAMRfNNQNRg5": [],
        "1H4kT41K1W1DXUaKfsAZbeBecS2ErSkuvZ": [],
        "1JJPzEd5SezRb1j3Q64QTvmYbrFTaVKnmH": [],
        "1JPxYGHHmwrKoWgz4UH9yxJb2TxfDRVfG8": [],
        "1JSxNngAj2EGp3emiwz6Q8AR1YJ6WngRhH": [],
        "1NnQZGVLy54qJ4WYKyUGbLkjVGKkx2FJeX": [],
        "1PYWTUr3tUcQK7Ff3wzYHAcUR5Z9u5pd76": []
    },
    "addresses": {
        "change": [
            "1JJPzEd5SezRb1j3Q64QTvmYbrFTaVKnmH",
            "13HhNmojGEnUTD5KZz61P7Wwbo5gWTGXEd",
            "1CKi2FPfoGeA7L4cbz27aDYMG2Gu27tJX8",
            "1PYWTUr3tUcQK7Ff3wzYHAcUR5Z9u5pd76",
            "1FHVj7rGwP6T6HEpDuU5cjaum81Nwu2edR",
            "1CMU4JUNQm2K6oUjfTp1bmvQgAuyDKNphG",
            "1ECkD8Lv1UFD1zsuCqD36qcyifVp24iPA",
            "1NnQZGVLy54qJ4WYKyUGbLkjVGKkx2FJeX",
            "1B3gGcc8K923dLS47heHTBdA542fd1v2tv",
            "1DQGzKCUbAuVvKjQuqwJcDtTHr1n2SE4V7"
        ],
        "receiving": [
            "14mLaYmYNM5E6ck4GFKKvh6mVqrYxnsauk",
            "1EB4jr4THqGY5yt9qkK5Nrizf7bJHgb1be",
            "1H4kT41K1W1DXUaKfsAZbeBecS2ErSkuvZ",
            "15zS1vTR9Zx1KAXViarJAfnZbLVFCFvpDn",
            "19sfWVCbWAA6wLzRJrYHHCVCX6qs6ytRoF",
            "14tXdshWQiSpc28y2KyPexoBQXeqTx2Pfb",
            "1JSxNngAj2EGp3emiwz6Q8AR1YJ6WngRhH",
            "12mhpo6uwYKcPSBQ9NMckMauQg6PJSTQhP",
            "1133Q35dXzZcquqKiU1TH5oRUb4p1bvJCK",
            "1EEZSP788uwSVpX1u46B7DjBmMeknK8GUq",
            "16qSehrEjdYu8bveKRKZvKgf5Lmqg6CoZ2",
            "19tvYWLDJ8BAukQkFG76fmtANCyAdv14iu",
            "1AvMzTxga9tcp2qCK7q15mhXxyhfr5GzZF",
            "115BTwLoty3XYwJC9cjAtRcDnXadnqwN1A",
            "15H3xioqQrBu4DLwB2nFjxuJkf6NXfjuMP",
            "14M8YaGTm6Wuw3z8WayPcDgEb3g4iY85rk",
            "19zHWHp4tUntpyjwBSKv6SyNazVEyZUWma",
            "1EA25kvTfa8u6JAJqqm2VbCRJti5UtqD17",
            "1JPxYGHHmwrKoWgz4UH9yxJb2TxfDRVfG8",
            "1Gb91oXaKkUkYzbnnG4eT8fAMRfNNQNRg5"
        ]
    },
    "fiat_value": {},
    "frozen_coins": {},
    "invoices": {},
    "keystore": {
        "derivation": "m",
        "pw_hash_version": 1,
        "root_fingerprint": "fdc5762d",
        "seed": "minor zone pool asthma remain combine end claw medal settle grace capable",
        "seed_type": "standard",
        "type": "bip32",
        "xprv": "xprv9s21ZrQH143K2z1gBG4qNBcZSCHhHenxJVY3Xmtv3TQVwa7AHtPRiSEjnDNqPAz2BkbvtTX9KSvEzVRfiv2sNiUEoy1wBrNoy7uHXK39FqV",
        "xpub": "xpub661MyMwAqRbcFU69HHbqjKZHzE8Bh7WofiTeLAJXbnwUpNSJqRhgGEZDdVZhkubpta4AGpMMkuSxu8BDqexCGp8KFMKDvmY1P47gSnapcwC"
    },
    "labels": {},
    "payment_requests": {},
    "prevouts_by_scripthash": {},
    "seed_version": 50,
    "spent_outpoints": {},
    "transactions": {},
    "tx_fees": {},
    "txi": {},
    "txo": {},
    "use_encryption": false,
    "verified_tx3": {},
    "wallet_type": "standard"
}