{
    "addr_history": {
        "12WLxaXyF9GmBUsvkBgt7zZW6uKMAH97Eu": [],
        "14aWfh4zsmiKEYdZ8pccui2UgE7iEkujQu": [],
        "16caJ5DBpGN3ZuTmPEuGi8ay4XrXgFrvLF": [],
        "178v3p7FMvowzTRG55ppoqHJmuefcgvfvx": [],
        "17YCDTFwMWAFK26roB7VNQGR2qZw887c6m": [],
        "17nAVSAgdc4gTKCkkooaxdatJQurSFJxxb": [],
        "17tCyNGciUTMnw1RiM7GpNiAonbCSyXjnf": [],
        "17u2bJmr3WtybWB6wH4LRJiLGmR1RaTSph": [],
        "19FxnfQZXMU4GfeeZkmq1ykZvLws4Yxce": [],
        "1ACdk1HWLSGxsV3qMAntAa7wh9uVKjfZxr": [],
        "1AFbmJsaRVkrPgGWS3thizUNEvH5eAhdBe": [],
        "1Bbrz9Ajb2AuM6Ji7q7sXgZcuyLkEdUrsV": [],
        "1CPLwDn1bmuh71gjKMrxVYeAXvX2fJgWsy": [],
        "1ChjDvvTRBSTyosK9pptxxaxBaceN1ehBf": [],
        "1DFVX2U9vohvTEwBjgTUwGXiPfw9ajPfyR": [],
        "1F9HnaMDHvDcJnrppUTqxJRMAmtzny4UGq": [],
        "1FUyCnP2oiNC8FuTBmzdNftBrYBpa2P85P": [],
        "1FcnFcN5b9UpB4gzWKrK6iPHiuka1qthKZ": [],
        "1GEB14cBkbzMMtd7TQZY4sc9ihQXXaaFgd": [],
        "1JKLEtznxhHt1jdo2dsSZUcUvBVvLT9ABn": [],
        "1Kc5dgjqPesSRJy2aXc2ed6LTakkUP2ine": [],
        "1LM3eDBhNqeu14siZo37qwjkhRtsfsfesx": [],
        "1LNAL9kzuiWDRXCZTsDApBaUaAmV6R9w6K": [],
        "1LtJyvLE62fcidW7PQmtSrTwhff9rWTmoW": [],
        "1ModZ9TQfxoWA3dftsSu7da2Z9UBVDmurt": [],
        "1NnfTuGLHeuWre2aEq87uqsNLPPyWimYrT": [],
        "1Npv1ckgLzByvPktJyJNWASu9yQ6aDUrw9": [],
        "1Q8hCkqdjJNrHunSAfRauB6Pso3Gnj5cR1": [],
        "1QFZkn4wpNax7WPyFMfBDsFMQCUgYDdYm2": [],
        "1SmjuzT1v5C6HxsTaQADawoca95QzEWTZ": []
    },
    "addresses": {
        "change": [
            "1ChjDvvTRBSTyosK9pptxxaxBaceN1ehBf",
            "1Q8hCkqdjJNrHunSAfRauB6Pso3Gnj5cR1",
            "1QFZkn4wpNax7WPyFMfBDsFMQCUgYDdYm2",
            "1AFbmJsaRVkrPgGWS3thizUNEvH5eAhdBe",
            "1SmjuzT1v5C6HxsTaQADawoca95QzEWTZ",
            "1JKLEtznxhHt1jdo2dsSZUcUvBVvLT9ABn",
            "1NnfTuGLHeuWre2aEq87uqsNLPPyWimYrT",
            "1FUyCnP2oiNC8FuTBmzdNftBrYBpa2P85P",
            "1Npv1ckgLzByvPktJyJNWASu9yQ6aDUrw9",
            "12WLxaXyF9GmBUsvkBgt7zZW6uKMAH97Eu"
        ],
        "receiving": [
            "1GEB14cBkbzMMtd7TQZY4sc9ihQXXaaFgd",
            "1DFVX2U9vohvTEwBjgTUwGXiPfw9ajPfyR",
            "1Kc5dgjqPesSRJy2aXc2ed6LTakkUP2ine",
            "16caJ5DBpGN3ZuTmPEuGi8ay4XrXgFrvLF",
            "19FxnfQZXMU4GfeeZkmq1ykZvLws4Yxce",
            "1ACdk1HWLSGxsV3qMAntAa7wh9uVKjfZxr",
            "17YCDTFwMWAFK26roB7VNQGR2qZw887c6m",
            "17u2bJmr3WtybWB6wH4LRJiLGmR1RaTSph",
            "14aWfh4zsmiKEYdZ8pccui2UgE7iEkujQu",
            "1Bbrz9Ajb2AuM6Ji7q7sXgZcuyLkEdUrsV",
            "1LM3eDBhNqeu14siZo37qwjkhRtsfsfesx",
            "1F9HnaMDHvDcJnrppUTqxJRMAmtzny4UGq",
            "1LNAL9kzuiWDRXCZTsDApBaUaAmV6R9w6K",
            "17tCyNGciUTMnw1RiM7GpNiAonbCSyXjnf",
            "1LtJyvLE62fcidW7PQmtSrTwhff9rWTmoW",
            "178v3p7FMvowzTRG55ppoqHJmuefcgvfvx",
            "17nAVSAgdc4gTKCkkooaxdatJQurSFJxxb",
            "1CPLwDn1bmuh71gjKMrxVYeAXvX2fJgWsy",
            "1FcnFcN5b9UpB4gzWKrK6iPHiuka1qthKZ",
            "1ModZ9TQfxoWA3dftsSu7da2Z9UBVDmurt"
        ]
    },
    "fiat_value": {},
    "frozen_coins": {},
    "invoices": {},
    "keystore": {
        "derivation": "m",
        "pw_hash_version": 1,
        "root_fingerprint": "c4abe26e",
        "seed": "minor zone pool aim remain combine hawk claw medal settle grace capable",
        "seed_type": "standard",
        "type": "bip32",
        "xprv": "xprv9s21ZrQH143K3hyeog4jfkceFjCYdP1kW6XxLrDxNeSpxrKigZrhEKvqrhtZdcAqAjhmqsj2YwtApxBzMAPNnDKwatXpk7XHpyNEm7pXgrm",
        "xpub": "xpub661MyMwAqRbcGC47uhbk2tZNom332qjbsKTZ9EdZvyyoqeesE7Awn8FKhw5NZqjuNYiTzTcgKLunCM4mrzpwEUnj6zL1qngRj71moLrXxeV"
    },
    "labels": {},
    "payment_requests": {},
    "prevouts_by_scripthash": {},
    "seed_version": 50,
    "spent_outpoints": {},
    "transactions": {},
    "tx_fees": {},
    "txi": {},
    "txo": {},
    "use_encryption": false,
    "verified_tx3": {},
    "wallet_type": "standard"
}