{
    "addr_history": {
        "13SgZvkuVBenqQR16oANzyj9iDR8adqJda": [],
        "15RJNSRGUDQaTfwymHwzCrBbjZn97Xjioe": [],
        "15ngVVWEJPYcf17kyoGsip6W2UZZ16WkrL": [],
        "16Fvnh3husCZVY3guCV9yowTQUnAhREx4b": [],
        "16uzizHtDisbeagXdGYNtYMne5RMPgEq6y": [],
        "17QsEdnZmrmmvSccuEdAm3nU3a1L7d8Zvw": [],
        "17m3GYUBJ7wpQXqiwH8M2cGhue8EhPmw3c": [],
        "1A4cuskEynDB8gMDpneTLqPRrzUiueenFD": [],
        "1Ap7mwPTpoZYTnnCUb1m7JR5zty7vi9KBK": [],
        "1CLj9m7bgKsdWiQ1ezHStJNW51nBFgaUk3": [],
        "1CQ5kods4XqMjUsA2h7PzpwEwyrErYeu43": [],
        "1CSVavCEzgykeR5xfn84Cp292iB556RJFv": [],
        "1CiL8CMdBsgSAVbA3Q5JtuevMhCoGbKbqp": [],
        "1Dk5daj9BAVJ4sRDLBFVaQ1Ztz2HC65E4m": [],
        "1ELnz568pgu5yPejpcK3EJ3FF4Tn68VCFd": [],
        "1FQ734tRWSMTiD3PTFgiNCQENsB3wLvYPK": [],
        "1HKdRRSEB5EjizZ89g9yoSLZTkKzajYSf3": [],
        "1KGVgFPQ5HaGH29xGjQr5wkrhGaqnLimy1": [],
        "1KeDuMvEPfQmbChE416PurkKCkmPW4mRaw": [],
        "1KfHd19LnW2v3Qg1SHs1efcXAo5FvaUABi": [],
        "1LMjjc7RhY9VW6nyerz7uWuHCpzRgmYu6D": [],
        "1Myo7kzop4pJyDRSh3B72rA1gTLNFwgSgy": [],
        "1Mz5A7LgvYCRD6jWnwXYPJ9FadXkc9KTGW": [],
        "1NAqgBFWoUk97KmtME8c8wGqLFwXiUmeof": [],
        "1NLZ1CJXedKe7scYCrGkyJC8qeuD4k46md": [],
        "1NZvQkFU9G23T7neAk8mecq6yysM2CcHeM": [],
        "1NnQkDut54gqd15kniJ3zFujEjpLbsLoET": [],
        "1P4YXr9aLXaBA5D9igCakHWkPXZQR6eYNK": [],
        "1PYaPFNE3F931sHkqaiTfPGsMETnSrsfhi": [],
        "1QA233Z25LWU6xGEMuV7N9quz9WkCTVfdq": []
    },
    "addresses": {
        "change": [
            "15ngVVWEJPYcf17kyoGsip6W2UZZ16WkrL",
            "1KfHd19LnW2v3Qg1SHs1efcXAo5FvaUABi",
            "1NLZ1CJXedKe7scYCrGkyJC8qeuD4k46md",
            "17m3GYUBJ7wpQXqiwH8M2cGhue8EhPmw3c",
            "1NnQkDut54gqd15kniJ3zFujEjpLbsLoET",
            "1CQ5kods4XqMjUsA2h7PzpwEwyrErYeu43",
            "1CSVavCEzgykeR5xfn84Cp292iB556RJFv",
            "1P4YXr9aLXaBA5D9igCakHWkPXZQR6eYNK",
            "13SgZvkuVBenqQR16oANzyj9iDR8adqJda",
            "1KeDuMvEPfQmbChE416PurkKCkmPW4mRaw"
        ],
        "receiving": [
            "1FQ734tRWSMTiD3PTFgiNCQENsB3wLvYPK",
            "1A4cuskEynDB8gMDpneTLqPRrzUiueenFD",
            "1Ap7mwPTpoZYTnnCUb1m7JR5zty7vi9KBK",
            "16uzizHtDisbeagXdGYNtYMne5RMPgEq6y",
            "1QA233Z25LWU6xGEMuV7N9quz9WkCTVfdq",
            "1CLj9m7bgKsdWiQ1ezHStJNW51nBFgaUk3",
            "1ELnz568pgu5yPejpcK3EJ3FF4Tn68VCFd",
            "1NAqgBFWoUk97KmtME8c8wGqLFwXiUmeof",
            "1HKdRRSEB5EjizZ89g9yoSLZTkKzajYSf3",
            "1Myo7kzop4pJyDRSh3B72rA1gTLNFwgSgy",
            "1NZvQkFU9G23T7neAk8mecq6yysM2CcHeM",
            "1Mz5A7LgvYCRD6jWnwXYPJ9FadXkc9KTGW",
            "1CiL8CMdBsgSAVbA3Q5JtuevMhCoGbKbqp",
            "1PYaPFNE3F931sHkqaiTfPGsMETnSrsfhi",
            "1KGVgFPQ5HaGH29xGjQr5wkrhGaqnLimy1",
            "1Dk5daj9BAVJ4sRDLBFVaQ1Ztz2HC65E4m",
            "16Fvnh3husCZVY3guCV9yowTQUnAhREx4b",
            "1LMjjc7RhY9VW6nyerz7uWuHCpzRgmYu6D",
            "17QsEdnZmrmmvSccuEdAm3nU3a1L7d8Zvw",
            "15RJNSRGUDQaTfwymHwzCrBbjZn97Xjioe"
        ]
    },
    "fiat_value": {},
    "frozen_coins": {},
    "invoices": {},
    "keystore": {
        "derivation": "m",
        "pw_hash_version": 1,
        "root_fingerprint": "6ff8cc18",
        "seed": "minor zone pool avoid remain combine quote claw medal settle grace capable",
        "seed_type": "standard",
        "type": "bip32",
        "xprv": "xprv9s21ZrQH143K4YV4xRpwTVcNi8YGHLi2DhppnV1kLQJKqdK1hLPA2nUAh4ASaWP1MqA6XVzteEeEiBr3kr71pMyZHnmFwBueCuat2uCBmvR",
        "xpub": "xpub661MyMwAqRbcH2ZY4TMwpdZ7GANkgoRsavkRasRMtjqJiReAEshQaaneYLtawE19M1qJSLujzGnep7B4fgfmUTStTdu339hQQjddyQgadbZ"
    },
    "labels": {},
    "payment_requests": {},
    "prevouts_by_scripthash": {},
    "seed_version": 50,
    "spent_outpoints": {},
    "transactions": {},
    "tx_fees": {},
    "txi": {},
    "txo": {},
    "use_encryption": false,
    "verified_tx3": {},
    "wallet_type": "standard"
}