{
    "addr_history": {
        "13n2u2cap5BWnakuT9V1kwZhjNAzTQaj9n": [],
        "14xHmfPwgMZN8EPZnyzF6tPwJRs3BXsmjb": [],
        "15D9xH1D5z671WCunhCmwtKCGQsDqYi1XS": [],
        "15nG3bZKpcSW1Dm13ZrQU4pJFVngoVtiq2": [],
        "16PasQMxpKG5EyyYWNFsM8EsNViN57FNiR": [],
        "18v1mrmjzAo1BwRa5Ns2q9wyR1a3NxgPCx": [],
        "18xMegq3FwJ5f3YLfiJHGYKEG6XGTD5S8K": [],
        "1Ak9ovyeVcEdt4492ga3khYB1GMJnCtPtB": [],
        "1AxhdTivy9hbQBc2NGzJC5ykwbAr8yC4kq": [],
        "1DiTcMBfkVsgmbdDobmHEy4cDNqmuBM8Tk": [],
        "1Douug9CQJZXD1tgoB8GW9sohfHXiGuY2E": [],
        "1EpXe2vAGfA2bUyTZqoba344CpBGTJmWCQ": [],
        "1FZfnYPSuXn3Fmvh6aVFErdobWSGVdJyJ2": [],
        "1G5g3NWomGBYYdcy3sMCU1zw9e1AX8GsKa": [],
        "1GE4EBaQGu3nynkFPx2xLgnhZKJzoB5rq1": [],
        "1GrC7MdYhGwwLJuz25dHfB1NvZ28zKETVQ": [],
        "1H7hxeVH5rTTGP2snLFapBQKzQc6hgFRP9": [],
        "1HBVULbcQWn8peTb53LgPXLZ7PapPjdMo6": [],
        "1HEwg6iuBEAEWYj3AEZ2RkZ6LGsSnMy9qR": [],
        "1HJch2pggekHrEWsHos6RmG1WEr22bKXo1": [],
        "1Hvsp5yyTcw2p6vRMLKpsQr8j3emyw5868": [],
        "1JgY3SD3yEo6EkhazizzbX5LoKJaRm3TnU": [],
        "1JgxwDUkwHtRcCQXGx4kJgyvJKiVwNbf4B": [],
        "1K47StdKci6QTYcNFWQXCLgMVZ39nWYtet": [],
        "1K7pZUKMQpbwGdzy8h1nJLmJGkx7PuX4oq": [],
        "1NHfXv2sVEYsghME4Lc3iqSPox5zLvEbhL": [],
        "1PT2QVeBEoHJ8WQk574sd1SYNNPhEqzyng": [],
        "1Punzeaq3AXFXTyVvgrcEeXeQZoEyc358Q": [],
        "1QFX5F8owQ1hQqATj3Pdp2sBrRShJ4F45e": [],
        "1gv4A9wMiCmdk43mJ27z6kiCnjS5eZQRj": []
    },
    "addresses": {
        "change": [
            "18v1mrmjzAo1BwRa5Ns2q9wyR1a3NxgPCx",
            "1QFX5F8owQ1hQqATj3Pdp2sBrRShJ4F45e",
            "1Douug9CQJZXD1tgoB8GW9sohfHXiGuY2E",
            "1NHfXv2sVEYsghME4Lc3iqSPox5zLvEbhL",
            "14xHmfPwgMZN8EPZnyzF6tPwJRs3BXsmjb",
            "1gv4A9wMiCmdk43mJ27z6kiCnjS5eZQRj",
            "1JgY3SD3yEo6EkhazizzbX5LoKJaRm3TnU",
            "18xMegq3FwJ5f3YLfiJHGYKEG6XGTD5S8K",
            "15nG3bZKpcSW1Dm13ZrQU4pJFVngoVtiq2",
            "1HJch2pggekHrEWsHos6RmG1WEr22bKXo1"
        ],
        "receiving": [
            "1HBVULbcQWn8peTb53LgPXLZ7PapPjdMo6",
            "1Ak9ovyeVcEdt4492ga3khYB1GMJnCtPtB",
            "1G5g3NWomGBYYdcy3sMCU1zw9e1AX8GsKa",
            "1JgxwDUkwHtRcCQXGx4kJgyvJKiVwNbf4B",
            "1PT2QVeBEoHJ8WQk574sd1SYNNPhEqzyng",
            "1K47StdKci6QTYcNFWQXCLgMVZ39nWYtet",
            "15D9xH1D5z671WCunhCmwtKCGQsDqYi1XS",
            "1Punzeaq3AXFXTyVvgrcEeXeQZoEyc358Q",
            "16PasQMxpKG5EyyYWNFsM8EsNViN57FNiR",
            "1EpXe2vAGfA2bUyTZqoba344CpBGTJmWCQ",
            "1Hvsp5yyTcw2p6vRMLKpsQr8j3emyw5868",
            "1FZfnYPSuXn3Fmvh6aVFErdobWSGVdJyJ2",
            "1HEwg6iuBEAEWYj3AEZ2RkZ6LGsSnMy9qR",
            "1GE4EBaQGu3nynkFPx2xLgnhZKJzoB5rq1",
            "1H7hxeVH5rTTGP2snLFapBQKzQc6hgFRP9",
            "13n2u2cap5BWnakuT9V1kwZhjNAzTQaj9n",
            "1GrC7MdYhGwwLJuz25dHfB1NvZ28zKETVQ",
            "1K7pZUKMQpbwGdzy8h1nJLmJGkx7PuX4oq",
            "1DiTcMBfkVsgmbdDobmHEy4cDNqmuBM8Tk",
            "1AxhdTivy9hbQBc2NGzJC5ykwbAr8yC4kq"
        ]
    },
    "fiat_value": {},
    "frozen_coins": {},
    "invoices": {},
    "keystore": {
        "derivation": "m",
        "pw_hash_version": 1,
        "root_fingerprint": "21a6e289",
        "seed": "minor zone pool also remain combine book claw medal settle grace capable",
        "seed_type": "standard",
        "type": "bip32",
        "xprv": "xprv9s21ZrQH143K34hrQcb7BwbuQuL2LGqGyJC1r449iGooxq7xZxVDJFMGWHvDg7C6ZKydKb8Pbs6HgWYDkof1khyQKnwoGhUi9GRKsYpNNYP",
        "xpub": "xpub661MyMwAqRbcFYnKWe87Z5YdxwAWjjZ8LX7ceSTmGcLnqdT77VoTr3fkMbMyQb5J7EAH7m9cCnuA7kibY9GhAC7hpkZMqZJjQTSDwaUqjbg"
    },
    "labels": {},
    "payment_requests": {},
    "prevouts_by_scripthash": {},
    "seed_version": 50,
    "spent_outpoints": {},
    "transactions": {},
    "tx_fees": {},
    "txi": {},
    "txo": {},
    "use_encryption": false,
    "verified_tx3": {},
    "wallet_type": "standard"
}