{
    "addr_history": {
        "12v3E9mVcJn18RQhskkk6N9vQ9BxziAdyH": [],
        "13GPSSaj1ZRCMCNZKBNYsFutk48CotDHx4": [],
        "13UmxqkJgd9zqGbnaSJ6u9zCUmASji2KT6": [],
        "13x1wCT5TRsn8mZFsJ2seHtBZ2ZYgYs7yE": [],
        "144BPdJWPs7r8wHpGaJeAb9iZZ97FViuZK": [],
        "14fh8ZudbuGxRAuuMxo1Rerc4TFQVwjjoP": [],
        "155LGfERjTC82RkP76zbogo1fvFpMpko8R": [],
        "15AWxojpvNjmGSm1BRKBeZaSsMaGVtv25b": [],
        "16qWyCs5FPBMnD9nX3XYW5gftqCxQzPzw8": [],
        "17WTVrvVa2sWrjxQzfX7AL7vwxQ1bLAMRA": [],
        "17eMEPjYb7ehZV14NcBwpfg6CESDYxPEuK": [],
        "17uSLK4Y3956EJWaxGiRwPZGuXkdf97vuK": [],
        "19WoYnK3W3pL9XkhmDzpP2ksJuB8ScrEN": [],
        "19dmTgAXCSApePYBTAevPHuKFLp7o8vRSm": [],
        "1Ar5ocnZhVh4KLzzTUZVogs71mjd6a2Jz3": [],
        "1Att7SxkJ9P3LCDPwhcPG5uCdw5UzHmwng": [],
        "1BQpb5etNTYK2GufMNDqrwogh18X8HnXCU": [],
        "1BWGRgMQBqLkAqitVDzF42LWxbvbYDEBvB": [],
        "1CtrDdDnopwTd8Cu5uKk5V2rU4f5xBFuPY": [],
        "1DyKCBa7GcrcPKwhfUhb8aK174i1ojqE1p": [],
        "1E9ffXby3zvVYPJvycPhwvSKoGMs9u8TyK": [],
        "1EeoqZdjTJiDe3S3WcBZNQ1eyDvSBwKgkt": [],
        "1FYcNw3XPANmXctjKY1XjjwYRGbufbBTd3": [],
        "1K87nyPQV2yT3jn7oS21xbZ6jkHE5XW72p": [],
        "1KLqfWx2j7PsaAAChtnGmUjx1oDkXz3hhv": [],
        "1KQrXKFnjV4ERTcc6hYi74MamYEBAC6qRL": [],
        "1KgVCDJyottr1nyUtDYb1o1CqciQWgb15o": [],
        "1NB13WfTzEpxht1EcxeeYAS3msiGfmi7Mx": [],
        "1b2zzTxa5XDutwtNGhYwrx2cNYgbY4dKb": [],
        "1ywMFoTeRS8CAcv5Y4jdXFoU2CgE1oVgb": []
    },
    "addresses": {
        "change": [
            "1BQpb5etNTYK2GufMNDqrwogh18X8HnXCU",
            "12v3E9mVcJn18RQhskkk6N9vQ9BxziAdyH",
            "1CtrDdDnopwTd8Cu5uKk5V2rU4f5xBFuPY",
            "1E9ffXby3zvVYPJvycPhwvSKoGMs9u8TyK",
            "19dmTgAXCSApePYBTAevPHuKFLp7o8vRSm",
            "16qWyCs5FPBMnD9nX3XYW5gftqCxQzPzw8",
            "1Att7SxkJ9P3LCDPwhcPG5uCdw5UzHmwng",
            "1FYcNw3XPANmXctjKY1XjjwYRGbufbBTd3",
            "1Ar5ocnZhVh4KLzzTUZVogs71mjd6a2Jz3",
            "144BPdJWPs7r8wHpGaJeAb9iZZ97FViuZK"
        ],
        "receiving": [
            "1KLqfWx2j7PsaAAChtnGmUjx1oDkXz3hhv",
            "14fh8ZudbuGxRAuuMxo1Rerc4TFQVwjjoP",
            "1KgVCDJyottr1nyUtDYb1o1CqciQWgb15o",
            "1b2zzTxa5XDutwtNGhYwrx2cNYgbY4dKb",
            "1EeoqZdjTJiDe3S3WcBZNQ1eyDvSBwKgkt",
            "15AWxojpvNjmGSm1BRKBeZaSsMaGVtv25b",
            "17WTVrvVa2sWrjxQzfX7AL7vwxQ1bLAMRA",
            "1BWGRgMQBqLkAqitVDzF42LWxbvbYDEBvB",
            "1DyKCBa7GcrcPKwhfUhb8aK174i1ojqE1p",
            "17uSLK4Y3956EJWaxGiRwPZGuXkdf97vuK",
            "13UmxqkJgd9zqGbnaSJ6u9zCUmASji2KT6",
            "155LGfERjTC82RkP76zbogo1fvFpMpko8R",
            "13GPSSaj1ZRCMCNZKBNYsFutk48CotDHx4",
            "19WoYnK3W3pL9XkhmDzpP2ksJuB8ScrEN",
            "1K87nyPQV2yT3jn7oS21xbZ6jkHE5XW72p",
            "1NB13WfTzEpxht1EcxeeYAS3msiGfmi7Mx",
            "17eMEPjYb7ehZV14NcBwpfg6CESDYxPEuK",
            "13x1wCT5TRsn8mZFsJ2seHtBZ2ZYgYs7yE",
            "1ywMFoTeRS8CAcv5Y4jdXFoU2CgE1oVgb",
            "1KQrXKFnjV4ERTcc6hYi74MamYEBAC6qRL"
        ]
    },
    "fiat_value": {},
    "frozen_coins": {},
    "invoices": {},
    "keystore": {
        "derivation": "m",
        "pw_hash_version": 1,
        "root_fingerprint": "ec078a52",
        "seed": "minor zone pool anger remain combine length claw medal settle grace capable",
        "seed_type": "standard",
        "type": "bip32",
        "xprv": "xprv9s21ZrQH143K2nBEumdgs6T79NmAprRgv2iu9pc9n53bB4nLRhvdbYMZyL9SJE5nxjNKMLcGU7MN42xCXWsHsHgt6w5cuiP7i5zRD61sCNP",
        "xpub": "xpub661MyMwAqRbcFGFi1oAhEEPqhQbfEK9YHFeVxD1mLQaa3s7UyFEt9Lg3peWjkri3tSUSRf2M4fkYe88s8RG4TmFLQr82GdiMbkbZtPK7c4L"
    },
    "labels": {},
    "payment_requests": {},
    "prevouts_by_scripthash": {},
    "seed_version": 50,
    "spent_outpoints": {},
    "transactions": {},
    "tx_fees": {},
    "txi": {},
    "txo": {},
    "use_encryption": false,
    "verified_tx3": {},
    "wallet_type": "standard"
}