{
    "addr_history": {
        "12MRv7fJMXigMkp5myAm6Ce4Ng5Cm3qw2N": [],
        "13tfyVNcjaCtwYdSPyitceSy563QRAgbJx": [],
        "145SBaBPZC23TSiYocKndezEo6k6HRsouL": [],
        "16EPYeiPiqESZTfFEWPMrrXQu72a5KayP2": [],
        "16UZMVC72ZUYjSuymUGMiBSRfKeQWLkbDT": [],
        "17EEaGms5CJ6UCkdY3D17JGefJvGhQMJvN": [],
        "1847bFaW2BdA3zoGrJZuBL9rFEpFvvkGgE": [],
        "1A3h9ND3rBLmHtvjxL3xL97x91V1HfsYG6": [],
        "1CCrG6VxdxQ7NVYFWzoBQZAhSAAuAnrrNd": [],
        "1CecdWfdgJddNmiJvUzC1GHifv68B6PqUv": [],
        "1DHvjuLYNomfvzXWd4i1ATBLxBifta3PgM": [],
        "1DjXnrKHva5pCtbas4f2R3a71S9Y5oSCPV": [],
        "1DzGDEWy4veKuvDyz8VKgV1QMWcV8ZwMWz": [],
        "1EBVqnCWvhYtmW4gPer3S1ctQaFtc1nkyJ": [],
        "1Fg7AbMUEGBHjzvmGKjDzk8Z4DH1oS6Kc5": [],
        "1HraP8ZMdCzbbQQRyixCThj8hUrNhM7kYj": [],
        "1Hy8xeQxG7aAXzj2DTFqMvjurazLX3JU4e": [],
        "1JHW6rZvmDxDH4XajpNzHUpt7oh6A61BGd": [],
        "1LZtes4EqV5NHZgNsPnTkrS8U75UYkcTR3": [],
        "1LedeyhGJyH8cm8pumBYja3DGbkj3Er7Mf": [],
        "1N6FC1KRnLNSkLnvcz4zb3EHG2qxBmDT5J": [],
        "1NCpahnqJAHYEV7eTjJaEsdZjXo5XKPKQQ": [],
        "1NRYu6CUj75CS816ch8dqiVcyK1dwcVrsS": [],
        "1P26RL3aoTCvVoGh2hT7xdo9CU1MaAwL4p": [],
        "1P4Nr8yBGNdjKnVhkJzUHhPqvViTSb6aBk": [],
        "1PUWrCiWC24LQHBr1pxPBiUVeFNK6eVZVh": [],
        "1QGjhEbLXxc3M7vcmqPC65jkkGxWX96G8Q": [],
        "1QKzRUfH95QrMTpHifDpKKweY6haFkMRN5": [],
        "1QtajUmy2nEgojH9KfcT2Y5W4K7pjWXN1": [],
        "1RqLx1o8D9gXCfEBVr6HGAyUkxhn8WXsV": []
    },
    "addresses": {
        "change": [
            "16UZMVC72ZUYjSuymUGMiBSRfKeQWLkbDT",
            "1HraP8ZMdCzbbQQRyixCThj8hUrNhM7kYj",
            "1847bFaW2BdA3zoGrJZuBL9rFEpFvvkGgE",
            "1LedeyhGJyH8cm8pumBYja3DGbkj3Er7Mf",
            "1LZtes4EqV5NHZgNsPnTkrS8U75UYkcTR3",
            "1PUWrCiWC24LQHBr1pxPBiUVeFNK6eVZVh",
            "1DHvjuLYNomfvzXWd4i1ATBLxBifta3PgM",
            "1P4Nr8yBGNdjKnVhkJzUHhPqvViTSb6aBk",
            "1NRYu6CUj75CS816ch8dqiVcyK1dwcVrsS",
            "1A3h9ND3rBLmHtvjxL3xL97x91V1HfsYG6"
        ],
        "receiving": [
            "16EPYeiPiqESZTfFEWPMrrXQu72a5KayP2",
            "1QKzRUfH95QrMTpHifDpKKweY6haFkMRN5",
            "1QtajUmy2nEgojH9KfcT2Y5W4K7pjWXN1",
            "1CCrG6VxdxQ7NVYFWzoBQZAhSAAuAnrrNd",
            "17EEaGms5CJ6UCkdY3D17JGefJvGhQMJvN",
            "1RqLx1o8D9gXCfEBVr6HGAyUkxhn8WXsV",
            "12MRv7fJMXigMkp5myAm6Ce4Ng5Cm3qw2N",
            "1DzGDEWy4veKuvDyz8VKgV1QMWcV8ZwMWz",
            "1N6FC1KRnLNSkLnvcz4zb3EHG2qxBmDT5J",
            "1QGjhEbLXxc3M7vcmqPC65jkkGxWX96G8Q",
            "1Hy8xeQxG7aAXzj2DTFqMvjurazLX3JU4e",
            "1Fg7AbMUEGBHjzvmGKjDzk8Z4DH1oS6Kc5",
            "1P26RL3aoTCvVoGh2hT7xdo9CU1MaAwL4p",
            "13tfyVNcjaCtwYdSPyitceSy563QRAgbJx",
            "1EBVqnCWvhYtmW4gPer3S1ctQaFtc1nkyJ",
            "1NCpahnqJAHYEV7eTjJaEsdZjXo5XKPKQQ",
            "1DjXnrKHva5pCtbas4f2R3a71S9Y5oSCPV",
            "145SBaBPZC23TSiYocKndezEo6k6HRsouL",
            "1CecdWfdgJddNmiJvUzC1GHifv68B6PqUv",
            "1JHW6rZvmDxDH4XajpNzHUpt7oh6A61BGd"
        ]
    },
    "fiat_value": {},
    "frozen_coins": {},
    "invoices": {},
    "keystore": {
        "derivation": "m",
        "pw_hash_version": 1,
        "root_fingerprint": "057c174f",
        "seed": "minor zone pool analyst remain combine fetch claw medal settle grace capable",
        "seed_type": "standard",
        "type": "bip32",
        "xprv": "xprv9s21ZrQH143K3ChtN9a5izg97oWxrqxhaCXpUhE3ZCrxZD7kmCFti2GRGk84fLbdT73aYpdTdD3HMb31NMneehHwQfh2yrgeLtmEfTEoyfd",
        "xpub": "xpub661MyMwAqRbcFgnMUB7668csfqMTGJgYwRTRH5df7YPwS1SuJja9Fpau83CXiuBm961M3NK24MAfo2ocFWwd2cfeW9ZeoiPc4aBre7k1Mmg"
    },
    "labels": {},
    "payment_requests": {},
    "prevouts_by_scripthash": {},
    "seed_version": 50,
    "spent_outpoints": {},
    "transactions": {},
    "tx_fees": {},
    "txi": {},
    "txo": {},
    "use_encryption": false,
    "verified_tx3": {},
    "wallet_type": "standard"
}