{
    "addr_history": {
        "12LB8DLLEV8K968du81We4Qx8tBtFWBP4M": [],
        "12LzYg2R7mcDCGGHytjBUkT6WVyGqRh3AB": [],
        "14Kchmk5b3M559TjE5B5JwvARvWNLLqpQk": [],
        "14swot2FhuGMY3FKSAgS5Z53wrn69QAULZ": [],
        "169rrZVvMJWDBhh7hFq2HnUKcpmdApMJ24": [],
        "16CknGh9WBjKKrMKR9ihbC2f8MbRqo3nBa": [],
        "16qHqumBm44a3NegzYaEm8FtugtZ9YVrdP": [],
        "16xb8NnNBiVXx1X97PJ9LDrxwtYnX1uSbq": [],
        "17UUqzbi8m9Dgy45MZDdziKNZyi9z8ucV9": [],
        "17dKZYqmoKrvo7EWiyHj644XtbNAt7b4gE": [],
        "18MYcjfZ2eBVk7uQpAdjJrCGcgBU84z8G": [],
        "19j9tTQpwgaq6b19tVaYkuGgnPyYGLWbAQ": [],
        "1AN2pGsuodyaEJfaETAFxsgcn8xK2PaKDj": [],
        "1ANiGH8AKVm1vMstDfkJc9ShWozL3jijtx": [],
        "1AYZZXqaf8v2zx5xCNSNHiP2SEL22PsFrX": [],
        "1AmqG4PS4WSqxC4Kksk6QqtQt4TbN1RGEd": [],
        "1BdEjycqGuEEL96LvX15WWLrV5w9MvEmxe": [],
        "1DbntsAFPDbLspNDnGAjqTQB6DmngkJ8h9": [],
        "1FLfAtqk8ZjbkHbz1Sg4JHkYhM8ViR71Gh": [],
        "1Gahx5vR8eZpsukqs5jshDHa1Ft638rGjG": [],
        "1KsBmggNpsoQbdGLTxcUBE4sAaqSA8J2va": [],
        "1L7ffExNsYAREcaUGovkCFeV1HevxijYCo": [],
        "1MvpnwoKckEoCz9rGvi49KJwKQBY511MiT": [],
        "1NA1k97jd68RRZcqckP91aKxJ8zrffbprH": [],
        "1NRCDVGS8T9XhT9rgNkxpJaDPwfSueQmH2": [],
        "1NyJH9B695RwnwuUaKaZ45winAz5ZFvs1k": [],
        "1Q5uWzpPJgCiBC9iY1V7kn2dBeJdmunhSq": [],
        "1QFo6y3EG59zAX8enYUrVVWW4NhyRYh4p": [],
        "1QFwPUFBEUjASSfzQEMHy8Hni2E1CWMGCZ": [],
        "1chiGECzLibvwVrDL9So1bGDRcJzN3cDi": []
    },
    "addresses": {
        "change": [
            "12LzYg2R7mcDCGGHytjBUkT6WVyGqRh3AB",
            "1AN2pGsuodyaEJfaETAFxsgcn8xK2PaKDj",
            "19j9tTQpwgaq6b19tVaYkuGgnPyYGLWbAQ",
            "1QFo6y3EG59zAX8enYUrVVWW4NhyRYh4p",
            "16xb8NnNBiVXx1X97PJ9LDrxwtYnX1uSbq",
            "1NyJH9B695RwnwuUaKaZ45winAz5ZFvs1k",
            "1NRCDVGS8T9XhT9rgNkxpJaDPwfSueQmH2",
            "1ANiGH8AKVm1vMstDfkJc9ShWozL3jijtx",
            "14Kchmk5b3M559TjE5B5JwvARvWNLLqpQk",
            "14swot2FhuGMY3FKSAgS5Z53wrn69QAULZ"
        ],
        "receiving": [
            "1NA1k97jd68RRZcqckP91aKxJ8zrffbprH",
            "18MYcjfZ2eBVk7uQpAdjJrCGcgBU84z8G",
            "1DbntsAFPDbLspNDnGAjqTQB6DmngkJ8h9",
            "1AmqG4PS4WSqxC4Kksk6QqtQt4TbN1RGEd",
            "1chiGECzLibvwVrDL9So1bGDRcJzN3cDi",
            "1QFwPUFBEUjASSfzQEMHy8Hni2E1CWMGCZ",
            "1BdEjycqGuEEL96LvX15WWLrV5w9MvEmxe",
            "1L7ffExNsYAREcaUGovkCFeV1HevxijYCo",
            "16CknGh9WBjKKrMKR9ihbC2f8MbRqo3nBa",
            "1Gahx5vR8eZpsukqs5jshDHa1Ft638rGjG",
            "12LB8DLLEV8K968du81We4Qx8tBtFWBP4M",
            "1KsBmggNpsoQbdGLTxcUBE4sAaqSA8J2va",
            "16qHqumBm44a3NegzYaEm8FtugtZ9YVrdP",
            "17UUqzbi8m9Dgy45MZDdziKNZyi9z8ucV9",
            "1Q5uWzpPJgCiBC9iY1V7kn2dBeJdmunhSq",
            "17dKZYqmoKrvo7EWiyHj644XtbNAt7b4gE",
            "1AYZZXqaf8v2zx5xCNSNHiP2SEL22PsFrX",
            "169rrZVvMJWDBhh7hFq2HnUKcpmdApMJ24",
            "1MvpnwoKckEoCz9rGvi49KJwKQBY511MiT",
            "1FLfAtqk8ZjbkHbz1Sg4JHkYhM8ViR71Gh"
        ]
    },
    "fiat_value": {},
    "frozen_coins": {},
    "invoices": {},
    "keystore": {
        "derivation": "m",
        "pw_hash_version": 1,
        "root_fingerprint": "0b205ce3",
        "seed": "minor zone pool access remain combine pear claw medal settle grace capable",
        "seed_type": "standard",
        "type": "bip32",
        "xprv": "xprv9s21ZrQH143K3CgJ4AfAsKxqawU3bAmCRnX6aedkh1wjtGMT1pRsAuHqnyefR3jWt1Zo2xga4BNNDbJkztutQY1xrQ47Zuu2wSYVGuvhd3V",
        "xpub": "xpub661MyMwAqRbcFgkmACCBETua8yJXzdV3o1ShP33NFMUim4gbZMk7ihcKeFTTJKpLeTE32cCfoZV3zBpxoxmqJpUDsDuS6A9JdF2g1EY3XG3"
    },
    "labels": {},
    "payment_requests": {},
    "prevouts_by_scripthash": {},
    "seed_version": 50,
    "spent_outpoints": {},
    "transactions": {},
    "tx_fees": {},
    "txi": {},
    "txo": {},
    "use_encryption": false,
    "verified_tx3": {},
    "wallet_type": "standard"
}