{
    "addr_history": {
        "bc1q066aat49n4l4g8ruvx5207z5wu0evz7tdpdrkx": [],
        "bc1q0zfplde2uat6kksmhq0z9qp2pdkcqjy3yjnydk": [],
        "bc1q2526mcevmapvpqprdzj08enclrlwh2sfs85rk8": [],
        "bc1q2llxza3ekhfjff95sl7cpfg87vwn7rdr0n5prw": [],
        "bc1q3hm84qnhmafhvcmgpwup7vxs8zpw6sxn45xs4w": [],
        "bc1q3l3w43wh7cvf4vj9np33kep8prrzft48vm6vp0": [],
        "bc1q49a66p4xlexpnhtelfr27l5dw94nr4vyt7cqpf": [],
        "bc1q7qwmkh005t3au9scrlnntjfx655apqg7ldxm46": [],
        "bc1q7vuzm7wy90fxajkj3tzudvhkk203statsm0v43": [],
        "bc1q8t7ywvlsjlzjtuugcuj5jlpc2zr3nvr7qy8hj0": [],
        "bc1q98utejaa97yxhh4na6js30tel9m7635zdr7v5y": [],
        "bc1qakvgr4ay8qjqa6ngyk2qcyaljlpcecuue4lk3p": [],
        "bc1qcuq9ysh5uc7uul2re6myg9yfl4z7j0645243fa": [],
        "bc1qepuzysue6jgvt6q4ceplqkrkq8khf36z2phnft": [],
        "bc1qg4xtr5j2k6al5st5zlukwc9c68p655wde30hc4": [],
        "bc1qgfjp7a34yz67agzn5zfe3x0g2eueqwynkjtqxf": [],
        "bc1qk7gl5469693cuxvyqx66wfa0pdh4vshpkn239l": [],
        "bc1qkdha482vsqgycvf684dplyn8njhenpdck69wsh": [],
        "bc1qm9f0gxnzsryfk4kk9p28cgvkhsmpfdkredpged": [],
        "bc1qmsyl70xajgrdyph8ry544s5ksxjkvyh67jfmqe": [],
        "bc1qnnycscd3plszjfkl8erhzpj3ndwm74crlanqaq": [],
        "bc1qr636np5fa3wm4dwgut0syzcsa5zs5qmdcyzxe4": [],
        "bc1qrtnunfgxglmlznc9nvphd4fuhp6w69va0ldd45": [],
        "bc1qtalqmss380l0ewj5hp70vts5gdzuqjkvzl7vwg": [],
        "bc1qve3axeehamdyc63wxqxd0r73fw6wuynwyzl5t7": [],
        "bc1qvr90glnxht4wqquhpjt7lvpq96tgpp4urz96pu": [],
        "bc1qyhhzv5e3kskxw3wyser2f03ar38epc9u57tyng": [],
        "bc1qyjrn6ln35jwz0q4hpzarhu6zmq755vj2nsmdue": [],
        "bc1qyntypqlxjwp0xqj3k7qma5qj8jefqzr5x76gts": [],
        "bc1qz4vq0m57p24l3r6u7740z6je2fvk3jejsf52kg": []
    },
    "addresses": {
        "change": [
            "bc1qtalqmss380l0ewj5hp70vts5gdzuqjkvzl7vwg",
            "bc1q3hm84qnhmafhvcmgpwup7vxs8zpw6sxn45xs4w",
            "bc1qr636np5fa3wm4dwgut0syzcsa5zs5qmdcyzxe4",
            "bc1q0zfplde2uat6kksmhq0z9qp2pdkcqjy3yjnydk",
            "bc1qmsyl70xajgrdyph8ry544s5ksxjkvyh67jfmqe",
            "bc1qcuq9ysh5uc7uul2re6myg9yfl4z7j0645243fa",
            "bc1q3l3w43wh7cvf4vj9np33kep8prrzft48vm6vp0",
            "bc1q7vuzm7wy90fxajkj3tzudvhkk203statsm0v43",
            "bc1q98utejaa97yxhh4na6js30tel9m7635zdr7v5y",
            "bc1qvr90glnxht4wqquhpjt7lvpq96tgpp4urz96pu"
        ],
        "receiving": [
            "bc1qm9f0gxnzsryfk4kk9p28cgvkhsmpfdkredpged",
            "bc1qgfjp7a34yz67agzn5zfe3x0g2eueqwynkjtqxf",
            "bc1q8t7ywvlsjlzjtuugcuj5jlpc2zr3nvr7qy8hj0",
            "bc1q2llxza3ekhfjff95sl7cpfg87vwn7rdr0n5prw",
            "bc1qyntypqlxjwp0xqj3k7qma5qj8jefqzr5x76gts",
            "bc1qrtnunfgxglmlznc9nvphd4fuhp6w69va0ldd45",
            "bc1qve3axeehamdyc63wxqxd0r73fw6wuynwyzl5t7",
            "bc1qz4vq0m57p24l3r6u7740z6je2fvk3jejsf52kg",
            "bc1q066aat49n4l4g8ruvx5207z5wu0evz7tdpdrkx",
            "bc1q7qwmkh005t3au9scrlnntjfx655apqg7ldxm46",
            "bc1qyhhzv5e3kskxw3wyser2f03ar38epc9u57tyng",
            "bc1qyjrn6ln35jwz0q4hpzarhu6zmq755vj2nsmdue",
            "bc1qepuzysue6jgvt6q4ceplqkrkq8khf36z2phnft",
            "bc1qakvgr4ay8qjqa6ngyk2qcyaljlpcecuue4lk3p",
            "bc1qnnycscd3plszjfkl8erhzpj3ndwm74crlanqaq",
            "bc1qkdha482vsqgycvf684dplyn8njhenpdck69wsh",
            "bc1q2526mcevmapvpqprdzj08enclrlwh2sfs85rk8",
            "bc1qk7gl5469693cuxvyqx66wfa0pdh4vshpkn239l",
            "bc1q49a66p4xlexpnhtelfr27l5dw94nr4vyt7cqpf",
            "bc1qg4xtr5j2k6al5st5zlukwc9c68p655wde30hc4"
        ]
    },
    "channels": {},
    "fiat_value": {},
    "frozen_coins": {},
    "imported_channel_backups": {},
    "invoices": {},
    "keystore": {
        "derivation": "m/0'",
        "pw_hash_version": 1,
        "root_fingerprint": "b1317384",
        "seed": "minor zone pool arch remain combine fiction claw medal settle grace capable",
        "seed_type": "segwit",
        "type": "bip32",
        "xprv": "zprvAZsDKCwD86wyX9V3xtjCcuKkq2z2jEgNs7yqazF3XQgfX9LZiTn2ZEfmhmpKdRkB4x4r6Vsx1bgwwJc8PTim3Eb8unRs3Y1T3vSMYPDPS4U",
        "xpub": "zpub6nrZiiU6xUWGjdZX4vGCz3GVP4pX8hQEELuSPNef5kDePwfiG16H72zFZ63xcMbjgpB2gN9Lw5iVKpqrzT7EoCsQtbLTae3Ek4kdDwSF8qo"
    },
    "labels": {},
    "lightning_payments": {},
    "lightning_preimages": {},
    "lightning_xprv": "zprvAauwpyUv8yoHrifcmoPXviczW29hVE4DT6PUMcWNKC7f6tF8M3PFZi82MBCibC4Nh7MRcfjw9mdZyfP2mzaUKB9cUDN5rCnnJNVSNiT3E4P",
    "onchain_channel_backups": {},
    "payment_requests": {},
    "prevouts_by_scripthash": {},
    "seed_version": 50,
    "spent_outpoints": {},
    "submarine_swaps": {},
    "transactions": {},
    "tx_fees": {},
    "txi": {},
    "txo": {},
    "use_encryption": false,
    "verified_tx3": {},
    "wallet_type": "standard"
}