{
    "addr_history": {
        "bc1q06ee8xc75cr689ux4aulaaavdljh2a9206kp0t": [],
        "bc1q388rt8vh34xyjzxzvz2r4nu0e4xz487egnqcmf": [],
        "bc1q3923dcuzew87c59v2qf64agjaue94yeup9x03r": [],
        "bc1q39hhd9y9ut9dcc5k5v920q5nenrxq4ws7ylq2a": [],
        "bc1q47rzmrhh0awgczy8qyu4peh4xv2zenu7hry9tv": [],
        "bc1q56tmx0hnhvnmv5xv6au8qvkh28gjl9eastxet2": [],
        "bc1q6mt8lrjp263upw4w5kfek5vfqzsxhkw3stg0ar": [],
        "bc1q8nl5yaqyypcvm60l8jvy93qthfppcsfrhuw0kn": [],
        "bc1q9kmu8mykyhxhg6c6gv4cjlrq3y9z0fwqyddqmw": [],
        "bc1qdy3wc33ua5ftmm8kxeu5mmhuxyyjhvx6evv7vp": [],
        "bc1qep8hl7d7s798p4mzkw6qdespra2wzkskmu7y5m": [],
        "bc1qfcm6uvz6ry8wy7ydsqe9gsm302jk9u8u3nr6rk": [],
        "bc1qfd7jd8ntuq6x6phvlf5a3wctny6hhhasqvm8mf": [],
        "bc1qfw3hhyjjnmw0y96jastj9lsdh6lw9dgy4vkzx7": [],
        "bc1qh27kuzl3l7z9k7lhwd595uj4rnj3ujgazfxqsk": [],
        "bc1qh6ff7t0fcelhcgjujmnz475z5704c3gjkujvgy": [],
        "bc1qkarh7dy2ylt88fy0y9z2ejhqjdgyugcl69sap2": [],
        "bc1qlqk3sgc76p8fsq353xteqpfaa2e285jmte9ju5": [],
        "bc1qlz8lkqu4s35qnm9txfr8qdtpj8c4sc57xrq2sp": [],
        "bc1qmr3jt4rk406gnn2ced0yarv08lkfnkte887grv": [],
        "bc1qpsgkqku0wkcpwec6nr8ku64p2ff9kvr3etp2wm": [],
        "bc1qpxnjjp5srl3pt5fd4kr2ea9r3t6vmmwegq5av9": [],
        "bc1qq2fmu3d8y0dat3qqg6227e5lvwlhzf37l9fne0": [],
        "bc1qqnvyynpfps5xha0jq8f0w6sz99grx2kavedkde": [],
        "bc1qr5j57a0z2vvk3n9x9x2fsdzqac3xwpg532sxey": [],
        "bc1qte9su2pe2mefakqmnyhl556s6tcjzt06sfg0am": [],
        "bc1quep5nfm98csx5jdq7dplxlym8m3knest934lm6": [],
        "bc1quf3ra035ut6cp4hmuk0nkkphdh9xs3v7xker9m": [],
        "bc1qwwr3dn6dewamzw7cqz4qt0t8cz6znt4txlyc83": [],
        "bc1qyl5v3y5fvg0fwc33dfcz2d63qdzyud5enqspku": []
    },
    "addresses": {
        "change": [
            "bc1quep5nfm98csx5jdq7dplxlym8m3knest934lm6",
            "bc1qh27kuzl3l7z9k7lhwd595uj4rnj3ujgazfxqsk",
            "bc1qqnvyynpfps5xha0jq8f0w6sz99grx2kavedkde",
            "bc1qlz8lkqu4s35qnm9txfr8qdtpj8c4sc57xrq2sp",
            "bc1quf3ra035ut6cp4hmuk0nkkphdh9xs3v7xker9m",
            "bc1qh6ff7t0fcelhcgjujmnz475z5704c3gjkujvgy",
            "bc1qfd7jd8ntuq6x6phvlf5a3wctny6hhhasqvm8mf",
            "bc1qdy3wc33ua5ftmm8kxeu5mmhuxyyjhvx6evv7vp",
            "bc1qep8hl7d7s798p4mzkw6qdespra2wzkskmu7y5m",
            "bc1qte9su2pe2mefakqmnyhl556s6tcjzt06sfg0am"
        ],
        "receiving": [
            "bc1q56tmx0hnhvnmv5xv6au8qvkh28gjl9eastxet2",
            "bc1qlqk3sgc76p8fsq353xteqpfaa2e285jmte9ju5",
            "bc1q6mt8lrjp263upw4w5kfek5vfqzsxhkw3stg0ar",
            "bc1qkarh7dy2ylt88fy0y9z2ejhqjdgyugcl69sap2",
            "bc1q8nl5yaqyypcvm60l8jvy93qthfppcsfrhuw0kn",
            "bc1q3923dcuzew87c59v2qf64agjaue94yeup9x03r",
            "bc1qfcm6uvz6ry8wy7ydsqe9gsm302jk9u8u3nr6rk",
            "bc1qpsgkqku0wkcpwec6nr8ku64p2ff9kvr3etp2wm",
            "bc1q47rzmrhh0awgczy8qyu4peh4xv2zenu7hry9tv",
            "bc1qwwr3dn6dewamzw7cqz4qt0t8cz6znt4txlyc83",
            "bc1qpxnjjp5srl3pt5fd4kr2ea9r3t6vmmwegq5av9",
            "bc1qq2fmu3d8y0dat3qqg6227e5lvwlhzf37l9fne0",
            "bc1qmr3jt4rk406gnn2ced0yarv08lkfnkte887grv",
            "bc1q388rt8vh34xyjzxzvz2r4nu0e4xz487egnqcmf",
            "bc1qyl5v3y5fvg0fwc33dfcz2d63qdzyud5enqspku",
            "bc1q39hhd9y9ut9dcc5k5v920q5nenrxq4ws7ylq2a",
            "bc1qr5j57a0z2vvk3n9x9x2fsdzqac3xwpg532sxey",
            "bc1q06ee8xc75cr689ux4aulaaavdljh2a9206kp0t",
            "bc1qfw3hhyjjnmw0y96jastj9lsdh6lw9dgy4vkzx7",
            "bc1q9kmu8mykyhxhg6c6gv4cjlrq3y9z0fwqyddqmw"
        ]
    },
    "channels": {},
    "fiat_value": {},
    "frozen_coins": {},
    "imported_channel_backups": {},
    "invoices": {},
    "keystore": {
        "derivation": "m/0'",
        "pw_hash_version": 1,
        "root_fingerprint": "77db0d42",
        "seed": "minor zone pool attract remain combine wheat claw medal settle grace capable",
        "seed_type": "segwit",
        "type": "bip32",
        "xprv": "zprvAZSmb1dK8A5BXbwovqBnYDrfouGs4wpChF99TV4Gz7wGaiCC2nm7vwnGgK1eJ8gG82DSAsFLLnMWwUaYnRxjEypGrsNaxBdQHo2bCjgK5k8",
        "xpub": "zpub6nS7zXACxXdUk62H2rinuMoQMw7MUQY44U4kFsTtYTUFTWXLaL5NUk6kXc29MzPeHoJBRbKV17S8v4ranX3HchsUgRPozoyi6Bgg2tAVXnm"
    },
    "labels": {},
    "lightning_payments": {},
    "lightning_preimages": {},
    "lightning_xprv": "zprvAazMjvcomXztaCn4ExZghkygDN4gzbTzrcgtR8pbVTEzt9FYE5fewoPWK8uGgBNfeQxjysKVrK3E5C8iGSGLxT58pXJJAzKd7116VVG8xvD",
    "onchain_channel_backups": {},
    "payment_requests": {},
    "prevouts_by_scripthash": {},
    "seed_version": 50,
    "spent_outpoints": {},
    "submarine_swaps": {},
    "transactions": {},
    "tx_fees": {},
    "txi": {},
    "txo": {},
    "use_encryption": false,
    "verified_tx3": {},
    "wallet_type": "standard"
}