{
    "addr_history": {
        "139g2PkxC2gSXq8JMj32wvLa4rNUxTspzn": [],
        "14J9crVsMosbGUsqetg99Dv5L8csYC1oPB": [],
        "14RYuYP6ReQeNaB7C5Ezi2xNsYi6MsRads": [],
        "14ZjD6scx15pHByY1wZvZ2aqW5htQX3bk1": [],
        "14teySMGVhJX8q8Mv1vG1kthMptjfy38S1": [],
        "163GGXaQu8zsk5HMUr4EZ4mv85E1Nksfg3": [],
        "16RVVCvUtgjXS8EBu4acUNW4au3DZZ1HzJ": [],
        "18NocVw6hgyo7m9Q4f8XR21y1cRxpFzwcf": [],
        "1AAX8uVsfpEQmnHohBmXd9Laz346NjogUU": [],
        "1AhMwP1irMM5j3dgCCwBcTw1bJjpneayFg": [],
        "1BQnMzzKKBpWfLDCk5oYNvKoXfBr8F5Fej": [],
        "1ByHkYxKsax8rz3avYN9Fjh9hRQkeMqAQF": [],
        "1DWxghhnSdnKfv5h9LKSg1TBKrzZLi9z9R": [],
        "1Dq9U8xciRSkgiUV1TpUd8e7S9pQVm4UyN": [],
        "1EVJi2tDzekkenadBm5vJNzZtUdua4WdkC": [],
        "1EZkkaLM9NhXWai2Zn7d9w2NqfsN6GNmiv": [],
        "1For9RcsGkNCX97ZYZSi1atK8r3oaB82L4": [],
        "1GG8ywa4u1o3mD42sSVTn2xwMZCR1bWXKo": [],
        "1GsMy5RT77MRu1NS3tp44nfAnxJMdG5QUA": [],
        "1GyeHnUgEs6Xp9hnM2LFREpddGbfgNZ7N8": [],
        "1H8mU5bvYNqejZLWSE4GyL18aBYozaMza1": [],
        "1HqxApDv8sfRGTvm3WPCZaRHEoeC1bNy7Y": [],
        "1JCAnLPYys4L7pvPh7jfAcN8fkSWCUZctY": [],
        "1NCZppBewiz1hbc1j9Mir3nCcRvTuFJPRt": [],
        "1NzPk9NYDmTBjAkdCNSu6TsYeLunj18qSc": [],
        "1PSHxJuNRRdYeWz5DRgRoV14ESmdJ9UJeW": [],
        "1Pk3Z37urS3GVk6XRUWwSo1b4Y5fAwNAj2": [],
        "1PtgaYX3Gh9KGBZu5Pbs3PQWiv5rzV7x4D": [],
        "1SVa7bma7RTkBsTx4S39P6JvyoGSnJP35": [],
        "1tujTNGiP71mkqY4MPdKpnUNDx299NEAY": []
    },
    "addresses": {
        "change": [
            "1PtgaYX3Gh9KGBZu5Pbs3PQWiv5rzV7x4D",
            "16RVVCvUtgjXS8EBu4acUNW4au3DZZ1HzJ",
            "1For9RcsGkNCX97ZYZSi1atK8r3oaB82L4",
            "1SVa7bma7RTkBsTx4S39P6JvyoGSnJP35",
            "1JCAnLPYys4L7pvPh7jfAcN8fkSWCUZctY",
            "1PSHxJuNRRdYeWz5DRgRoV14ESmdJ9UJeW",
            "1GyeHnUgEs6Xp9hnM2LFREpddGbfgNZ7N8",
            "1EVJi2tDzekkenadBm5vJNzZtUdua4WdkC",
            "163GGXaQu8zsk5HMUr4EZ4mv85E1Nksfg3",
            "1GsMy5RT77MRu1NS3tp44nfAnxJMdG5QUA"
        ],
        "receiving": [
            "1ByHkYxKsax8rz3avYN9Fjh9hRQkeMqAQF",
            "1tujTNGiP71mkqY4MPdKpnUNDx299NEAY",
            "14teySMGVhJX8q8Mv1vG1kthMptjfy38S1",
            "1HqxApDv8sfRGTvm3WPCZaRHEoeC1bNy7Y",
            "1Pk3Z37urS3GVk6XRUWwSo1b4Y5fAwNAj2",
            "1NzPk9NYDmTBjAkdCNSu6TsYeLunj18qSc",
            "1AAX8uVsfpEQmnHohBmXd9Laz346NjogUU",
            "1AhMwP1irMM5j3dgCCwBcTw1bJjpneayFg",
            "1BQnMzzKKBpWfLDCk5oYNvKoXfBr8F5Fej",
            "1Dq9U8xciRSkgiUV1TpUd8e7S9pQVm4UyN",
            "1H8mU5bvYNqejZLWSE4GyL18aBYozaMza1",
            "1EZkkaLM9NhXWai2Zn7d9w2NqfsN6GNmiv",
            "1DWxghhnSdnKfv5h9LKSg1TBKrzZLi9z9R",
            "14RYuYP6ReQeNaB7C5Ezi2xNsYi6MsRads",
            "14ZjD6scx15pHByY1wZvZ2aqW5htQX3bk1",
            "14J9crVsMosbGUsqetg99Dv5L8csYC1oPB",
            "1NCZppBewiz1hbc1j9Mir3nCcRvTuFJPRt",
            "1GG8ywa4u1o3mD42sSVTn2xwMZCR1bWXKo",
            "18NocVw6hgyo7m9Q4f8XR21y1cRxpFzwcf",
            "139g2PkxC2gSXq8JMj32wvLa4rNUxTspzn"
        ]
    },
    "fiat_value": {},
    "frozen_coins": {},
    "invoices": {},
    "keystore": {
        "derivation": "m",
        "pw_hash_version": 1,
        "root_fingerprint": "1bfac045",
        "seed": "minor zone pool aspect remain combine surface claw medal settle grace capable",
        "seed_type": "standard",
        "type": "bip32",
        "xprv": "xprv9s21ZrQH143K39WAgCKmmuwJt1tZNTBu5GMX2D6AbvRr25GN6ffsNUuupakHzbBAua3Jf2vGkmyG6zzPNkFNAAQyMooBmpjQDmZzutGUQbz",
        "xpub": "xpub661MyMwAqRbcFdadnDrn93t3S3j3muukSVH7pbVnAFxptsbWeCz7vHEPfqtRkA2cMypE5UxxJF8zue5Jz4UHQ3ECjn8rSFxzqz8eyuPHRRR"
    },
    "labels": {},
    "payment_requests": {},
    "prevouts_by_scripthash": {},
    "seed_version": 50,
    "spent_outpoints": {},
    "transactions": {},
    "tx_fees": {},
    "txi": {},
    "txo": {},
    "use_encryption": false,
    "verified_tx3": {},
    "wallet_type": "standard"
}