{
    "addr_history": {
        "12QuAagwwaP88ZPu3b5MNg1QGn2V9nupsS": [],
        "13aArphL1ekR8SZkDKf4Lr19JrnAmEmjU1": [],
        "14Eofwvt5KoR68epAp7DVVQj7oNWbCyyUC": [],
        "14gDJqFAVUhCuwYGyFrAibN5suhTk2JCfw": [],
        "15wuBzGDSpHqwLPJsuBVVbLsojr96BBMPQ": [],
        "16iqWbMzDRKUBYaZxpHxEdRzqJ9NKBiU23": [],
        "17N6FnakqcvRKmgKJaE8kW2wBMeZeyGBuB": [],
        "17P1GTStXYaG3dzhsHgkJpdJ1wX5ae8Fyv": [],
        "189RgqiRzM16JMx3dm6Mbz4GxiyhDgUrgP": [],
        "18he6ej2KjeSf7fUXFpgvoQJhWneGWtXCD": [],
        "1AxQL1c3jrvgqGqcLi2DhCGT3CFXyFDvgD": [],
        "1B63ic7HnuPs7hpDgFPJdFiGVu69FLUWz2": [],
        "1BegkQ9ZYv4L8ij5TQLB4bc86FKwUq8Ufv": [],
        "1DPxhYSdmuNdsuQMVUzxtDipcU3Fz2L7cP": [],
        "1EGadjMK9KpjMAox2GcieMon6m55juVsLe": [],
        "1G3Aa8veGMp6eHwudCc2SPmxaxdsxVZWEj": [],
        "1G9hMMMZzNmxnqUpRPoXEBcyNmHHWk2a7w": [],
        "1GCDjsHYjMfEpJqLcuTX4fNaY5q4GJcxi3": [],
        "1GdtqJuLNSg45isbn1SsfyDo2ryfiugm7N": [],
        "1H6XAZTHkbDprY7LEam49sf8fSUC1P9x3V": [],
        "1HTwP6D3gG9X2uzhy36GFUaYshzSgr6iSp": [],
        "1J4D2HogkyxtGhiRrMeUgVyn2dLvkBmdFN": [],
        "1KiJ8QBwhn5FGU8HYAhwZHT2u5uXRVZmha": [],
        "1MCBux9SYLtzLBUQHVNwX3dSJkPWtQ3gsF": [],
        "1MMCWBb56pzcqz81fAXYDDXSRekRcDJ9Tz": [],
        "1N5j1nNsfnmvjKxZ5A9bVprbDpTGdU52CU": [],
        "1P95HnY8utVZRfTrEKoNL4XRTEKCe7AT8V": [],
        "1bunQ1f8u9SqB2ASggpUi3PGBXVomn7Z9": [],
        "1it8kujE4w3NrLiQtnoLRAp2NaBVeY29z": [],
        "1oAZoknNjrTRXwPtnBengXFLg8KGZctQ7": []
    },
    "addresses": {
        "change": [
            "12QuAagwwaP88ZPu3b5MNg1QGn2V9nupsS",
            "1G9hMMMZzNmxnqUpRPoXEBcyNmHHWk2a7w",
            "13aArphL1ekR8SZkDKf4Lr19JrnAmEmjU1",
            "189RgqiRzM16JMx3dm6Mbz4GxiyhDgUrgP",
            "1bunQ1f8u9SqB2ASggpUi3PGBXVomn7Z9",
            "1MMCWBb56pzcqz81fAXYDDXSRekRcDJ9Tz",
            "18he6ej2KjeSf7fUXFpgvoQJhWneGWtXCD",
            "1EGadjMK9KpjMAox2GcieMon6m55juVsLe",
            "1B63ic7HnuPs7hpDgFPJdFiGVu69FLUWz2",
            "1HTwP6D3gG9X2uzhy36GFUaYshzSgr6iSp"
        ],
        "receiving": [
            "1MCBux9SYLtzLBUQHVNwX3dSJkPWtQ3gsF",
            "1P95HnY8utVZRfTrEKoNL4XRTEKCe7AT8V",
            "1J4D2HogkyxtGhiRrMeUgVyn2dLvkBmdFN",
            "17P1GTStXYaG3dzhsHgkJpdJ1wX5ae8Fyv",
            "1DPxhYSdmuNdsuQMVUzxtDipcU3Fz2L7cP",
            "1N5j1nNsfnmvjKxZ5A9bVprbDpTGdU52CU",
            "1AxQL1c3jrvgqGqcLi2DhCGT3CFXyFDvgD",
            "1it8kujE4w3NrLiQtnoLRAp2NaBVeY29z",
            "1H6XAZTHkbDprY7LEam49sf8fSUC1P9x3V",
            "1oAZoknNjrTRXwPtnBengXFLg8KGZctQ7",
            "17N6FnakqcvRKmgKJaE8kW2wBMeZeyGBuB",
            "14gDJqFAVUhCuwYGyFrAibN5suhTk2JCfw",
            "1KiJ8QBwhn5FGU8HYAhwZHT2u5uXRVZmha",
            "1G3Aa8veGMp6eHwudCc2SPmxaxdsxVZWEj",
            "14Eofwvt5KoR68epAp7DVVQj7oNWbCyyUC",
            "1BegkQ9ZYv4L8ij5TQLB4bc86FKwUq8Ufv",
            "1GdtqJuLNSg45isbn1SsfyDo2ryfiugm7N",
            "1GCDjsHYjMfEpJqLcuTX4fNaY5q4GJcxi3",
            "15wuBzGDSpHqwLPJsuBVVbLsojr96BBMPQ",
            "16iqWbMzDRKUBYaZxpHxEdRzqJ9NKBiU23"
        ]
    },
    "fiat_value": {},
    "frozen_coins": {},
    "invoices": {},
    "keystore": {
        "derivation": "m",
        "pw_hash_version": 1,
        "root_fingerprint": "c6279a35",
        "seed": "minor zone pool bag remain combine clock claw medal settle grace capable",
        "seed_type": "standard",
        "type": "bip32",
        "xprv": "xprv9s21ZrQH143K3z5eRm2AFvA7xkEXpdLNr8KpapZjdkiWYQkYsV7X9nzmEZjMZCxkcmwAaFmm1xNHUSLXbyz7E9LqSM1mFrapXWH1TqjpSar",
        "xpub": "xpub661MyMwAqRbcGUA7XnZAd46rWn52E64EDMFRPCyMC6FVRD5hR2RmhbKF5qMhqvGBpY6mQpQqJ4zqmZJdk2zm265wx1yWaf5wN9tbgQt4iD3"
    },
    "labels": {},
    "payment_requests": {},
    "prevouts_by_scripthash": {},
    "seed_version": 50,
    "spent_outpoints": {},
    "transactions": {},
    "tx_fees": {},
    "txi": {},
    "txo": {},
    "use_encryption": false,
    "verified_tx3": {},
    "wallet_type": "standard"
}