{
    "addr_history": {
        "12GEWTapsvykrfyktHye7aBSRyoFeGNZ1Q": [],
        "13Au1Vc4VDGGFnp1VHdRFp5V4ZV5reQsCR": [],
        "15bV4Jrb678VhjNiEZ6d68kZD3J9cNcGVK": [],
        "15qpX5RrSaZt9TRT9SYLzMunP4zM4aYQtf": [],
        "16J3hiXTsQimaWidQGr4BUe916Zba2QCGT": [],
        "1AivTEeFymKkM54RoRRvP4D4rKXoMFySPp": [],
        "1AjdJmTbharFTQTTc4Fse4R2PaPrAK52VS": [],
        "1DYoVagbH56FPXwc8VamP6nmSPLXvDxyWK": [],
        "1Ee98Ac3yVfi7CLQqa4moBxfYxDpiSrEiX": [],
        "1EoHdnwguPuqNpu1AGjF17vR6pMJqVgq6D": [],
        "1FFhPH1ZgoHerxuJmBXtUVWgZKtfr3bHKe": [],
        "1FLuQjbQwsRePZwRa5tese3bHhtcj448ij": [],
        "1G5x9bhjyXYnN7S6PpgEfsxUVWfU81xt8S": [],
        "1H1aLjedEqxLemwYSfdYJzo7Df73Tz48ms": [],
        "1HT377fbWW9BZ3ooV6vB1cbQRacBFG1FEC": [],
        "1HnNkUmHJtzxUCK8oCxeRQdTSw6MY4xWN3": [],
        "1HtuDDxyV9YgacN1CmBsYiyAEYMvZt7Q2L": [],
        "1HubJAnVoWnBCBL1xJkLxVvX4UTUkdfcd8": [],
        "1KW59QundMvQaXgQNcx1yqc8L6Jk6Uwabu": [],
        "1KrdC8L8Eei6wagb5FX5rcoYSR9WLbJaWq": [],
        "1L18StHi3D1BWBTmM32oRffhJ5Fh5keKvZ": [],
        "1LmRjQV7iuc5bRLv7tN5RaYEpYKvS7dpiq": [],
        "1LtjJf16y7YJmTtC6Ea6Wh28f6Tfwzd4ys": [],
        "1MYbzz6QfKvcwihtZHvv9KpFAPWXuh2Tqo": [],
        "1NApkowGNCwQqzgoRp6WZdXMNGKWwwNEeY": [],
        "1NK6n32Lmktj7ZYRbbGgGzp6M2bCsmUQ9j": [],
        "1P1UA1tmgzmqbjK8HpenTk6ysQAz9rh7bs": [],
        "1PGYfyK6ipJvCsh2YSb5jZ4KrpufzuhVg1": [],
        "1PPv2zwXbjFYohkFzGJ8Hh7eC9qWhDJuVo": [],
        "1UqzD9MAaNAWXeEGNMpcAKFVxLcMvdzrF": []
    },
    "addresses": {
        "change": [
            "1HnNkUmHJtzxUCK8oCxeRQdTSw6MY4xWN3",
            "1DYoVagbH56FPXwc8VamP6nmSPLXvDxyWK",
            "1G5x9bhjyXYnN7S6PpgEfsxUVWfU81xt8S",
            "15qpX5RrSaZt9TRT9SYLzMunP4zM4aYQtf",
            "1PPv2zwXbjFYohkFzGJ8Hh7eC9qWhDJuVo",
            "1LtjJf16y7YJmTtC6Ea6Wh28f6Tfwzd4ys",
            "1AivTEeFymKkM54RoRRvP4D4rKXoMFySPp",
            "1LmRjQV7iuc5bRLv7tN5RaYEpYKvS7dpiq",
            "1FLuQjbQwsRePZwRa5tese3bHhtcj448ij",
            "1HT377fbWW9BZ3ooV6vB1cbQRacBFG1FEC"
        ],
        "receiving": [
            "1EoHdnwguPuqNpu1AGjF17vR6pMJqVgq6D",
            "12GEWTapsvykrfyktHye7aBSRyoFeGNZ1Q",
            "15bV4Jrb678VhjNiEZ6d68kZD3J9cNcGVK",
            "1AjdJmTbharFTQTTc4Fse4R2PaPrAK52VS",
            "1NApkowGNCwQqzgoRp6WZdXMNGKWwwNEeY",
            "1MYbzz6QfKvcwihtZHvv9KpFAPWXuh2Tqo",
            "1FFhPH1ZgoHerxuJmBXtUVWgZKtfr3bHKe",
            "16J3hiXTsQimaWidQGr4BUe916Zba2QCGT",
            "1NK6n32Lmktj7ZYRbbGgGzp6M2bCsmUQ9j",
            "1KW59QundMvQaXgQNcx1yqc8L6Jk6Uwabu",
            "1HtuDDxyV9YgacN1CmBsYiyAEYMvZt7Q2L",
            "1P1UA1tmgzmqbjK8HpenTk6ysQAz9rh7bs",
            "1UqzD9MAaNAWXeEGNMpcAKFVxLcMvdzrF",
            "1KrdC8L8Eei6wagb5FX5rcoYSR9WLbJaWq",
            "1HubJAnVoWnBCBL1xJkLxVvX4UTUkdfcd8",
            "1H1aLjedEqxLemwYSfdYJzo7Df73Tz48ms",
            "13Au1Vc4VDGGFnp1VHdRFp5V4ZV5reQsCR",
            "1L18StHi3D1BWBTmM32oRffhJ5Fh5keKvZ",
            "1PGYfyK6ipJvCsh2YSb5jZ4KrpufzuhVg1",
            "1Ee98Ac3yVfi7CLQqa4moBxfYxDpiSrEiX"
        ]
    },
    "fiat_value": {},
    "frozen_coins": {},
    "invoices": {},
    "keystore": {
        "derivation": "m",
        "pw_hash_version": 1,
        "root_fingerprint": "43e17aa3",
        "seed": "minor zone pool all remain combine demise claw medal settle grace capable",
        "seed_type": "standard",
        "type": "bip32",
        "xprv": "xprv9s21ZrQH143K2Evjas83ZMyUGdMA5YUcqd8PQZiYDpf8gK2MjaHtK5weYAJr73WMq5LPmTNtHf55s2272oCFYA61i4XytK4yVU2bTsX5SAr",
        "xpub": "xpub661MyMwAqRbcEj1Cgtf3vVvCpfBeV1CUCr3zCx89nAC7Z7MWH7c8rtG8PRPAbXBSKALXkjEbhFMfGCnQ4f2u5KQQzwMfckiJwyhAjJvBvMh"
    },
    "labels": {},
    "payment_requests": {},
    "prevouts_by_scripthash": {},
    "seed_version": 50,
    "spent_outpoints": {},
    "transactions": {},
    "tx_fees": {},
    "txi": {},
    "txo": {},
    "use_encryption": false,
    "verified_tx3": {},
    "wallet_type": "standard"
}