{
    "addr_history": {
        "12B81wcjSSoDHXGfYvPDcLWheLmZjZPfmW": [],
        "12C52ARs5wMCLEP4iwS5D1awVmHcuU5eBB": [],
        "12RffBcE1dFjaLkczy3dR8446UXQwLT9RE": [],
        "13Zn4ktkvxMmDTkFJLYTby77Kaxh1GWaqg": [],
        "15QHr7ZDfpneKUBHQRz4ni1513mRhthdd5": [],
        "162kGm2My42SNcB3ckP2ocU7yR55qNdxLf": [],
        "16jUt2a8ojZ4Vc4QBCczKCnTaHj8g4fsQM": [],
        "16nkL4zDrFbAbnJ2N2RUA4yyKcNWQfN1Jz": [],
        "16puNJzKm6nownHdWSkYtTJswJuMmvtuhz": [],
        "17iPACLXSx8Qo7rpMg6wbZ4cj9ADfs41Q7": [],
        "17jdfTSCceQQzJTsBbRMYyrwRq3XevWWsy": [],
        "19f67dAUYsn3rL6uGFZSf6PJAmvSAepgYz": [],
        "1ApyCkXKCmbF2VjuhKSyrr7wgLQnSpGook": [],
        "1Bdjd9Kwa2oUDN98WzffT18cwpH3iHD6T2": [],
        "1C73tYxaKYP5bF2UgaqLZY8okmHtNM7TC": [],
        "1D1FtHxqsCtjukBPS9bxYtNzfA51T5vEXN": [],
        "1DLxs54HSxciYTitG1hMk5gML8TF1cMo3n": [],
        "1EBdz4KFXuHBWSRjyJPLTaRsPG9oLWs5aG": [],
        "1FV2MaV6y8eF6T3dnVLCobcRekmu4BRivK": [],
        "1FY7FAPUkQS51p7EK9AFnVN3nSoyuPyXF": [],
        "1JiDFUGTshKqYrKY1pc7g9hYYtvi9fZjL9": [],
        "1KNyMDeCeRL45zAeiJMU9fKCjZV6J9dkiw": [],
        "1KVsF4tG4HiEtzSiTBUMjRjMouJC6tC3Cg": [],
        "1Kh38k4GLsyqs2X7mvmPCgCsSucCGJV54J": [],
        "1LZGz8mvzQfbA6GpkYYD8dkns37iFugYXk": [],
        "1MFWMpkt8UaAmWCjzzXYkXg2nvNu3VsgbE": [],
        "1NRa6ndRhHj9zwxRLzFoGtNgvN5vYUKpcX": [],
        "1NjR2WwUQPqvGSP54Btc9tw8BrkZjgJBGD": [],
        "1P317vUUmRp7nbRx5Mr6QZ6m7YxgJMUPBg": [],
        "1PQeSmQhrF5VVv3K4PxeWSkvpKLBGEYH9Z": []
    },
    "addresses": {
        "change": [
            "1FV2MaV6y8eF6T3dnVLCobcRekmu4BRivK",
            "16nkL4zDrFbAbnJ2N2RUA4yyKcNWQfN1Jz",
            "1Bdjd9Kwa2oUDN98WzffT18cwpH3iHD6T2",
            "12C52ARs5wMCLEP4iwS5D1awVmHcuU5eBB",
            "12RffBcE1dFjaLkczy3dR8446UXQwLT9RE",
            "12B81wcjSSoDHXGfYvPDcLWheLmZjZPfmW",
            "1D1FtHxqsCtjukBPS9bxYtNzfA51T5vEXN",
            "1KNyMDeCeRL45zAeiJMU9fKCjZV6J9dkiw",
            "162kGm2My42SNcB3ckP2ocU7yR55qNdxLf",
            "16puNJzKm6nownHdWSkYtTJswJuMmvtuhz"
        ],
        "receiving": [
            "1NRa6ndRhHj9zwxRLzFoGtNgvN5vYUKpcX",
            "19f67dAUYsn3rL6uGFZSf6PJAmvSAepgYz",
            "13Zn4ktkvxMmDTkFJLYTby77Kaxh1GWaqg",
            "1ApyCkXKCmbF2VjuhKSyrr7wgLQnSpGook",
            "1Kh38k4GLsyqs2X7mvmPCgCsSucCGJV54J",
            "1EBdz4KFXuHBWSRjyJPLTaRsPG9oLWs5aG",
            "16jUt2a8ojZ4Vc4QBCczKCnTaHj8g4fsQM",
            "1MFWMpkt8UaAmWCjzzXYkXg2nvNu3VsgbE",
            "1DLxs54HSxciYTitG1hMk5gML8TF1cMo3n",
            "1KVsF4tG4HiEtzSiTBUMjRjMouJC6tC3Cg",
            "17iPACLXSx8Qo7rpMg6wbZ4cj9ADfs41Q7",
            "1C73tYxaKYP5bF2UgaqLZY8okmHtNM7TC",
            "1FY7FAPUkQS51p7EK9AFnVN3nSoyuPyXF",
            "1JiDFUGTshKqYrKY1pc7g9hYYtvi9fZjL9",
            "15QHr7ZDfpneKUBHQRz4ni1513mRhthdd5",
            "1P317vUUmRp7nbRx5Mr6QZ6m7YxgJMUPBg",
            "1NjR2WwUQPqvGSP54Btc9tw8BrkZjgJBGD",
            "17jdfTSCceQQzJTsBbRMYyrwRq3XevWWsy",
            "1PQeSmQhrF5VVv3K4PxeWSkvpKLBGEYH9Z",
            "1LZGz8mvzQfbA6GpkYYD8dkns37iFugYXk"
        ]
    },
    "fiat_value": {},
    "frozen_coins": {},
    "invoices": {},
    "keystore": {
        "derivation": "m",
        "pw_hash_version": 1,
        "root_fingerprint": "9ea9d795",
        "seed": "minor zone pool absurd remain combine argue claw medal settle grace capable",
        "seed_type": "standard",
        "type": "bip32",
        "xprv": "xprv9s21ZrQH143K36tXhg4QQZ37SFhtPfGXPWzt41JLBPfLAnF1CLEuiP9sybMuoBnBvu6wXD6D6cWsZ8Hm7C7VEUgEBRyboAZuVVh2AV6dyMK",
        "xpub": "xpub661MyMwAqRbcFaxzohbQmgyqzHYNo7zNkjvUrPhwjjCK3aa9jsZAGBUMptatuQ4i5273QPET4cZb7t6zVMbcV73cXCC4TnXVsc5TutzcRdp"
    },
    "labels": {},
    "payment_requests": {},
    "prevouts_by_scripthash": {},
    "seed_version": 50,
    "spent_outpoints": {},
    "transactions": {},
    "tx_fees": {},
    "txi": {},
    "txo": {},
    "use_encryption": false,
    "verified_tx3": {},
    "wallet_type": "standard"
}