{
    "addr_history": {
        "12t6oFXvSAGj4DZtjiMTEdg4TMmwjW95NG": [],
        "144ooKbPkFzajozMgtwoTgahDsEcguc7WS": [],
        "14PCsWcAvZaWY2P7BB5ePVMagmW1BLz2X1": [],
        "15MtqXKgnbVkHHDgR6AUryiioEmM3Rnunc": [],
        "16TeEkDWXTEmGYEJGyiGAotRsBTDVkBvYY": [],
        "16auumhmNMawUpqmJ2aVFR22DTqRVwy14S": [],
        "16k9zFRpL5aKC66TE8X49CPM1fnDivhBpF": [],
        "176q3ATKsXQVBxawd3naWUWsyx6yrfrTMv": [],
        "18ZPoayKfiQ1JoGehFhrpcNETAabWFTxzN": [],
        "19CbP8RheiMSWe4MfdFKWxGQQWcvwuzfYq": [],
        "19qkgWgvSj3GKMHcLy5NB9GcmCfppri8S4": [],
        "1AC2oZ1q7mssjZfJLQFUHrW484WBsT4PLK": [],
        "1AXpEnLcbrV7orjWjG7Ph3Ft7jtH6feRHa": [],
        "1AwxxwMKkXT73DQnetceu1e5ByBvAtGrTm": [],
        "1C2CGKkjaffYSabQRbazu3gGWmRZqSZrPd": [],
        "1C6TR8WxseTcHre9gnPL9FtaMg3jPjWRSG": [],
        "1CP7S41uhSLKjyB1zz3np8Q1Pu2oM4pzcr": [],
        "1CVW92JQDcqh3fVKEzWEAcB8YXrAJRLukZ": [],
        "1CcUoEniR3ZkgpNpZfgEuEmUn39XXMhztz": [],
        "1EiVjFpC4XfXPp44hyz1CaPrJkj4CFy2Qp": [],
        "1Ga21mBVuJXvgCPVXmkWjTkSpHV93xAeC5": [],
        "1HaKRxXdoKLZVGkEwfQ2BiX6tZ7yAa3dYd": [],
        "1HcenKLdvtCuPpyQwZtWfSp9SR3VKadTBK": [],
        "1Htm1xbKfbkFtJHF7Fc77h98baV5chtPPm": [],
        "1JpAa6X53ZAiPMPCmJGS6HtiKUt1hVyoaK": [],
        "1JpZX7YATXgAw5xnwWKnAjY4dQW8v8FKtH": [],
        "1LK1Nam4GR5NktyVvGRSWhbrupzeZv5Bsv": [],
        "1MK324Vyro5316rXUr8BJ1N6DjKPnyUApG": [],
        "1PJV7Xc7xd5x8pCKvRCcSE6SgMZGCn1rMH": [],
        "1TXYxrvTKaetNkreZizBcQcos8HNvuq6x": []
    },
    "addresses": {
        "change": [
            "144ooKbPkFzajozMgtwoTgahDsEcguc7WS",
            "14PCsWcAvZaWY2P7BB5ePVMagmW1BLz2X1",
            "1JpAa6X53ZAiPMPCmJGS6HtiKUt1hVyoaK",
            "1TXYxrvTKaetNkreZizBcQcos8HNvuq6x",
            "1C2CGKkjaffYSabQRbazu3gGWmRZqSZrPd",
            "19CbP8RheiMSWe4MfdFKWxGQQWcvwuzfYq",
            "1CP7S41uhSLKjyB1zz3np8Q1Pu2oM4pzcr",
            "1AC2oZ1q7mssjZfJLQFUHrW484WBsT4PLK",
            "1Ga21mBVuJXvgCPVXmkWjTkSpHV93xAeC5",
            "15MtqXKgnbVkHHDgR6AUryiioEmM3Rnunc"
        ],
        "receiving": [
            "1EiVjFpC4XfXPp44hyz1CaPrJkj4CFy2Qp",
            "19qkgWgvSj3GKMHcLy5NB9GcmCfppri8S4",
            "1MK324Vyro5316rXUr8BJ1N6DjKPnyUApG",
            "1PJV7Xc7xd5x8pCKvRCcSE6SgMZGCn1rMH",
            "176q3ATKsXQVBxawd3naWUWsyx6yrfrTMv",
            "1CVW92JQDcqh3fVKEzWEAcB8YXrAJRLukZ",
            "16TeEkDWXTEmGYEJGyiGAotRsBTDVkBvYY",
            "1Htm1xbKfbkFtJHF7Fc77h98baV5chtPPm",
            "1C6TR8WxseTcHre9gnPL9FtaMg3jPjWRSG",
            "16auumhmNMawUpqmJ2aVFR22DTqRVwy14S",
            "1JpZX7YATXgAw5xnwWKnAjY4dQW8v8FKtH",
            "16k9zFRpL5aKC66TE8X49CPM1fnDivhBpF",
            "1AwxxwMKkXT73DQnetceu1e5ByBvAtGrTm",
            "1HaKRxXdoKLZVGkEwfQ2BiX6tZ7yAa3dYd",
            "1HcenKLdvtCuPpyQwZtWfSp9SR3VKadTBK",
            "12t6oFXvSAGj4DZtjiMTEdg4TMmwjW95NG",
            "1LK1Nam4GR5NktyVvGRSWhbrupzeZv5Bsv",
            "1AXpEnLcbrV7orjWjG7Ph3Ft7jtH6feRHa",
            "18ZPoayKfiQ1JoGehFhrpcNETAabWFTxzN",
            "1CcUoEniR3ZkgpNpZfgEuEmUn39XXMhztz"
        ]
    },
    "fiat_value": {},
    "frozen_coins": {},
    "invoices": {},
    "keystore": {
        "derivation": "m",
        "pw_hash_version": 1,
        "root_fingerprint": "a14edc9f",
        "seed": "minor zone pool above remain combine soccer claw medal settle grace capable",
        "seed_type": "standard",
        "type": "bip32",
        "xprv": "xprv9s21ZrQH143K2AU3WcMLxEmsamHZprL2Ht4Zi7yTiMDejkNWFzrV35q2xENVqrYmQBDayTWzAfVFKSDcx41sKQ91GCWArW5f4KLYQWAv6Wa",
        "xpub": "xpub661MyMwAqRbcEeYWcdtMKNic8o84EK3sf6zAWWP5GgkdcYheoYAjat9WoYmQfQRn8vNTndhiwzRV3JJRZim4jTZPzp31nqwZBbEKU81bPTj"
    },
    "labels": {},
    "payment_requests": {},
    "prevouts_by_scripthash": {},
    "seed_version": 50,
    "spent_outpoints": {},
    "transactions": {},
    "tx_fees": {},
    "txi": {},
    "txo": {},
    "use_encryption": false,
    "verified_tx3": {},
    "wallet_type": "standard"
}