{
    "addr_history": {
        "14NCMznqVRXG4E9dU4jArGztV174qrhJC6": [],
        "158BW2G8zZy6qCHoJmDeHBt9Hgp5S6qLNg": [],
        "15WvRgQvz75deK5wSb8mzYGsvtZdssceEe": [],
        "163Z5CH7Ath2Xka1nb85VS8zVuX75uuH3h": [],
        "16c49oZ9d8fpAfiHvybSp8vUnweacgDpXr": [],
        "16sJtghpDxrCnetZjuZycyMJAtMfcUML5f": [],
        "17HyBaCPg35aSRHnFSkSxkqGnfzMWf7tNm": [],
        "188EWCe5cgxSFrBbYnLxYa2rosN5atmmnE": [],
        "18YXK3DBzev5QHEZUabtZkfdhK8RvyTJBS": [],
        "19ewtcXZS7UWBsuZVDHRP1osZLEHE2v8rN": [],
        "1A2R7GGA9PcxX25NfThtJJQvMervBseBex": [],
        "1AtoWaMPRRbJH8TTaPxLdwzWJ95EEhbyRn": [],
        "1B3cn7C95QiqKBEQT2NcZZMmxEEfufahEe": [],
        "1BYULVSNFouZbYs8TuNUzidfq9ob8XH4tJ": [],
        "1BdPFswynX4NmYz9jWLA6LgKpTT2WbXbF5": [],
        "1CfwavT3FDveN2MQEYd7UFy2jRVgy69gLc": [],
        "1CwTD5xrDbmQJJW4UtWtygTMsQKvhs1YzM": [],
        "1E92Xqkepf5veV9AzJenTpSovsZxf3h6Zm": [],
        "1FpHpFHXXnK8SMW7HkaNj6TMM2jPdomatE": [],
        "1Fu4GgHG124PCFNPP17dd2AqsE8zvGCCN6": [],
        "1GFPcupbM72fRQefYAfLLr8Y7BLwUC71Dh": [],
        "1GbgwKrtiKfcDZKQUtQ68YvF2bt9uuQA31": [],
        "1H5Qh4iTFG35G35xsVr8Q2UkHLrR9L83ZP": [],
        "1HuDq7rGeH89HE5bEx9wPsrGVHjHucvnys": [],
        "1KBAhMeBsTp7VMocz4517SBgZE8NFKU8nM": [],
        "1LfwknmkgB5EgfRvCepZZuAUes5KgNkTCT": [],
        "1NdAWim1GsxMWwgM8t4biifrLh9XVpx7vK": [],
        "1Nwn8TyJn8BCH2Np49AborUsKDyyup5fc5": [],
        "1PvaLYLLdEQatViwXU2E8iULdjrXmwyhU2": [],
        "1cDEtUSPR4zNLERZaXBvitL2axiLKdTU6": []
    },
    "addresses": {
        "change": [
            "1KBAhMeBsTp7VMocz4517SBgZE8NFKU8nM",
            "17HyBaCPg35aSRHnFSkSxkqGnfzMWf7tNm",
            "1CwTD5xrDbmQJJW4UtWtygTMsQKvhs1YzM",
            "1E92Xqkepf5veV9AzJenTpSovsZxf3h6Zm",
            "1Nwn8TyJn8BCH2Np49AborUsKDyyup5fc5",
            "163Z5CH7Ath2Xka1nb85VS8zVuX75uuH3h",
            "16sJtghpDxrCnetZjuZycyMJAtMfcUML5f",
            "1HuDq7rGeH89HE5bEx9wPsrGVHjHucvnys",
            "1FpHpFHXXnK8SMW7HkaNj6TMM2jPdomatE",
            "16c49oZ9d8fpAfiHvybSp8vUnweacgDpXr"
        ],
        "receiving": [
            "1LfwknmkgB5EgfRvCepZZuAUes5KgNkTCT",
            "19ewtcXZS7UWBsuZVDHRP1osZLEHE2v8rN",
            "15WvRgQvz75deK5wSb8mzYGsvtZdssceEe",
            "188EWCe5cgxSFrBbYnLxYa2rosN5atmmnE",
            "1PvaLYLLdEQatViwXU2E8iULdjrXmwyhU2",
            "1cDEtUSPR4zNLERZaXBvitL2axiLKdTU6",
            "1GbgwKrtiKfcDZKQUtQ68YvF2bt9uuQA31",
            "1GFPcupbM72fRQefYAfLLr8Y7BLwUC71Dh",
            "1A2R7GGA9PcxX25NfThtJJQvMervBseBex",
            "1BYULVSNFouZbYs8TuNUzidfq9ob8XH4tJ",
            "18YXK3DBzev5QHEZUabtZkfdhK8RvyTJBS",
            "1H5Qh4iTFG35G35xsVr8Q2UkHLrR9L83ZP",
            "1B3cn7C95QiqKBEQT2NcZZMmxEEfufahEe",
            "14NCMznqVRXG4E9dU4jArGztV174qrhJC6",
            "1NdAWim1GsxMWwgM8t4biifrLh9XVpx7vK",
            "1CfwavT3FDveN2MQEYd7UFy2jRVgy69gLc",
            "1Fu4GgHG124PCFNPP17dd2AqsE8zvGCCN6",
            "158BW2G8zZy6qCHoJmDeHBt9Hgp5S6qLNg",
            "1AtoWaMPRRbJH8TTaPxLdwzWJ95EEhbyRn",
            "1BdPFswynX4NmYz9jWLA6LgKpTT2WbXbF5"
        ]
    },
    "fiat_value": {},
    "frozen_coins": {},
    "invoices": {},
    "keystore": {
        "derivation": "m",
        "pw_hash_version": 1,
        "root_fingerprint": "5041e5bc",
        "seed": "minor zone pool any remain combine evolve claw medal settle grace capable",
        "seed_type": "standard",
        "type": "bip32",
        "xprv": "xprv9s21ZrQH143K4AksdHUMpSMJi48PWgcqV2bmGgETxwAtKGmRjp3DPv9YefejG3UpERE5UKx437eWRMUANNBP4NU6XDHcEatn9Sxs2HFq7da",
        "xpub": "xpub661MyMwAqRbcGeqLjK1NBaJ3G5xsv9LgrFXN54e5XGhsC56aHMMTwiU2VxKQMsc27TR2fpjSJvzYRZMAbQjbEk2X6JtXxs4VYQERQjPXDxa"
    },
    "labels": {},
    "payment_requests": {},
    "prevouts_by_scripthash": {},
    "seed_version": 50,
    "spent_outpoints": {},
    "transactions": {},
    "tx_fees": {},
    "txi": {},
    "txo": {},
    "use_encryption": false,
    "verified_tx3": {},
    "wallet_type": "standard"
}