{
    "addr_history": {
        "12D7WwpwFye8zqBUztDyuF6PTXgHFytwiz": [],
        "12hvDwnBQvHsWbZ21sb7KhkdG8auV7w5au": [],
        "136DC7g9gZQAzRnWQYhEiEbw4oUgEJeNb1": [],
        "13Jbxwz1zq3Cq13295tmH6Drr6TTpvxEXt": [],
        "13NYJbCmfvzjRAhxnhdpPVTnBii5sTxAtf": [],
        "14dqEzSKqnHFC3nSQ2iMBLRZNmy8jYVR8A": [],
        "162RS4Y1qx9V1CE4wCX3TUZTCnS1jVmxMd": [],
        "165DSMJv1h7NzM9ecRrmyXd1puitk6Jakw": [],
        "185TnDkt5ziHSGbHUDuE4uCmYXBXzYJyQ8": [],
        "18ATF2WpvLnoYugQKSMdRC2FZ9onMFkZhS": [],
        "19SCBbqfRPMrVJuyfeWjh12agUmKjNzMam": [],
        "1BCXuy5XSDKpNX8gCp1V4GKQtX5QdBSDNJ": [],
        "1DBrdxnje6dZ1cxTMdxbN5B19ZX7WxNZ9V": [],
        "1E5GVr1hpHFzuWTVxWrhUXwV58EJTLzMSV": [],
        "1EaZG1NA9R2kAme6v8b39GzwhUA549iPAT": [],
        "1Ejczc5gwiaotSK8Q4cM2zQyXo6C5qgodL": [],
        "1FQ4YZzVFsm7BQtKo5d23p8XUzihqteAkY": [],
        "1GCL3UYf489XupeWHfPqRRrjUNnbuEWBxv": [],
        "1HZtkiq6M3f9bkWv4qCeoUKmry3qoRrxTm": [],
        "1JZ1rrpYgXuXaUkhyr5jfVQXEPrva8LedJ": [],
        "1JnnguaEot38xS1hTV3u3zfxVMPXmxJbCa": [],
        "1KDSAeERHxoC6M39KLMhrXqNso2Qg4j9cy": [],
        "1L1fhN8TyjV3RWJfFnbYXd2wjHEZDw55V4": [],
        "1LuWRgsZkBR2TRy89DsSjBr9AhPssgM8BK": [],
        "1Myfdh8R3Zo95UANCYMFTT6cDyffB2xRSF": [],
        "1NXxKeFm7MChtBBP9ymDcpX2wGr3oyvhvF": [],
        "1NZ7WgEq5j61xTJakc2AUsFYyYEK63PMD5": [],
        "1PPtZypWKpVrntxjtPdoHb1Z8hB3WKQzhr": [],
        "1PjaYX4rSCYLxrmmpgCoqcoVhTLuXxMXe4": [],
        "1PnyXfHLkKYj4YrvifZfjBn8MpjGwb9jwV": []
    },
    "addresses": {
        "change": [
            "1L1fhN8TyjV3RWJfFnbYXd2wjHEZDw55V4",
            "18ATF2WpvLnoYugQKSMdRC2FZ9onMFkZhS",
            "1PnyXfHLkKYj4YrvifZfjBn8MpjGwb9jwV",
            "1NZ7WgEq5j61xTJakc2AUsFYyYEK63PMD5",
            "1BCXuy5XSDKpNX8gCp1V4GKQtX5QdBSDNJ",
            "1KDSAeERHxoC6M39KLMhrXqNso2Qg4j9cy",
            "1JnnguaEot38xS1hTV3u3zfxVMPXmxJbCa",
            "12hvDwnBQvHsWbZ21sb7KhkdG8auV7w5au",
            "1Ejczc5gwiaotSK8Q4cM2zQyXo6C5qgodL",
            "1PPtZypWKpVrntxjtPdoHb1Z8hB3WKQzhr"
        ],
        "receiving": [
            "1JZ1rrpYgXuXaUkhyr5jfVQXEPrva8LedJ",
            "185TnDkt5ziHSGbHUDuE4uCmYXBXzYJyQ8",
            "1E5GVr1hpHFzuWTVxWrhUXwV58EJTLzMSV",
            "1HZtkiq6M3f9bkWv4qCeoUKmry3qoRrxTm",
            "1LuWRgsZkBR2TRy89DsSjBr9AhPssgM8BK",
            "13Jbxwz1zq3Cq13295tmH6Drr6TTpvxEXt",
            "13NYJbCmfvzjRAhxnhdpPVTnBii5sTxAtf",
            "1GCL3UYf489XupeWHfPqRRrjUNnbuEWBxv",
            "12D7WwpwFye8zqBUztDyuF6PTXgHFytwiz",
            "1PjaYX4rSCYLxrmmpgCoqcoVhTLuXxMXe4",
            "1FQ4YZzVFsm7BQtKo5d23p8XUzihqteAkY",
            "136DC7g9gZQAzRnWQYhEiEbw4oUgEJeNb1",
            "1DBrdxnje6dZ1cxTMdxbN5B19ZX7WxNZ9V",
            "1NXxKeFm7MChtBBP9ymDcpX2wGr3oyvhvF",
            "19SCBbqfRPMrVJuyfeWjh12agUmKjNzMam",
            "14dqEzSKqnHFC3nSQ2iMBLRZNmy8jYVR8A",
            "1Myfdh8R3Zo95UANCYMFTT6cDyffB2xRSF",
            "1EaZG1NA9R2kAme6v8b39GzwhUA549iPAT",
            "162RS4Y1qx9V1CE4wCX3TUZTCnS1jVmxMd",
            "165DSMJv1h7NzM9ecRrmyXd1puitk6Jakw"
        ]
    },
    "fiat_value": {},
    "frozen_coins": {},
    "invoices": {},
    "keystore": {
        "derivation": "m",
        "pw_hash_version": 1,
        "root_fingerprint": "57e04af6",
        "seed": "minor zone pool annual remain combine lens claw medal settle grace capable",
        "seed_type": "standard",
        "type": "bip32",
        "xprv": "xprv9s21ZrQH143K2Y4VNSARrXxgxvUDw8GMEzAuCShG1kVtxi8U51KZCfNw3uhN6e8RB93TyiJv2oe4tLpvjDfb6cEfmmSLEUFtiyCG6ZrR7Tx",
        "xpub": "xpub661MyMwAqRbcF28xUThSDfuRWxJiLazCcD6Vzq6sa62sqWTccYdokThQuDz5h3FCFnAZAgZsdNoBucLBa4W2KYQvSesrSfeAvVMKFuiS375"
    },
    "labels": {},
    "payment_requests": {},
    "prevouts_by_scripthash": {},
    "seed_version": 50,
    "spent_outpoints": {},
    "transactions": {},
    "tx_fees": {},
    "txi": {},
    "txo": {},
    "use_encryption": false,
    "verified_tx3": {},
    "wallet_type": "standard"
}