{
    "addr_history": {
        "12m16V33xja8wbcdQqZDePyYPvGajThMdU": [],
        "12o6gZce6t2biaVnqhMAJKJmVgzd7ip9DQ": [],
        "12xc4k8gBVzCnjQLgj53kty9MWqSQ71ia6": [],
        "13qYcDpyFwD6ZC4SZhNB2nGBvw1eBGFkKt": [],
        "168z2e1stGGfDiQjraMoCaZCVjPiMa4CyY": [],
        "16L2mxVFJUnoWBZG8JLxtrxA9QdK7fwirY": [],
        "16sX64aghAS7KqJPaZgrEgB9JM8dA8Ta7E": [],
        "16zj19wwDKya7Vm3LxuqoNdH6Qd9jGkC6z": [],
        "17Jxg6JkNqMiLg7KSg6SyPVC9pJ3M8xwZ1": [],
        "17gBv3cWeaPmJ4F3WFHL4YgkMmdNf5E8jt": [],
        "17t4JL5GtYkYBzZ99bzQk4xywCjdhwoNAg": [],
        "181CsFqU9pMVgyTYo75CBKLh5waRADVt5h": [],
        "199AEVPkhQ9RAAf2Vr5BeVT3Mh3JtMeCKn": [],
        "19Y4RbrpYgai3mseAinjNqYkVTRoXNmZeQ": [],
        "1BBipYFiJKu2abUKVJbeNTLxQj1saHmupk": [],
        "1CmQpi2BiaaFSagQz3LU3frK6g6SDP8t8v": [],
        "1DMr23Pj4V5hQaYQKe8NYeju8tvhovACWH": [],
        "1DhfwKhfLvysbSZyztAu8Ajun9Rw6cweQ1": [],
        "1G596kgj3asDpXuGrXhNWjDHywt8SJB3WU": [],
        "1GAEywP2pBNncS6Fi2AYrtxGKHy7mxgzuP": [],
        "1HGPSAZbpVkBUcp5o6fUFiTbWn8KBUzLjY": [],
        "1Hfq6fysPoFCGHi5Vw4YtWbAMHNfskvZG1": [],
        "1Hqu4BNBZXJsVwTet7d7bndAuGRGxg46aC": [],
        "1KYYAEqZggxaU9b4jL6x3WaDzwYDiDfAXv": [],
        "1LaVoLVS85ypFmHyTZA8kWoGnhYdUcT1j8": [],
        "1MgEsWiWTAyXAtNrZc1kavok48ztbyuvLk": [],
        "1N63vwLW6aHT3Qn7LdFQ4NVyige72Ueury": [],
        "1NcYQa4JJKxjovFkxJNnWvpfoU9ULciKhg": [],
        "1Pc8rExfDcpmoQnum1LLQvHPGTYSp3NTud": [],
        "1u6NDXeAaY5x5BFSDaRT2iebycQ3pyVQY": []
    },
    "addresses": {
        "change": [
            "1N63vwLW6aHT3Qn7LdFQ4NVyige72Ueury",
            "17Jxg6JkNqMiLg7KSg6SyPVC9pJ3M8xwZ1",
            "1Hqu4BNBZXJsVwTet7d7bndAuGRGxg46aC",
            "1MgEsWiWTAyXAtNrZc1kavok48ztbyuvLk",
            "1CmQpi2BiaaFSagQz3LU3frK6g6SDP8t8v",
            "1Pc8rExfDcpmoQnum1LLQvHPGTYSp3NTud",
            "1GAEywP2pBNncS6Fi2AYrtxGKHy7mxgzuP",
            "17gBv3cWeaPmJ4F3WFHL4YgkMmdNf5E8jt",
            "16zj19wwDKya7Vm3LxuqoNdH6Qd9jGkC6z",
            "1HGPSAZbpVkBUcp5o6fUFiTbWn8KBUzLjY"
        ],
        "receiving": [
            "181CsFqU9pMVgyTYo75CBKLh5waRADVt5h",
            "1NcYQa4JJKxjovFkxJNnWvpfoU9ULciKhg",
            "1BBipYFiJKu2abUKVJbeNTLxQj1saHmupk",
            "13qYcDpyFwD6ZC4SZhNB2nGBvw1eBGFkKt",
            "199AEVPkhQ9RAAf2Vr5BeVT3Mh3JtMeCKn",
            "1u6NDXeAaY5x5BFSDaRT2iebycQ3pyVQY",
            "16sX64aghAS7KqJPaZgrEgB9JM8dA8Ta7E",
            "1Hfq6fysPoFCGHi5Vw4YtWbAMHNfskvZG1",
            "16L2mxVFJUnoWBZG8JLxtrxA9QdK7fwirY",
            "1DMr23Pj4V5hQaYQKe8NYeju8tvhovACWH",
            "12xc4k8gBVzCnjQLgj53kty9MWqSQ71ia6",
            "1G596kgj3asDpXuGrXhNWjDHywt8SJB3WU",
            "12o6gZce6t2biaVnqhMAJKJmVgzd7ip9DQ",
            "19Y4RbrpYgai3mseAinjNqYkVTRoXNmZeQ",
            "1LaVoLVS85ypFmHyTZA8kWoGnhYdUcT1j8",
            "1KYYAEqZggxaU9b4jL6x3WaDzwYDiDfAXv",
            "17t4JL5GtYkYBzZ99bzQk4xywCjdhwoNAg",
            "168z2e1stGGfDiQjraMoCaZCVjPiMa4CyY",
            "12m16V33xja8wbcdQqZDePyYPvGajThMdU",
            "1DhfwKhfLvysbSZyztAu8Ajun9Rw6cweQ1"
        ]
    },
    "fiat_value": {},
    "frozen_coins": {},
    "invoices": {},
    "keystore": {
        "derivation": "m",
        "pw_hash_version": 1,
        "root_fingerprint": "51dbe94a",
        "seed": "minor zone pool arctic remain combine behind claw medal settle grace capable",
        "seed_type": "standard",
        "type": "bip32",
        "xprv": "xprv9s21ZrQH143K3NUgxQHoV5gEoGrBKV2EUaABzan777MQR7W3pXJsk4T2heYRvt2kzYT9HhA9wR8VZrpqVdsgAKzCUPQje76oo2ox2JV2ja1",
        "xpub": "xpub661MyMwAqRbcFrZA4RporDcyMJgfiwk5qo5nnyBifStPHuqCN4d8HrmWYtkApwowt8MkQaPZ6Ugb4EdnwJGfj363zrHgngF5g3yVqqX76Vs"
    },
    "labels": {},
    "payment_requests": {},
    "prevouts_by_scripthash": {},
    "seed_version": 50,
    "spent_outpoints": {},
    "transactions": {},
    "tx_fees": {},
    "txi": {},
    "txo": {},
    "use_encryption": false,
    "verified_tx3": {},
    "wallet_type": "standard"
}