{
    "addr_history": {
        "11kDKq4fwhreMoQdeUGU1tHs17UbH8t6E": [],
        "12w7Qv5kgJTzJGFiqk3ruVkzUW1DCvZ6Zh": [],
        "14D5g1Km9BDC8Jdoo99YzHYEkMxPaPhrQD": [],
        "14ZkDm52vfhzkJC2EXH2f827wCpVvWqUMe": [],
        "155Fejv4swtddNSJq3ktY5gEJyprDkt2GZ": [],
        "15mdHDcWAJN6ewYMHbG7sp2xAmvDnzTqTT": [],
        "166pZNi6iZPkRLwzJVddg3niwmrcjMUgWG": [],
        "1685z1n8JmGXauvWXYUhjLAQp3QqHW6La6": [],
        "16PYmuuWRxrCUFTjs2iYUkFEarGio5aASh": [],
        "16d9Zi9QVySV9s8jzcVbhcZhojKerCGtXF": [],
        "17bz2UM7VH1ZTmxVeLNTzG1NcwT4e4kPvM": [],
        "17orBdBdwi6h76ypZ8Yp2rTkVs6wTvAZhJ": [],
        "187ZJWLjy9y8QrB15zeW7Vrzh6LufwbNfT": [],
        "197YCQFVC8xYb8h8uPi8gNR788o1NLnd8j": [],
        "1AeFgJkXbL49mspjVkFbJ4JryKgChhWsyu": [],
        "1BPLi7YA61WG8pHMJ3q2CN8AXXwraLPgAn": [],
        "1BTiH5hcpPoxdcjBjEsXQQovmyea6dJ7ca": [],
        "1CYc8EzcMQfHvw74Dyxdsx6ZFgdXwzrB8T": [],
        "1Cej4bfDXcvUXWB3KPHP9fnWHZoJGB9SNy": [],
        "1D6Sj4FFC5N66RfqUXvWQFsJX3hyWaRLD9": [],
        "1ETpukQYNBwum5NeCBGcG5tzLykNVuV2Rc": [],
        "1EWASLZrpVGujzzZcqtwH6nZ8T7gPPqoSy": [],
        "1FbyjAocjWsaHR1vP5QE4SQU9X7tZNqYsw": [],
        "1HVE7F4keSihNa5rg2MQLKtdYdNatQvwua": [],
        "1JPLrMS37eZRTgbEC2PHZnf2zqDz2ZtF2d": [],
        "1JcrKYPTc7sxzKC17cqnU6n89yN2oNA2Gg": [],
        "1LJLMz3Ty9PQyL23TX2CeR3NvHK9ZMceLP": [],
        "1LVpePL1GhyLasngn7RhMALiKi1fMvmusc": [],
        "1MZBhrZ66F1zFGFThzKi7XLpiEWr7CYcXc": [],
        "1NAM9gdBPsfVhpMBx2JmpDSyAbZaDjvubk": []
    },
    "addresses": {
        "change": [
            "16d9Zi9QVySV9s8jzcVbhcZhojKerCGtXF",
            "1D6Sj4FFC5N66RfqUXvWQFsJX3hyWaRLD9",
            "1LJLMz3Ty9PQyL23TX2CeR3NvHK9ZMceLP",
            "16PYmuuWRxrCUFTjs2iYUkFEarGio5aASh",
            "14D5g1Km9BDC8Jdoo99YzHYEkMxPaPhrQD",
            "12w7Qv5kgJTzJGFiqk3ruVkzUW1DCvZ6Zh",
            "187ZJWLjy9y8QrB15zeW7Vrzh6LufwbNfT",
            "1LVpePL1GhyLasngn7RhMALiKi1fMvmusc",
            "1AeFgJkXbL49mspjVkFbJ4JryKgChhWsyu",
            "1JcrKYPTc7sxzKC17cqnU6n89yN2oNA2Gg"
        ],
        "receiving": [
            "1HVE7F4keSihNa5rg2MQLKtdYdNatQvwua",
            "1Cej4bfDXcvUXWB3KPHP9fnWHZoJGB9SNy",
            "1FbyjAocjWsaHR1vP5QE4SQU9X7tZNqYsw",
            "1JPLrMS37eZRTgbEC2PHZnf2zqDz2ZtF2d",
            "155Fejv4swtddNSJq3ktY5gEJyprDkt2GZ",
            "166pZNi6iZPkRLwzJVddg3niwmrcjMUgWG",
            "1BPLi7YA61WG8pHMJ3q2CN8AXXwraLPgAn",
            "1CYc8EzcMQfHvw74Dyxdsx6ZFgdXwzrB8T",
            "1MZBhrZ66F1zFGFThzKi7XLpiEWr7CYcXc",
            "197YCQFVC8xYb8h8uPi8gNR788o1NLnd8j",
            "15mdHDcWAJN6ewYMHbG7sp2xAmvDnzTqTT",
            "11kDKq4fwhreMoQdeUGU1tHs17UbH8t6E",
            "1ETpukQYNBwum5NeCBGcG5tzLykNVuV2Rc",
            "17orBdBdwi6h76ypZ8Yp2rTkVs6wTvAZhJ",
            "1EWASLZrpVGujzzZcqtwH6nZ8T7gPPqoSy",
            "17bz2UM7VH1ZTmxVeLNTzG1NcwT4e4kPvM",
            "1BTiH5hcpPoxdcjBjEsXQQovmyea6dJ7ca",
            "1NAM9gdBPsfVhpMBx2JmpDSyAbZaDjvubk",
            "1685z1n8JmGXauvWXYUhjLAQp3QqHW6La6",
            "14ZkDm52vfhzkJC2EXH2f827wCpVvWqUMe"
        ]
    },
    "fiat_value": {},
    "frozen_coins": {},
    "invoices": {},
    "keystore": {
        "derivation": "m",
        "pw_hash_version": 1,
        "root_fingerprint": "a7f331da",
        "seed": "minor zone pool assume remain combine vote claw medal settle grace capable",
        "seed_type": "standard",
        "type": "bip32",
        "xprv": "xprv9s21ZrQH143K2iJZ9XNqt3A5o1bAYpvUuaDBhJKt59rR9qofPUXpE11oEAXtFirUmZiBTwUtR32J6b3jCmrR62YjVxETXbH74krM59kvX8Y",
        "xpub": "xpub661MyMwAqRbcFCP2FYurFB6pM3RexHeLGo8nVgjVdVPQ2e8ow1r4moLH5U2kL3aTsnu3nuonCikacvodVKKkfF2LNFF8LaMS1tsPnWhFeiD"
    },
    "labels": {},
    "payment_requests": {},
    "prevouts_by_scripthash": {},
    "seed_version": 50,
    "spent_outpoints": {},
    "transactions": {},
    "tx_fees": {},
    "txi": {},
    "txo": {},
    "use_encryption": false,
    "verified_tx3": {},
    "wallet_type": "standard"
}