{
    "addr_history": {
        "127RjGaGXRJ84xtP64d9ipWx5MymsCb325": [],
        "12DjAaieERt4fdzGoXzMEHyxCtBvbUYeQs": [],
        "12YjgWxbgUREhTErCnGD1uEXomxH4sC7tH": [],
        "15Mu53YoBewWCznntLGGKGXPF35WUpftd8": [],
        "15hwritAVCpfe6CLse1Z7PFUdATP7JckZ1": [],
        "16RQohW3zNq7j78mL4e5XE9MeLKGabAJkL": [],
        "16XYfNBYzgCCk6epcdMQ3i8NmLxLmqGEgo": [],
        "16necQPMtgPF6R2HouVvLs8bERXAWCX3yf": [],
        "17uZpLJrGrx6N6JrSNXK7hkE648E7QBQ88": [],
        "18g6uiqtuGmw2u58eeNLAG6P5EitqbUpqB": [],
        "19CCPcbU8fwmqoVwrBwteZGrKVGBi238KJ": [],
        "19V4FWkaMBUMPTcgCn6pSkzo7gqEyHMnxC": [],
        "1A7sx4kutyJ6yXJqQobNoMuHmbZTkNauGK": [],
        "1AExCzeQ9PW7WbisAuv4kWZeaqEoL2SNo1": [],
        "1AqHmKTjfx8unBHTZZY4nDDVU6ej2iW1hL": [],
        "1BaRe5dMwJvTpNpxnbDdPsCfn6v1hQQn4M": [],
        "1C8nyepDBTxVv3qSCnKpivutE59DvZLqa6": [],
        "1CJiJnDRpJL7UCRnoyVsQkXvbTy6GR8Z3L": [],
        "1CRYZpFYHYHH2bNGUN7gPvAdvaH9BkXke5": [],
        "1DDtW6pL4nsptYq2hn5RYPupTQVaoZYzfn": [],
        "1DKyVoRrqo1C1iLtbRxDhJAuZu3vMfrFD5": [],
        "1EVrzjSkirSqJppMDQ5aN73myR5iQdBsCp": [],
        "1EhdHBu6hLohHpXrFefgo6zgCWTqsN7reG": [],
        "1FDVfUyjkC64JW71bnvu9HaGSRdyGW2Wb5": [],
        "1FEM6XaVRh48dxDDaGsDZvNY3GE3tBN9By": [],
        "1Frh6orMYpixy4vAfw9Jwr7sCXGxduuJNA": [],
        "1GYb9sGmA7rPvFjZMEFm1B3MT63mhHyW7X": [],
        "1LRH7Y7RvuZjriMvqMDTXiqFFArVbPEzS5": [],
        "1LUeKBhsRRSRpvzqgb7Hgv73FF3hp6GBdC": [],
        "1gVFzufJns1Ru35UhPMtSLYNudw7jkEhu": []
    },
    "addresses": {
        "change": [
            "1A7sx4kutyJ6yXJqQobNoMuHmbZTkNauGK",
            "15Mu53YoBewWCznntLGGKGXPF35WUpftd8",
            "1EVrzjSkirSqJppMDQ5aN73myR5iQdBsCp",
            "1FEM6XaVRh48dxDDaGsDZvNY3GE3tBN9By",
            "19V4FWkaMBUMPTcgCn6pSkzo7gqEyHMnxC",
            "127RjGaGXRJ84xtP64d9ipWx5MymsCb325",
            "1gVFzufJns1Ru35UhPMtSLYNudw7jkEhu",
            "1C8nyepDBTxVv3qSCnKpivutE59DvZLqa6",
            "18g6uiqtuGmw2u58eeNLAG6P5EitqbUpqB",
            "1DKyVoRrqo1C1iLtbRxDhJAuZu3vMfrFD5"
        ],
        "receiving": [
            "1BaRe5dMwJvTpNpxnbDdPsCfn6v1hQQn4M",
            "1CJiJnDRpJL7UCRnoyVsQkXvbTy6GR8Z3L",
            "1LRH7Y7RvuZjriMvqMDTXiqFFArVbPEzS5",
            "1LUeKBhsRRSRpvzqgb7Hgv73FF3hp6GBdC",
            "12YjgWxbgUREhTErCnGD1uEXomxH4sC7tH",
            "1EhdHBu6hLohHpXrFefgo6zgCWTqsN7reG",
            "16XYfNBYzgCCk6epcdMQ3i8NmLxLmqGEgo",
            "1FDVfUyjkC64JW71bnvu9HaGSRdyGW2Wb5",
            "16RQohW3zNq7j78mL4e5XE9MeLKGabAJkL",
            "1GYb9sGmA7rPvFjZMEFm1B3MT63mhHyW7X",
            "1Frh6orMYpixy4vAfw9Jwr7sCXGxduuJNA",
            "15hwritAVCpfe6CLse1Z7PFUdATP7JckZ1",
            "17uZpLJrGrx6N6JrSNXK7hkE648E7QBQ88",
            "1CRYZpFYHYHH2bNGUN7gPvAdvaH9BkXke5",
            "1AExCzeQ9PW7WbisAuv4kWZeaqEoL2SNo1",
            "1DDtW6pL4nsptYq2hn5RYPupTQVaoZYzfn",
            "1AqHmKTjfx8unBHTZZY4nDDVU6ej2iW1hL",
            "19CCPcbU8fwmqoVwrBwteZGrKVGBi238KJ",
            "16necQPMtgPF6R2HouVvLs8bERXAWCX3yf",
            "12DjAaieERt4fdzGoXzMEHyxCtBvbUYeQs"
        ]
    },
    "fiat_value": {},
    "frozen_coins": {},
    "invoices": {},
    "keystore": {
        "derivation": "m",
        "pw_hash_version": 1,
        "root_fingerprint": "7f91148c",
        "seed": "minor zone pool again remain combine flee claw medal settle grace capable",
        "seed_type": "standard",
        "type": "bip32",
        "xprv": "xprv9s21ZrQH143K3n1iB4ZfSAYzYikXfWYjppkxQEz1u3u37Qv5qBFrk3XV2Pyx63sY5SKn1ThwKwQVpcXd85XfZ1WAM76GgK1gCUt7Pepa3a4",
        "xpub": "xpub661MyMwAqRbcGG6BH66foJVj6kb24yGbC3gZCdPdTPS1zDFENia7HqqxsfZyzrxjj5bJofZovGVSShio2brojFv84bwHPKzPFxEEaG7Ju8c"
    },
    "labels": {},
    "payment_requests": {},
    "prevouts_by_scripthash": {},
    "seed_version": 50,
    "spent_outpoints": {},
    "transactions": {},
    "tx_fees": {},
    "txi": {},
    "txo": {},
    "use_encryption": false,
    "verified_tx3": {},
    "wallet_type": "standard"
}