{
    "addr_history": {
        "12JgDYmTh6WWDnSQjUUe3zLDy69F61Qkqd": [],
        "12pmbYtaiGTAkTNptsTonzCKD59oV4nRFi": [],
        "13fuzgLubVaUNsjKTEELWDuottQVrEb1ee": [],
        "13ofnADxc11XVspowhm9yeAs2ZFnRZ17z7": [],
        "13qXihQN8dA7WAd7CqpMvaj3qrCBXwkVMW": [],
        "15QyJ5iQyLfqzPzpR8E6Hk19ScwtkybvWx": [],
        "15q5eWPnM2igR241cuTuM3daR4MDDufvXA": [],
        "16JGyFqbdyxyPbvgi2Fx2VEPZb5VvJ6B7Q": [],
        "16nEXsuCehN1H28Xdj1VAfYwwXdTM8kzyN": [],
        "17j69chAf4YcX31mkihrLP3WEYShAtkRM6": [],
        "17peWd9EF329TeEn3wZT1VURP5biFpxwsa": [],
        "182RshqjjKLoM64qrAReR64oGmxpCxyy75": [],
        "18NzbAMAUCVzgxStvrDa99cFMCsd66wnSZ": [],
        "1AJC3QrY1wNVy22EygCqTPRi3Usyiq31Lq": [],
        "1Aycgz6N2EFtF8u6Wig24aCtD77P2k4nkS": [],
        "1D4jy5cgVNjd3gfp3GLKYeD2gtikY5FSby": [],
        "1D64BMpKpJrBkBUAGvpN9xxqhbrCe5YFop": [],
        "1DPQ8EeYkrs7sREdrXDK45upWnjeWoUKiH": [],
        "1F9KdDXxeE7mMqeDz4iYZJagM9uD6U9Ngd": [],
        "1HVBV6DaBX2jR97ew7Agjn8uAEewxJXLUc": [],
        "1JooXPL1AvGZfZtpM882umM7R4dmMDqE6t": [],
        "1KDQ6VRZ1hozkw9Y73WPU6Q7L69VoDzWLP": [],
        "1KsNEjKjSxZ9Q1n52YbpYZDuiCiF2MqCvk": [],
        "1LkZzVZzUyyPTatfaXS7vb6BbD6GuKvtgm": [],
        "1M1hGbJCqEh3yE6pNJN7w8vg711tQecbBo": [],
        "1MFycq9W148MijbS3FHXMG3hKeofCz2ehK": [],
        "1N3sSDT7UEwmRZgdY7K6ALU5YRpJmRB86w": [],
        "1PsKEyyKnN8mzbN4gocCpN6PewFQVn38Lp": [],
        "1PtixzLnWRXQXGCAoxdu4d6p8NUjg3qwvT": [],
        "1riXqADq4uMdWcMXJbPjGM1h5cK6vPqRk": []
    },
    "addresses": {
        "change": [
            "1PtixzLnWRXQXGCAoxdu4d6p8NUjg3qwvT",
            "15QyJ5iQyLfqzPzpR8E6Hk19ScwtkybvWx",
            "17peWd9EF329TeEn3wZT1VURP5biFpxwsa",
            "1Aycgz6N2EFtF8u6Wig24aCtD77P2k4nkS",
            "1D64BMpKpJrBkBUAGvpN9xxqhbrCe5YFop",
            "12JgDYmTh6WWDnSQjUUe3zLDy69F61Qkqd",
            "1MFycq9W148MijbS3FHXMG3hKeofCz2ehK",
            "1AJC3QrY1wNVy22EygCqTPRi3Usyiq31Lq",
            "1KDQ6VRZ1hozkw9Y73WPU6Q7L69VoDzWLP",
            "15q5eWPnM2igR241cuTuM3daR4MDDufvXA"
        ],
        "receiving": [
            "1PsKEyyKnN8mzbN4gocCpN6PewFQVn38Lp",
            "1M1hGbJCqEh3yE6pNJN7w8vg711tQecbBo",
            "1D4jy5cgVNjd3gfp3GLKYeD2gtikY5FSby",
            "13qXihQN8dA7WAd7CqpMvaj3qrCBXwkVMW",
            "13ofnADxc11XVspowhm9yeAs2ZFnRZ17z7",
            "1DPQ8EeYkrs7sREdrXDK45upWnjeWoUKiH",
            "16nEXsuCehN1H28Xdj1VAfYwwXdTM8kzyN",
            "1N3sSDT7UEwmRZgdY7K6ALU5YRpJmRB86w",
            "1HVBV6DaBX2jR97ew7Agjn8uAEewxJXLUc",
            "12pmbYtaiGTAkTNptsTonzCKD59oV4nRFi",
            "1riXqADq4uMdWcMXJbPjGM1h5cK6vPqRk",
            "1LkZzVZzUyyPTatfaXS7vb6BbD6GuKvtgm",
            "1KsNEjKjSxZ9Q1n52YbpYZDuiCiF2MqCvk",
            "18NzbAMAUCVzgxStvrDa99cFMCsd66wnSZ",
            "16JGyFqbdyxyPbvgi2Fx2VEPZb5VvJ6B7Q",
            "1JooXPL1AvGZfZtpM882umM7R4dmMDqE6t",
            "182RshqjjKLoM64qrAReR64oGmxpCxyy75",
            "1F9KdDXxeE7mMqeDz4iYZJagM9uD6U9Ngd",
            "13fuzgLubVaUNsjKTEELWDuottQVrEb1ee",
            "17j69chAf4YcX31mkihrLP3WEYShAtkRM6"
        ]
    },
    "fiat_value": {},
    "frozen_coins": {},
    "invoices": {},
    "keystore": {
        "derivation": "m",
        "pw_hash_version": 1,
        "root_fingerprint": "88d9ed11",
        "seed": "minor zone pool advice remain combine talk claw medal settle grace capable",
        "seed_type": "standard",
        "type": "bip32",
        "xprv": "xprv9s21ZrQH143K44k3qxkzBvCEKiw3ziFFm11yhFWwTcn9SnbXZHBMpCLEWdMAWo5RvRcfgSgdhKDCEoWjqMXm5XbGYCsD4GUr4de12YCfYhx",
        "xpub": "xpub661MyMwAqRbcGYpWwzHzZ48xskmYQAy78DwaVdvZ1xK8Kavg6pVcMzeiMun2RcDruekETh8XkUhdFaujjuULZCevtnVSbZRMQkQemPkkXvL"
    },
    "labels": {},
    "payment_requests": {},
    "prevouts_by_scripthash": {},
    "seed_version": 50,
    "spent_outpoints": {},
    "transactions": {},
    "tx_fees": {},
    "txi": {},
    "txo": {},
    "use_encryption": false,
    "verified_tx3": {},
    "wallet_type": "standard"
}