{
    "addr_history": {
        "12CpXEY174RR4KpczVvubXYrqo9R9UJcNQ": [],
        "12n8KfeUAfAYiUENZSjodKaJvCWWxhoEgc": [],
        "12wJ3ZvpzrMHyNwjUvH16V8SjoQEoTtBAA": [],
        "13pZNVCPZe6EA4wMVhkC6poyJPXDpGZnec": [],
        "142RoCV3YL1jyaqTNfz7wp9cMKypCxvA67": [],
        "154ZaTT5vezjivXCHQXjJp7XPjdKDPH3Xp": [],
        "15ajk49ZKakxfSKRjqvxPw8xiUhP2JsGtX": [],
        "15zNbSfkS6f9MPCM1HFCswDLob2bdcMc7q": [],
        "17NGm7KxrNSWLdxrBp6m9JfrBAPyFNQSkJ": [],
        "17eLQRGrhP81aYiqX67SRoNtwHHJYD7Hv2": [],
        "19T2vhY4zMVU58bBLtmUptFbYsWnHE7Q26": [],
        "1A1EcJunkV5eReDS5BZZ14ZmUEeWpo5PWj": [],
        "1B4DQL9ZtdzvctNx8YAk7DyXhmjH8GC4VC": [],
        "1BqUDqLLjsPNQjrrJ1kpPkxgzXXkghYNVX": [],
        "1BqWxnjWw2yHkd8JqWaE3g8cfCowMsg51o": [],
        "1CQ5N1U7YXdKifn2JoDv8VFaWTHzDP2ysh": [],
        "1Ct85pqDFMESxZoXFnKcsToeqyx3oiCD57": [],
        "1DGGuj5YGyRRaa5JgqNnbaB328ZJdkKaaf": [],
        "1FKVsAd5anbtUdwJChBxemGBvS8R31Pmsa": [],
        "1GA1cHPsD95aoLriuGRuHYfs8MJHbHRP2c": [],
        "1GLEto14HQBMPAuAsoByLsqU5kS1gMt9Pe": [],
        "1GW6qMedBCbFHsVHiZLod2CsDUqDgxK7RT": [],
        "1HjLJFq5Q9cGujATgP5NjPXWeiSRJ5ttrh": [],
        "1J9G2Lmq6SeUy2KN1Gg4csJW4FZtMratnE": [],
        "1JrbgXMsXXV5HEAguCv4iqfex1DRbS9d5o": [],
        "1LWoFtenN8rHVNrfSKGyL8bDEWkWWFGxTt": [],
        "1LxMWsctDkAHCVYkYSSzcg9D4hq9PFJQ9G": [],
        "1NDsPgrzxMZzfKBGuHdJGGtk3ZgW9P28Ng": [],
        "1PBzKXAGVvjqsSJCgfYf5MaaDgK2TsRuaQ": [],
        "1PKEUaH52TMS5uhoTNwkTZzosp6zdgzzzd": []
    },
    "addresses": {
        "change": [
            "19T2vhY4zMVU58bBLtmUptFbYsWnHE7Q26",
            "1GW6qMedBCbFHsVHiZLod2CsDUqDgxK7RT",
            "1BqWxnjWw2yHkd8JqWaE3g8cfCowMsg51o",
            "1HjLJFq5Q9cGujATgP5NjPXWeiSRJ5ttrh",
            "12n8KfeUAfAYiUENZSjodKaJvCWWxhoEgc",
            "1BqUDqLLjsPNQjrrJ1kpPkxgzXXkghYNVX",
            "12CpXEY174RR4KpczVvubXYrqo9R9UJcNQ",
            "1Ct85pqDFMESxZoXFnKcsToeqyx3oiCD57",
            "15zNbSfkS6f9MPCM1HFCswDLob2bdcMc7q",
            "1LxMWsctDkAHCVYkYSSzcg9D4hq9PFJQ9G"
        ],
        "receiving": [
            "13pZNVCPZe6EA4wMVhkC6poyJPXDpGZnec",
            "1CQ5N1U7YXdKifn2JoDv8VFaWTHzDP2ysh",
            "1A1EcJunkV5eReDS5BZZ14ZmUEeWpo5PWj",
            "1GLEto14HQBMPAuAsoByLsqU5kS1gMt9Pe",
            "142RoCV3YL1jyaqTNfz7wp9cMKypCxvA67",
            "1J9G2Lmq6SeUy2KN1Gg4csJW4FZtMratnE",
            "1NDsPgrzxMZzfKBGuHdJGGtk3ZgW9P28Ng",
            "12wJ3ZvpzrMHyNwjUvH16V8SjoQEoTtBAA",
            "17eLQRGrhP81aYiqX67SRoNtwHHJYD7Hv2",
            "17NGm7KxrNSWLdxrBp6m9JfrBAPyFNQSkJ",
            "1JrbgXMsXXV5HEAguCv4iqfex1DRbS9d5o",
            "154ZaTT5vezjivXCHQXjJp7XPjdKDPH3Xp",
            "1PKEUaH52TMS5uhoTNwkTZzosp6zdgzzzd",
            "1FKVsAd5anbtUdwJChBxemGBvS8R31Pmsa",
            "1B4DQL9ZtdzvctNx8YAk7DyXhmjH8GC4VC",
            "1LWoFtenN8rHVNrfSKGyL8bDEWkWWFGxTt",
            "1GA1cHPsD95aoLriuGRuHYfs8MJHbHRP2c",
            "1DGGuj5YGyRRaa5JgqNnbaB328ZJdkKaaf",
            "15ajk49ZKakxfSKRjqvxPw8xiUhP2JsGtX",
            "1PBzKXAGVvjqsSJCgfYf5MaaDgK2TsRuaQ"
        ]
    },
    "fiat_value": {},
    "frozen_coins": {},
    "invoices": {},
    "keystore": {
        "derivation": "m",
        "pw_hash_version": 1,
        "root_fingerprint": "00c64ee1",
        "seed": "minor zone pool abandon remain combine cable claw medal settle grace capable",
        "seed_type": "standard",
        "type": "bip32",
        "xprv": "xprv9s21ZrQH143K3MKPZkmxpRMxheuJiac5Y3hxpLAtXefKctSTDcyyKwSpRX3TEsoMfhKiYw9ATJk3CTMUi3gxd5Lj7QqKzk4BYWxtfJLLDCP",
        "xpub": "xpub661MyMwAqRbcFqPrfnJyBZJhFgjo83KvuGdZciaW5zCJVgmbmAJDsjmJGoKguZbQVezhTrJCEU5YSnoyiEysF6Uiwdxgz3WqnC87eHJGvzQ"
    },
    "labels": {},
    "payment_requests": {},
    "prevouts_by_scripthash": {},
    "seed_version": 50,
    "spent_outpoints": {},
    "transactions": {},
    "tx_fees": {},
    "txi": {},
    "txo": {},
    "use_encryption": false,
    "verified_tx3": {},
    "wallet_type": "standard"
}