{
    "addr_history": {
        "12rUCk483vQ2VZYFVVnmgpWz2vH439NzhY": [],
        "12yHJCQbDKwdC396qojdhyZQG3HtAf3GZj": [],
        "13fBZcpTPqs7q4wzYJQZM2yRDa9e3fbBPY": [],
        "13hhC7MKgcLkKBkhb5xATZYdJg6GYXwSmq": [],
        "156Q4FP2hZPdWaMA22Hv3754Vpmxwyj2Nn": [],
        "16DVE9qp4mnak7fesJQDR7qvmGKmjX4odm": [],
        "16cQeufLYCGetkXWFHGWXGGevtcKeqQcsF": [],
        "17UWxvNL8jWyg1tmP5vKqiBFYWhaPv7pqh": [],
        "193Hmc8UUaFdNAVn6jmYvyug3gWzfnRyum": [],
        "19EJ2tnrzRzppiUUCKwsAkb1ased6cBS4m": [],
        "19mEpJCFEpt8xTSkvzDc7KJvWTqgz7Bz5B": [],
        "1AN7P5RXKYwssgjU1zsaFKv4ekUV2q3ZoM": [],
        "1BGoyNCrRFrAsf4iBEHFhm5VrT8yp5Q898": [],
        "1Ck9cv69hhsD4k1MNNahACV8oszmejor35": [],
        "1CsPrx3rGcsWBtAstQ5cCyruojAuoApfYT": [],
        "1ERCwD7ztqGjZKSVwrJSeGoPBVLMx7rDRW": [],
        "1FcUfmogRhWA7xtVZUmbPpkzhnmPfHb7B6": [],
        "1G2Toyb4Y4PJTqcatEJqnBHunm35itVpUN": [],
        "1G7qePGMsKdgk1Zqqjg6hJEW5eyqW9WbmB": [],
        "1GmZ7yzZjVZtkaEgtbrSEHVZAAjjGELLSQ": [],
        "1GwDANaQuaUjBfwjp9dYsc6mPX1T1nsZCc": [],
        "1JCKK41pc1M2y6TnzDnrwG12iqxJNMPHWt": [],
        "1KdZEMW7AqdXedQQ25xtZeqQjqNqWLcBBe": [],
        "1MCveQfDyK2oEp1cZwLBuhZ7yC5PasbXqP": [],
        "1Mtt7sZpstTbYFWCQiuDeyj5v123P7YoXy": [],
        "1NpVFPM4S6TH2KjbLpeMoab76odprLKZWC": [],
        "1PBDPLUkwsjAicyhrTtkDsWaxKJWYwK2z7": [],
        "1Phy8sQYGixdXD17wQMuuM2HVzVptaFeWb": [],
        "1badktdqM7nA4U1fhpbB8KLwzeAVrPb9R": [],
        "1qucDLRNYvVvKY6U7TNWhoC1CumgtfkkB": []
    },
    "addresses": {
        "change": [
            "1Ck9cv69hhsD4k1MNNahACV8oszmejor35",
            "1G2Toyb4Y4PJTqcatEJqnBHunm35itVpUN",
            "1NpVFPM4S6TH2KjbLpeMoab76odprLKZWC",
            "1PBDPLUkwsjAicyhrTtkDsWaxKJWYwK2z7",
            "1Phy8sQYGixdXD17wQMuuM2HVzVptaFeWb",
            "1MCveQfDyK2oEp1cZwLBuhZ7yC5PasbXqP",
            "12rUCk483vQ2VZYFVVnmgpWz2vH439NzhY",
            "16cQeufLYCGetkXWFHGWXGGevtcKeqQcsF",
            "193Hmc8UUaFdNAVn6jmYvyug3gWzfnRyum",
            "16DVE9qp4mnak7fesJQDR7qvmGKmjX4odm"
        ],
        "receiving": [
            "1BGoyNCrRFrAsf4iBEHFhm5VrT8yp5Q898",
            "1CsPrx3rGcsWBtAstQ5cCyruojAuoApfYT",
            "17UWxvNL8jWyg1tmP5vKqiBFYWhaPv7pqh",
            "13fBZcpTPqs7q4wzYJQZM2yRDa9e3fbBPY",
            "156Q4FP2hZPdWaMA22Hv3754Vpmxwyj2Nn",
            "12yHJCQbDKwdC396qojdhyZQG3HtAf3GZj",
            "1ERCwD7ztqGjZKSVwrJSeGoPBVLMx7rDRW",
            "1FcUfmogRhWA7xtVZUmbPpkzhnmPfHb7B6",
            "1GmZ7yzZjVZtkaEgtbrSEHVZAAjjGELLSQ",
            "19EJ2tnrzRzppiUUCKwsAkb1ased6cBS4m",
            "1G7qePGMsKdgk1Zqqjg6hJEW5eyqW9WbmB",
            "1KdZEMW7AqdXedQQ25xtZeqQjqNqWLcBBe",
            "1badktdqM7nA4U1fhpbB8KLwzeAVrPb9R",
            "1GwDANaQuaUjBfwjp9dYsc6mPX1T1nsZCc",
            "1AN7P5RXKYwssgjU1zsaFKv4ekUV2q3ZoM",
            "19mEpJCFEpt8xTSkvzDc7KJvWTqgz7Bz5B",
            "13hhC7MKgcLkKBkhb5xATZYdJg6GYXwSmq",
            "1qucDLRNYvVvKY6U7TNWhoC1CumgtfkkB",
            "1JCKK41pc1M2y6TnzDnrwG12iqxJNMPHWt",
            "1Mtt7sZpstTbYFWCQiuDeyj5v123P7YoXy"
        ]
    },
    "fiat_value": {},
    "frozen_coins": {},
    "invoices": {},
    "keystore": {
        "derivation": "m",
        "pw_hash_version": 1,
        "root_fingerprint": "8257d49f",
        "seed": "minor zone pool bachelor remain combine travel claw medal settle grace capable",
        "seed_type": "standard",
        "type": "bip32",
        "xprv": "xprv9s21ZrQH143K3TUDkVR9Ny8ZS4Un9Zr46v5fwk69LK9mhuUZvCxWWhDn5zhwK1FVuu8Jjpy7BrquHXo91sxU32UmmkzGLNsfmcCasvr52hB",
        "xpub": "xpub661MyMwAqRbcFwYgrWx9k75Hz6KGZ2ZuU91Gk8VktegkahoiTkGm4VYFwFnKBnXWSG1iZQL1TH1niC6rAzSQtvSyBBiVzusxm5AAYip6QdD"
    },
    "labels": {},
    "payment_requests": {},
    "prevouts_by_scripthash": {},
    "seed_version": 50,
    "spent_outpoints": {},
    "transactions": {},
    "tx_fees": {},
    "txi": {},
    "txo": {},
    "use_encryption": false,
    "verified_tx3": {},
    "wallet_type": "standard"
}