{
    "addr_history": {
        "1281pjZVmJEbqozQ4WjhXtRMsUKJbSqSFh": [],
        "12Lbh7EG7QqYCLb6R4Be8APNWXxcyiRsFC": [],
        "12SARKWiE3XR2G5DHFECNPw92gA2aUaJja": [],
        "12udo1jAwDYADUWUaJVUHoKzTsRBbxUaBa": [],
        "13aKCnwARyfsuufzW3L6AbHnpqRVVH8r9G": [],
        "14tBdYxuqry9R2AYm5oh7aGnBXW5eiQNJ2": [],
        "15VFwErsF3g5D8muH6JTiiKTStSLPf8BHg": [],
        "168Umr9Cerxm1sgx2wrbXCjLtbq5YssGiD": [],
        "16NLh4ThDiVS945zoJqah1YSSkWqfsbkQB": [],
        "16vzjELKiuPGrZ7VwnkF35ukPoM6FMUBWD": [],
        "17Jh1eidBU3nYtR5cf1N4GcwQjfDEMejuL": [],
        "1AVKtxndKKdNLoudnRSH4Sw8w1qnGoKtsL": [],
        "1AqYqUFYk1PdFBVGZR4Frj7NGxdMjoSnPX": [],
        "1BMb7Q4wRgnXjrTxtDu6PR2o8CyTrutUo5": [],
        "1E5ZmMe5PckV7MHqpE8mWSoKLYwBXqed1L": [],
        "1F9AJzKXCVq59aCEv8Q9J8441AaeKCnYwt": [],
        "1FLMUBhQ3VSvwR9JyK2dTjcfuTpTN78X1s": [],
        "1FqmyMkGBGg3hk2cCWVv9tdraarvr7Ymf2": [],
        "1Grrm2VCkQ1zE5SgsNNvfJWpHh9Av2tXWx": [],
        "1HCTgcz2apNBtf9WacvqQx2fEoxzBwvFEM": [],
        "1JhsGHfX5UDQfVPoLfJMRrCphn2tKf9i1o": [],
        "1JwfkAuYr3N547B1fJTHEQyG3vuQ7vqmcZ": [],
        "1Jy8e7FEAaGHomXRtk8nkzp8pDniDwLtAS": [],
        "1KAFSTZ6bbXXeoJEEHL5uZKT6ZvyYUvWGk": [],
        "1Kn6uUyWXrZKVL9iFVf6QTxRzWNBQTUsQL": [],
        "1LC3kT9gX7bRg5W5URuuwnfReGq8go5Kxf": [],
        "1NLTgctRLGQbB4Zs7578kbVKjrhDLNE63x": [],
        "1P39fDufQy4cuk3sedXcHRcUcaSPTAD9Yq": [],
        "1P5Ew4RcNDGcwbWpUeKKFUb7yKuDgSGnkk": [],
        "1RXhqd9ER7XxDR1aRhLj3v2ojNEeP8Zur": []
    },
    "addresses": {
        "change": [
            "1AVKtxndKKdNLoudnRSH4Sw8w1qnGoKtsL",
            "1Grrm2VCkQ1zE5SgsNNvfJWpHh9Av2tXWx",
            "1KAFSTZ6bbXXeoJEEHL5uZKT6ZvyYUvWGk",
            "1Jy8e7FEAaGHomXRtk8nkzp8pDniDwLtAS",
            "1FqmyMkGBGg3hk2cCWVv9tdraarvr7Ymf2",
            "1FLMUBhQ3VSvwR9JyK2dTjcfuTpTN78X1s",
            "17Jh1eidBU3nYtR5cf1N4GcwQjfDEMejuL",
            "15VFwErsF3g5D8muH6JTiiKTStSLPf8BHg",
            "1F9AJzKXCVq59aCEv8Q9J8441AaeKCnYwt",
            "1RXhqd9ER7XxDR1aRhLj3v2ojNEeP8Zur"
        ],
        "receiving": [
            "12SARKWiE3XR2G5DHFECNPw92gA2aUaJja",
            "1NLTgctRLGQbB4Zs7578kbVKjrhDLNE63x",
            "1LC3kT9gX7bRg5W5URuuwnfReGq8go5Kxf",
            "1BMb7Q4wRgnXjrTxtDu6PR2o8CyTrutUo5",
            "1P5Ew4RcNDGcwbWpUeKKFUb7yKuDgSGnkk",
            "1281pjZVmJEbqozQ4WjhXtRMsUKJbSqSFh",
            "12udo1jAwDYADUWUaJVUHoKzTsRBbxUaBa",
            "13aKCnwARyfsuufzW3L6AbHnpqRVVH8r9G",
            "168Umr9Cerxm1sgx2wrbXCjLtbq5YssGiD",
            "14tBdYxuqry9R2AYm5oh7aGnBXW5eiQNJ2",
            "1Kn6uUyWXrZKVL9iFVf6QTxRzWNBQTUsQL",
            "1P39fDufQy4cuk3sedXcHRcUcaSPTAD9Yq",
            "12Lbh7EG7QqYCLb6R4Be8APNWXxcyiRsFC",
            "1JwfkAuYr3N547B1fJTHEQyG3vuQ7vqmcZ",
            "16vzjELKiuPGrZ7VwnkF35ukPoM6FMUBWD",
            "1E5ZmMe5PckV7MHqpE8mWSoKLYwBXqed1L",
            "16NLh4ThDiVS945zoJqah1YSSkWqfsbkQB",
            "1AqYqUFYk1PdFBVGZR4Frj7NGxdMjoSnPX",
            "1HCTgcz2apNBtf9WacvqQx2fEoxzBwvFEM",
            "1JhsGHfX5UDQfVPoLfJMRrCphn2tKf9i1o"
        ]
    },
    "fiat_value": {},
    "frozen_coins": {},
    "invoices": {},
    "keystore": {
        "derivation": "m",
        "pw_hash_version": 1,
        "root_fingerprint": "d29cb9dc",
        "seed": "minor zone pool album remain combine drop claw medal settle grace capable",
        "seed_type": "standard",
        "type": "bip32",
        "xprv": "xprv9s21ZrQH143K48qYZFi49Lr8yyU1CMP96hT6AwCNpT3mwkF7S7oqpHyMJsvEKd9cjhS7ybzbWieRPno8aWKU7prTphrxoCC6yEQwUwqqpmG",
        "xpub": "xpub661MyMwAqRbcGcv1fHF4WUnsY1JVbp6zTvNgyKbzNnakpYaFyf86N6HqA8jLH19hfWP1Mt5ckgzcyLZ2aqao8ibKtVtWY8jA3ovRTSHqjuT"
    },
    "labels": {},
    "payment_requests": {},
    "prevouts_by_scripthash": {},
    "seed_version": 50,
    "spent_outpoints": {},
    "transactions": {},
    "tx_fees": {},
    "txi": {},
    "txo": {},
    "use_encryption": false,
    "verified_tx3": {},
    "wallet_type": "standard"
}