{
    "addr_history": {
        "112VF3bAEWfDAqSp46aqjRWydHnTd2MDR2": [],
        "13KbDcneTZq96QrbyYXxJgJCVmBSqTBCqj": [],
        "146JhscRD1tg2rntJATUC6QKguotKjyUvk": [],
        "14QoXZuuzz3Be8tGA8AcpDBK84o2ju19qM": [],
        "165eG19SpiFdSj7y3iFgD1ywte2N4KfN58": [],
        "16AvqBxQYXXCwfvDYdnCQedCnPPoriHtGV": [],
        "16bJkU1tkLPDJLwxhH8YqZsA5yqJo1uksT": [],
        "17vWoNsU6SgQX39gaukqGp7hasdPaoaT2T": [],
        "19xLUySLSViYZWBRoJhAUD2nbmmGjVDaDb": [],
        "1AJEQjsU7mXb9Mgdews17mJRio6GNHdUa9": [],
        "1AjVGh4ARMDEHi6fVXVLpPYxRTbLY2YKQg": [],
        "1BKqPpdiQw7rkcQFdUwidJKqtFe8mEQVUZ": [],
        "1C9bdfdeh6NVF4BvZoDqeeUEiZCnBNrNE1": [],
        "1DN9bR7aPGQnHtsgLytYq7MsLz7hA1D4EN": [],
        "1DbmFnfmKiXXAa7QaqL5SpLpjAggMNBNou": [],
        "1DqdN1Uo4DWhQWCrmB7LgJeWPsaZxor2Uj": [],
        "1F1LruSkJTmVorDpUGNDuri3xbUjVCiQdW": [],
        "1FnteqSCrec8sE4gfaStfsR61TCiDcjwHo": [],
        "1HQ6WSK3ZmSV4tUxxkU5zDVdzuHb61wZu6": [],
        "1J54rAotYpf9LF9xmURsiDJmK86Y3Y3Qf": [],
        "1J6qgfaPUY1zGY3Amiso14AUrQo5ohs6hX": [],
        "1JWrY28QsaDh5uidB9ssm7FjQhcqv3rtgD": [],
        "1JaQwZuvuSnK5Ri1V4Xp3YSXEoi45nWhMn": [],
        "1JrFK54B7JCCmr6KcnevF9ZPZwJ9rxDecH": [],
        "1KjBzQWMV8Fdm1DdzwwCQsEm786eu9dWFJ": [],
        "1LEXxw4yiiDdYjr4pPtFQ9NyQ1pHsF231p": [],
        "1LGFW2pr8syEDy6LnsXDGjnwk4Q3uesVPy": [],
        "1LXK46HuowddJTG8qRHEfYedt22TGNgxTv": [],
        "1M1oNxbUoNR3rmSAW8fARbcfeyZsNvBmgb": [],
        "1V8PrSFdVDNafxJmLckRevhTzoVsS4uSV": []
    },
    "addresses": {
        "change": [
            "1V8PrSFdVDNafxJmLckRevhTzoVsS4uSV",
            "1JaQwZuvuSnK5Ri1V4Xp3YSXEoi45nWhMn",
            "1DqdN1Uo4DWhQWCrmB7LgJeWPsaZxor2Uj",
            "17vWoNsU6SgQX39gaukqGp7hasdPaoaT2T",
            "1J6qgfaPUY1zGY3Amiso14AUrQo5ohs6hX",
            "1M1oNxbUoNR3rmSAW8fARbcfeyZsNvBmgb",
            "1AJEQjsU7mXb9Mgdews17mJRio6GNHdUa9",
            "1C9bdfdeh6NVF4BvZoDqeeUEiZCnBNrNE1",
            "1AjVGh4ARMDEHi6fVXVLpPYxRTbLY2YKQg",
            "1LXK46HuowddJTG8qRHEfYedt22TGNgxTv"
        ],
        "receiving": [
            "1J54rAotYpf9LF9xmURsiDJmK86Y3Y3Qf",
            "1HQ6WSK3ZmSV4tUxxkU5zDVdzuHb61wZu6",
            "14QoXZuuzz3Be8tGA8AcpDBK84o2ju19qM",
            "1LEXxw4yiiDdYjr4pPtFQ9NyQ1pHsF231p",
            "19xLUySLSViYZWBRoJhAUD2nbmmGjVDaDb",
            "1KjBzQWMV8Fdm1DdzwwCQsEm786eu9dWFJ",
            "1JrFK54B7JCCmr6KcnevF9ZPZwJ9rxDecH",
            "1LGFW2pr8syEDy6LnsXDGjnwk4Q3uesVPy",
            "1FnteqSCrec8sE4gfaStfsR61TCiDcjwHo",
            "1JWrY28QsaDh5uidB9ssm7FjQhcqv3rtgD",
            "112VF3bAEWfDAqSp46aqjRWydHnTd2MDR2",
            "1DbmFnfmKiXXAa7QaqL5SpLpjAggMNBNou",
            "146JhscRD1tg2rntJATUC6QKguotKjyUvk",
            "13KbDcneTZq96QrbyYXxJgJCVmBSqTBCqj",
            "1BKqPpdiQw7rkcQFdUwidJKqtFe8mEQVUZ",
            "16AvqBxQYXXCwfvDYdnCQedCnPPoriHtGV",
            "1DN9bR7aPGQnHtsgLytYq7MsLz7hA1D4EN",
            "1F1LruSkJTmVorDpUGNDuri3xbUjVCiQdW",
            "16bJkU1tkLPDJLwxhH8YqZsA5yqJo1uksT",
            "165eG19SpiFdSj7y3iFgD1ywte2N4KfN58"
        ]
    },
    "fiat_value": {},
    "frozen_coins": {},
    "invoices": {},
    "keystore": {
        "derivation": "m",
        "pw_hash_version": 1,
        "root_fingerprint": "0884c49e",
        "seed": "minor zone pool around remain combine hire claw medal settle grace capable",
        "seed_type": "standard",
        "type": "bip32",
        "xprv": "xprv9s21ZrQH143K3iZWygYSSswyFN4JJrWw3djigVjwiLY9HnkVep9gQvaVZd5pm9wX68bwdu6m25rqRqoFJiPNzS9EVsv9EzuSDfC8jE3G8Mx",
        "xpub": "xpub661MyMwAqRbcGCdz5i5Sp1thoPtniKEnQrfKUt9ZGg58Ab5eCMTvxityQroSubU9WWTkE8tvMN5zhdZzZYjKZ2GuygxfMKoZ7DbKz2q3NAy"
    },
    "labels": {},
    "payment_requests": {},
    "prevouts_by_scripthash": {},
    "seed_version": 50,
    "spent_outpoints": {},
    "transactions": {},
    "tx_fees": {},
    "txi": {},
    "txo": {},
    "use_encryption": false,
    "verified_tx3": {},
    "wallet_type": "standard"
}