{
    "addr_history": {
        "12AcUZk4yUGrK5usbzYU55WrTvFKFraAGq": [],
        "12txr5QW9t52qLruRQBSoJ9LXtsbVqoQEg": [],
        "134T4v9BHNaKigL2ArAbop547Hk2bZP3rx": [],
        "13QjCwBfXUb6Mh6ZscDZFyG6PVF66sKHkX": [],
        "145DzNnRim5iwsmcnjnKZAwhLp8eoM3cHu": [],
        "15MbJxmtW8c8QMtYrkJ9sy5b13TL86VBGn": [],
        "15PVKrAuS83yjoxmzCmwUcU4DcapUGfuBh": [],
        "16aGLnEUbp6XCJrtBVKAPAAkqU9gT8n3vn": [],
        "16eKbVnd8SBsbCDS9Q62wGRK7vfFUb6joe": [],
        "16gLuF3jLvbhMHsmns4wKPWYsPLbPHe2vW": [],
        "16n6qwxBz644CqpjpT37R7tEtGZA9aNio1": [],
        "178HNajmDjfwuC7z9GgaanT8eefLsfDZ2L": [],
        "179Rjtry8QscwQuygHEBvMtx13TNnRSkeo": [],
        "17JobNmnN2hgS2CMZai3XX7hgywBLvosRs": [],
        "1BbfASipwrQ3SpZJvLHaSUbR1514nb1zrP": [],
        "1BkbmiQ2Y1KjkQGatHhvYbNTrFCqA7Vjfr": [],
        "1CCUKgqntG4cAQ6uPrZDvet17WcXbEULtK": [],
        "1CWwZpX9A7G3QGUP8t5DFS47B5DDCF6ND2": [],
        "1DTpmwTr39wfgfZBFtEQp8vyutUEeKHjY1": [],
        "1Duh1nLFHDFraoJnLv2QgEdi74BiQnVvsi": [],
        "1FXEALHfxBsVunEhHzjDrmj8bbnHXHfpri": [],
        "1JrCGhavMVjeG1RZo5hnCc7REjM29BHxZz": [],
        "1KnTKgUCxbSWQm66fipnAjTEhGZ7iS9yd3": [],
        "1KpVX24BXC5tmmjjKuMq2hTuF2Tdjc4i3T": [],
        "1LZjCqcgfCxXsvkoJycPK56uTX4joJAzhj": [],
        "1MW215EdWouV42Qt8FhRfiqYgU6TZVhici": [],
        "1MgGVzdykKeEob5vYu87S8PayT4hCbmnsg": [],
        "1PL2vwXiWW81cAUVqQtF6issUdRWAeyjas": [],
        "1kwvR6o9aPMtMKtiEL5BzLmxRqWGFHBPK": [],
        "1tkkf4BEuBkngeD4KCznuShoZJ33CFEjn": []
    },
    "addresses": {
        "change": [
            "13QjCwBfXUb6Mh6ZscDZFyG6PVF66sKHkX",
            "145DzNnRim5iwsmcnjnKZAwhLp8eoM3cHu",
            "1MW215EdWouV42Qt8FhRfiqYgU6TZVhici",
            "1JrCGhavMVjeG1RZo5hnCc7REjM29BHxZz",
            "1tkkf4BEuBkngeD4KCznuShoZJ33CFEjn",
            "1CCUKgqntG4cAQ6uPrZDvet17WcXbEULtK",
            "16aGLnEUbp6XCJrtBVKAPAAkqU9gT8n3vn",
            "134T4v9BHNaKigL2ArAbop547Hk2bZP3rx",
            "1FXEALHfxBsVunEhHzjDrmj8bbnHXHfpri",
            "1BbfASipwrQ3SpZJvLHaSUbR1514nb1zrP"
        ],
        "receiving": [
            "1KpVX24BXC5tmmjjKuMq2hTuF2Tdjc4i3T",
            "1Duh1nLFHDFraoJnLv2QgEdi74BiQnVvsi",
            "15MbJxmtW8c8QMtYrkJ9sy5b13TL86VBGn",
            "12txr5QW9t52qLruRQBSoJ9LXtsbVqoQEg",
            "1LZjCqcgfCxXsvkoJycPK56uTX4joJAzhj",
            "1kwvR6o9aPMtMKtiEL5BzLmxRqWGFHBPK",
            "179Rjtry8QscwQuygHEBvMtx13TNnRSkeo",
            "1KnTKgUCxbSWQm66fipnAjTEhGZ7iS9yd3",
            "16eKbVnd8SBsbCDS9Q62wGRK7vfFUb6joe",
            "16gLuF3jLvbhMHsmns4wKPWYsPLbPHe2vW",
            "12AcUZk4yUGrK5usbzYU55WrTvFKFraAGq",
            "1CWwZpX9A7G3QGUP8t5DFS47B5DDCF6ND2",
            "16n6qwxBz644CqpjpT37R7tEtGZA9aNio1",
            "17JobNmnN2hgS2CMZai3XX7hgywBLvosRs",
            "15PVKrAuS83yjoxmzCmwUcU4DcapUGfuBh",
            "1PL2vwXiWW81cAUVqQtF6issUdRWAeyjas",
            "1DTpmwTr39wfgfZBFtEQp8vyutUEeKHjY1",
            "1MgGVzdykKeEob5vYu87S8PayT4hCbmnsg",
            "1BkbmiQ2Y1KjkQGatHhvYbNTrFCqA7Vjfr",
            "178HNajmDjfwuC7z9GgaanT8eefLsfDZ2L"
        ]
    },
    "fiat_value": {},
    "frozen_coins": {},
    "invoices": {},
    "keystore": {
        "derivation": "m",
        "pw_hash_version": 1,
        "root_fingerprint": "6419a841",
        "seed": "minor zone pool absurd remain combine gas claw medal settle grace capable",
        "seed_type": "standard",
        "type": "bip32",
        "xprv": "xprv9s21ZrQH143K3CDCLnxLBsn8b8c5toKzBZ4sbrPbKE1EdsHQ3dqZ63ESBdz7WvzxsDh8JkwGzyUULoE8bMBLXg1ik3mnKCsniW1K7QkU5HE",
        "xpub": "xpub661MyMwAqRbcFgHfSpVLZ1is9ASaJG3qYmzUQEoCsZYDWfcYbB9odqYv2v6pFz7SrTWmRLiudeLR8Hy2Exgjgu3xgpSMSvQu67L6wkACvUX"
    },
    "labels": {},
    "payment_requests": {},
    "prevouts_by_scripthash": {},
    "seed_version": 50,
    "spent_outpoints": {},
    "transactions": {},
    "tx_fees": {},
    "txi": {},
    "txo": {},
    "use_encryption": false,
    "verified_tx3": {},
    "wallet_type": "standard"
}