{
    "addr_history": {
        "12h7BP4QmJzqsZdZvcJ2FZaQgit4LLTkEz": [],
        "13h7n5WEto7FZwTMZLv9p3gjnCv3iwoQxx": [],
        "13it8stAs72hoeJR6tW4SWJSo347oAq36C": [],
        "14SRePrTdcZF9fKVYKSfya6qxPT72F2fWB": [],
        "14z6fkq2S8NAryPwm6u1PNxmt4DDTMYXRj": [],
        "15xXzaPkXQyt6gPNjBDzRxMdXGGocMvTEM": [],
        "16DMeKQXFXBqbWjqPDd2Q6jFD2ks89Q4jK": [],
        "16Lo3GspCUZY9tREZanNvDh2HemFJs9EvG": [],
        "176R6fAnmcZFrJP5ykTz66jfVSfErXmsgG": [],
        "17Exqw7Zc6oyCfa4XcTtHZJNEYWKigpjsv": [],
        "19Bb9oyYL473kKvDcektEmdXMDfntV6MNd": [],
        "1AEsAAuMBJfc8MiFTnPxz5y6V6WBAvioaz": [],
        "1APf1Yy2k9trsCHpxbH2NwLDHG2WzCeazq": [],
        "1AohfQ3GLPPLFSVNiESVUTpiLet8jPMUkw": [],
        "1CWJ6to2W9RvxMSJt6jv3rzXPuvstHYJbw": [],
        "1Cd4CMaSPLhFM1GDPqHBz4psa5JQcPk9jX": [],
        "1DHYUbeDHRqqnpieag6957YfAx2DkL3Y3n": [],
        "1DgkyoaZU8CSNcQzLDDpZspimMyR4pSBPa": [],
        "1EBUQFvNobPgaW1fJJRPchRpwcsuWiCCdD": [],
        "1EWGuy28VUE7Znv3i3tbEADY5XkLJnnbHq": [],
        "1Eq8HLvUQFph9qskytVcZbyGXxQtcy8uEc": [],
        "1G98vtsfhNDfpxKQEi8ScGpCWMDHg259Wu": [],
        "1GczLHLEJeVpcUePdEWjYYMfUCqcvbmQNo": [],
        "1HFijuRcuvdY6iQrhyfZqVNrkmcuc4oZcq": [],
        "1HkvJtqJ7t3KVM9SLVbAdSPBEVDrJb8YKS": [],
        "1JHhNWzR5dTo453Ue9SVun9jPtYabE6i4": [],
        "1K5qLe6tcUjpo53H3P49QpmVJXLjBxnXKx": [],
        "1NmV94edKeUFNBxr1fsKZa36aMY5JFLzR5": [],
        "1PoB634gjT2pSACYrzcTu2LhkL5gQabv1a": [],
        "1PtJNv9tmGzvS6G6spBHzKjnLrEcf4Mz3D": []
    },
    "addresses": {
        "change": [
            "1PtJNv9tmGzvS6G6spBHzKjnLrEcf4Mz3D",
            "1EWGuy28VUE7Znv3i3tbEADY5XkLJnnbHq",
            "1DHYUbeDHRqqnpieag6957YfAx2DkL3Y3n",
            "1PoB634gjT2pSACYrzcTu2LhkL5gQabv1a",
            "1HFijuRcuvdY6iQrhyfZqVNrkmcuc4oZcq",
            "1CWJ6to2W9RvxMSJt6jv3rzXPuvstHYJbw",
            "13h7n5WEto7FZwTMZLv9p3gjnCv3iwoQxx",
            "1AEsAAuMBJfc8MiFTnPxz5y6V6WBAvioaz",
            "16Lo3GspCUZY9tREZanNvDh2HemFJs9EvG",
            "1DgkyoaZU8CSNcQzLDDpZspimMyR4pSBPa"
        ],
        "receiving": [
            "1K5qLe6tcUjpo53H3P49QpmVJXLjBxnXKx",
            "17Exqw7Zc6oyCfa4XcTtHZJNEYWKigpjsv",
            "15xXzaPkXQyt6gPNjBDzRxMdXGGocMvTEM",
            "1GczLHLEJeVpcUePdEWjYYMfUCqcvbmQNo",
            "12h7BP4QmJzqsZdZvcJ2FZaQgit4LLTkEz",
            "176R6fAnmcZFrJP5ykTz66jfVSfErXmsgG",
            "1EBUQFvNobPgaW1fJJRPchRpwcsuWiCCdD",
            "1G98vtsfhNDfpxKQEi8ScGpCWMDHg259Wu",
            "1HkvJtqJ7t3KVM9SLVbAdSPBEVDrJb8YKS",
            "14z6fkq2S8NAryPwm6u1PNxmt4DDTMYXRj",
            "1AohfQ3GLPPLFSVNiESVUTpiLet8jPMUkw",
            "1NmV94edKeUFNBxr1fsKZa36aMY5JFLzR5",
            "13it8stAs72hoeJR6tW4SWJSo347oAq36C",
            "1JHhNWzR5dTo453Ue9SVun9jPtYabE6i4",
            "14SRePrTdcZF9fKVYKSfya6qxPT72F2fWB",
            "1Cd4CMaSPLhFM1GDPqHBz4psa5JQcPk9jX",
            "16DMeKQXFXBqbWjqPDd2Q6jFD2ks89Q4jK",
            "1APf1Yy2k9trsCHpxbH2NwLDHG2WzCeazq",
            "19Bb9oyYL473kKvDcektEmdXMDfntV6MNd",
            "1Eq8HLvUQFph9qskytVcZbyGXxQtcy8uEc"
        ]
    },
    "fiat_value": {},
    "frozen_coins": {},
    "invoices": {},
    "keystore": {
        "derivation": "m",
        "pw_hash_version": 1,
        "root_fingerprint": "af270022",
        "seed": "minor zone pool acquire remain combine theory claw medal settle grace capable",
        "seed_type": "standard",
        "type": "bip32",
        "xprv": "xprv9s21ZrQH143K4Cv9TWhe8VDnPq39twu6AgPChyprW3D7v6XUAABgZNsFuWiwbA4ZKz6BaxCwv9MxyAU9mg3R4X5pCuKV2k3ffHKJv6CKAfS",
        "xpub": "xpub661MyMwAqRbcGgzcZYEeVdAWwrseJQcwXuJoWNEU4Nk6ntrchhVw7BBjkoo7UgZQmqPZQAqm3ywQ4nzrd4bg8fScCYekWUcRkb8C7zEREUw"
    },
    "labels": {},
    "payment_requests": {},
    "prevouts_by_scripthash": {},
    "seed_version": 50,
    "spent_outpoints": {},
    "transactions": {},
    "tx_fees": {},
    "txi": {},
    "txo": {},
    "use_encryption": false,
    "verified_tx3": {},
    "wallet_type": "standard"
}