{
    "addr_history": {
        "12qzretkgFGYSo4hnzhnFqgrN56ytjx2i3": [],
        "13M2sRsG93Pr65LdDStDtrdfQzPipjcKVC": [],
        "15FUsVHjMcvK26iKgiQAwYUmP61353rLwr": [],
        "15G7NbDUKpM3e1KWc46KWKdjjUWvsM5HwS": [],
        "17Eo9sDtRmMiKyf4zB37e9j7p3yd8Uw7z5": [],
        "17XMqcH4Z9SHvPbNXbBjNqFLiUa8wc4RRs": [],
        "17rkEhtHbJZGHAyJYcPuGFm7WXLrN7TTBc": [],
        "18PF15Po3tAyaAX3hGxvRsmLzHYjAYVUuj": [],
        "18uMZZA8M6J1aPzfuW5ca7DLjXaKuvZ62a": [],
        "191pt9yA6edtxMof8FVJMYpkuwCLEPXxRq": [],
        "19AmLWTkqaCW87Cu9TrW8qAPCi24L1AHbB": [],
        "19T73HmigWCkWnwx6cLXfrH685Ri7gSqP2": [],
        "1AVdWT9c787KGiS8mQP9a1MNCiiwyqDPV": [],
        "1BXbyZ5LcZVMFhRNST2YfTGW3sZP8pYtVe": [],
        "1BYDApJRhAvuw8mY5wXGWjvQG6111zDpDG": [],
        "1BanLS2C5iMnTM5sESErCKxZDV5YcA4kxw": [],
        "1BmsdnZS8PyCUetefPCzbfaHotdCEAGtNB": [],
        "1D99aKRPtGigVYVrMcRvVbxJdc6Gs3MrFV": [],
        "1DKJXDAcDHhapZgUQ9dJccEvy1Rc5jtWr6": [],
        "1Gipy7EK4rtDcAdnhTLjfevBvBoS7CDuM": [],
        "1HK2gZDC2f3Tg9juz4JQFPkgTZTV1hGNiK": [],
        "1J7Aw94pMNtiUUA9tg27a17CTPisZWLwQK": [],
        "1JpJKdc7uYwLVjjRWHibrSdepeen6ugrZn": [],
        "1K94qmQXxVgLTgmz666LebH1my4LGKkugE": [],
        "1KUN99kEgR6sjm6QSUZ6Bhenhr2ebRRf2n": [],
        "1LgXgNzofMp1MZp8dVVi8XSkBLqvHwU9jt": [],
        "1MHj25Vu4WU7AaFGYP3R2f7Y4VH8dKuGrT": [],
        "1Mknh8ygC6yJ4t3Pe89fbCRumv4L8doioj": [],
        "1PAFE4CnH9N41cVWByr47RziFYDXycYtjt": [],
        "1Q7dSjU9Sqn2GW1ckAXnUJEYMcu5RSzS6Z": []
    },
    "addresses": {
        "change": [
            "1PAFE4CnH9N41cVWByr47RziFYDXycYtjt",
            "1BYDApJRhAvuw8mY5wXGWjvQG6111zDpDG",
            "19T73HmigWCkWnwx6cLXfrH685Ri7gSqP2",
            "13M2sRsG93Pr65LdDStDtrdfQzPipjcKVC",
            "1DKJXDAcDHhapZgUQ9dJccEvy1Rc5jtWr6",
            "1BmsdnZS8PyCUetefPCzbfaHotdCEAGtNB",
            "1J7Aw94pMNtiUUA9tg27a17CTPisZWLwQK",
            "17XMqcH4Z9SHvPbNXbBjNqFLiUa8wc4RRs",
            "1MHj25Vu4WU7AaFGYP3R2f7Y4VH8dKuGrT",
            "18PF15Po3tAyaAX3hGxvRsmLzHYjAYVUuj"
        ],
        "receiving": [
            "1K94qmQXxVgLTgmz666LebH1my4LGKkugE",
            "1LgXgNzofMp1MZp8dVVi8XSkBLqvHwU9jt",
            "1HK2gZDC2f3Tg9juz4JQFPkgTZTV1hGNiK",
            "191pt9yA6edtxMof8FVJMYpkuwCLEPXxRq",
            "15G7NbDUKpM3e1KWc46KWKdjjUWvsM5HwS",
            "1Mknh8ygC6yJ4t3Pe89fbCRumv4L8doioj",
            "17rkEhtHbJZGHAyJYcPuGFm7WXLrN7TTBc",
            "18uMZZA8M6J1aPzfuW5ca7DLjXaKuvZ62a",
            "1Gipy7EK4rtDcAdnhTLjfevBvBoS7CDuM",
            "1JpJKdc7uYwLVjjRWHibrSdepeen6ugrZn",
            "1D99aKRPtGigVYVrMcRvVbxJdc6Gs3MrFV",
            "1Q7dSjU9Sqn2GW1ckAXnUJEYMcu5RSzS6Z",
            "17Eo9sDtRmMiKyf4zB37e9j7p3yd8Uw7z5",
            "15FUsVHjMcvK26iKgiQAwYUmP61353rLwr",
            "1BXbyZ5LcZVMFhRNST2YfTGW3sZP8pYtVe",
            "1AVdWT9c787KGiS8mQP9a1MNCiiwyqDPV",
            "12qzretkgFGYSo4hnzhnFqgrN56ytjx2i3",
            "19AmLWTkqaCW87Cu9TrW8qAPCi24L1AHbB",
            "1BanLS2C5iMnTM5sESErCKxZDV5YcA4kxw",
            "1KUN99kEgR6sjm6QSUZ6Bhenhr2ebRRf2n"
        ]
    },
    "fiat_value": {},
    "frozen_coins": {},
    "invoices": {},
    "keystore": {
        "derivation": "m",
        "pw_hash_version": 1,
        "root_fingerprint": "6bc52f25",
        "seed": "minor zone pool awkward remain combine present claw medal settle grace capable",
        "seed_type": "standard",
        "type": "bip32",
        "xprv": "xprv9s21ZrQH143K33S7yCMNe8mZgdZahq4iNXWNd1EVjKEaQcVDgjtgh5jmZ5VSWPuxezAY2y3Tq6tCLCY4R7xwb6SkmSnArmPEzKoNGdPQcz7",
        "xpub": "xpub661MyMwAqRbcFXWb5DtP1GiJEfQ57HnZjkRyRPe7HemZHQpNEHCwEt4FQPWTfP67U8poX42Tot96QVcM3t8RfhRstcFv6AqWTrQPAGyypcX"
    },
    "labels": {},
    "payment_requests": {},
    "prevouts_by_scripthash": {},
    "seed_version": 50,
    "spent_outpoints": {},
    "transactions": {},
    "tx_fees": {},
    "txi": {},
    "txo": {},
    "use_encryption": false,
    "verified_tx3": {},
    "wallet_type": "standard"
}