{
    "addr_history": {
        "12me6HxEUEsYi6j1QRu7ZS3tnW2JfiYHLs": [],
        "13Cv6ht7zpP9RdkXXTztcMkZZT9HujkfX9": [],
        "13oSaW7SMea3FCsHSAVVAarhuGdjSQGZPM": [],
        "14MwoxnXQM1jTN5AgKHYDKXkbPGP6Pm6He": [],
        "14WMZj2RL7XPKarCtLZd7JDfEJqDEV1E9h": [],
        "14hc48QL1vCkAMzGbjZdKCN9gzWxgxQtMB": [],
        "15xutLhZTLiBqWVUqXJLYfZrYY1bKHUtic": [],
        "16DtE9ujHKu3hair1cMeueJAqdPRuC4fNb": [],
        "175BnBJJsE1LpUL3yRn719PJii9yqXxJ6x": [],
        "17BiqcP6Kr9SBibD7ABxCUKwdkBM297hqG": [],
        "17jSTrfmvWxucHvbPkr9gTF6yABdjbTEWV": [],
        "17jk1KmPkLTBLZU3HwszUXmfBpRJY9Rcu5": [],
        "18mCTMPvwUES428WAXFLz5gQ18bFVyc7cU": [],
        "1BbKX4geGhEXT6KxnR3V8UbFZq8AP41UZj": [],
        "1BjzwPBn77ehXw4xi4S7nCSvgTDr3og6fq": [],
        "1E2uU6KS29VSA2qM57fKYvpqnyg5i5cxAf": [],
        "1EgiHMGPJaBFN3S496kbGvyLk7Xo5GLdoq": [],
        "1FM3BMw3589ThbR7PmyrfBrShEatrP7j49": [],
        "1G6zeNuBeUZe9djJCgn9HvocVR5XgcPFS": [],
        "1H1MFjB64BAk1Fj1LfLDePoXvCmng2n6jW": [],
        "1HzxZ2kDxuxoHFkAxoz5c62XGAp2bRH6bR": [],
        "1KUB83vdFLV9hPLymQwqbvxR7tQfbZPAPV": [],
        "1KaX671aRhcHdqWNbNnEEb3eAyTaL1q9py": [],
        "1KzFobHnEKbjSQ7GcpxPzXanDMq5mLggHm": [],
        "1LDSwQyVDewyNuXgPAAwjDacbFDimJHr6P": [],
        "1Mh9A2UMFPX2Gb1yT13Aa2WhAQHC5ZefN7": [],
        "1NrhoReFB6qghNDXPWc4TAnzpnfw4apVAB": [],
        "1Pf9pNCnop4PMNVeE7JCCz8CN7DpauVUcM": [],
        "1PovCotmHygbRvCPKezuxj2Fww4WkxHzd3": [],
        "1PqBKhwso5nksAY9tRREoVfNJXJVJSkRhJ": []
    },
    "addresses": {
        "change": [
            "17jSTrfmvWxucHvbPkr9gTF6yABdjbTEWV",
            "1HzxZ2kDxuxoHFkAxoz5c62XGAp2bRH6bR",
            "1PovCotmHygbRvCPKezuxj2Fww4WkxHzd3",
            "1E2uU6KS29VSA2qM57fKYvpqnyg5i5cxAf",
            "16DtE9ujHKu3hair1cMeueJAqdPRuC4fNb",
            "1Mh9A2UMFPX2Gb1yT13Aa2WhAQHC5ZefN7",
            "15xutLhZTLiBqWVUqXJLYfZrYY1bKHUtic",
            "13Cv6ht7zpP9RdkXXTztcMkZZT9HujkfX9",
            "1KaX671aRhcHdqWNbNnEEb3eAyTaL1q9py",
            "1LDSwQyVDewyNuXgPAAwjDacbFDimJHr6P"
        ],
        "receiving": [
            "13oSaW7SMea3FCsHSAVVAarhuGdjSQGZPM",
            "1NrhoReFB6qghNDXPWc4TAnzpnfw4apVAB",
            "175BnBJJsE1LpUL3yRn719PJii9yqXxJ6x",
            "1FM3BMw3589ThbR7PmyrfBrShEatrP7j49",
            "14hc48QL1vCkAMzGbjZdKCN9gzWxgxQtMB",
            "12me6HxEUEsYi6j1QRu7ZS3tnW2JfiYHLs",
            "1H1MFjB64BAk1Fj1LfLDePoXvCmng2n6jW",
            "1EgiHMGPJaBFN3S496kbGvyLk7Xo5GLdoq",
            "17BiqcP6Kr9SBibD7ABxCUKwdkBM297hqG",
            "14MwoxnXQM1jTN5AgKHYDKXkbPGP6Pm6He",
            "1BbKX4geGhEXT6KxnR3V8UbFZq8AP41UZj",
            "1PqBKhwso5nksAY9tRREoVfNJXJVJSkRhJ",
            "1KzFobHnEKbjSQ7GcpxPzXanDMq5mLggHm",
            "18mCTMPvwUES428WAXFLz5gQ18bFVyc7cU",
            "1KUB83vdFLV9hPLymQwqbvxR7tQfbZPAPV",
            "17jk1KmPkLTBLZU3HwszUXmfBpRJY9Rcu5",
            "1G6zeNuBeUZe9djJCgn9HvocVR5XgcPFS",
            "1Pf9pNCnop4PMNVeE7JCCz8CN7DpauVUcM",
            "14WMZj2RL7XPKarCtLZd7JDfEJqDEV1E9h",
            "1BjzwPBn77ehXw4xi4S7nCSvgTDr3og6fq"
        ]
    },
    "fiat_value": {},
    "frozen_coins": {},
    "invoices": {},
    "keystore": {
        "derivation": "m",
        "pw_hash_version": 1,
        "root_fingerprint": "a37e2a36",
        "seed": "minor zone pool allow remain combine buffalo claw medal settle grace capable",
        "seed_type": "standard",
        "type": "bip32",
        "xprv": "xprv9s21ZrQH143K2cVz6X2HSkuVHHhBe2mgY4mLvt743JUeRq2Zm2UaUefNMysmhytvzrCcMtpa2tJGFg35t4x5C6mW1zPeCfzwnowrzSS5t8J",
        "xpub": "xpub661MyMwAqRbcF6aTCYZHotrDqKXg3VVXuHgwjGWfbe1dJdMiJZnq2SyrDDbZtMRn5KCrqB7gF7Kg4ce7AdGHAvqPEHmw8maXTWrBZyfky8T"
    },
    "labels": {},
    "payment_requests": {},
    "prevouts_by_scripthash": {},
    "seed_version": 50,
    "spent_outpoints": {},
    "transactions": {},
    "tx_fees": {},
    "txi": {},
    "txo": {},
    "use_encryption": false,
    "verified_tx3": {},
    "wallet_type": "standard"
}