{
    "addr_history": {
        "114dA2CPhLbQVgjrsyzj3Hyw1DnhkKf1WC": [],
        "14KMfEpAEJv5nDxruAHb4Nm6sLrY1BN49B": [],
        "159AssHEF6zGQJETv1PahJkymyZF25BuhM": [],
        "15xaYuDx5t8FfJBZiaV56LTKBjqrsyVkHS": [],
        "16CYWZaScbGpBsgJkPHwUuhYt9y3uSBijX": [],
        "16LSjF6kixknwo3fAq8CQWtF2qNstZzAeV": [],
        "17AQGbFkATDKDUZT59NwDQJG2ziq7j6t6j": [],
        "18aHkKZyEvMebn7XFopW983Kqn2DdBFpKH": [],
        "19eknq9TWE4XGQXgTdTACN2TcCQZPDFyag": [],
        "1BJakvzhL1kQyrb42Ug4CSLo2V8Y3YkzGc": [],
        "1BWA34bnn8eFzGTLK7SGh952YrHx4jfZHp": [],
        "1C4byCE9hecFociXZimaH9bBS1WLKLiYEA": [],
        "1CqsSKm2r6ytAD7UydnZa5XTH7do2u3sVc": [],
        "1DKgyfJbrv9mLk3TZ52TxkYyieS5ADbs4G": [],
        "1EaynjiVhCnUmAWB61acsYp7B222D9WSwq": [],
        "1Ei8saYCC5hznVGu8ZHA69foaekMZi6HFh": [],
        "1EsmUfd7QyCtzhyrsQripGxFXy146i7BcX": [],
        "1Fjx8RCe48WXVn29EfwJSbVrddA5cfXVeF": [],
        "1GqCGToGECnztVxHrn9EbzNCFapYNxjtPj": [],
        "1HDoAE6jKUHa7XKFa4ZePN6hPzSpn4RaJ8": [],
        "1HGeNbfHSwJcnhP87DGUQKJ1RcKiw6Eu5S": [],
        "1JWLNwcVmkqba7kUpWvEzsoKC122M4ifUc": [],
        "1KZmkoCDem2uuEg4yxM6Y5Li266VfA6LHd": [],
        "1LZFRkn9oX4fgGerpfwQ2rfmo9S45Er1NL": [],
        "1MeZsfp3TF4RwgU2y2Di2RKTvfEqSwFrJV": [],
        "1NGfnc4v33ZpVV6mugQpqeXvW2xb86WeTj": [],
        "1NLUoUAHpWcR39hQxYPVMPALfprwMp5KvE": [],
        "1NVnkmr5NxtErqCKC6jHgurvBK1RnbgLvT": [],
        "1PhgHzPYBkVqZXdAZrjDxuXrpZo1adxZpg": [],
        "1PwNgmriWq4F3VBVSTpASFpJywRCSDHbgS": []
    },
    "addresses": {
        "change": [
            "1HDoAE6jKUHa7XKFa4ZePN6hPzSpn4RaJ8",
            "1JWLNwcVmkqba7kUpWvEzsoKC122M4ifUc",
            "1LZFRkn9oX4fgGerpfwQ2rfmo9S45Er1NL",
            "18aHkKZyEvMebn7XFopW983Kqn2DdBFpKH",
            "16LSjF6kixknwo3fAq8CQWtF2qNstZzAeV",
            "1GqCGToGECnztVxHrn9EbzNCFapYNxjtPj",
            "1CqsSKm2r6ytAD7UydnZa5XTH7do2u3sVc",
            "1NGfnc4v33ZpVV6mugQpqeXvW2xb86WeTj",
            "19eknq9TWE4XGQXgTdTACN2TcCQZPDFyag",
            "14KMfEpAEJv5nDxruAHb4Nm6sLrY1BN49B"
        ],
        "receiving": [
            "1Ei8saYCC5hznVGu8ZHA69foaekMZi6HFh",
            "1DKgyfJbrv9mLk3TZ52TxkYyieS5ADbs4G",
            "16CYWZaScbGpBsgJkPHwUuhYt9y3uSBijX",
            "15xaYuDx5t8FfJBZiaV56LTKBjqrsyVkHS",
            "1NVnkmr5NxtErqCKC6jHgurvBK1RnbgLvT",
            "114dA2CPhLbQVgjrsyzj3Hyw1DnhkKf1WC",
            "1EaynjiVhCnUmAWB61acsYp7B222D9WSwq",
            "1BJakvzhL1kQyrb42Ug4CSLo2V8Y3YkzGc",
            "1MeZsfp3TF4RwgU2y2Di2RKTvfEqSwFrJV",
            "1PwNgmriWq4F3VBVSTpASFpJywRCSDHbgS",
            "1Fjx8RCe48WXVn29EfwJSbVrddA5cfXVeF",
            "1EsmUfd7QyCtzhyrsQripGxFXy146i7BcX",
            "1NLUoUAHpWcR39hQxYPVMPALfprwMp5KvE",
            "1C4byCE9hecFociXZimaH9bBS1WLKLiYEA",
            "1PhgHzPYBkVqZXdAZrjDxuXrpZo1adxZpg",
            "1KZmkoCDem2uuEg4yxM6Y5Li266VfA6LHd",
            "159AssHEF6zGQJETv1PahJkymyZF25BuhM",
            "1HGeNbfHSwJcnhP87DGUQKJ1RcKiw6Eu5S",
            "1BWA34bnn8eFzGTLK7SGh952YrHx4jfZHp",
            "17AQGbFkATDKDUZT59NwDQJG2ziq7j6t6j"
        ]
    },
    "fiat_value": {},
    "frozen_coins": {},
    "invoices": {},
    "keystore": {
        "derivation": "m",
        "pw_hash_version": 1,
        "root_fingerprint": "c0db4cff",
        "seed": "minor zone pool aware remain combine live claw medal settle grace capable",
        "seed_type": "standard",
        "type": "bip32",
        "xprv": "xprv9s21ZrQH143K3DfnWqoSoHn6aeZYmQ5bSpGqyxVtNy9fKRS2ttKWTLZ31FEs3G3YNy57ixUpXp96Bi8BLG1rf6r3JjY7F3gRLxfmJP3ZJwX",
        "xpub": "xpub661MyMwAqRbcFhkFcsLTARiq8gQ3AroSp3CSnLuVwJgeCDmBSRdm18sWrXuHcFvprRLMWtVg4CN56HeF3A4sDt3XMfH843o1Rvucu95rauu"
    },
    "labels": {},
    "payment_requests": {},
    "prevouts_by_scripthash": {},
    "seed_version": 50,
    "spent_outpoints": {},
    "transactions": {},
    "tx_fees": {},
    "txi": {},
    "txo": {},
    "use_encryption": false,
    "verified_tx3": {},
    "wallet_type": "standard"
}