{
    "addr_history": {
        "11T5F4jvg7uuwmkK6cKNi6scpm6RYPQiF": [],
        "12SrakhjNRsvspB4mMzKFNbytPpxxxZkfo": [],
        "15mQYjFNXBK39ugfyXbc6MX48d5cTTpshw": [],
        "168m25h3AUmNWbMDsnXV3KkViXfb1BJ283": [],
        "16JwDCQLwZqJq4q1aHMFqLm98txzqLL53w": [],
        "17Ho9PdTspZCbw2HqPYpD1RYPY6kPa8C3f": [],
        "17mkfYzLLLHe4752nxmUd3uG1goGfgpZct": [],
        "18D9jiEXgMnneBazY7R3xREQWcDWJbFFtF": [],
        "18wNwPHuUHvqND5oYv1EyFYaynnTCnC6gF": [],
        "19DK8t1Wog6ugu1FYodP3HJbNdStDZaJrF": [],
        "19Lh1xFbHEs3aseXe1yBz4hCQFgRDoL4wc": [],
        "19oMCScX2Utx7ox1QponmeWFWmn1yYU9UH": [],
        "1B6bybHNvpHbHMr4MRNyCs3fmELZQHRqAp": [],
        "1BMZvvCCfmnmeo9uDVSpAPnYaGifNTFzJT": [],
        "1CULbNuaRCJBfs2NQUDNa5yJXEEmWhbXwL": [],
        "1DJaqnTtq1v6PQ4Mzy2eTNekKVaXczeJ3a": [],
        "1DNzT91HFHLzxreBDbSgYF8ppZ9YqQKUKd": [],
        "1EZaB5yyAigsVJFKBMNBkPYC8mJexAAp9P": [],
        "1Fj1TL6u7kskQ1GECQncghQ4Zw2EpTHxnL": [],
        "1GJ1crjAp3XknzoNjdvzYC9pReoKS7Xcmb": [],
        "1HUXN9wDC3FgzYRobR5iGv6BqCM2zwyaBj": [],
        "1LGmbMz2QUuBmzxri4JYKbH3c5ynLnKJkG": [],
        "1Le9qsrxGohwAsG1dZCTSz5v1F9sDB1ZVE": [],
        "1M9ciKCmjHqPUTX2F2Rf1Y2kLoKnNxzRQK": [],
        "1Ms5j36qV3aSz9tCXy5xL7BM5RA11TWmfw": [],
        "1NEWwTx2SFGy9LVLTvPWTk2CLwVMMsZrv7": [],
        "1PEWvwHERc1uFVbYhdQjpsKKsxJ8Kyx7pd": [],
        "1QJdjJBGRz4PMMU9eYoawYksiDjqZ78T3U": [],
        "1kCQ8hm1NKx8vNwdV9nUgoLXfhhr6bgPM": [],
        "1rdb1pECwVpbYnJTgBLPCo2ZXbawiDdXd": []
    },
    "addresses": {
        "change": [
            "18D9jiEXgMnneBazY7R3xREQWcDWJbFFtF",
            "1Le9qsrxGohwAsG1dZCTSz5v1F9sDB1ZVE",
            "17Ho9PdTspZCbw2HqPYpD1RYPY6kPa8C3f",
            "11T5F4jvg7uuwmkK6cKNi6scpm6RYPQiF",
            "1rdb1pECwVpbYnJTgBLPCo2ZXbawiDdXd",
            "19oMCScX2Utx7ox1QponmeWFWmn1yYU9UH",
            "1kCQ8hm1NKx8vNwdV9nUgoLXfhhr6bgPM",
            "1BMZvvCCfmnmeo9uDVSpAPnYaGifNTFzJT",
            "1NEWwTx2SFGy9LVLTvPWTk2CLwVMMsZrv7",
            "1CULbNuaRCJBfs2NQUDNa5yJXEEmWhbXwL"
        ],
        "receiving": [
            "16JwDCQLwZqJq4q1aHMFqLm98txzqLL53w",
            "1HUXN9wDC3FgzYRobR5iGv6BqCM2zwyaBj",
            "1DNzT91HFHLzxreBDbSgYF8ppZ9YqQKUKd",
            "1M9ciKCmjHqPUTX2F2Rf1Y2kLoKnNxzRQK",
            "168m25h3AUmNWbMDsnXV3KkViXfb1BJ283",
            "12SrakhjNRsvspB4mMzKFNbytPpxxxZkfo",
            "1PEWvwHERc1uFVbYhdQjpsKKsxJ8Kyx7pd",
            "1DJaqnTtq1v6PQ4Mzy2eTNekKVaXczeJ3a",
            "17mkfYzLLLHe4752nxmUd3uG1goGfgpZct",
            "15mQYjFNXBK39ugfyXbc6MX48d5cTTpshw",
            "1Ms5j36qV3aSz9tCXy5xL7BM5RA11TWmfw",
            "1GJ1crjAp3XknzoNjdvzYC9pReoKS7Xcmb",
            "1LGmbMz2QUuBmzxri4JYKbH3c5ynLnKJkG",
            "1B6bybHNvpHbHMr4MRNyCs3fmELZQHRqAp",
            "1Fj1TL6u7kskQ1GECQncghQ4Zw2EpTHxnL",
            "19Lh1xFbHEs3aseXe1yBz4hCQFgRDoL4wc",
            "18wNwPHuUHvqND5oYv1EyFYaynnTCnC6gF",
            "19DK8t1Wog6ugu1FYodP3HJbNdStDZaJrF",
            "1EZaB5yyAigsVJFKBMNBkPYC8mJexAAp9P",
            "1QJdjJBGRz4PMMU9eYoawYksiDjqZ78T3U"
        ]
    },
    "fiat_value": {},
    "frozen_coins": {},
    "invoices": {},
    "keystore": {
        "derivation": "m",
        "pw_hash_version": 1,
        "root_fingerprint": "f1d8a8c3",
        "seed": "minor zone pool atom remain combine fever claw medal settle grace capable",
        "seed_type": "standard",
        "type": "bip32",
        "xprv": "xprv9s21ZrQH143K3NmTjwYmvwUkMfL6xzJYnDuMdrKfqkmp6w5NjfrqqbBBjf1UpnKQW7cVUhtVkdmygqc2Ny56zeuSFD9KgcW8im2E8YjNqm8",
        "xpub": "xpub661MyMwAqRbcFrqvqy5nJ5RUuhAbNT2Q9SpxSEjHQ6JnyjQXHDB6PPVfaxJYxWRdsbpoRG5gCc6VNq6UUgxteaW54WbhmyRfuWBqH2n83yn"
    },
    "labels": {},
    "payment_requests": {},
    "prevouts_by_scripthash": {},
    "seed_version": 50,
    "spent_outpoints": {},
    "transactions": {},
    "tx_fees": {},
    "txi": {},
    "txo": {},
    "use_encryption": false,
    "verified_tx3": {},
    "wallet_type": "standard"
}