{
    "addr_history": {
        "14tFSPs6j5eEgETH6437KK9sR9ow2RUEmG": [],
        "15aUnvXKEKeB9PF6QTA6FTuL3nYa9YVHTU": [],
        "15z8223uvzkThEm86csEPUyFwxFz8dATCB": [],
        "166uHyYKwQEKBYzBzHY3psmgNQ4kJ2Ddys": [],
        "16PsXGb31cnKMZPAt5v3eZWmTo3xB7fd9Z": [],
        "16b2mrdV5Gv2tANDSG1b5iUyTVkCASZ9zz": [],
        "17CPBL5yYfvZ5ht1kTZpouAT2XLbbV5d2y": [],
        "18BF3N6f33zdwxqKFnTXyNY2C5iimB9PhL": [],
        "199wRo1zk1g483HHn7gFXyA3KZ1eyWcFnr": [],
        "1A1gsRB3oBPcw2j7V4m6spAXDv8vcDtBZ": [],
        "1AWUEbQMpGrqYcvrPhAPNfuGA26xburEaT": [],
        "1AjBPh8UZaY1Xi6rW2817e7zLFmWTWVTAX": [],
        "1BjjLuQnUKj2zkJ5MrZvW6bjpvigvW8HBQ": [],
        "1D5cFhZwmbef36qpFC6rWs7BLt2ujvSEHR": [],
        "1DMoNF2Eq3WPjmapFq9LpEjhip7yoMeWio": [],
        "1Dvz5fLgkBtKR3dwva5AkH8pbT8dNB23HH": [],
        "1FpEEVZohmRSFRN48UkyFW8qSL7QroN4HM": [],
        "1H5mkf1n47yrQW2Bs5Sppdi2kCiBQguwPh": [],
        "1HFVJkx8vR7kPMnrAhGkKrcCPhJfVGfBP6": [],
        "1J7NQGTp7ZBvPeBvjb5bzTbmmYKbkkH7EQ": [],
        "1MBf6EbpfJ5xCUkrfUnkzaK71Q2LMQxM6Q": [],
        "1MR7ATrSgb2VsziTwckq5bhD4jUbNp8Ntr": [],
        "1MUs1iQxBHoKgHog6T7urPqUvP7Q4eWe55": [],
        "1NHP4c3t3ttmbPqMzua5MdHw6MKpuv3b8j": [],
        "1NU9J7LXjDFsLRZvh2LNKQLzYonv4CyDDV": [],
        "1P3CtLB9T8GTj73yw9GTtzzZCgeC6DYRsk": [],
        "1PBeCAWzzY4uHQ9BCNjGFQuy7GJhr5eXe4": [],
        "1PhQU7C76Xkpip4DQ9aXA3MN38pYgevkGh": [],
        "1wnfCVyeAeJyBovCKZfdLaTTFCYoooLuw": [],
        "1zJYJYCGiscxk9qnvyh2GbjKwWvpYQU4f": []
    },
    "addresses": {
        "change": [
            "1J7NQGTp7ZBvPeBvjb5bzTbmmYKbkkH7EQ",
            "1AWUEbQMpGrqYcvrPhAPNfuGA26xburEaT",
            "1DMoNF2Eq3WPjmapFq9LpEjhip7yoMeWio",
            "1H5mkf1n47yrQW2Bs5Sppdi2kCiBQguwPh",
            "1PBeCAWzzY4uHQ9BCNjGFQuy7GJhr5eXe4",
            "15aUnvXKEKeB9PF6QTA6FTuL3nYa9YVHTU",
            "1AjBPh8UZaY1Xi6rW2817e7zLFmWTWVTAX",
            "1MR7ATrSgb2VsziTwckq5bhD4jUbNp8Ntr",
            "1FpEEVZohmRSFRN48UkyFW8qSL7QroN4HM",
            "1zJYJYCGiscxk9qnvyh2GbjKwWvpYQU4f"
        ],
        "receiving": [
            "16PsXGb31cnKMZPAt5v3eZWmTo3xB7fd9Z",
            "1NHP4c3t3ttmbPqMzua5MdHw6MKpuv3b8j",
            "1A1gsRB3oBPcw2j7V4m6spAXDv8vcDtBZ",
            "1Dvz5fLgkBtKR3dwva5AkH8pbT8dNB23HH",
            "1wnfCVyeAeJyBovCKZfdLaTTFCYoooLuw",
            "16b2mrdV5Gv2tANDSG1b5iUyTVkCASZ9zz",
            "1MBf6EbpfJ5xCUkrfUnkzaK71Q2LMQxM6Q",
            "1D5cFhZwmbef36qpFC6rWs7BLt2ujvSEHR",
            "17CPBL5yYfvZ5ht1kTZpouAT2XLbbV5d2y",
            "1PhQU7C76Xkpip4DQ9aXA3MN38pYgevkGh",
            "1MUs1iQxBHoKgHog6T7urPqUvP7Q4eWe55",
            "1NU9J7LXjDFsLRZvh2LNKQLzYonv4CyDDV",
            "1BjjLuQnUKj2zkJ5MrZvW6bjpvigvW8HBQ",
            "15z8223uvzkThEm86csEPUyFwxFz8dATCB",
            "1HFVJkx8vR7kPMnrAhGkKrcCPhJfVGfBP6",
            "199wRo1zk1g483HHn7gFXyA3KZ1eyWcFnr",
            "166uHyYKwQEKBYzBzHY3psmgNQ4kJ2Ddys",
            "18BF3N6f33zdwxqKFnTXyNY2C5iimB9PhL",
            "1P3CtLB9T8GTj73yw9GTtzzZCgeC6DYRsk",
            "14tFSPs6j5eEgETH6437KK9sR9ow2RUEmG"
        ]
    },
    "fiat_value": {},
    "frozen_coins": {},
    "invoices": {},
    "keystore": {
        "derivation": "m",
        "pw_hash_version": 1,
        "root_fingerprint": "219df84b",
        "seed": "minor zone pool baby remain combine unaware claw medal settle grace capable",
        "seed_type": "standard",
        "type": "bip32",
        "xprv": "xprv9s21ZrQH143K3ruztxxnypMCPjVqz3g3rWrXXshjqD7nxM4K1D1AdvqyknfXZYLaRKRVUJd2q81aNfHjbkwNYgQR8xczFpg8y6DRK8W224z",
        "xpub": "xpub661MyMwAqRbcGLzTzzVoLxHvwmLLPWPuDjn8LG7MPYemq9PTYkKRBjATc3Hjuify6agMMJkBjfd1zfcZRbNnJwjD97Yk822b1zB4u2MicHC"
    },
    "labels": {},
    "payment_requests": {},
    "prevouts_by_scripthash": {},
    "seed_version": 50,
    "spent_outpoints": {},
    "transactions": {},
    "tx_fees": {},
    "txi": {},
    "txo": {},
    "use_encryption": false,
    "verified_tx3": {},
    "wallet_type": "standard"
}