{
    "addr_history": {
        "12NFSRqeF3kS5CX7WMkRMirsLTwgd7hAFk": [],
        "12hSahEbW8Vmkrchr3Q8nCv34NbYY2ZMw9": [],
        "12sZEYrdNUXGadFfCzPBUXDHSSCAxP2W74": [],
        "13KUYvbFSnpz4kmYmcjhg3AuFw19VM7uuE": [],
        "13RLagvqh9Ubyem6C3TUh7DruEbxs7q86N": [],
        "13wCaqSjYwjEtTZ3DzACSRatNACNGZKkcF": [],
        "15cs9C26YeNfzBMA1zGHJpUSh9KPUgVQxj": [],
        "15mnJdPGGAwjzu5JioaHVGxe3cLLZdwEZf": [],
        "15oXYSCnGvcrfHDtQGGp8exHfxsrMSSF3W": [],
        "16Woj7YB3EzqqLNunUayMRWKeA7w9e6Kz5": [],
        "17r2KQuevV2R9N7eka3TfokkJwzXC1z5xL": [],
        "18Ygn4D7SkL4tgCbufEGhuPU4ovcFpqz7P": [],
        "18humJmLa2Wt3AyQcmgHAcTxfEWnRoUkao": [],
        "1CXicsBm5rSDg1MVPTyN1iCkV5oKMiJ1XA": [],
        "1Cgzh9AJePeJ8RmzFbyqktT4eVu28F96zc": [],
        "1E65ZYykYx2xBSHjFSAvX9zwXbwMAiuJfF": [],
        "1FhvfNaKAKR9xWLnUi6nBK6B39h46kunbM": [],
        "1GAJPdLoHLb33TwbMWGTxLB1Vy2RyKvbpr": [],
        "1GFuVPwyfHesuRgDW2h8NoWRtE5UoAF5ZU": [],
        "1GhtYp33ttnfq4N6Ca9aDzB1XC4tMSqVDj": [],
        "1Guwe7EPxS2VkLmncxdbph9KjLA1uXBbqf": [],
        "1Ho257Nr7VUBqeDfi8ybD4sJcVgERUpHNZ": [],
        "1Ho5NNichk8s9TJJubWEeeDtcLYArgPZAZ": [],
        "1JxmMr56S17dpHrLZjh2KNseYEb2EHQ1kZ": [],
        "1Kh54CaA4yuWv17jfSPtkyixCWBJniEPBi": [],
        "1Lkx1keUqzuEpZHnJWpu9YzhYgLCFc2yMi": [],
        "1NADHcRRqBZcMKJduuUZNDqUg1oMwDWgZG": [],
        "1NPFPGdznYCQaPT85h91Yor4LYkE71EigE": [],
        "1PKRazwyYJ6bWyFoohgX9xQt8ySXhxNvco": [],
        "1PaLPAo3pccVJk3AfTLPUDEaiWMVs2NRF": []
    },
    "addresses": {
        "change": [
            "1E65ZYykYx2xBSHjFSAvX9zwXbwMAiuJfF",
            "1GhtYp33ttnfq4N6Ca9aDzB1XC4tMSqVDj",
            "1Cgzh9AJePeJ8RmzFbyqktT4eVu28F96zc",
            "18Ygn4D7SkL4tgCbufEGhuPU4ovcFpqz7P",
            "1PKRazwyYJ6bWyFoohgX9xQt8ySXhxNvco",
            "15mnJdPGGAwjzu5JioaHVGxe3cLLZdwEZf",
            "15oXYSCnGvcrfHDtQGGp8exHfxsrMSSF3W",
            "1PaLPAo3pccVJk3AfTLPUDEaiWMVs2NRF",
            "12sZEYrdNUXGadFfCzPBUXDHSSCAxP2W74",
            "1GAJPdLoHLb33TwbMWGTxLB1Vy2RyKvbpr"
        ],
        "receiving": [
            "13KUYvbFSnpz4kmYmcjhg3AuFw19VM7uuE",
            "17r2KQuevV2R9N7eka3TfokkJwzXC1z5xL",
            "13RLagvqh9Ubyem6C3TUh7DruEbxs7q86N",
            "1JxmMr56S17dpHrLZjh2KNseYEb2EHQ1kZ",
            "1FhvfNaKAKR9xWLnUi6nBK6B39h46kunbM",
            "13wCaqSjYwjEtTZ3DzACSRatNACNGZKkcF",
            "1Guwe7EPxS2VkLmncxdbph9KjLA1uXBbqf",
            "1GFuVPwyfHesuRgDW2h8NoWRtE5UoAF5ZU",
            "1NPFPGdznYCQaPT85h91Yor4LYkE71EigE",
            "1Lkx1keUqzuEpZHnJWpu9YzhYgLCFc2yMi",
            "1Ho257Nr7VUBqeDfi8ybD4sJcVgERUpHNZ",
            "15cs9C26YeNfzBMA1zGHJpUSh9KPUgVQxj",
            "1CXicsBm5rSDg1MVPTyN1iCkV5oKMiJ1XA",
            "12NFSRqeF3kS5CX7WMkRMirsLTwgd7hAFk",
            "1NADHcRRqBZcMKJduuUZNDqUg1oMwDWgZG",
            "1Ho5NNichk8s9TJJubWEeeDtcLYArgPZAZ",
            "18humJmLa2Wt3AyQcmgHAcTxfEWnRoUkao",
            "1Kh54CaA4yuWv17jfSPtkyixCWBJniEPBi",
            "12hSahEbW8Vmkrchr3Q8nCv34NbYY2ZMw9",
            "16Woj7YB3EzqqLNunUayMRWKeA7w9e6Kz5"
        ]
    },
    "fiat_value": {},
    "frozen_coins": {},
    "invoices": {},
    "keystore": {
        "derivation": "m",
        "pw_hash_version": 1,
        "root_fingerprint": "2cb95b1b",
        "seed": "minor zone pool act remain combine canal claw medal settle grace capable",
        "seed_type": "standard",
        "type": "bip32",
        "xprv": "xprv9s21ZrQH143K3wNHE15dhvECcSAuw6TtwtFmGygU2Q38ugRm72f3zqMZTXpZnCwuRLpGgotfha7tQEBpTNqeJGBF4uBAJn1ESSawp4MGygx",
        "xpub": "xpub661MyMwAqRbcGRSkL2ce54AwAU1QLZBkK7BN5N65aja7nUkueZyJYdg3JnfgvupfLU3sDUoK35SvA21Rz1wvyiazgLEvsXKt3fY2FLYRuRd"
    },
    "labels": {},
    "payment_requests": {},
    "prevouts_by_scripthash": {},
    "seed_version": 50,
    "spent_outpoints": {},
    "transactions": {},
    "tx_fees": {},
    "txi": {},
    "txo": {},
    "use_encryption": false,
    "verified_tx3": {},
    "wallet_type": "standard"
}