{
    "addr_history": {
        "12PHfPsjpuXuzamQLyx8jsrfQ1sgjLnw6d": [],
        "13yRNvRKaSms8PvMh1wbNP9964N8MxsTpP": [],
        "15XrvXGYQdEWRk5PDyKNJvALZCLSpud84S": [],
        "16MWEzc5Cpg8XUC7vUjC5HLKXRC7WH8W46": [],
        "16zERTHDtdkHFih3J1LZjz329BT8KM85D5": [],
        "17CYptogdWpLzkgHDUW2GLUr8XdS6UihL5": [],
        "17cA1FskzVHfw7rAzViMKu3K1adkppF3Y9": [],
        "17ywUmuLt4T5mtf7ynMiU5bWYszbDLYb97": [],
        "185Ecgy8HvsaEggDSqRVVGgUWYNNU8koLt": [],
        "18mHUGtR19aSuDVR5DED5DnCjS3t9uq2SD": [],
        "18mo2Zo4Mska6dmaDSsAcVrepVi13uVrjv": [],
        "1AgvEjLvAbRape9ZYPkKZxksCxYiphZzXD": [],
        "1AuQhRdDqWGfkyi2d77yJjn4jLt4Te7Dpn": [],
        "1B1UTYaYetzmh7kdDLFMbJfyN5aBm2pxxe": [],
        "1BpiRbVKk63YGsHiuVeRCgY9zHK9QoGUW9": [],
        "1C8tvGiDMVaasdMJMQ7c65U79xSuoANbkB": [],
        "1CWA9JpG6RxL1cPpUNUButHDiNxTGDyjHX": [],
        "1Cy1axqDu6n5ahHNziNEhMMC5TwPq3rXxN": [],
        "1D2HtijKrkXWkUS2XipHMjUMfxRUxAFPei": [],
        "1Dp68nfpsaizsxqqguct7dek3tmsoLmtPa": [],
        "1F2uLPKdDJinmCxsGuAYNV81q6AvzHgcZP": [],
        "1FMVFAMnh2z3Aoxqg7MVYhgEpuTooUgii1": [],
        "1FmWuhq9VF8JyTyYubmqFPtcXerWMDQGig": [],
        "1Gc7Kidg9cYknkYqX88uos82KoLfL2Azk": [],
        "1GqCtYsMDQTKzwqHbcyN3P9WVPTMEHwAgo": [],
        "1JbfQEbQXQA8bJQbtUZJabsg7S7BKXzC9w": [],
        "1KWjRoiNGhP9x26HRi5cNEcLegCFruEsRp": [],
        "1Q8vTXQq2hvgdjhGJAytjdVndKfmTFyMA9": [],
        "1QDMPeY8QdTzCr6cxaHpPAKgUfqfHLFbGQ": [],
        "1QLC5fhbog376neTNtmV5bEyMXfho6UpbJ": []
    },
    "addresses": {
        "change": [
            "1FmWuhq9VF8JyTyYubmqFPtcXerWMDQGig",
            "17ywUmuLt4T5mtf7ynMiU5bWYszbDLYb97",
            "1D2HtijKrkXWkUS2XipHMjUMfxRUxAFPei",
            "1QDMPeY8QdTzCr6cxaHpPAKgUfqfHLFbGQ",
            "1JbfQEbQXQA8bJQbtUZJabsg7S7BKXzC9w",
            "1C8tvGiDMVaasdMJMQ7c65U79xSuoANbkB",
            "18mo2Zo4Mska6dmaDSsAcVrepVi13uVrjv",
            "18mHUGtR19aSuDVR5DED5DnCjS3t9uq2SD",
            "15XrvXGYQdEWRk5PDyKNJvALZCLSpud84S",
            "17cA1FskzVHfw7rAzViMKu3K1adkppF3Y9"
        ],
        "receiving": [
            "12PHfPsjpuXuzamQLyx8jsrfQ1sgjLnw6d",
            "1Cy1axqDu6n5ahHNziNEhMMC5TwPq3rXxN",
            "1Dp68nfpsaizsxqqguct7dek3tmsoLmtPa",
            "1KWjRoiNGhP9x26HRi5cNEcLegCFruEsRp",
            "1Gc7Kidg9cYknkYqX88uos82KoLfL2Azk",
            "1GqCtYsMDQTKzwqHbcyN3P9WVPTMEHwAgo",
            "1AuQhRdDqWGfkyi2d77yJjn4jLt4Te7Dpn",
            "17CYptogdWpLzkgHDUW2GLUr8XdS6UihL5",
            "16MWEzc5Cpg8XUC7vUjC5HLKXRC7WH8W46",
            "13yRNvRKaSms8PvMh1wbNP9964N8MxsTpP",
            "1B1UTYaYetzmh7kdDLFMbJfyN5aBm2pxxe",
            "1QLC5fhbog376neTNtmV5bEyMXfho6UpbJ",
            "1Q8vTXQq2hvgdjhGJAytjdVndKfmTFyMA9",
            "1BpiRbVKk63YGsHiuVeRCgY9zHK9QoGUW9",
            "16zERTHDtdkHFih3J1LZjz329BT8KM85D5",
            "185Ecgy8HvsaEggDSqRVVGgUWYNNU8koLt",
            "1F2uLPKdDJinmCxsGuAYNV81q6AvzHgcZP",
            "1FMVFAMnh2z3Aoxqg7MVYhgEpuTooUgii1",
            "1AgvEjLvAbRape9ZYPkKZxksCxYiphZzXD",
            "1CWA9JpG6RxL1cPpUNUButHDiNxTGDyjHX"
        ]
    },
    "fiat_value": {},
    "frozen_coins": {},
    "invoices": {},
    "keystore": {
        "derivation": "m",
        "pw_hash_version": 1,
        "root_fingerprint": "97de9b6a",
        "seed": "minor zone pool amateur remain combine oak claw medal settle grace capable",
        "seed_type": "standard",
        "type": "bip32",
        "xprv": "xprv9s21ZrQH143K2Hxw1zecE5LDW4VRyZPqRUENF2HMbdx9emQRuA1bBXdsZ3kC4h1aoozng7oncMxHyBVLPbVdiSVfsHbSudmGvuC7omB3y84",
        "xpub": "xpub661MyMwAqRbcEn3Q82BcbDGx46KvP27gnh9y3Qgy9yV8XZjaShKqjKxMQLDe1gNTTRr3KVm5AqzLZGg9WfqWp7cLsCdazsgaNyVUYCEX481"
    },
    "labels": {},
    "payment_requests": {},
    "prevouts_by_scripthash": {},
    "seed_version": 50,
    "spent_outpoints": {},
    "transactions": {},
    "tx_fees": {},
    "txi": {},
    "txo": {},
    "use_encryption": false,
    "verified_tx3": {},
    "wallet_type": "standard"
}