{
    "addr_history": {
        "14HAtuN4U6eomW5Fic5HiTqYmc6FErW3G2": [],
        "15rbLG6wXNcBrCqphai5yMsQraLVYs5xNw": [],
        "16G5HrkhYi15UmdVmnNMnZ9PGxrcpXJVbv": [],
        "16erraTgxppXzhynDrVfV9GtxtocQRfAKR": [],
        "1853t6jJnScLLaijwX8incXHoUmABAP6kd": [],
        "1ANWxggsa7wzXCcDxpQYWcpTyEvDTFmK3s": [],
        "1Acpix6iTLWBGzEQF1XufU71sG4JAzvHxz": [],
        "1B55kErQ92SThYPqtK7RPT8y3FqU7NCuDP": [],
        "1BsHn69iFUsYxp81dZGCxeNB8MjSJcVL77": [],
        "1BvcxqNLktGd6DswWauWGWxFm8RSdMySDq": [],
        "1D4BvfYWRUchKdstmRP5XSnwYknygZRdvP": [],
        "1DDSMxEGqDRgGWbiRQRS7gFcuGSegzeJJo": [],
        "1Dmq4V4ghFecsE9j6ohGB1C5LKJo54xBPN": [],
        "1E6CDRdLyaJYBBnscn5iSkJ5i5srHrjcVp": [],
        "1FA679fFE29RZwBJukMa6DNB4HxHKfPUjW": [],
        "1FZ1BSEzdhWZ37kK33UH3ADu1HBPWUjkVF": [],
        "1G5WxV27cPprEEMdABbrEBBQWB8WD32mGJ": [],
        "1GFnSgjxzCar2bJkDajdFnso7GqQ2YcQVQ": [],
        "1HWAWX4u6GhvVawfPhCseJRryExSvGfxmn": [],
        "1HtXiMPywReCQD5117xXMjtrhDFFChZgt": [],
        "1J6ATWMRFqb9672nGLKQydx9pPEdf2FDpv": [],
        "1JopvvGbNnos6LnNjcFDh1jUrcsQmxiWh2": [],
        "1JtFHqA7Zrf9hnHZbvqHguEDoSDa3LBaZt": [],
        "1JwzAKxaim1jmmMBuUoBpQG4BvUNufx4K3": [],
        "1KDAYUtPFn82q8mJ6p4D6or4dWTYDBUnj8": [],
        "1LHxLU8jUkUWQKbtNHLMFfECQjsmzhj61r": [],
        "1M5WfhTBSXRBU43EYpuAcQxDy3Aw4eHByy": [],
        "1MF3bZeEc3CC2SiSWdGDeKDCjzS56asGQR": [],
        "1MGKdyekRCmz7PmkoZ9TyGx69ZTr1qqKHV": [],
        "1MpPy6AMyW7sbqSU5pUu2UG92jaigeXzq2": []
    },
    "addresses": {
        "change": [
            "1Dmq4V4ghFecsE9j6ohGB1C5LKJo54xBPN",
            "1E6CDRdLyaJYBBnscn5iSkJ5i5srHrjcVp",
            "15rbLG6wXNcBrCqphai5yMsQraLVYs5xNw",
            "1HWAWX4u6GhvVawfPhCseJRryExSvGfxmn",
            "1JopvvGbNnos6LnNjcFDh1jUrcsQmxiWh2",
            "1M5WfhTBSXRBU43EYpuAcQxDy3Aw4eHByy",
            "1BvcxqNLktGd6DswWauWGWxFm8RSdMySDq",
            "1MpPy6AMyW7sbqSU5pUu2UG92jaigeXzq2",
            "1BsHn69iFUsYxp81dZGCxeNB8MjSJcVL77",
            "1J6ATWMRFqb9672nGLKQydx9pPEdf2FDpv"
        ],
        "receiving": [
            "1MGKdyekRCmz7PmkoZ9TyGx69ZTr1qqKHV",
            "1D4BvfYWRUchKdstmRP5XSnwYknygZRdvP",
            "1B55kErQ92SThYPqtK7RPT8y3FqU7NCuDP",
            "1JtFHqA7Zrf9hnHZbvqHguEDoSDa3LBaZt",
            "1KDAYUtPFn82q8mJ6p4D6or4dWTYDBUnj8",
            "16erraTgxppXzhynDrVfV9GtxtocQRfAKR",
            "14HAtuN4U6eomW5Fic5HiTqYmc6FErW3G2",
            "1Acpix6iTLWBGzEQF1XufU71sG4JAzvHxz",
            "1HtXiMPywReCQD5117xXMjtrhDFFChZgt",
            "16G5HrkhYi15UmdVmnNMnZ9PGxrcpXJVbv",
            "1G5WxV27cPprEEMdABbrEBBQWB8WD32mGJ",
            "1ANWxggsa7wzXCcDxpQYWcpTyEvDTFmK3s",
            "1DDSMxEGqDRgGWbiRQRS7gFcuGSegzeJJo",
            "1MF3bZeEc3CC2SiSWdGDeKDCjzS56asGQR",
            "1FA679fFE29RZwBJukMa6DNB4HxHKfPUjW",
            "1FZ1BSEzdhWZ37kK33UH3ADu1HBPWUjkVF",
            "1GFnSgjxzCar2bJkDajdFnso7GqQ2YcQVQ",
            "1JwzAKxaim1jmmMBuUoBpQG4BvUNufx4K3",
            "1LHxLU8jUkUWQKbtNHLMFfECQjsmzhj61r",
            "1853t6jJnScLLaijwX8incXHoUmABAP6kd"
        ]
    },
    "fiat_value": {},
    "frozen_coins": {},
    "invoices": {},
    "keystore": {
        "derivation": "m",
        "pw_hash_version": 1,
        "root_fingerprint": "24fc65f2",
        "seed": "minor zone pool auto remain combine fit claw medal settle grace capable",
        "seed_type": "standard",
        "type": "bip32",
        "xprv": "xprv9s21ZrQH143K2VUnK78YGsVgL1TkrbU8DrYCrq2MLNRCMUospKJUg3fLNYkeK6scQW7oSMVooFdMYxWbWco34RAfT3M1zoCuuQNak2gkfdn",
        "xpub": "xpub661MyMwAqRbcEyZFR8fYe1SQt3JFG4Byb5TofDRxthxBEH92MrcjDqypDqV168fgv2ze62YQ9sNHFzM6nmXhBkztPT5iYza6JCAjL7A79Tt"
    },
    "labels": {},
    "payment_requests": {},
    "prevouts_by_scripthash": {},
    "seed_version": 50,
    "spent_outpoints": {},
    "transactions": {},
    "tx_fees": {},
    "txi": {},
    "txo": {},
    "use_encryption": false,
    "verified_tx3": {},
    "wallet_type": "standard"
}