{
    "addr_history": {
        "12FJoyBY5HcAmwgv8tUmVLY5MmAt7h3xF2": [],
        "12Gzt856geM9aJHhWZnojp3efqGqgaGGFn": [],
        "12iTVrmYdKLB1LmNt2MP9qYSHJoCAd5mkH": [],
        "14aYwBG825eaXSwbEk1mdKjLutNa4BCpuB": [],
        "14b2jwQ7HCKP7ARyeXFo6mCL9P45WcKaUo": [],
        "15eknVm8rYkNMZQVboHC6o6Xi8XC8FBHQR": [],
        "15ieQ3Y89cB15haH4xfyBNAJxyBYC94iTx": [],
        "162Hhd2ysXbTxnTJw4zv3f8dBx6SsNBBc3": [],
        "16sMMJTWZGYcmorGJgKF6Gm37KyoyUmhX9": [],
        "17TTpyhz7NfKo5FQmakFb4jVNEYCi1Wypj": [],
        "18SvPwb5jNgUT6Pzax7vSmPxQ2Gvq6DuLz": [],
        "18hCXqn9gKS7ML82ZRxK5drGBVAAJCyTri": [],
        "18zRmr5sdryECAJpGU25V1kHWoe1MWoGXK": [],
        "1AWG5LuMGwhjG7zm1SfMV3DQwffE39W5pj": [],
        "1C3CKghQT7PHTTmd3toGR81fA44TvQNnpv": [],
        "1CnGmfCR4zoE2kGy7S88pPaWcUoWYvELLK": [],
        "1D3KSL8d6YCWidg36BsZQooMH9UXASjsAS": [],
        "1E3jBP4qUU4evJqgzX4eXo7K5qUmJ736k6": [],
        "1EE5HcJYVuTwqy2M7fVhoiLXd7bFH6zmY": [],
        "1Ee9JAXc5sVdfWnqhy1YZmZLRitAcJrBuf": [],
        "1G9SikiozSydLABVJYSyfe7LpazcEJY2xC": [],
        "1GBQsPqTwGa6KHg2Sdear96WPQYuyD9nf8": [],
        "1HmtP9ZjyLDTJUKLTZgD87WsWYCs3pTPHv": [],
        "1HuTNHbJh6XDjUbKk9p2VDzRrLnSdN1pta": [],
        "1JBMyLFg8nbXuHfNcSznkovCVCj18HeExw": [],
        "1JDaedMsp8QQrEhyntR6khsTaNrNULmKpe": [],
        "1KAc5MN8FiwbJWg9QUNSeG2SEasgf6fsGJ": [],
        "1LKtZQSGAfoXnLC8BSBQEbo3prJ7KCDTr6": [],
        "1Ld2Cex1QPWSQgsrDwpHkwKa4Ny8oLZKUg": [],
        "1Phkwoc3fNp95TpfGF5FTfZB9co3cve1rC": []
    },
    "addresses": {
        "change": [
            "18hCXqn9gKS7ML82ZRxK5drGBVAAJCyTri",
            "16sMMJTWZGYcmorGJgKF6Gm37KyoyUmhX9",
            "1JDaedMsp8QQrEhyntR6khsTaNrNULmKpe",
            "14b2jwQ7HCKP7ARyeXFo6mCL9P45WcKaUo",
            "1Ee9JAXc5sVdfWnqhy1YZmZLRitAcJrBuf",
            "1HuTNHbJh6XDjUbKk9p2VDzRrLnSdN1pta",
            "12iTVrmYdKLB1LmNt2MP9qYSHJoCAd5mkH",
            "1Phkwoc3fNp95TpfGF5FTfZB9co3cve1rC",
            "1LKtZQSGAfoXnLC8BSBQEbo3prJ7KCDTr6",
            "1GBQsPqTwGa6KHg2Sdear96WPQYuyD9nf8"
        ],
        "receiving": [
            "1C3CKghQT7PHTTmd3toGR81fA44TvQNnpv",
            "1JBMyLFg8nbXuHfNcSznkovCVCj18HeExw",
            "1Ld2Cex1QPWSQgsrDwpHkwKa4Ny8oLZKUg",
            "162Hhd2ysXbTxnTJw4zv3f8dBx6SsNBBc3",
            "1G9SikiozSydLABVJYSyfe7LpazcEJY2xC",
            "1D3KSL8d6YCWidg36BsZQooMH9UXASjsAS",
            "12FJoyBY5HcAmwgv8tUmVLY5MmAt7h3xF2",
            "14aYwBG825eaXSwbEk1mdKjLutNa4BCpuB",
            "1E3jBP4qUU4evJqgzX4eXo7K5qUmJ736k6",
            "1KAc5MN8FiwbJWg9QUNSeG2SEasgf6fsGJ",
            "18SvPwb5jNgUT6Pzax7vSmPxQ2Gvq6DuLz",
            "15ieQ3Y89cB15haH4xfyBNAJxyBYC94iTx",
            "17TTpyhz7NfKo5FQmakFb4jVNEYCi1Wypj",
            "1CnGmfCR4zoE2kGy7S88pPaWcUoWYvELLK",
            "18zRmr5sdryECAJpGU25V1kHWoe1MWoGXK",
            "1AWG5LuMGwhjG7zm1SfMV3DQwffE39W5pj",
            "1EE5HcJYVuTwqy2M7fVhoiLXd7bFH6zmY",
            "1HmtP9ZjyLDTJUKLTZgD87WsWYCs3pTPHv",
            "12Gzt856geM9aJHhWZnojp3efqGqgaGGFn",
            "15eknVm8rYkNMZQVboHC6o6Xi8XC8FBHQR"
        ]
    },
    "fiat_value": {},
    "frozen_coins": {},
    "invoices": {},
    "keystore": {
        "derivation": "m",
        "pw_hash_version": 1,
        "root_fingerprint": "01881440",
        "seed": "minor zone pool affair remain combine festival claw medal settle grace capable",
        "seed_type": "standard",
        "type": "bip32",
        "xprv": "xprv9s21ZrQH143K4bNX89PCuUXsh8nq5odZh3mpEjXE3aMfBhh9yocf9B1foygfYkhxmYiGkEUvdVwEbzwhHpNdSordfhzR8MZPaLUcRQBviyC",
        "xpub": "xpub661MyMwAqRbcH5SzEAvDGcUcFAdKVGMR4GhR37vqbute4W2JXLvugyL9fGXP9LDbTRdCXHwSSaUPjKVQqpuq8PiUFCHbyQUBGwrrPE5wTUD"
    },
    "labels": {},
    "payment_requests": {},
    "prevouts_by_scripthash": {},
    "seed_version": 50,
    "spent_outpoints": {},
    "transactions": {},
    "tx_fees": {},
    "txi": {},
    "txo": {},
    "use_encryption": false,
    "verified_tx3": {},
    "wallet_type": "standard"
}