{
    "addr_history": {
        "14TfRbph8Zbr6uHpibGhU1fBXHXE87vuoR": [],
        "14kQ8Eke4P9DbavME6RnS6ef4NfkrNRsL3": [],
        "14xXoeBD1E2z8DsGEV18veshhp3xrAithj": [],
        "15nzZ5H5rYmYupx3GCN1KL5bzVKkbu226D": [],
        "16Fc1mrZvFE5sen1GrPMt1MJWTwoH1jSeu": [],
        "16G2cDGMd6TfDBPKq7dFE65nN9dKUUpPsx": [],
        "16zRbXSwUiQJRcFCZvcM21igykkexkeajC": [],
        "17iHGhLQzoerb59HbUHWTpjXNjEn1jfpjq": [],
        "18mKWpDyBVVRLwsU54tjM1QK1qKHuo3678": [],
        "19AXfBp4XdSKrUvGeww9JEBCEBNi6AhT2a": [],
        "19JEtLphc4zYZTWM5wCgM2V9cSSmWCwom7": [],
        "19MBPeVUwVjmq8koqwHWEBjdADfF93fSh9": [],
        "1AiP56ZhvfnXTBrRjXJL9PjKifXwp6ohR4": [],
        "1ApVz8k3rEh3PSfJ94NtTAHM2EkW8NsAkK": [],
        "1AuAZM4FnnqdqGvsJ6nqB3LEV28hpCsdBm": [],
        "1DBx3egdaPEySQiGnTgxsMkidNSQusfoJP": [],
        "1DriV1juJg73hnn5zwY4sNU5ht6AdVLiwQ": [],
        "1EW2YTUsYdi536cQQJyQUsXNLP5NZsqLqw": [],
        "1EWnYwipf31KHUMVN9s3P4U3CQh27a3iPE": [],
        "1FcLGmz9AfNb7WtVpp7hMpujn3Yfig4Lop": [],
        "1GXCpMXCYkawYapLCJ6yoPQvW2rQmt6dd2": [],
        "1HPu6wzbaJoHnoZhNRfiBs42QLCd9ovFjn": [],
        "1JJU5xGqrcLdHb3Ssa6oUPTQkR3g5442Pm": [],
        "1LSMUY3dYU3xzoFrYKGtb3ApHJ8wmoPpQN": [],
        "1LVVFHinwF1d6B6ec298MwF8UEcuCHyazG": [],
        "1LkRM6XCon9saBzxmmnuNuS7rCKu3vJS9B": [],
        "1MidxCpCSJkEq5RuRGsFbpZYgZHJotjTLB": [],
        "1NKwbhvem4j7ejjpcEc3RkBSNHsharHGaK": [],
        "1QGxgdpJYmNVdyrTNhLhdUiQjLG6kLTnfX": [],
        "1ro8qLDTFsQ8goMvdqonQh7ihefs5gpHi": []
    },
    "addresses": {
        "change": [
            "16zRbXSwUiQJRcFCZvcM21igykkexkeajC",
            "14kQ8Eke4P9DbavME6RnS6ef4NfkrNRsL3",
            "19MBPeVUwVjmq8koqwHWEBjdADfF93fSh9",
            "1ApVz8k3rEh3PSfJ94NtTAHM2EkW8NsAkK",
            "16Fc1mrZvFE5sen1GrPMt1MJWTwoH1jSeu",
            "1EW2YTUsYdi536cQQJyQUsXNLP5NZsqLqw",
            "1DriV1juJg73hnn5zwY4sNU5ht6AdVLiwQ",
            "14xXoeBD1E2z8DsGEV18veshhp3xrAithj",
            "1QGxgdpJYmNVdyrTNhLhdUiQjLG6kLTnfX",
            "1JJU5xGqrcLdHb3Ssa6oUPTQkR3g5442Pm"
        ],
        "receiving": [
            "1FcLGmz9AfNb7WtVpp7hMpujn3Yfig4Lop",
            "1LSMUY3dYU3xzoFrYKGtb3ApHJ8wmoPpQN",
            "1AiP56ZhvfnXTBrRjXJL9PjKifXwp6ohR4",
            "18mKWpDyBVVRLwsU54tjM1QK1qKHuo3678",
            "1LVVFHinwF1d6B6ec298MwF8UEcuCHyazG",
            "1ro8qLDTFsQ8goMvdqonQh7ihefs5gpHi",
            "1LkRM6XCon9saBzxmmnuNuS7rCKu3vJS9B",
            "14TfRbph8Zbr6uHpibGhU1fBXHXE87vuoR",
            "1DBx3egdaPEySQiGnTgxsMkidNSQusfoJP",
            "1HPu6wzbaJoHnoZhNRfiBs42QLCd9ovFjn",
            "16G2cDGMd6TfDBPKq7dFE65nN9dKUUpPsx",
            "17iHGhLQzoerb59HbUHWTpjXNjEn1jfpjq",
            "19AXfBp4XdSKrUvGeww9JEBCEBNi6AhT2a",
            "1GXCpMXCYkawYapLCJ6yoPQvW2rQmt6dd2",
            "15nzZ5H5rYmYupx3GCN1KL5bzVKkbu226D",
            "19JEtLphc4zYZTWM5wCgM2V9cSSmWCwom7",
            "1NKwbhvem4j7ejjpcEc3RkBSNHsharHGaK",
            "1EWnYwipf31KHUMVN9s3P4U3CQh27a3iPE",
            "1MidxCpCSJkEq5RuRGsFbpZYgZHJotjTLB",
            "1AuAZM4FnnqdqGvsJ6nqB3LEV28hpCsdBm"
        ]
    },
    "fiat_value": {},
    "frozen_coins": {},
    "invoices": {},
    "keystore": {
        "derivation": "m",
        "pw_hash_version": 1,
        "root_fingerprint": "67cc9722",
        "seed": "minor zone pool affair remain combine favorite claw medal settle grace capable",
        "seed_type": "standard",
        "type": "bip32",
        "xprv": "xprv9s21ZrQH143K3FfJuf4kyvHDGfysFLr4oYJrdzfsa8rwXNWerPJpmDPpwaxxngKzaXzK9n6MZtvUALGrJuAEd2UM7fVGv84k6SQviENzdsm",
        "xpub": "xpub661MyMwAqRbcFjjn1gbmM4DwphpMeoZvAmETSP5V8UPvQAqoPvd5K1iJnu2X4SGUebSSTdpKCqz1yhzoDKy7K9FAcZLnD3W2Wm9W3qqsNDz"
    },
    "labels": {},
    "payment_requests": {},
    "prevouts_by_scripthash": {},
    "seed_version": 50,
    "spent_outpoints": {},
    "transactions": {},
    "tx_fees": {},
    "txi": {},
    "txo": {},
    "use_encryption": false,
    "verified_tx3": {},
    "wallet_type": "standard"
}