{
    "addr_history": {
        "12AF69e4PBMkRR3pUxRDQsfxmbobeJtq1D": [],
        "12LSXJUzUc67vLe7TBbbaBJPZQEM8zou9G": [],
        "13txXemn1JeTdFcGoboMgZactQvke4BKke": [],
        "164c8bjQxTa2eyLjPVM5956LTAM44WXCAT": [],
        "19JC1Nhbxp4mqpccBhmY3nZ82BLwUaM9HF": [],
        "1AJLXMUnQcWTWLNbrArwXcwxKayhRFX5Vm": [],
        "1AR3xxNgdMT2JfwL73Abt9F1i9A8a9tHLN": [],
        "1BLmqT2jNsgAzHB56vgavykt1ZQ2CNzt95": [],
        "1Ba3Lctc23WgLXKa7VeEQVbSHeAKFTdwxg": [],
        "1DAAtrFoReEKseS4bYi8q6zHc36ELorox1": [],
        "1DGYcwv9iCKpcnFphxu5XgVBzj1EaQ4u53": [],
        "1F4h4JgDW9vSMsVMckyCwajzLpoPy7LLC8": [],
        "1FFqXuCiWcZxVp8bSdNXK5uX3qMkKEsmdu": [],
        "1FVTGV4HmngSKdPj8vdex7UJgrbeSHTRth": [],
        "1FXxNo3u4RUL4K2QzXnxwV59itejWC2DKR": [],
        "1GKHCT2rwXGsANHU42mEQmC3C9VTCZMnbA": [],
        "1GSDzue3BPJqEj5qCLokHRxAT13NJ2Sfe5": [],
        "1Gww7MxZAJniK2QtHeKmADsq3Wa6Pa5Aj2": [],
        "1JH9Kz9NXDCcdcGZdvXqQKEFNLukehDsKt": [],
        "1JHH5XnvR3uRiZUda71ohRfGSdSN11yrcG": [],
        "1KEcjwaisUhutyEnKsKhYtmMPqGWxpYZgC": [],
        "1KTKmD2gZgEiP5hEfjD9XjxuR8BiXaoVfh": [],
        "1KYjBYAtU5Mwp4xJv6P4BM6LESjx4Kvimf": [],
        "1KbWE3DwyZtgrdYHBTUnd9GuUtJQWJwwhs": [],
        "1LBEFb48VbgmrnkSzSr2qn1o8dWZ1tCYv8": [],
        "1LkQPu47xuTW4zGkBj6e6Z2dkGeWFXvPeM": [],
        "1N57fQEvb6Bo9gWE5yWhiGkLjLUgS1EVQG": [],
        "1NFUdzpz4EfzP9hnTr4RT3jgGXLETw1nK4": [],
        "1Pug7rY2QPnaLBHeF6GbTcsMviWzeQyUs7": [],
        "1Vy44iDyFCTVBewwPWDRnJUrvgeP7U1Ce": []
    },
    "addresses": {
        "change": [
            "1BLmqT2jNsgAzHB56vgavykt1ZQ2CNzt95",
            "1Pug7rY2QPnaLBHeF6GbTcsMviWzeQyUs7",
            "1NFUdzpz4EfzP9hnTr4RT3jgGXLETw1nK4",
            "1KYjBYAtU5Mwp4xJv6P4BM6LESjx4Kvimf",
            "1GSDzue3BPJqEj5qCLokHRxAT13NJ2Sfe5",
            "12LSXJUzUc67vLe7TBbbaBJPZQEM8zou9G",
            "1Gww7MxZAJniK2QtHeKmADsq3Wa6Pa5Aj2",
            "13txXemn1JeTdFcGoboMgZactQvke4BKke",
            "1N57fQEvb6Bo9gWE5yWhiGkLjLUgS1EVQG",
            "1DGYcwv9iCKpcnFphxu5XgVBzj1EaQ4u53"
        ],
        "receiving": [
            "164c8bjQxTa2eyLjPVM5956LTAM44WXCAT",
            "1JHH5XnvR3uRiZUda71ohRfGSdSN11yrcG",
            "1KbWE3DwyZtgrdYHBTUnd9GuUtJQWJwwhs",
            "19JC1Nhbxp4mqpccBhmY3nZ82BLwUaM9HF",
            "1Vy44iDyFCTVBewwPWDRnJUrvgeP7U1Ce",
            "1DAAtrFoReEKseS4bYi8q6zHc36ELorox1",
            "1F4h4JgDW9vSMsVMckyCwajzLpoPy7LLC8",
            "1FFqXuCiWcZxVp8bSdNXK5uX3qMkKEsmdu",
            "1LBEFb48VbgmrnkSzSr2qn1o8dWZ1tCYv8",
            "1JH9Kz9NXDCcdcGZdvXqQKEFNLukehDsKt",
            "1Ba3Lctc23WgLXKa7VeEQVbSHeAKFTdwxg",
            "1FXxNo3u4RUL4K2QzXnxwV59itejWC2DKR",
            "1KTKmD2gZgEiP5hEfjD9XjxuR8BiXaoVfh",
            "1GKHCT2rwXGsANHU42mEQmC3C9VTCZMnbA",
            "1FVTGV4HmngSKdPj8vdex7UJgrbeSHTRth",
            "1KEcjwaisUhutyEnKsKhYtmMPqGWxpYZgC",
            "12AF69e4PBMkRR3pUxRDQsfxmbobeJtq1D",
            "1LkQPu47xuTW4zGkBj6e6Z2dkGeWFXvPeM",
            "1AR3xxNgdMT2JfwL73Abt9F1i9A8a9tHLN",
            "1AJLXMUnQcWTWLNbrArwXcwxKayhRFX5Vm"
        ]
    },
    "fiat_value": {},
    "frozen_coins": {},
    "invoices": {},
    "keystore": {
        "derivation": "m",
        "pw_hash_version": 1,
        "root_fingerprint": "dfc9781e",
        "seed": "minor zone pool arena remain combine husband claw medal settle grace capable",
        "seed_type": "standard",
        "type": "bip32",
        "xprv": "xprv9s21ZrQH143K4NUxakXew9KnMdyBM3W3KPZTYqNsnUdg16eXHqu4dLsMXJy1u8NSEcRfWhY5sEg72bKi5E7PS5gYsdDUjmgX7XmFwyn7QYy",
        "xpub": "xpub661MyMwAqRbcGrZRgn4fJHGWufofkWDtgcV4MDnVLpAestyfqPDKB9BqNZSD8HnZDo77LEmBJWNE7eNmH9p9s4fqDY9qX6s1JVfXmryensy"
    },
    "labels": {},
    "payment_requests": {},
    "prevouts_by_scripthash": {},
    "seed_version": 50,
    "spent_outpoints": {},
    "transactions": {},
    "tx_fees": {},
    "txi": {},
    "txo": {},
    "use_encryption": false,
    "verified_tx3": {},
    "wallet_type": "standard"
}