{
    "addr_history": {
        "11244xPcUAeNEc9op11nhKy3Twyvzxk6Mo": [],
        "114G7mas17gvcAEg7n2w2A8VDRq3ym25v": [],
        "13NwZBcrbSKjNs1hGdKhoZu1EVPmMu9ady": [],
        "14UaXZPtbzfBS77nSS2AtL6FynJTKKFSgT": [],
        "14gSbnKP796PSNxpkmKddMhzYebiEVgySQ": [],
        "15QLAbMyyg6WYipQsdq5Mzh5sJsZWfStBx": [],
        "15tdRmyAtNwTzk2xNDvoaCEq7JecUSJmA1": [],
        "17NT74Vi1z5GtBtAt1uNLv2kn5NUeRUm4m": [],
        "18KZBvUuNX5t5C4ha2JRvKfTVD8KqFVStR": [],
        "1A2B8iSYsz6fsjo3Pz89bo67v36CMU3RPZ": [],
        "1A9h8qQDDGUarhDQmxWxMyr6dk2qy93n9c": [],
        "1BETvp7hfzkz1WSd74qqnGGxcP3TfpHoTp": [],
        "1BkEBtYW8tgVhbm5CGm26AgnyVovucp7FZ": [],
        "1CKq3efxrQhDxXhutrLfKWYfRYepBV8Eiu": [],
        "1CxUyiPPsEdrvLywq8EcjfeUGeP2MpRj7S": [],
        "1DF9ayCi2CD7uVf15GdngLmakyscT55zHV": [],
        "1DXhyL8YRirP2SmABpdTAYbWzJiXgCaex1": [],
        "1EEr4cWo2ZJJx6nHQyZa22TeAAKR1WRmrS": [],
        "1F4dFZBPAEQBENEYFeY8fbR4UFf9rXgz9x": [],
        "1FxBgHAGYKtNYA7HmtdUDNppGVb8pJRLuk": [],
        "1GsHzkPPuaDgrX8cS32i64C6ywydPnJ8hF": [],
        "1GtZhR4tC7w5fvaySW22aWsr9D699epZ3": [],
        "1Had5rCDuTSwPdG69QnC9CMmfTEJLXo3tC": [],
        "1JTok1ikqbPjCnqpSRaw7hSFa6wSShLE3T": [],
        "1JkqrdFQ58btrkRkevHtASoeQ5zrGLccnN": [],
        "1KSN1zuVttw9o5QUdnTyoFCd6YyH5Pd3WH": [],
        "1KYKG4fusEBfoMEuqRVjMq2f6wXLg3x4kP": [],
        "1LgzTB3mnXbpBSpCVuss7uT9SxNMKWywv3": [],
        "1pooThBUfFWAuhWCWrJdgFUneCp5ZUHG7": [],
        "1yogMTBowC12Mbq6jFhNXGT89Dm74TTL3": []
    },
    "addresses": {
        "change": [
            "14gSbnKP796PSNxpkmKddMhzYebiEVgySQ",
            "1CKq3efxrQhDxXhutrLfKWYfRYepBV8Eiu",
            "1GtZhR4tC7w5fvaySW22aWsr9D699epZ3",
            "1KSN1zuVttw9o5QUdnTyoFCd6YyH5Pd3WH",
            "1GsHzkPPuaDgrX8cS32i64C6ywydPnJ8hF",
            "15tdRmyAtNwTzk2xNDvoaCEq7JecUSJmA1",
            "1EEr4cWo2ZJJx6nHQyZa22TeAAKR1WRmrS",
            "1BkEBtYW8tgVhbm5CGm26AgnyVovucp7FZ",
            "1F4dFZBPAEQBENEYFeY8fbR4UFf9rXgz9x",
            "1KYKG4fusEBfoMEuqRVjMq2f6wXLg3x4kP"
        ],
        "receiving": [
            "1A2B8iSYsz6fsjo3Pz89bo67v36CMU3RPZ",
            "18KZBvUuNX5t5C4ha2JRvKfTVD8KqFVStR",
            "1A9h8qQDDGUarhDQmxWxMyr6dk2qy93n9c",
            "15QLAbMyyg6WYipQsdq5Mzh5sJsZWfStBx",
            "1JTok1ikqbPjCnqpSRaw7hSFa6wSShLE3T",
            "17NT74Vi1z5GtBtAt1uNLv2kn5NUeRUm4m",
            "1DF9ayCi2CD7uVf15GdngLmakyscT55zHV",
            "13NwZBcrbSKjNs1hGdKhoZu1EVPmMu9ady",
            "1FxBgHAGYKtNYA7HmtdUDNppGVb8pJRLuk",
            "1JkqrdFQ58btrkRkevHtASoeQ5zrGLccnN",
            "1pooThBUfFWAuhWCWrJdgFUneCp5ZUHG7",
            "1Had5rCDuTSwPdG69QnC9CMmfTEJLXo3tC",
            "114G7mas17gvcAEg7n2w2A8VDRq3ym25v",
            "1BETvp7hfzkz1WSd74qqnGGxcP3TfpHoTp",
            "11244xPcUAeNEc9op11nhKy3Twyvzxk6Mo",
            "14UaXZPtbzfBS77nSS2AtL6FynJTKKFSgT",
            "1DXhyL8YRirP2SmABpdTAYbWzJiXgCaex1",
            "1yogMTBowC12Mbq6jFhNXGT89Dm74TTL3",
            "1CxUyiPPsEdrvLywq8EcjfeUGeP2MpRj7S",
            "1LgzTB3mnXbpBSpCVuss7uT9SxNMKWywv3"
        ]
    },
    "fiat_value": {},
    "frozen_coins": {},
    "invoices": {},
    "keystore": {
        "derivation": "m",
        "pw_hash_version": 1,
        "root_fingerprint": "dd662d66",
        "seed": "minor zone pool affair remain combine odor claw medal settle grace capable",
        "seed_type": "standard",
        "type": "bip32",
        "xprv": "xprv9s21ZrQH143K3P3hAZTUxevdVXzvzZ1RBHTdzHzzpDZMcs8M4i1mnjVKWY2webWDGcTfMpJGoJCVugPK3AUn19g7Fcmh5Q2ujLcXWX4zkXK",
        "xpub": "xpub661MyMwAqRbcFs8AGazVKnsN3ZqRQ1jGYWPEngQcNZ6LVfTVcFL2LXooMnW5wEWBQc23vLPt6ZPWAMxoh8cf7X81EBdCtMdDyiJ3ikEJmZz"
    },
    "labels": {},
    "payment_requests": {},
    "prevouts_by_scripthash": {},
    "seed_version": 50,
    "spent_outpoints": {},
    "transactions": {},
    "tx_fees": {},
    "txi": {},
    "txo": {},
    "use_encryption": false,
    "verified_tx3": {},
    "wallet_type": "standard"
}