{
    "addr_history": {
        "12aqmGv38vWoGDsxvtn3aPb7SKgJNpu5SN": [],
        "13EPegjEJyPQbFrtjXcCdiaNu2kf3TXHTs": [],
        "15tEjjH9wisVgdtxG49ZyxBKZPvnTzJpN6": [],
        "16DbRwurZn5NfL3dr8MvYX4824NMKAfwNV": [],
        "16Fm8TxbjUYKBvpJ9LawgSBNPrGN4RiZjq": [],
        "16SBQurLjzW7cMb6e2mMMA1P1yncTrdwmt": [],
        "16VYqrGY9UFBwS3PKom4jhrzDpZDCbJSf1": [],
        "16wcdHrxmo1JTtewHAa6TEvZvTVfZAef5Y": [],
        "18VTZvNRc1TWdNDxfQNpS26BRQotvRgTLT": [],
        "196rcTU6urFAeFy6pbQWf42MjgbMEkMZnp": [],
        "1A9tbbcXDZiWLCQmJiU8z16EWWd2hMEsb2": [],
        "1AJcVs39dQGFGG8HSjxBkXS9ATwXnvPh4t": [],
        "1BXhAMGkfiswPbEjhkJigkXtZaTDSV6Sh9": [],
        "1CNXFLbiex5oMRiSkQNUqnGvGxjDfH2Ya3": [],
        "1D8uPLxYvc5minwhJyeXrYCBKBkShi1aVK": [],
        "1GBUKSW4kvy49UqjMLMPc9x246fRyvNZJ3": [],
        "1GK4AQp3vBxFgJiMpip7vg1XB6fM7kTGJu": [],
        "1HrM89A96Aa5Dwp8rp1xcryKYDTAUs4EgN": [],
        "1JCmFogigEvFzq7gyQfhk8WRcUvEHvSen6": [],
        "1KAQDAu568JBrKTAiaF9yTXDKpcb3jKGXw": [],
        "1KHWpKRLEZApptezE3ESSTQSuiZ2AYsREf": [],
        "1KqYEqA87q4LqdYTwtR5FNJfS2DwSFixWj": [],
        "1Kxkz8o7Q3XVkWXzSjoPyXiPryaqoRMcdJ": [],
        "1LyhbCDNDEh42xyKyg2forhX43Ca7oBRLn": [],
        "1MuHWLkM4ztxeN1M3HDAqf8e4UdqgV6Cep": [],
        "1NdVPxcB3q22cyZSxJkGBvAHvSDvMm7BwY": [],
        "1NtLoW9g8waHkkf3nKYXMco5Pzw5zDpZse": [],
        "1NzFWskwz8PsqhKPCEs6h2nD8HkbGVER1i": [],
        "1P4jPHyTWUGs2MfiA1c84HbMW4boaEJZQW": [],
        "1PSgLVk6eXveDAizNavCSG6uw8hx8JDuNx": []
    },
    "addresses": {
        "change": [
            "1JCmFogigEvFzq7gyQfhk8WRcUvEHvSen6",
            "196rcTU6urFAeFy6pbQWf42MjgbMEkMZnp",
            "1KAQDAu568JBrKTAiaF9yTXDKpcb3jKGXw",
            "16VYqrGY9UFBwS3PKom4jhrzDpZDCbJSf1",
            "16wcdHrxmo1JTtewHAa6TEvZvTVfZAef5Y",
            "13EPegjEJyPQbFrtjXcCdiaNu2kf3TXHTs",
            "1NdVPxcB3q22cyZSxJkGBvAHvSDvMm7BwY",
            "1GK4AQp3vBxFgJiMpip7vg1XB6fM7kTGJu",
            "1P4jPHyTWUGs2MfiA1c84HbMW4boaEJZQW",
            "1NzFWskwz8PsqhKPCEs6h2nD8HkbGVER1i"
        ],
        "receiving": [
            "1A9tbbcXDZiWLCQmJiU8z16EWWd2hMEsb2",
            "1HrM89A96Aa5Dwp8rp1xcryKYDTAUs4EgN",
            "1AJcVs39dQGFGG8HSjxBkXS9ATwXnvPh4t",
            "18VTZvNRc1TWdNDxfQNpS26BRQotvRgTLT",
            "1MuHWLkM4ztxeN1M3HDAqf8e4UdqgV6Cep",
            "1D8uPLxYvc5minwhJyeXrYCBKBkShi1aVK",
            "1Kxkz8o7Q3XVkWXzSjoPyXiPryaqoRMcdJ",
            "1CNXFLbiex5oMRiSkQNUqnGvGxjDfH2Ya3",
            "1GBUKSW4kvy49UqjMLMPc9x246fRyvNZJ3",
            "1PSgLVk6eXveDAizNavCSG6uw8hx8JDuNx",
            "16DbRwurZn5NfL3dr8MvYX4824NMKAfwNV",
            "1KqYEqA87q4LqdYTwtR5FNJfS2DwSFixWj",
            "12aqmGv38vWoGDsxvtn3aPb7SKgJNpu5SN",
            "1NtLoW9g8waHkkf3nKYXMco5Pzw5zDpZse",
            "1BXhAMGkfiswPbEjhkJigkXtZaTDSV6Sh9",
            "16Fm8TxbjUYKBvpJ9LawgSBNPrGN4RiZjq",
            "1LyhbCDNDEh42xyKyg2forhX43Ca7oBRLn",
            "1KHWpKRLEZApptezE3ESSTQSuiZ2AYsREf",
            "16SBQurLjzW7cMb6e2mMMA1P1yncTrdwmt",
            "15tEjjH9wisVgdtxG49ZyxBKZPvnTzJpN6"
        ]
    },
    "fiat_value": {},
    "frozen_coins": {},
    "invoices": {},
    "keystore": {
        "derivation": "m",
        "pw_hash_version": 1,
        "root_fingerprint": "5f455cbb",
        "seed": "minor zone pool above remain combine jar claw medal settle grace capable",
        "seed_type": "standard",
        "type": "bip32",
        "xprv": "xprv9s21ZrQH143K2pwq9T88DKSf2ezE162Ys7NGTGju3s8T2o4dVzmDYbgtqsVKRzesMhfRvaPVKJUmJYTrtBSmuNpSrw9VV4fc6cKopQAk4Rc",
        "xpub": "xpub661MyMwAqRbcFK2JFUf8aTPPagpiQYkQELHsFf9WcCfRubPn3Y5U6Q1Nh91G9yuhjAbr6g5sGhfc1fATxkL7c1adjXTKS7CsdHvJAZPKiqC"
    },
    "labels": {},
    "payment_requests": {},
    "prevouts_by_scripthash": {},
    "seed_version": 50,
    "spent_outpoints": {},
    "transactions": {},
    "tx_fees": {},
    "txi": {},
    "txo": {},
    "use_encryption": false,
    "verified_tx3": {},
    "wallet_type": "standard"
}