{
    "addr_history": {
        "12LaeqxNcbueeWRNLuJq7mCcggLC2T44Le": [],
        "12MDkWC516sHX8XHBHX7hsCPPZE8jxJjeR": [],
        "13C1S3Ep1opXpQvkKtf4xPVFiAQSdKwPvh": [],
        "13EMPenXbU8wzeiKermpMHBfXSG1M6XaTR": [],
        "13YgdaNEgYUt9veMwxEV4UAXhgrxxr1oS7": [],
        "14cj8xSaDrkHrh1ZdLqZi7ScSWcZHLeeTz": [],
        "14muzycZUZuBKwin8dyovGoZRmqiUU3wdB": [],
        "15254v5oU6W6fuoyXYgCv7b1qKtVHuHdWH": [],
        "15jfhr2B5CzUrC7ejnGks6nLNURHpZe66g": [],
        "16YRathVrAybwhipw8t32VVkV7Xfk3oWdD": [],
        "17CQhx3ghXY5UEiQRcbWvQu4XVHohQ6v36": [],
        "17g13Az1bJaMzHYvi9GMpgT2mkFzeVAQze": [],
        "17kedCcQsutQSR7bwdJTbVgKiqAF4xST7R": [],
        "18Ar2Abjxy34uPsXDrecLZtQqSQ1oZTpbr": [],
        "18zJKvtS7K4WVy9bgCBTNgp9D3Tdytmoa8": [],
        "1APDhNjhzxPaNqAL4jMw7KgwHXiVc3gXr3": [],
        "1BDvR4C5xWEpMDsBzRKnxaxHviscdahQP7": [],
        "1C78Ppst7ZFAhctec1ZGpfEqRDvBKdufob": [],
        "1CFCjyibLf5upPjANZxZrXSxijY978uG9f": [],
        "1DnoqJ8tmgTrA8HtNowF8wSyE1yvfRbGNq": [],
        "1FjTQiJbRU7V7YCskFkGfvZeQA9Ay2nZaz": [],
        "1GMBirbsr1hEiesDrLejhJWQjMJusQNueE": [],
        "1GuNFDDGmYmDKGL8M3o8WWbfBWpBami1cj": [],
        "1GwzfFTc4qmKoaL1Zw8MWoiBaYCRj4Duhg": [],
        "1LRqs2puVCGypABqdTjCrbJgJXAbDFsind": [],
        "1Mfrg3mUhttEVfXWcFJPcuj2Yb1Np7fnY8": [],
        "1MyMCGGR6rYQF3mfZa6H5Umo2juQA9qPCy": [],
        "1PVzuj2PbdVzTgG6CiQW5Cum7jma94hu4Z": [],
        "1PuHKGK1pC9kdANfu441ezA4v9VRYG3EgN": [],
        "1QFZqTU2EULo6vPjQHgqZQC96JKfasXEQE": []
    },
    "addresses": {
        "change": [
            "1GwzfFTc4qmKoaL1Zw8MWoiBaYCRj4Duhg",
            "1FjTQiJbRU7V7YCskFkGfvZeQA9Ay2nZaz",
            "18Ar2Abjxy34uPsXDrecLZtQqSQ1oZTpbr",
            "15254v5oU6W6fuoyXYgCv7b1qKtVHuHdWH",
            "17g13Az1bJaMzHYvi9GMpgT2mkFzeVAQze",
            "1CFCjyibLf5upPjANZxZrXSxijY978uG9f",
            "1DnoqJ8tmgTrA8HtNowF8wSyE1yvfRbGNq",
            "13C1S3Ep1opXpQvkKtf4xPVFiAQSdKwPvh",
            "14muzycZUZuBKwin8dyovGoZRmqiUU3wdB",
            "12LaeqxNcbueeWRNLuJq7mCcggLC2T44Le"
        ],
        "receiving": [
            "14cj8xSaDrkHrh1ZdLqZi7ScSWcZHLeeTz",
            "17kedCcQsutQSR7bwdJTbVgKiqAF4xST7R",
            "13YgdaNEgYUt9veMwxEV4UAXhgrxxr1oS7",
            "1QFZqTU2EULo6vPjQHgqZQC96JKfasXEQE",
            "13EMPenXbU8wzeiKermpMHBfXSG1M6XaTR",
            "1GMBirbsr1hEiesDrLejhJWQjMJusQNueE",
            "15jfhr2B5CzUrC7ejnGks6nLNURHpZe66g",
            "12MDkWC516sHX8XHBHX7hsCPPZE8jxJjeR",
            "1Mfrg3mUhttEVfXWcFJPcuj2Yb1Np7fnY8",
            "1MyMCGGR6rYQF3mfZa6H5Umo2juQA9qPCy",
            "1GuNFDDGmYmDKGL8M3o8WWbfBWpBami1cj",
            "18zJKvtS7K4WVy9bgCBTNgp9D3Tdytmoa8",
            "1LRqs2puVCGypABqdTjCrbJgJXAbDFsind",
            "1BDvR4C5xWEpMDsBzRKnxaxHviscdahQP7",
            "1C78Ppst7ZFAhctec1ZGpfEqRDvBKdufob",
            "1APDhNjhzxPaNqAL4jMw7KgwHXiVc3gXr3",
            "1PuHKGK1pC9kdANfu441ezA4v9VRYG3EgN",
            "17CQhx3ghXY5UEiQRcbWvQu4XVHohQ6v36",
            "16YRathVrAybwhipw8t32VVkV7Xfk3oWdD",
            "1PVzuj2PbdVzTgG6CiQW5Cum7jma94hu4Z"
        ]
    },
    "fiat_value": {},
    "frozen_coins": {},
    "invoices": {},
    "keystore": {
        "derivation": "m",
        "pw_hash_version": 1,
        "root_fingerprint": "41b8f90b",
        "seed": "minor zone pool awesome remain combine sting claw medal settle grace capable",
        "seed_type": "standard",
        "type": "bip32",
        "xprv": "xprv9s21ZrQH143K3GVvCX2LKHscyQQyQZEn4tPZxMzt3SQa9GbNk93jVqvjjr4eMtw6D47E5Y9p1KUCYWBQ3i7puhganR8bNbozJ1UZuyspxrp",
        "xpub": "xpub661MyMwAqRbcFkaPJYZLgRpMXSFTp1xdS7KAkkQVbmwZ24vXHgMz3eFDb9Bu17b5ZHMoFcpn7Ct3dFs4i1R6Gu6EA3PVi1kZmX7J7tsz6RY"
    },
    "labels": {},
    "payment_requests": {},
    "prevouts_by_scripthash": {},
    "seed_version": 50,
    "spent_outpoints": {},
    "transactions": {},
    "tx_fees": {},
    "txi": {},
    "txo": {},
    "use_encryption": false,
    "verified_tx3": {},
    "wallet_type": "standard"
}