{
    "addr_history": {
        "121WA14QkAcn5PQzveAcH41GV7NtJBcsfL": [],
        "12KzMGgh9t9FrjCEfy7Wn4LVDfLCARTF5Y": [],
        "13ujCoSqoxTHdu7sKqPnEWcnQ8q6qX4yag": [],
        "14UR22A1Dg6S7TwDjiQ9eHst9yFNQCAsVN": [],
        "15BCE7eWHho1AYzhvqJk8TJ6aHsvU7Voij": [],
        "16ATKj5AfMy8UCtZnbNi4vKxrr6ePGFdDA": [],
        "17EvhAgNJHTK9aZ4emKF4qmuA6MFassUVQ": [],
        "17upFT4KEwFFydvYxuhoMdQ29JWhD6FMBj": [],
        "183VquZz2wguZtA7tBbU4uRZSaHiZRQB5j": [],
        "18p9NA8GEp5emqXyM7WsPDeQR7xbKPKpyi": [],
        "18sMHQDKuKND1cb3PVHEbMtq222yuQ9NMz": [],
        "1914KhE7Vc59nfbrwrFZPZt7EjKDQ6Tzju": [],
        "19JzVmjVv3Rggdvow8btdRiEzBFrrDLa12": [],
        "19enKdtsCEmPVKS2PFZV3b8o5ZV45oUJM2": [],
        "1CCRf2eLoQ8WUggx6PwxWh5zMakCqVm6gp": [],
        "1CZx4r9S1e9SfGiW33iaxZ4fT8KCLJk3Ud": [],
        "1D12NhG7mMG3yLPX68LUJQhosk14Twb1y4": [],
        "1DWNpBEHQcbQmDBK7vxVmRitqXyunVeStE": [],
        "1DnwJfSK1JW6DUrwsu7ihZ4QHCVmyirMCy": [],
        "1DrcATnQAEinmjRFFepcf2QHFowJXucVRG": [],
        "1F32A7YqDL95swrdoou1VLm3MutUdkgqLk": [],
        "1GjWezbwuG1pGx9h9Yc7Q2FTApvt5pmjM6": [],
        "1Hd2tnVUzd4ABsfQqJVCpK69WKnKFMixxU": [],
        "1K5pKu9icFu3fBrFmtJXEXrCyxKmQv39ZN": [],
        "1K9GpYhTfLW6eYUAG1tsQT8JCajENGk1fv": [],
        "1L7EwFz6bvKDV2iBPfsf2KM91YxaUSKVG": [],
        "1Lt6LmpJVepxjBH8G1XuJw8wqQmk8rLqv9": [],
        "1MBxeM8CBBNe5qKLEy6MkC5cSv8XCihLYC": [],
        "1NJqV5CZ3KsaNJCjjkezxpn81zQ9CwYpKD": [],
        "1NfYK5EMkNdPmx64bj9xG9J5icM2Yt2kDm": []
    },
    "addresses": {
        "change": [
            "1K9GpYhTfLW6eYUAG1tsQT8JCajENGk1fv",
            "1Lt6LmpJVepxjBH8G1XuJw8wqQmk8rLqv9",
            "12KzMGgh9t9FrjCEfy7Wn4LVDfLCARTF5Y",
            "1NJqV5CZ3KsaNJCjjkezxpn81zQ9CwYpKD",
            "1CCRf2eLoQ8WUggx6PwxWh5zMakCqVm6gp",
            "18sMHQDKuKND1cb3PVHEbMtq222yuQ9NMz",
            "15BCE7eWHho1AYzhvqJk8TJ6aHsvU7Voij",
            "121WA14QkAcn5PQzveAcH41GV7NtJBcsfL",
            "1GjWezbwuG1pGx9h9Yc7Q2FTApvt5pmjM6",
            "1MBxeM8CBBNe5qKLEy6MkC5cSv8XCihLYC"
        ],
        "receiving": [
            "1L7EwFz6bvKDV2iBPfsf2KM91YxaUSKVG",
            "1NfYK5EMkNdPmx64bj9xG9J5icM2Yt2kDm",
            "1Hd2tnVUzd4ABsfQqJVCpK69WKnKFMixxU",
            "16ATKj5AfMy8UCtZnbNi4vKxrr6ePGFdDA",
            "1DWNpBEHQcbQmDBK7vxVmRitqXyunVeStE",
            "183VquZz2wguZtA7tBbU4uRZSaHiZRQB5j",
            "13ujCoSqoxTHdu7sKqPnEWcnQ8q6qX4yag",
            "17EvhAgNJHTK9aZ4emKF4qmuA6MFassUVQ",
            "18p9NA8GEp5emqXyM7WsPDeQR7xbKPKpyi",
            "19JzVmjVv3Rggdvow8btdRiEzBFrrDLa12",
            "17upFT4KEwFFydvYxuhoMdQ29JWhD6FMBj",
            "19enKdtsCEmPVKS2PFZV3b8o5ZV45oUJM2",
            "1CZx4r9S1e9SfGiW33iaxZ4fT8KCLJk3Ud",
            "1K5pKu9icFu3fBrFmtJXEXrCyxKmQv39ZN",
            "1D12NhG7mMG3yLPX68LUJQhosk14Twb1y4",
            "1DnwJfSK1JW6DUrwsu7ihZ4QHCVmyirMCy",
            "1DrcATnQAEinmjRFFepcf2QHFowJXucVRG",
            "1F32A7YqDL95swrdoou1VLm3MutUdkgqLk",
            "14UR22A1Dg6S7TwDjiQ9eHst9yFNQCAsVN",
            "1914KhE7Vc59nfbrwrFZPZt7EjKDQ6Tzju"
        ]
    },
    "fiat_value": {},
    "frozen_coins": {},
    "invoices": {},
    "keystore": {
        "derivation": "m",
        "pw_hash_version": 1,
        "root_fingerprint": "db2f9270",
        "seed": "minor zone pool attract remain combine casino claw medal settle grace capable",
        "seed_type": "standard",
        "type": "bip32",
        "xprv": "xprv9s21ZrQH143K4RMhQ5enRCbcxvwSEjyHAzVmAufQ8TUcgXMDqTsycheKRiGc35RZdJZWbPVbmGbPMxRsDc1fuCS8SjN1Ya8SF8XU7HWn39b",
        "xpub": "xpub661MyMwAqRbcGuSAW7BnnLYMWxmveCh8YDRMyJ51go1bZKgNP1CEAVxoGyzHzYLqfHkMWfw5jJvWsnnfXk92YGJ8FDrnrx6VJUkhrWoDA5j"
    },
    "labels": {},
    "payment_requests": {},
    "prevouts_by_scripthash": {},
    "seed_version": 50,
    "spent_outpoints": {},
    "transactions": {},
    "tx_fees": {},
    "txi": {},
    "txo": {},
    "use_encryption": false,
    "verified_tx3": {},
    "wallet_type": "standard"
}