{
    "addr_history": {
        "12DQVbPsYV6qQQ9EQfDPvZGiZFPrNEeFEM": [],
        "12TTAvgj6SgrcYv85H1f1g9kr4qyiokV9z": [],
        "137rexrvETSVHd6w7qoKytZARLZcRG8o2i": [],
        "14KrpnCvLkWfAwv1HsyPvs5nuy9L2Nxw37": [],
        "14kNtxHyJ6v2VGo25AS5sq6YmdiCS1iJRF": [],
        "158oUGNmuMftMxxXHgsv4m96dUYQ9WWMHm": [],
        "15FSF5fF5SfEqWhfqFbmaNv2Gmjm2cuUgP": [],
        "17N3sTYstnkE73X26sXDkaHaXoEfBTt1X2": [],
        "1A5gU9UZMaaV3C8tRQcBvcDps1t7NxdBvM": [],
        "1ACX1oQELcMiBE6h8hkmoHnd9sid8aykSE": [],
        "1BFogNkSnB3baJz71NL9isxzxYyjEEUPNo": [],
        "1Cg9caKqWn6S5xRnN8EQs5qgyeLhVcvf5m": [],
        "1CjbxiAg3yQnyzYxKhBQfTBjhuEpq2gAzg": [],
        "1DnSPdFhxj2D6YoaXu6ngTPoYritSZei6R": [],
        "1EGjjMimxYwy1kTiYhgx6TVsuDutkn1Jo": [],
        "1FBPfYS3NWhafPwvqfDvYzCDyUTtXV6Xup": [],
        "1FKz5oTfSJn1nY8cDiZHJMCheeeqiidh54": [],
        "1G1RwocHskL5fZaRddJwTkwhewsuMUunJK": [],
        "1H6w8sqBmRZmFCztAuPSPTzWCvcMNjbexe": [],
        "1HMBR5DZASsa9zTxUkNkAw3RFUvh5cmwW1": [],
        "1HXYE45N2dg3f7fKkUsADyr85s9J5pT354": [],
        "1Hs4JfhD84dLCgMuiM8DdivTrAW3YtRxJ": [],
        "1JbPy9btTnZZWiwW4Z4LsmvS2zTSKUeRZd": [],
        "1KEMbb7LLdAQxFSeGs1a7kyocZ5zyDnzh4": [],
        "1MJEocbxfX6hYzhfa6o1BJx21PwNMyouDk": [],
        "1NfrcpYg5Za1SbguDN6V1WeXgMnu1KWs4j": [],
        "1NoGH2r7ZEuFty7sbFGcCM5YdQXk8Pdq4J": [],
        "1Q95m7ZexkqJs4UtwNXPkBoSwWty1f5AYy": [],
        "1QBkDfAgWhkTPzVMSWVJFw3r4PXNkWztW2": [],
        "1UGK3CBMPzW3eo5MFPwrRXstnBb9e3qQu": []
    },
    "addresses": {
        "change": [
            "1UGK3CBMPzW3eo5MFPwrRXstnBb9e3qQu",
            "1HMBR5DZASsa9zTxUkNkAw3RFUvh5cmwW1",
            "1Hs4JfhD84dLCgMuiM8DdivTrAW3YtRxJ",
            "1HXYE45N2dg3f7fKkUsADyr85s9J5pT354",
            "12DQVbPsYV6qQQ9EQfDPvZGiZFPrNEeFEM",
            "1EGjjMimxYwy1kTiYhgx6TVsuDutkn1Jo",
            "1MJEocbxfX6hYzhfa6o1BJx21PwNMyouDk",
            "1BFogNkSnB3baJz71NL9isxzxYyjEEUPNo",
            "1DnSPdFhxj2D6YoaXu6ngTPoYritSZei6R",
            "14KrpnCvLkWfAwv1HsyPvs5nuy9L2Nxw37"
        ],
        "receiving": [
            "1QBkDfAgWhkTPzVMSWVJFw3r4PXNkWztW2",
            "1H6w8sqBmRZmFCztAuPSPTzWCvcMNjbexe",
            "17N3sTYstnkE73X26sXDkaHaXoEfBTt1X2",
            "1NoGH2r7ZEuFty7sbFGcCM5YdQXk8Pdq4J",
            "15FSF5fF5SfEqWhfqFbmaNv2Gmjm2cuUgP",
            "158oUGNmuMftMxxXHgsv4m96dUYQ9WWMHm",
            "1G1RwocHskL5fZaRddJwTkwhewsuMUunJK",
            "1NfrcpYg5Za1SbguDN6V1WeXgMnu1KWs4j",
            "14kNtxHyJ6v2VGo25AS5sq6YmdiCS1iJRF",
            "1A5gU9UZMaaV3C8tRQcBvcDps1t7NxdBvM",
            "12TTAvgj6SgrcYv85H1f1g9kr4qyiokV9z",
            "137rexrvETSVHd6w7qoKytZARLZcRG8o2i",
            "1JbPy9btTnZZWiwW4Z4LsmvS2zTSKUeRZd",
            "1FKz5oTfSJn1nY8cDiZHJMCheeeqiidh54",
            "1Q95m7ZexkqJs4UtwNXPkBoSwWty1f5AYy",
            "1KEMbb7LLdAQxFSeGs1a7kyocZ5zyDnzh4",
            "1Cg9caKqWn6S5xRnN8EQs5qgyeLhVcvf5m",
            "1CjbxiAg3yQnyzYxKhBQfTBjhuEpq2gAzg",
            "1ACX1oQELcMiBE6h8hkmoHnd9sid8aykSE",
            "1FBPfYS3NWhafPwvqfDvYzCDyUTtXV6Xup"
        ]
    },
    "fiat_value": {},
    "frozen_coins": {},
    "invoices": {},
    "keystore": {
        "derivation": "m",
        "pw_hash_version": 1,
        "root_fingerprint": "274a82a9",
        "seed": "minor zone pool arrow remain combine donor claw medal settle grace capable",
        "seed_type": "standard",
        "type": "bip32",
        "xprv": "xprv9s21ZrQH143K38yiV9cty7nMbk8fLvmU4JVhg39woakMXMfxGRFfZkzhy7iTs3uvHUzvjjELkWvBYRwuXco62SStWz8ZBsWVs7Qbh1He8EM",
        "xpub": "xpub661MyMwAqRbcFd4BbB9uLFj69my9kPVKRXRJURZZMvHLQA16oxZv7ZKBpQRhysaeMC9zVGm7eVVwDDSJbdiKSspMGN8CgvV1d2pAFXBhrJi"
    },
    "labels": {},
    "payment_requests": {},
    "prevouts_by_scripthash": {},
    "seed_version": 50,
    "spent_outpoints": {},
    "transactions": {},
    "tx_fees": {},
    "txi": {},
    "txo": {},
    "use_encryption": false,
    "verified_tx3": {},
    "wallet_type": "standard"
}