{
    "addr_history": {
        "129W4QymehPxpKzEhHkdz7GJLcvoxG8GMB": [],
        "12BVcbtV5PFNeUBSWxhxKyMYAnYhtbTgrk": [],
        "13Ahnd8TftH6brkpqn9bUkDV5TczSTHZqy": [],
        "14ZFhJKvC5BVFEJ8V4eygbg5oYzgHcBtP4": [],
        "14rYKAaZ5ePyhuPBbdX7e9zsiaR5xeFojN": [],
        "14u8LT2aKzKaxHeuFnWCjFHWEHqZXCQgsF": [],
        "15VSLYvR36HpN4scb78xAXffYHWJtxaGWf": [],
        "15jyFoFLPFY92GumZNAzfeu1kr2xAxnmAo": [],
        "16Ck1hcjwwaruANKbaqi2k7ZaVQhussMvg": [],
        "16D4jM82c8pBWviGTv4t5En1J1BTxUaT8G": [],
        "184Bc5BxEVkf1gzZhk4AX9djTJY8wvRnfD": [],
        "18RFKNQsYz7EAgvZZnAX8oemDYrP8Yd5Uo": [],
        "192AuzmmjC8nYZs77mRUZGkEgYx9yUjwga": [],
        "19fVoaD4oZsk3RUmEm3qsws2qWR4P7EUVV": [],
        "1Az9itFnnhWs1h8WdJRcrE6y1Bq2dQnuYN": [],
        "1BHdSuShUdFPsj1cuMAJoMzHzdQG8bUXGv": [],
        "1BcRMggm85j8A3DBS9U85zGymcjsCgYXGi": [],
        "1BfyDkyoGejLhJYugdJELRo6QT1eWo7Xkt": [],
        "1EWyUkhpXtLxhJHVruUMb4EtAtg8LEHCyP": [],
        "1HJBfjQaefJ7HmDr68Zwd37G12vA9kbkLm": [],
        "1HhB4p8mUbgV7wNPahR4tWHEVj7QyUTbNs": [],
        "1J9vYdV89rKtz4NxivCotg5NWxDoe8r4MG": [],
        "1JY7PwHUnUBk7VqQRtJEVFAZp38zdK9PC9": [],
        "1KjKcPi9R4kJNBkA7L3JcwsWa4JoKgvScM": [],
        "1LJy7pvnqLFuu48H2P3hN5RciZxkU2aCLz": [],
        "1LM9e4ADyHpSLY7eBoXd1XpC9RtbNxHdSz": [],
        "1N7zGVthmVAbXEKqKknpn8gsSUYT56BxCH": [],
        "1PGZRuAHMaxTUnTEtK4QqSuwNQBmxQLRq1": [],
        "1PuR6MxEjW9FXVEEPEqLQTkv9cr5oB19TC": [],
        "1Ue9tZAB6RnPFmARpAPxhtpaJETEzvviR": []
    },
    "addresses": {
        "change": [
            "1PGZRuAHMaxTUnTEtK4QqSuwNQBmxQLRq1",
            "1HJBfjQaefJ7HmDr68Zwd37G12vA9kbkLm",
            "1PuR6MxEjW9FXVEEPEqLQTkv9cr5oB19TC",
            "1BfyDkyoGejLhJYugdJELRo6QT1eWo7Xkt",
            "12BVcbtV5PFNeUBSWxhxKyMYAnYhtbTgrk",
            "14rYKAaZ5ePyhuPBbdX7e9zsiaR5xeFojN",
            "1N7zGVthmVAbXEKqKknpn8gsSUYT56BxCH",
            "14u8LT2aKzKaxHeuFnWCjFHWEHqZXCQgsF",
            "19fVoaD4oZsk3RUmEm3qsws2qWR4P7EUVV",
            "1BcRMggm85j8A3DBS9U85zGymcjsCgYXGi"
        ],
        "receiving": [
            "1LJy7pvnqLFuu48H2P3hN5RciZxkU2aCLz",
            "15jyFoFLPFY92GumZNAzfeu1kr2xAxnmAo",
            "15VSLYvR36HpN4scb78xAXffYHWJtxaGWf",
            "16Ck1hcjwwaruANKbaqi2k7ZaVQhussMvg",
            "129W4QymehPxpKzEhHkdz7GJLcvoxG8GMB",
            "13Ahnd8TftH6brkpqn9bUkDV5TczSTHZqy",
            "14ZFhJKvC5BVFEJ8V4eygbg5oYzgHcBtP4",
            "1Az9itFnnhWs1h8WdJRcrE6y1Bq2dQnuYN",
            "184Bc5BxEVkf1gzZhk4AX9djTJY8wvRnfD",
            "1KjKcPi9R4kJNBkA7L3JcwsWa4JoKgvScM",
            "1BHdSuShUdFPsj1cuMAJoMzHzdQG8bUXGv",
            "1JY7PwHUnUBk7VqQRtJEVFAZp38zdK9PC9",
            "1HhB4p8mUbgV7wNPahR4tWHEVj7QyUTbNs",
            "18RFKNQsYz7EAgvZZnAX8oemDYrP8Yd5Uo",
            "1EWyUkhpXtLxhJHVruUMb4EtAtg8LEHCyP",
            "1Ue9tZAB6RnPFmARpAPxhtpaJETEzvviR",
            "192AuzmmjC8nYZs77mRUZGkEgYx9yUjwga",
            "1J9vYdV89rKtz4NxivCotg5NWxDoe8r4MG",
            "16D4jM82c8pBWviGTv4t5En1J1BTxUaT8G",
            "1LM9e4ADyHpSLY7eBoXd1XpC9RtbNxHdSz"
        ]
    },
    "fiat_value": {},
    "frozen_coins": {},
    "invoices": {},
    "keystore": {
        "derivation": "m",
        "pw_hash_version": 1,
        "root_fingerprint": "ee84d6ab",
        "seed": "minor zone pool actual remain combine unusual claw medal settle grace capable",
        "seed_type": "standard",
        "type": "bip32",
        "xprv": "xprv9s21ZrQH143K3M3UUA1XKxJqP4KLgDohaqpywZ4N64GF7GEF9mk9nugCcDsV241bsYZv6Y88iqHsUEzH5XT5RqETwtqBoJQTeWe5mECw2Vq",
        "xpub": "xpub661MyMwAqRbcFq7waBYXh6FZw69q5gXYx4kajwTyePoDz4ZPhK4QLhzgTWri33CDUmfMYHQrM7uKVvtc3KnAZbYHCWLi7Gzh6agpNKt3XaU"
    },
    "labels": {},
    "payment_requests": {},
    "prevouts_by_scripthash": {},
    "seed_version": 50,
    "spent_outpoints": {},
    "transactions": {},
    "tx_fees": {},
    "txi": {},
    "txo": {},
    "use_encryption": false,
    "verified_tx3": {},
    "wallet_type": "standard"
}