{
    "addr_history": {
        "13DtPu9eHjJUg7BRnRfEJ4VkwsvsrQrEHQ": [],
        "13bkjHAzoMtEiLcUnMsqAA8JHH18C1S8sF": [],
        "13hNU9FQCqWd5amV6Qr1Psko2VGyVPNZPN": [],
        "13snqpsnsMDCjmCudmuQCiZPjvg1omh7h5": [],
        "141hSjE8S7hfxJxGyPjViAP2RxYdnB5ygK": [],
        "15EnjTrSiDtFebT2cMhAUd3mpdzkTf9HQq": [],
        "18JYe6E7iEwu6z4iM6g6XzXvUZQmrSRVS9": [],
        "18NbeKWjfDacknTPa2fD9FgEzU2YAhwSSD": [],
        "18fTZDw5xQ1uwstjmEvM8bhcETk5wNN3YA": [],
        "19kNks9fLqVJHHRda8FhKts9QEi9TbVFK6": [],
        "1AykucMYyX4FLKhPFFRnpUkrQzMnhoFQwV": [],
        "1B26cLj66rhMKHmrVyBqJLyNeMpVR2knxr": [],
        "1B4u6P8X7MrkgWsP2oWvrXNfmGvTiMLPt9": [],
        "1BAF7XATNQ813ZJFEvSsZKbuLsjVredFv9": [],
        "1Cqy2Wsdz4AcHsKazbWZi2411HDDgYuGhf": [],
        "1CvfsNFbmPrdpuy3SpLBhV4eWtk5mVcSv7": [],
        "1DiG9fPBSPRVGYkknWUM9PPebk8xCVTQZh": [],
        "1Dvbd4EteSiwqAEDxQF6NSHgYz8tFANUX2": [],
        "1EYKCtwNCZu18hDZgtMELAFzRoZTHxvNBv": [],
        "1FLLsobpAS1rjQDTB39Bb1qy8qHxXr3Mi6": [],
        "1JkyMBzzTJSduvfV4kn3RpXMn1kswEfraJ": [],
        "1L1rcKk5EmGaV5YDHG9WFG2oMdub58ryek": [],
        "1L4Nc7uu3eVjw8mjhNr1XNgD9LXuP1okFC": [],
        "1LE2z3TuGnN16T2Dt1QXsDs5ZLMbuFrkz4": [],
        "1LH8ZEFX3zDFjVsrzdZajhTZ7iupSptvKp": [],
        "1LJbvzsvbijALm5wvonKtJe2LyUYh4vyYP": [],
        "1PLSmkoWMQxaVHDssPULLyH8ojQXzFxveN": [],
        "1Pmemg143KVbic5G6V91bqiTysGnJuD5Tu": [],
        "1PoW6FaCegzu6WRBXv1m9oZ35SUg5oXV2U": [],
        "1QB4gK6VrjoYkuxemg7oGFKELUPZU51Eva": []
    },
    "addresses": {
        "change": [
            "1CvfsNFbmPrdpuy3SpLBhV4eWtk5mVcSv7",
            "13bkjHAzoMtEiLcUnMsqAA8JHH18C1S8sF",
            "13DtPu9eHjJUg7BRnRfEJ4VkwsvsrQrEHQ",
            "1BAF7XATNQ813ZJFEvSsZKbuLsjVredFv9",
            "19kNks9fLqVJHHRda8FhKts9QEi9TbVFK6",
            "1QB4gK6VrjoYkuxemg7oGFKELUPZU51Eva",
            "1Dvbd4EteSiwqAEDxQF6NSHgYz8tFANUX2",
            "1B26cLj66rhMKHmrVyBqJLyNeMpVR2knxr",
            "18JYe6E7iEwu6z4iM6g6XzXvUZQmrSRVS9",
            "1AykucMYyX4FLKhPFFRnpUkrQzMnhoFQwV"
        ],
        "receiving": [
            "1JkyMBzzTJSduvfV4kn3RpXMn1kswEfraJ",
            "1B4u6P8X7MrkgWsP2oWvrXNfmGvTiMLPt9",
            "1Pmemg143KVbic5G6V91bqiTysGnJuD5Tu",
            "18NbeKWjfDacknTPa2fD9FgEzU2YAhwSSD",
            "1LE2z3TuGnN16T2Dt1QXsDs5ZLMbuFrkz4",
            "1FLLsobpAS1rjQDTB39Bb1qy8qHxXr3Mi6",
            "1L4Nc7uu3eVjw8mjhNr1XNgD9LXuP1okFC",
            "1LJbvzsvbijALm5wvonKtJe2LyUYh4vyYP",
            "18fTZDw5xQ1uwstjmEvM8bhcETk5wNN3YA",
            "1EYKCtwNCZu18hDZgtMELAFzRoZTHxvNBv",
            "1L1rcKk5EmGaV5YDHG9WFG2oMdub58ryek",
            "15EnjTrSiDtFebT2cMhAUd3mpdzkTf9HQq",
            "1Cqy2Wsdz4AcHsKazbWZi2411HDDgYuGhf",
            "1PLSmkoWMQxaVHDssPULLyH8ojQXzFxveN",
            "13hNU9FQCqWd5amV6Qr1Psko2VGyVPNZPN",
            "1PoW6FaCegzu6WRBXv1m9oZ35SUg5oXV2U",
            "141hSjE8S7hfxJxGyPjViAP2RxYdnB5ygK",
            "13snqpsnsMDCjmCudmuQCiZPjvg1omh7h5",
            "1LH8ZEFX3zDFjVsrzdZajhTZ7iupSptvKp",
            "1DiG9fPBSPRVGYkknWUM9PPebk8xCVTQZh"
        ]
    },
    "fiat_value": {},
    "frozen_coins": {},
    "invoices": {},
    "keystore": {
        "derivation": "m",
        "pw_hash_version": 1,
        "root_fingerprint": "5bbc479e",
        "seed": "minor zone pool artefact remain combine much claw medal settle grace capable",
        "seed_type": "standard",
        "type": "bip32",
        "xprv": "xprv9s21ZrQH143K49MN1bWdFvQHtrEnTCWR1JpwFhyr6vvbTofHhk1f2aqmc52YuF19ptx9eNmCMCA747stuowmwTgobVhUDbass9jsXwAs2NA",
        "xpub": "xpub661MyMwAqRbcGdRq7d3dd4M2St5GrfEGNXkY46PTfGTaLbzSFHKuaPAFTMYy55YuNS1Pirk6mbmLnUasmAkGnu9VT63LzhTfAvm8Zwd3Unc"
    },
    "labels": {},
    "payment_requests": {},
    "prevouts_by_scripthash": {},
    "seed_version": 50,
    "spent_outpoints": {},
    "transactions": {},
    "tx_fees": {},
    "txi": {},
    "txo": {},
    "use_encryption": false,
    "verified_tx3": {},
    "wallet_type": "standard"
}