{
    "addr_history": {
        "12wDstpKxDFTSYFgWT56DadzX5bJch6SU5": [],
        "15Asv8fQTNRzdF2WJbUDntWT3yWwekxRGN": [],
        "15HYybtxKfcMAL4yV7uAxpFwthKJUR18wm": [],
        "16sBR2JwYt6m7QtnPfgzA81FXegTBLgvAo": [],
        "17ytVhc8cXp5n14HTzZ7r3c5dUL1nf4o6Q": [],
        "18xipgex5T2htRf6CXAhYLcmhwxJh5Z3oW": [],
        "19CdTLr2KyCjhXorzbKtncwU7PfzPXqwiE": [],
        "19QGiMSbC2dJj2FuKM6DpwuFecVWix4ifn": [],
        "19mBDJ3J92h7TZtpZNhC3a6oNRnRjP6EKh": [],
        "1AFS7MBH3VbQ4fzvQpmhDSfAyW9XoKku5K": [],
        "1BSHSeUPFqAQ8i39jY4WrU6sZb3wNrnaUb": [],
        "1Dgw8i1a3BGKeksxFgZ1PAzk78NXLyge3V": [],
        "1DzqjBkBUo9DNophmrauqDJG2yn5H33ZZu": [],
        "1EitjRVnxuHCMfhg5x56ScXcabV2PeXkVF": [],
        "1FAkxtBThnJtXwaNSMX5HiwCiWDZFj4jug": [],
        "1GM3UhyKJAe6ffZETKmTXyeZKbk2LJe4T3": [],
        "1HE7PwsHHg711GNDjkfXv8dVSra6nuhFFg": [],
        "1HWu1hZGk8zDSXCrfiRUECvRh8HJBCUPZZ": [],
        "1JNV4AxC6cdpHRuR3jW8eCzfbmSSbMStqc": [],
        "1K31swGtMvk9eJJUh7qrsLyhafQroXPJs4": [],
        "1K8ZJXWX3Dc9fMUxwUu2R2pLzvFAQeHbkP": [],
        "1KLWfhUMjkCCte41LccaNgkH6QtFAeFgTc": [],
        "1KrzB5ejXTeY4uPDkEoDYDJLPjjZtTgDFA": [],
        "1LADS7NFA5QDJTxbtwQeM8xpW8DKAVoyK4": [],
        "1LdYPAWDB5W2Ck3kPsP4hxVvWtaLgfpynJ": [],
        "1LnQSi8PM1NKBg5wVrEGdm4BVkDzUyGpdE": [],
        "1NxbBFQqYY8TKqMwmn8MgW2zmCXEBaj4Jz": [],
        "1Pno5CehBPqsF268STQePmwZaS5JGfbGVG": [],
        "1PoV73GqTr6a9RdPauwpqZUDHKupFATd54": [],
        "1hc7dq8MfsZBvzwb5K67kfCj4H89vYyme": []
    },
    "addresses": {
        "change": [
            "1JNV4AxC6cdpHRuR3jW8eCzfbmSSbMStqc",
            "1KrzB5ejXTeY4uPDkEoDYDJLPjjZtTgDFA",
            "15Asv8fQTNRzdF2WJbUDntWT3yWwekxRGN",
            "1Dgw8i1a3BGKeksxFgZ1PAzk78NXLyge3V",
            "19QGiMSbC2dJj2FuKM6DpwuFecVWix4ifn",
            "1LnQSi8PM1NKBg5wVrEGdm4BVkDzUyGpdE",
            "1LADS7NFA5QDJTxbtwQeM8xpW8DKAVoyK4",
            "19mBDJ3J92h7TZtpZNhC3a6oNRnRjP6EKh",
            "1HE7PwsHHg711GNDjkfXv8dVSra6nuhFFg",
            "1hc7dq8MfsZBvzwb5K67kfCj4H89vYyme"
        ],
        "receiving": [
            "12wDstpKxDFTSYFgWT56DadzX5bJch6SU5",
            "1LdYPAWDB5W2Ck3kPsP4hxVvWtaLgfpynJ",
            "1FAkxtBThnJtXwaNSMX5HiwCiWDZFj4jug",
            "1HWu1hZGk8zDSXCrfiRUECvRh8HJBCUPZZ",
            "17ytVhc8cXp5n14HTzZ7r3c5dUL1nf4o6Q",
            "1Pno5CehBPqsF268STQePmwZaS5JGfbGVG",
            "1DzqjBkBUo9DNophmrauqDJG2yn5H33ZZu",
            "18xipgex5T2htRf6CXAhYLcmhwxJh5Z3oW",
            "1K8ZJXWX3Dc9fMUxwUu2R2pLzvFAQeHbkP",
            "1PoV73GqTr6a9RdPauwpqZUDHKupFATd54",
            "1NxbBFQqYY8TKqMwmn8MgW2zmCXEBaj4Jz",
            "19CdTLr2KyCjhXorzbKtncwU7PfzPXqwiE",
            "1AFS7MBH3VbQ4fzvQpmhDSfAyW9XoKku5K",
            "16sBR2JwYt6m7QtnPfgzA81FXegTBLgvAo",
            "1EitjRVnxuHCMfhg5x56ScXcabV2PeXkVF",
            "1KLWfhUMjkCCte41LccaNgkH6QtFAeFgTc",
            "1K31swGtMvk9eJJUh7qrsLyhafQroXPJs4",
            "1GM3UhyKJAe6ffZETKmTXyeZKbk2LJe4T3",
            "15HYybtxKfcMAL4yV7uAxpFwthKJUR18wm",
            "1BSHSeUPFqAQ8i39jY4WrU6sZb3wNrnaUb"
        ]
    },
    "fiat_value": {},
    "frozen_coins": {},
    "invoices": {},
    "keystore": {
        "derivation": "m",
        "pw_hash_version": 1,
        "root_fingerprint": "2844fef6",
        "seed": "minor zone pool bamboo remain combine already claw medal settle grace capable",
        "seed_type": "standard",
        "type": "bip32",
        "xprv": "xprv9s21ZrQH143K4JGwaa9w3XEogkrDFadPcfjmjjG3pz44STHs2SSH1wVPNxy4Y7K3HtMrcb4f6JCf8HwdKh8iseWcUNrijYeUD4MSco7ipxv",
        "xpub": "xpub661MyMwAqRbcGnMQgbgwQfBYEnghf3MEytfNY7ffPKb3KFd1ZykXZjosEEUPsji6zHoWY4r6AmRNiTq5fpQKcDFbRVxmGnwL1xzevkSNzbG"
    },
    "labels": {},
    "payment_requests": {},
    "prevouts_by_scripthash": {},
    "seed_version": 50,
    "spent_outpoints": {},
    "transactions": {},
    "tx_fees": {},
    "txi": {},
    "txo": {},
    "use_encryption": false,
    "verified_tx3": {},
    "wallet_type": "standard"
}