{
    "addr_history": {
        "128jhVuPpL5q5sKMsWYw1V3pSWqW1TWGks": [],
        "13qwZEJPhkQyPT5iuJR26cpnF6xqR3A5JZ": [],
        "13z9Z1ZrPsErDk4NJUYmGpakBzqCmiESzz": [],
        "14uuvPfQTAv8dxFUqtXMVP55XoSSTVeLwJ": [],
        "15TmynkQHUSZmZGpau8dxJd2y181idcovZ": [],
        "16x1A3A9uUn8TxQSp4FgubXEZf8JHZt123": [],
        "16zvnLWE8ffRp5FDTiTgYZCxSCM14Q3EEW": [],
        "17e8aQSYC1voME3MR5irs1f1f4LrhshG7v": [],
        "18RTgBPNz1ycA7DAACcVZVRhcSCd6rcDjj": [],
        "18fQndod1WoGpazYJ7dH8MBNaVPnvSvYgP": [],
        "195J2iYS8ZPgdc4TGTfdwjtNoEa4a4Spf8": [],
        "19NwdfoDV3fkWFiiA2fpbpu34sYMVhWaUv": [],
        "1ALL3kjBogA4QCbSymztHkWjhPMeUcFcPD": [],
        "1Cn972RAGngfmw5ohrVEVgU2CgYRZffJsv": [],
        "1DJANnxpiSVjA5Y81YPFB1QhLdCYBxKq3N": [],
        "1DYsMGNjWMLqdV6X3Z55c6J2zfmVL9x2uz": [],
        "1DgpF5j6KZxVuYmj481svqAV4YehU3qLBu": [],
        "1DvsoY4pFr4JUGjX1qZiUEuFkWmhTpc6T9": [],
        "1Dwxx5EhzZFut3o72MQpVJLsJ4FSGE2H91": [],
        "1EBNaLGTyFqhU8ac86u9N4vgY9s2tLic5Q": [],
        "1EiQQe86CRYYp5aYxkRQ6DXz5EY9VJeJTB": [],
        "1FPr6W6MsGqL4vw9uNWRwR1Gcoa74tP79P": [],
        "1JnY7J7XVoUBGVeZC1NHR4shBYfYhbpFsY": [],
        "1L7v6MzGjjFeHBypngTMjG5Wxzeeaz5zAf": [],
        "1Lvr4ZYZJzN2Hi9QA1EPnEN3tASSLN3Y9h": [],
        "1MWEevWYzQeF87tnHQNQw3D3jPJoVroCw7": [],
        "1MX3A8GtsxQyQ8Tv4Su9waJ4YucRA49bzQ": [],
        "1N6WH7k3BXPrvu96FwQc97sBSrvYXf198v": [],
        "1PLAePg3dNra3ZHQbk9ewiQEYjrVVKdmv2": [],
        "1SaD5ARMDR7CuUCDtSMJt14hukn3L1RiV": []
    },
    "addresses": {
        "change": [
            "1DgpF5j6KZxVuYmj481svqAV4YehU3qLBu",
            "1Dwxx5EhzZFut3o72MQpVJLsJ4FSGE2H91",
            "1FPr6W6MsGqL4vw9uNWRwR1Gcoa74tP79P",
            "1Lvr4ZYZJzN2Hi9QA1EPnEN3tASSLN3Y9h",
            "13qwZEJPhkQyPT5iuJR26cpnF6xqR3A5JZ",
            "1JnY7J7XVoUBGVeZC1NHR4shBYfYhbpFsY",
            "1EiQQe86CRYYp5aYxkRQ6DXz5EY9VJeJTB",
            "13z9Z1ZrPsErDk4NJUYmGpakBzqCmiESzz",
            "18fQndod1WoGpazYJ7dH8MBNaVPnvSvYgP",
            "1PLAePg3dNra3ZHQbk9ewiQEYjrVVKdmv2"
        ],
        "receiving": [
            "1Cn972RAGngfmw5ohrVEVgU2CgYRZffJsv",
            "1ALL3kjBogA4QCbSymztHkWjhPMeUcFcPD",
            "1MX3A8GtsxQyQ8Tv4Su9waJ4YucRA49bzQ",
            "15TmynkQHUSZmZGpau8dxJd2y181idcovZ",
            "17e8aQSYC1voME3MR5irs1f1f4LrhshG7v",
            "1DJANnxpiSVjA5Y81YPFB1QhLdCYBxKq3N",
            "195J2iYS8ZPgdc4TGTfdwjtNoEa4a4Spf8",
            "1L7v6MzGjjFeHBypngTMjG5Wxzeeaz5zAf",
            "128jhVuPpL5q5sKMsWYw1V3pSWqW1TWGks",
            "1DYsMGNjWMLqdV6X3Z55c6J2zfmVL9x2uz",
            "1SaD5ARMDR7CuUCDtSMJt14hukn3L1RiV",
            "19NwdfoDV3fkWFiiA2fpbpu34sYMVhWaUv",
            "1N6WH7k3BXPrvu96FwQc97sBSrvYXf198v",
            "1MWEevWYzQeF87tnHQNQw3D3jPJoVroCw7",
            "16x1A3A9uUn8TxQSp4FgubXEZf8JHZt123",
            "14uuvPfQTAv8dxFUqtXMVP55XoSSTVeLwJ",
            "1EBNaLGTyFqhU8ac86u9N4vgY9s2tLic5Q",
            "16zvnLWE8ffRp5FDTiTgYZCxSCM14Q3EEW",
            "1DvsoY4pFr4JUGjX1qZiUEuFkWmhTpc6T9",
            "18RTgBPNz1ycA7DAACcVZVRhcSCd6rcDjj"
        ]
    },
    "fiat_value": {},
    "frozen_coins": {},
    "invoices": {},
    "keystore": {
        "derivation": "m",
        "pw_hash_version": 1,
        "root_fingerprint": "2fe61f39",
        "seed": "minor zone pool badge remain combine walnut claw medal settle grace capable",
        "seed_type": "standard",
        "type": "bip32",
        "xprv": "xprv9s21ZrQH143K2rYBGHwphbYF5zR8HarunhL57UJnytJ2PeLhKcdyY1H9AGhDX4JPaNEfWLMPsxEeHyM1Hz6WcA47hFy4kqd5Zw9eL6bgjfA",
        "xpub": "xpub661MyMwAqRbcFLceNKUq4jUye2Fch3am9vFfuriQYDq1GSfqs9xE5obd1XFjTTJtV5uN5PmaL8Srz1TA6xcKXnqBYrdqkSE5UKCM5ZMeMMr"
    },
    "labels": {},
    "payment_requests": {},
    "prevouts_by_scripthash": {},
    "seed_version": 50,
    "spent_outpoints": {},
    "transactions": {},
    "tx_fees": {},
    "txi": {},
    "txo": {},
    "use_encryption": false,
    "verified_tx3": {},
    "wallet_type": "standard"
}