{
    "addr_history": {
        "142VbkaX1u2CUCPp5wM2fEUoDkPpUympq3": [],
        "14SgHK6PgMktkKsAAQGGfwBWk2c8ZdtzHL": [],
        "14iR14SiRA2wbQEXVUS3sVFi1zn3D2eAcA": [],
        "15CBRNMkauiUa7wr1RAmDf6pz9esXqeNNH": [],
        "17SeNs3ya1w112JZzVZhPVpiYZaZYgPNEr": [],
        "19AXn5Q9YxjAYZDvUgS5JKv73wFF5PVRnL": [],
        "19mMiDFCXPxzi4nYZM74FbFa5qrLmd61f3": [],
        "1AF2VdKF1oXGRUm5H3ZwVU2ysCECbSKsej": [],
        "1AmxzkwTzzipuodgCFwveBEt4861WAf5sU": [],
        "1AoG3QRQH1mKxJqEki3caVzcyri4FmoyxM": [],
        "1CaEk5eqW8Z8fvvVQLfJFgVEL8gj6ArVVR": [],
        "1CpvWPB2tdvpFuhxG3kgRL78QY5B2UNtys": [],
        "1DFKDAwYiqsb7sUAgvB2sfXVi7m4gsDTD4": [],
        "1FXHM9ZgVG9eTBYfxP4eQiiRch5CjJUo5B": [],
        "1HLArYpBYR6Xy2parZCfPzq8FfckZvihQr": [],
        "1HdHigJHaQreofDinoesCTym6s5HLdNbYp": [],
        "1Hrhx43s9XSxDq9Jmk1HpSerJwbgKmUvrX": [],
        "1JxTXyhv3kZ5GNeaTkWnCvuNM8GScS5aPp": [],
        "1KJ7MXLEuA924EHHCF2kBTTjA9RzPrL7h3": [],
        "1LHHXLZeGs4cjG6uxSLjMZTW8JqzsXYUoa": [],
        "1LqR8MJWHgfayrR9TFg8sk2ioYkCjHq1iR": [],
        "1MhysZQR5RQ6GnLzrX177yih43ybiXyAM": [],
        "1MsD7EwHinTcRwWzEaHF8aJnHs3SH5y6i9": [],
        "1NKevfo5JPsK3iAH8UwjsWWbTWsigkn4F4": [],
        "1NXDwCHeU2ivBE4YsVL6gaeKHLaHa8Ehfy": [],
        "1NyRzEnMfCvsxVn3RqQQknEDFWKNYMQR1T": [],
        "1P5BgNWp9U3o5FCP2PKTnZmKBKMuJBKPfL": [],
        "1PZnssdyRe8BRqi2uzduX25bh8G5pdGjFc": [],
        "1VYfghNWsuLW2JheE6cjr8NAnKD1ecYzs": [],
        "1wYdXjiS7jfDHW8VimCpc4oxC6tzpLqKR": []
    },
    "addresses": {
        "change": [
            "1VYfghNWsuLW2JheE6cjr8NAnKD1ecYzs",
            "142VbkaX1u2CUCPp5wM2fEUoDkPpUympq3",
            "1KJ7MXLEuA924EHHCF2kBTTjA9RzPrL7h3",
            "1NyRzEnMfCvsxVn3RqQQknEDFWKNYMQR1T",
            "19AXn5Q9YxjAYZDvUgS5JKv73wFF5PVRnL",
            "1NKevfo5JPsK3iAH8UwjsWWbTWsigkn4F4",
            "1AmxzkwTzzipuodgCFwveBEt4861WAf5sU",
            "1MhysZQR5RQ6GnLzrX177yih43ybiXyAM",
            "14iR14SiRA2wbQEXVUS3sVFi1zn3D2eAcA",
            "1LqR8MJWHgfayrR9TFg8sk2ioYkCjHq1iR"
        ],
        "receiving": [
            "1AoG3QRQH1mKxJqEki3caVzcyri4FmoyxM",
            "1MsD7EwHinTcRwWzEaHF8aJnHs3SH5y6i9",
            "1wYdXjiS7jfDHW8VimCpc4oxC6tzpLqKR",
            "1FXHM9ZgVG9eTBYfxP4eQiiRch5CjJUo5B",
            "1DFKDAwYiqsb7sUAgvB2sfXVi7m4gsDTD4",
            "1P5BgNWp9U3o5FCP2PKTnZmKBKMuJBKPfL",
            "1CpvWPB2tdvpFuhxG3kgRL78QY5B2UNtys",
            "19mMiDFCXPxzi4nYZM74FbFa5qrLmd61f3",
            "1JxTXyhv3kZ5GNeaTkWnCvuNM8GScS5aPp",
            "15CBRNMkauiUa7wr1RAmDf6pz9esXqeNNH",
            "1AF2VdKF1oXGRUm5H3ZwVU2ysCECbSKsej",
            "1Hrhx43s9XSxDq9Jmk1HpSerJwbgKmUvrX",
            "14SgHK6PgMktkKsAAQGGfwBWk2c8ZdtzHL",
            "1HdHigJHaQreofDinoesCTym6s5HLdNbYp",
            "1PZnssdyRe8BRqi2uzduX25bh8G5pdGjFc",
            "17SeNs3ya1w112JZzVZhPVpiYZaZYgPNEr",
            "1CaEk5eqW8Z8fvvVQLfJFgVEL8gj6ArVVR",
            "1LHHXLZeGs4cjG6uxSLjMZTW8JqzsXYUoa",
            "1HLArYpBYR6Xy2parZCfPzq8FfckZvihQr",
            "1NXDwCHeU2ivBE4YsVL6gaeKHLaHa8Ehfy"
        ]
    },
    "fiat_value": {},
    "frozen_coins": {},
    "invoices": {},
    "keystore": {
        "derivation": "m",
        "pw_hash_version": 1,
        "root_fingerprint": "3c212137",
        "seed": "minor zone pool actual remain combine expire claw medal settle grace capable",
        "seed_type": "standard",
        "type": "bip32",
        "xprv": "xprv9s21ZrQH143K3fvx1kN5jznY9M4Ly8XKSVP7mGVut6timvneHsicd9iUxUxBw8bJSU6rMwrTf1ULrQegrwjvAsAoDg7YBzdmeHstr1bbM5E",
        "xpub": "xpub661MyMwAqRbcGA1R7mu678jGhNtqNbFAoiJiZeuXSSRhej7nqR2sAx2xoixgM2YPK2NEWtPicMEFXJDw2cshE2cTTDqWfLZdJDfCum5s9dJ"
    },
    "labels": {},
    "payment_requests": {},
    "prevouts_by_scripthash": {},
    "seed_version": 50,
    "spent_outpoints": {},
    "transactions": {},
    "tx_fees": {},
    "txi": {},
    "txo": {},
    "use_encryption": false,
    "verified_tx3": {},
    "wallet_type": "standard"
}