{
    "addr_history": {
        "12UntDuL9z5pJmNuMtRrUfjE2xR1fcBVRG": [],
        "12bYEsP4DCoveUu7vCBHXvovvYwx4b8a6d": [],
        "13H2i4zsXZJVQgpUY4A2Hpa5mAY6Fky964": [],
        "141vdsrv9pY9gj6VQobf7NfWYrm7GsicWo": [],
        "14Ff2wGhFDkqUBzwqjDakUn1ALtwuyW2mo": [],
        "14ZarVkqcfzSoinG3ewQW7gGPe83qnA29H": [],
        "158Zxc8Dm23nGA7gstSigCbmxfKvByZfT9": [],
        "16qhk7geWeQqqJCpR2uUnt4yhhVwM4vDBb": [],
        "16rivW38rMdLVFSNP2kLKMcdRdt3xEdGVz": [],
        "16zkSkuZ8eFF4Mfdhrz2ArzX8Levn23jt7": [],
        "18ycvjCeVoeoPauzqJx6yNsrcEDhKXyZ43": [],
        "19Xw2GDque6oLxcHtb2SWWTP84oPZUkzgM": [],
        "19eH16iWUyZjyYkkGaYhWNbHQkWhGKevYf": [],
        "19zsQMMbUdmrSGUBzJJDTfFrPnz92YSR3E": [],
        "1Akg7TPW1oxyL3oELmy69S4BbUr1XVrFrv": [],
        "1BDUsYJfn868MeoBM8z7uyoMrEmJXgSEnr": [],
        "1DTsdNKw8LDPTg9KmkJbFjCHvGgSbGrWnZ": [],
        "1DwmBQokhWbq2ytAjNNAyUpbWUZzwkUzUL": [],
        "1ET8kL66kjZEH5JEuU4Ta752uMcGRiUjWn": [],
        "1GPaFpa5xiYgUshzDGk38BNeunhg5LSuRK": [],
        "1GTLmkXBvx9hhjtTWSv1kErWvAddEGEnan": [],
        "1GaRMjr58ErKRt1oz6xASU9Aadp7MVTH4g": [],
        "1H8eqjcbqpZddpEncTGMVA5XNq8baP7mNC": [],
        "1KKdYKyd772NXCGiwpzvTZbSv6sNLEmU4e": [],
        "1MmzJeTzbDEbPgG9fHpimCPzyFWiSt5BwC": [],
        "1MxpaLfVsCXa7ZS1ZT8zzDXTVEnwCDv43j": [],
        "1NGAncU2E6kvfAxMsyjph5jBQAMwhYXZJh": [],
        "1PPKAYKoU2d6Jcddhp3HAyDbjYAdFQ54Wq": [],
        "1Q7uy1gR3n7WCSN6Ry2PCBoGaUubbDobcr": [],
        "1W2Yr8Dwi4kxU77xmPFnrY5wsSp3ea1Dh": []
    },
    "addresses": {
        "change": [
            "16qhk7geWeQqqJCpR2uUnt4yhhVwM4vDBb",
            "19eH16iWUyZjyYkkGaYhWNbHQkWhGKevYf",
            "1MxpaLfVsCXa7ZS1ZT8zzDXTVEnwCDv43j",
            "1NGAncU2E6kvfAxMsyjph5jBQAMwhYXZJh",
            "141vdsrv9pY9gj6VQobf7NfWYrm7GsicWo",
            "1BDUsYJfn868MeoBM8z7uyoMrEmJXgSEnr",
            "1W2Yr8Dwi4kxU77xmPFnrY5wsSp3ea1Dh",
            "1GTLmkXBvx9hhjtTWSv1kErWvAddEGEnan",
            "19zsQMMbUdmrSGUBzJJDTfFrPnz92YSR3E",
            "1Q7uy1gR3n7WCSN6Ry2PCBoGaUubbDobcr"
        ],
        "receiving": [
            "1KKdYKyd772NXCGiwpzvTZbSv6sNLEmU4e",
            "1DTsdNKw8LDPTg9KmkJbFjCHvGgSbGrWnZ",
            "18ycvjCeVoeoPauzqJx6yNsrcEDhKXyZ43",
            "13H2i4zsXZJVQgpUY4A2Hpa5mAY6Fky964",
            "1GaRMjr58ErKRt1oz6xASU9Aadp7MVTH4g",
            "12UntDuL9z5pJmNuMtRrUfjE2xR1fcBVRG",
            "14Ff2wGhFDkqUBzwqjDakUn1ALtwuyW2mo",
            "19Xw2GDque6oLxcHtb2SWWTP84oPZUkzgM",
            "12bYEsP4DCoveUu7vCBHXvovvYwx4b8a6d",
            "1ET8kL66kjZEH5JEuU4Ta752uMcGRiUjWn",
            "14ZarVkqcfzSoinG3ewQW7gGPe83qnA29H",
            "1H8eqjcbqpZddpEncTGMVA5XNq8baP7mNC",
            "1Akg7TPW1oxyL3oELmy69S4BbUr1XVrFrv",
            "1PPKAYKoU2d6Jcddhp3HAyDbjYAdFQ54Wq",
            "1DwmBQokhWbq2ytAjNNAyUpbWUZzwkUzUL",
            "16rivW38rMdLVFSNP2kLKMcdRdt3xEdGVz",
            "158Zxc8Dm23nGA7gstSigCbmxfKvByZfT9",
            "1GPaFpa5xiYgUshzDGk38BNeunhg5LSuRK",
            "16zkSkuZ8eFF4Mfdhrz2ArzX8Levn23jt7",
            "1MmzJeTzbDEbPgG9fHpimCPzyFWiSt5BwC"
        ]
    },
    "fiat_value": {},
    "frozen_coins": {},
    "invoices": {},
    "keystore": {
        "derivation": "m",
        "pw_hash_version": 1,
        "root_fingerprint": "06f3e914",
        "seed": "minor zone pool alone remain combine bind claw medal settle grace capable",
        "seed_type": "standard",
        "type": "bip32",
        "xprv": "xprv9s21ZrQH143K3eaMeMxgfZf62eufWvbvkvgHe8opUDoYUw5XLKCUX4G5qUsNQ329QWbxDW45vMAoLk8yH1Q2K6u8PDfrXsie7oezkFNrhax",
        "xpub": "xpub661MyMwAqRbcG8epkPVh2hbpagk9vPKn89btSXDS2ZLXMjQfsrWj4raZgjNLYn14kRw1ENAVSoTeCd2qJDnWGMmR7z9QJXUc8P4KLms6RFN"
    },
    "labels": {},
    "payment_requests": {},
    "prevouts_by_scripthash": {},
    "seed_version": 50,
    "spent_outpoints": {},
    "transactions": {},
    "tx_fees": {},
    "txi": {},
    "txo": {},
    "use_encryption": false,
    "verified_tx3": {},
    "wallet_type": "standard"
}