{
    "addr_history": {
        "13Ym3dRUx6JMWPUwA9t66wfhJA6yWKC8mL": [],
        "14E7UxKC26UvU87PwRZwYDkGviq9HPMyJA": [],
        "155sMbKngkBEqCM7UpwzYV25PU4489yy4E": [],
        "15xfjMUuNWhgvtAudYwZZrujtJ2FtjNqYp": [],
        "16A5mgQgxKRVM4uBjSsQrj2LHBcfNk8Puc": [],
        "16wimscmtmRhkygSvheRwC88pZczp9hALn": [],
        "17HQtr5dPC5SVn45Bor1xKudeyrdgfNHDB": [],
        "17hFB7w1KyLv3nEH8nizLCEmqLUvxwhU52": [],
        "1A6u3ipburVvvGBACWvDYpD6FiypoWoH5H": [],
        "1B2ay8KjrGU6vkMZCr4Dnw74dhJw9yCLtZ": [],
        "1BqRyD3YG4ZcPFaDDkYQZPCoPrh2LaKPon": [],
        "1CDNBJ7PaAEkDgKiMUSM3pmgN5BWpfqP3W": [],
        "1CE7YprfxUzQtfWTYXnM785MxBVAaPDtof": [],
        "1CMVK36iMWAR4kfVrpdkVa7vpuNUziBUPz": [],
        "1EExaRnR2oXdthT7sNEcHg7mnxQNErv4nq": [],
        "1EwvjiJKu7gPrNCgU8jQnfrGEc6kTCR7Ev": [],
        "1F263p9L2RhB4Gs2r4APoteG29S3VYYDx7": [],
        "1GE8UzDi2gMLCBX3j8PuKj8x5xdYhuvfNx": [],
        "1HgJCzZ8CtrSexN7BTVytEviYzHau5g8TW": [],
        "1J8recP2vgqsK7faCL4jmp9XrNeMPVAhCX": [],
        "1JGE3PyQN615V2wdmmMNcXEbLxyWGr2T67": [],
        "1KNGMQmsdHDvmpnN5D7rzZDQCXiMVrcpSy": [],
        "1LsDViZktaXKeohsw5wYZncQYs5xu1nmYK": [],
        "1LuSmRxZRYX1iHkx3PPJKg6GQybSCZ8HYE": [],
        "1N7hbXCwsG5qbjheS9zYppxSgkh7baoiPU": [],
        "1NQEYRPo8EsReMNysDxsPNGxntFTWzXjE3": [],
        "1NRQHgLWNC3jbJqHpbipXoJBFYR3vMhLyC": [],
        "1NWXkMVyBnJ7BpMRvDTkY3U6vCn25KS3gg": [],
        "1P1GD5BsHMGEfGdqqvcEihQ1ejyJGWi7sk": [],
        "1afDJ6gxTocPMPmBXoaxzGf4oLAjXLFMR": []
    },
    "addresses": {
        "change": [
            "1JGE3PyQN615V2wdmmMNcXEbLxyWGr2T67",
            "1NRQHgLWNC3jbJqHpbipXoJBFYR3vMhLyC",
            "1P1GD5BsHMGEfGdqqvcEihQ1ejyJGWi7sk",
            "1J8recP2vgqsK7faCL4jmp9XrNeMPVAhCX",
            "1A6u3ipburVvvGBACWvDYpD6FiypoWoH5H",
            "1NWXkMVyBnJ7BpMRvDTkY3U6vCn25KS3gg",
            "1HgJCzZ8CtrSexN7BTVytEviYzHau5g8TW",
            "1GE8UzDi2gMLCBX3j8PuKj8x5xdYhuvfNx",
            "15xfjMUuNWhgvtAudYwZZrujtJ2FtjNqYp",
            "13Ym3dRUx6JMWPUwA9t66wfhJA6yWKC8mL"
        ],
        "receiving": [
            "1CMVK36iMWAR4kfVrpdkVa7vpuNUziBUPz",
            "17HQtr5dPC5SVn45Bor1xKudeyrdgfNHDB",
            "1LsDViZktaXKeohsw5wYZncQYs5xu1nmYK",
            "1BqRyD3YG4ZcPFaDDkYQZPCoPrh2LaKPon",
            "14E7UxKC26UvU87PwRZwYDkGviq9HPMyJA",
            "16wimscmtmRhkygSvheRwC88pZczp9hALn",
            "1LuSmRxZRYX1iHkx3PPJKg6GQybSCZ8HYE",
            "1N7hbXCwsG5qbjheS9zYppxSgkh7baoiPU",
            "1CDNBJ7PaAEkDgKiMUSM3pmgN5BWpfqP3W",
            "155sMbKngkBEqCM7UpwzYV25PU4489yy4E",
            "16A5mgQgxKRVM4uBjSsQrj2LHBcfNk8Puc",
            "1CE7YprfxUzQtfWTYXnM785MxBVAaPDtof",
            "1EExaRnR2oXdthT7sNEcHg7mnxQNErv4nq",
            "1NQEYRPo8EsReMNysDxsPNGxntFTWzXjE3",
            "1B2ay8KjrGU6vkMZCr4Dnw74dhJw9yCLtZ",
            "1afDJ6gxTocPMPmBXoaxzGf4oLAjXLFMR",
            "1KNGMQmsdHDvmpnN5D7rzZDQCXiMVrcpSy",
            "17hFB7w1KyLv3nEH8nizLCEmqLUvxwhU52",
            "1F263p9L2RhB4Gs2r4APoteG29S3VYYDx7",
            "1EwvjiJKu7gPrNCgU8jQnfrGEc6kTCR7Ev"
        ]
    },
    "fiat_value": {},
    "frozen_coins": {},
    "invoices": {},
    "keystore": {
        "derivation": "m",
        "pw_hash_version": 1,
        "root_fingerprint": "8467aa4b",
        "seed": "minor zone pool around remain combine business claw medal settle grace capable",
        "seed_type": "standard",
        "type": "bip32",
        "xprv": "xprv9s21ZrQH143K3JEK9QPZf29dLxU6AfWi7oKUwfD4JedqS2BTjDu4UPj527i5HaGQc1w1S2oaoFu1seZ134Af2Dauh3Hb7qyXSr29KVg4vJu",
        "xpub": "xpub661MyMwAqRbcFnJnFRva2A6MtzJaa8EZV2F5k3cfrzApJpWcGmDK2C3YsRNFKjJabdRttR6xR5EEkcnszTtZRLRAVWkRBS4iigq9Sv6pwCi"
    },
    "labels": {},
    "payment_requests": {},
    "prevouts_by_scripthash": {},
    "seed_version": 50,
    "spent_outpoints": {},
    "transactions": {},
    "tx_fees": {},
    "txi": {},
    "txo": {},
    "use_encryption": false,
    "verified_tx3": {},
    "wallet_type": "standard"
}