{
    "addr_history": {
        "127ucFE8rotJHRZ6PiNf4nRhp3goEkbuwM": [],
        "12Z4HZ371R75sTVSZ2KfgMepQqFNPgwmYk": [],
        "133VP6j4C2EPVQNL4uwfxnHokfuQ34TRkc": [],
        "16Ck3g3o9e3Ne34yrieXfmwugMd34N3qgw": [],
        "16XoKzcDBjfML6X9VazHkVoYeqCapo1zF6": [],
        "184e47qPMTK1Nyvnkwb7dSJrudjqkH2oqt": [],
        "18CKFfzXBP73K3PdwMqguhmn2Mg1MS38Wg": [],
        "18SXE9fJWS9EuhxKGpJcTvggrEncUEvKVZ": [],
        "18bZ2CS4R8fwFxnJmDCUvtnaoJKr7kqRrS": [],
        "19H6qL1QfmWSQdfGjmnk1Qbv6yEnNVgNcf": [],
        "19RwTDYShc5aoUYvdR3er3uvJ2cwJfjW9k": [],
        "1BZPGkFPenwX2CsaxNJR2MwmJM9j3qqgz4": [],
        "1BrRFtD82QbgXjRPxwCLtaiWTKZ1pSDZsi": [],
        "1Cut2eQ5d4Lmtav2TzGK1LnT9R7pRqGwGZ": [],
        "1DMJQp2SrkBisJuTKMKCF145yidufAwHFE": [],
        "1EXEEzgXt4UqPHtMktu2tB2LLrPBT2UAHK": [],
        "1Ec8UiqvSgRoVbxa51jXppLEuV6v4fPvhv": [],
        "1F2qdMnpraSCRpxuv1iGrfjCt3g45VuLJN": [],
        "1G3J9hMJYMQouYWm1xKY1XNJuab3StRWnT": [],
        "1GAALMFobUAEtfpCLtMTm3KQENZS1pNGHk": [],
        "1GLWqZcDWLsMQdt8DuH7rajaGJhRbZKZhy": [],
        "1Hj1oVwkGJaFdnJAWGGcXUefHky464Wh3": [],
        "1K8i7SkKvyuJwbuBV2n1HnANWYK7aqNVSv": [],
        "1KhGkiez48doHVRasHbrnRDsYJ7qf7X5dP": [],
        "1KmJQSYanPQ1yodiL9rKPLYbBsgxz5go2m": [],
        "1LLmkMrjV2evKkJaUvYmkbqCdeatN3SuKq": [],
        "1N2Dax9BenBpkgwzLAqpucAJLmYtroatgT": [],
        "1NHErN7qPS7wTuK3JRK2jrMuNQy68roMtW": [],
        "1NMY3zyGfQBuhGwE1KSJy8xyg3ffJzz3nR": [],
        "1PRFt98CB7B8WBVkmUnukB5zaSQvNR5RSf": []
    },
    "addresses": {
        "change": [
            "1F2qdMnpraSCRpxuv1iGrfjCt3g45VuLJN",
            "127ucFE8rotJHRZ6PiNf4nRhp3goEkbuwM",
            "1BZPGkFPenwX2CsaxNJR2MwmJM9j3qqgz4",
            "1G3J9hMJYMQouYWm1xKY1XNJuab3StRWnT",
            "1DMJQp2SrkBisJuTKMKCF145yidufAwHFE",
            "1NHErN7qPS7wTuK3JRK2jrMuNQy68roMtW",
            "18CKFfzXBP73K3PdwMqguhmn2Mg1MS38Wg",
            "1KmJQSYanPQ1yodiL9rKPLYbBsgxz5go2m",
            "19RwTDYShc5aoUYvdR3er3uvJ2cwJfjW9k",
            "19H6qL1QfmWSQdfGjmnk1Qbv6yEnNVgNcf"
        ],
        "receiving": [
            "16XoKzcDBjfML6X9VazHkVoYeqCapo1zF6",
            "1BrRFtD82QbgXjRPxwCLtaiWTKZ1pSDZsi",
            "1LLmkMrjV2evKkJaUvYmkbqCdeatN3SuKq",
            "1GAALMFobUAEtfpCLtMTm3KQENZS1pNGHk",
            "1K8i7SkKvyuJwbuBV2n1HnANWYK7aqNVSv",
            "1Hj1oVwkGJaFdnJAWGGcXUefHky464Wh3",
            "1Ec8UiqvSgRoVbxa51jXppLEuV6v4fPvhv",
            "1KhGkiez48doHVRasHbrnRDsYJ7qf7X5dP",
            "1N2Dax9BenBpkgwzLAqpucAJLmYtroatgT",
            "1Cut2eQ5d4Lmtav2TzGK1LnT9R7pRqGwGZ",
            "133VP6j4C2EPVQNL4uwfxnHokfuQ34TRkc",
            "1EXEEzgXt4UqPHtMktu2tB2LLrPBT2UAHK",
            "12Z4HZ371R75sTVSZ2KfgMepQqFNPgwmYk",
            "16Ck3g3o9e3Ne34yrieXfmwugMd34N3qgw",
            "1NMY3zyGfQBuhGwE1KSJy8xyg3ffJzz3nR",
            "1PRFt98CB7B8WBVkmUnukB5zaSQvNR5RSf",
            "184e47qPMTK1Nyvnkwb7dSJrudjqkH2oqt",
            "1GLWqZcDWLsMQdt8DuH7rajaGJhRbZKZhy",
            "18bZ2CS4R8fwFxnJmDCUvtnaoJKr7kqRrS",
            "18SXE9fJWS9EuhxKGpJcTvggrEncUEvKVZ"
        ]
    },
    "fiat_value": {},
    "frozen_coins": {},
    "invoices": {},
    "keystore": {
        "derivation": "m",
        "pw_hash_version": 1,
        "root_fingerprint": "aec25b03",
        "seed": "minor zone pool acoustic remain combine acquire claw medal settle grace capable",
        "seed_type": "standard",
        "type": "bip32",
        "xprv": "xprv9s21ZrQH143K3jsyyj5g9u53y5J96H9t57BmPqrV4nWMWy1MFoSgvUbwan6vFUoEdgAwstaEa9eQmNBY64is9wVD9fa182J6u6jCTAiuHv9",
        "xpub": "xpub661MyMwAqRbcGDxT5kcgX31nX78dVjsjSL7NCEG6d83LPmLVoLkwUGvRS5jvoXGeJoiLFcvPd2jSyLcqo9pxYrtXabGSrjbjEXhDXK5kG3Q"
    },
    "labels": {},
    "payment_requests": {},
    "prevouts_by_scripthash": {},
    "seed_version": 50,
    "spent_outpoints": {},
    "transactions": {},
    "tx_fees": {},
    "txi": {},
    "txo": {},
    "use_encryption": false,
    "verified_tx3": {},
    "wallet_type": "standard"
}