{
    "addr_history": {
        "13XPXfjQc5Mns5kw9ZqGQGGDbdszs5XoPZ": [],
        "13nKkJYX94PW7PiWbtE3jDoNTgFmw5D8RX": [],
        "14t4f8w2FWHafjJUhuMGfnKnJdwwc694zt": [],
        "15Ji1sFBFUMHiGJe2uTDB6k1bJEsAbo3Wh": [],
        "15sR4Qa9ZMvV967aK6VEW1Gow14vb9q5zB": [],
        "16BbLkmeYcPZ8NvoZPyLZxuErzR2SgAgsd": [],
        "16KCCcru9ES7ukMAZxXrWoufDzUpGJGZvZ": [],
        "17h7JEYv5xCqEALFiibeWsrmmea4TAznoe": [],
        "17r6oH1s2wT6Ma52PPZfU1Vxao5f8MsGK2": [],
        "18k1NCjTigfDnBu7wEpYx9VYwphBywMeRE": [],
        "1A1Bia3h8npvZC2eQbr2PnUgAAJeiXZHTK": [],
        "1Awi12ccfdMeqg2RaLQMtmWTVZ1L7uMJoW": [],
        "1B42xNYts6Gt5o8gkqZQzTvoejtjcRC288": [],
        "1B9FGaBB9Y5bqxqvpNGRgR1oXerKpW1fKn": [],
        "1B9TKGPujdbyvHN7GUBuu759W32dNJiwTg": [],
        "1CSaWWnqFYuAfiqtTJKh2BPWFQjTqbbzrE": [],
        "1FsASXCYCZ9Zi643ZZ4yQEoZjVTrsxKFuJ": [],
        "1FtHnku3NDPZVUbxFK6Nr1jpkUBm8BezjC": [],
        "1GUi2hyyZDPqVfxa2rrXQEKCo8qMAQ8Fs1": [],
        "1HTuqaAMsqUDqyjqTa7Bbp4sfRgkx47cfF": [],
        "1HVgWPvhSs1E5he2jfikmCju7f7X43DQvr": [],
        "1Hr7SbAB1a1LP5J6vXWgeYrCeTiw7rMHxS": [],
        "1HrrjouevufMfxZcLLpnYypqz9j6oZ3y23": [],
        "1Hsck2WkqaJovzu7bPfzwumobgUHo74K6Y": [],
        "1KxLyi2f9ck7tjhfdnsLoJZHxW1CMXjChB": [],
        "1LfsVTbi8Q9gkMFjyoYYU7n7ihpTZcNuuK": [],
        "1Mx7z8rsydMkTRUkKv9jC9FZ5GV4X2tfWZ": [],
        "1NMQgEnQztiBeqNHv4CvMH1Z8CEbDoaN3q": [],
        "1NNbdGHuEeZF9V6DsynmDdxrmXuqnrFS6T": [],
        "1NwbrB7nguvDgSL81ZEB3Qkk7Uw4pA6awG": []
    },
    "addresses": {
        "change": [
            "1Hsck2WkqaJovzu7bPfzwumobgUHo74K6Y",
            "1HVgWPvhSs1E5he2jfikmCju7f7X43DQvr",
            "16BbLkmeYcPZ8NvoZPyLZxuErzR2SgAgsd",
            "1Awi12ccfdMeqg2RaLQMtmWTVZ1L7uMJoW",
            "13XPXfjQc5Mns5kw9ZqGQGGDbdszs5XoPZ",
            "1NMQgEnQztiBeqNHv4CvMH1Z8CEbDoaN3q",
            "1NwbrB7nguvDgSL81ZEB3Qkk7Uw4pA6awG",
            "1B9FGaBB9Y5bqxqvpNGRgR1oXerKpW1fKn",
            "1FsASXCYCZ9Zi643ZZ4yQEoZjVTrsxKFuJ",
            "1Mx7z8rsydMkTRUkKv9jC9FZ5GV4X2tfWZ"
        ],
        "receiving": [
            "17r6oH1s2wT6Ma52PPZfU1Vxao5f8MsGK2",
            "1GUi2hyyZDPqVfxa2rrXQEKCo8qMAQ8Fs1",
            "14t4f8w2FWHafjJUhuMGfnKnJdwwc694zt",
            "16KCCcru9ES7ukMAZxXrWoufDzUpGJGZvZ",
            "1B42xNYts6Gt5o8gkqZQzTvoejtjcRC288",
            "1Hr7SbAB1a1LP5J6vXWgeYrCeTiw7rMHxS",
            "13nKkJYX94PW7PiWbtE3jDoNTgFmw5D8RX",
            "18k1NCjTigfDnBu7wEpYx9VYwphBywMeRE",
            "1A1Bia3h8npvZC2eQbr2PnUgAAJeiXZHTK",
            "1NNbdGHuEeZF9V6DsynmDdxrmXuqnrFS6T",
            "17h7JEYv5xCqEALFiibeWsrmmea4TAznoe",
            "1CSaWWnqFYuAfiqtTJKh2BPWFQjTqbbzrE",
            "1HrrjouevufMfxZcLLpnYypqz9j6oZ3y23",
            "1LfsVTbi8Q9gkMFjyoYYU7n7ihpTZcNuuK",
            "1B9TKGPujdbyvHN7GUBuu759W32dNJiwTg",
            "1KxLyi2f9ck7tjhfdnsLoJZHxW1CMXjChB",
            "15sR4Qa9ZMvV967aK6VEW1Gow14vb9q5zB",
            "15Ji1sFBFUMHiGJe2uTDB6k1bJEsAbo3Wh",
            "1HTuqaAMsqUDqyjqTa7Bbp4sfRgkx47cfF",
            "1FtHnku3NDPZVUbxFK6Nr1jpkUBm8BezjC"
        ]
    },
    "fiat_value": {},
    "frozen_coins": {},
    "invoices": {},
    "keystore": {
        "derivation": "m",
        "pw_hash_version": 1,
        "root_fingerprint": "e0879d1d",
        "seed": "minor zone pool absorb remain combine echo claw medal settle grace capable",
        "seed_type": "standard",
        "type": "bip32",
        "xprv": "xprv9s21ZrQH143K4T6kFGrUaABnUR9md8ngsaryT4wSYeJJKvxAtu87pWNT66brSMfX9DYb5eRAk3ojeX1pTe69hMBYeBDBn4gfdkphkwHWvuN",
        "xpub": "xpub661MyMwAqRbcGwBDMJPUwJ8X2SzG2bWYEonaFTM46yqHCjHKSSSNNJgvwPcyqZZteK38or5TW5DPB7mxfrQH3Gse8gnBQcSoae55AE4888M"
    },
    "labels": {},
    "payment_requests": {},
    "prevouts_by_scripthash": {},
    "seed_version": 50,
    "spent_outpoints": {},
    "transactions": {},
    "tx_fees": {},
    "txi": {},
    "txo": {},
    "use_encryption": false,
    "verified_tx3": {},
    "wallet_type": "standard"
}