{
    "addr_history": {
        "12Br2zcdsCqLHm7JF76wZctqf6N585iDUn": [],
        "13H2d3hjfXzHaTYBrc43qQ4SGPHGJCLf5c": [],
        "14Q5y8YoK1bBE6vxT5WCnb2KiZCDXLUiJ3": [],
        "15qtBSAA2om84yhc3vThSeaeJrDgFxLKsk": [],
        "168bVh8xERG9CT1BB1F1gVVyzmYkBfuvjj": [],
        "16KmoVLxi18steKXNkCwD1VAEh6LwqD8rU": [],
        "16uV4qonakFaXw35cscnaGkc6CxDGhya77": [],
        "177FV1bsMKAEuKGqbqvtVhEbFHDktj2HbV": [],
        "17dRz6JEp8y7kt952gqH3XDCPSTV7Gb59j": [],
        "18fg7BaRzRSDW9MQXLRv757VYaDa3q8bcQ": [],
        "19cxzi6ny6fBZUAEhVbzLmvWBNH77AZbnK": [],
        "1A4FRHn4fEjgcXNbWj4kTmLs1srrYhA1HV": [],
        "1AddSFpj3EWTsRXvmnL4uvZihYtCVaPyFi": [],
        "1BTJL1VrvQWgRQj1VZPaLfSPq2pGSZ2AQw": [],
        "1CFBsxJqRB9PZmS8qdpvsreK7CtpDcJ3Eg": [],
        "1CzsPGBoWMvTnnu7DY4114FcyN2Goqoiov": [],
        "1Du4nCZ9sq42tEYYJK4RXCPY3nn2v1mx8a": [],
        "1E3sE2oEt5mDQHhRqPbdEVLvWW78mehpAC": [],
        "1FxDuwZrDpGuZ2fVpGMjcEMfms9bLRHyEj": [],
        "1GBvK9pzJA4nHFherro2uv32Yfg87oXhGo": [],
        "1GpLPKQzWQf9z4BY1XW8ZeZfb3LYuX97NJ": [],
        "1GpisF9D6VcnRSonTHbvjLPLWWXpPSowjm": [],
        "1HhpjsVrGkaKrypTZfRmN1ZWFh5We3ovhd": [],
        "1J816SdFdBDzk3CiCjCBmDAHd3ZZ8ecQ16": [],
        "1Jmv9xddAYmDPGD8b4ozuxkwQFcvThTvsb": [],
        "1LYVwFFVWY4RjxjsbiuZcnP4eVduZsK4Yc": [],
        "1Mjwk3fSEegaabg5tP5SjdtqhaUgyXyzCS": [],
        "1NiPSND8Z4CuLmVp9myJwJoR15ZWZsBsf": [],
        "1NqrDGebgaxREYPuMesJnVb5MPWtvU9qk7": [],
        "1PTqTZvStGVXnmuwcdfrqSZiTbDFVsnkhk": []
    },
    "addresses": {
        "change": [
            "14Q5y8YoK1bBE6vxT5WCnb2KiZCDXLUiJ3",
            "168bVh8xERG9CT1BB1F1gVVyzmYkBfuvjj",
            "1HhpjsVrGkaKrypTZfRmN1ZWFh5We3ovhd",
            "19cxzi6ny6fBZUAEhVbzLmvWBNH77AZbnK",
            "1A4FRHn4fEjgcXNbWj4kTmLs1srrYhA1HV",
            "18fg7BaRzRSDW9MQXLRv757VYaDa3q8bcQ",
            "1FxDuwZrDpGuZ2fVpGMjcEMfms9bLRHyEj",
            "1LYVwFFVWY4RjxjsbiuZcnP4eVduZsK4Yc",
            "12Br2zcdsCqLHm7JF76wZctqf6N585iDUn",
            "1J816SdFdBDzk3CiCjCBmDAHd3ZZ8ecQ16"
        ],
        "receiving": [
            "1CFBsxJqRB9PZmS8qdpvsreK7CtpDcJ3Eg",
            "1AddSFpj3EWTsRXvmnL4uvZihYtCVaPyFi",
            "1Jmv9xddAYmDPGD8b4ozuxkwQFcvThTvsb",
            "1GBvK9pzJA4nHFherro2uv32Yfg87oXhGo",
            "1Mjwk3fSEegaabg5tP5SjdtqhaUgyXyzCS",
            "1Du4nCZ9sq42tEYYJK4RXCPY3nn2v1mx8a",
            "15qtBSAA2om84yhc3vThSeaeJrDgFxLKsk",
            "177FV1bsMKAEuKGqbqvtVhEbFHDktj2HbV",
            "1GpisF9D6VcnRSonTHbvjLPLWWXpPSowjm",
            "1PTqTZvStGVXnmuwcdfrqSZiTbDFVsnkhk",
            "1NiPSND8Z4CuLmVp9myJwJoR15ZWZsBsf",
            "1CzsPGBoWMvTnnu7DY4114FcyN2Goqoiov",
            "16KmoVLxi18steKXNkCwD1VAEh6LwqD8rU",
            "13H2d3hjfXzHaTYBrc43qQ4SGPHGJCLf5c",
            "17dRz6JEp8y7kt952gqH3XDCPSTV7Gb59j",
            "1E3sE2oEt5mDQHhRqPbdEVLvWW78mehpAC",
            "1GpLPKQzWQf9z4BY1XW8ZeZfb3LYuX97NJ",
            "1NqrDGebgaxREYPuMesJnVb5MPWtvU9qk7",
            "1BTJL1VrvQWgRQj1VZPaLfSPq2pGSZ2AQw",
            "16uV4qonakFaXw35cscnaGkc6CxDGhya77"
        ]
    },
    "fiat_value": {},
    "frozen_coins": {},
    "invoices": {},
    "keystore": {
        "derivation": "m",
        "pw_hash_version": 1,
        "root_fingerprint": "8cdbd65e",
        "seed": "minor zone pool amused remain combine click claw medal settle grace capable",
        "seed_type": "standard",
        "type": "bip32",
        "xprv": "xprv9s21ZrQH143K2s51CTYaehFxEMzRDHjZmLbacUGpszBT3yUo131Zj6mete68sq8n3wKza93ArpNpeLYcYSVAYD4yf89xzF7h1ipz9VzMBs7",
        "xpub": "xpub661MyMwAqRbcFM9UJV5b1qCgnPpuckTR8ZXBQrgSSKiRvmowYaKpGu68jshcuzTKWGXsqMup7ytfYTSz8QTybSaQZ8E2Sgn98EbUK9gUwAN"
    },
    "labels": {},
    "payment_requests": {},
    "prevouts_by_scripthash": {},
    "seed_version": 50,
    "spent_outpoints": {},
    "transactions": {},
    "tx_fees": {},
    "txi": {},
    "txo": {},
    "use_encryption": false,
    "verified_tx3": {},
    "wallet_type": "standard"
}