{
    "addr_history": {
        "123BYSnz2218L7j4nCpg1fM74Vxdy37vrE": [],
        "12cqYQ1ddUgvisNsjzLpB1uNty9CzXiQLr": [],
        "12iupszWLB4bXrJnJXmDdf2SnZppJ475He": [],
        "139cgmosKyB5jF3Q99PjX9BnL4eYuB9xL3": [],
        "13ApA8YnTCeXR1S4VjqwatGvaLdg5v6qdN": [],
        "14VEcB5EvhEsgfCEG1aCjMr6u8zKLa91PV": [],
        "14vJvedmZqs92xGBXMHwstnTb5bMS3ZKBq": [],
        "17QuUpycfwzfVjwCMeqKy7jAiS4EGoYDrX": [],
        "1A1Lyojz2UDF9Fn8nW6rjDhpspNCQHEsQt": [],
        "1A7EjHXdhN4gSwg6eNuzSpHpxqqVLU95PL": [],
        "1AF9ezzHwjG9MQTyFSsBeW3xdwFdHNApmZ": [],
        "1Be3avBCtJjdX5bRRwqW9iET5y1V65f9en": [],
        "1C9YBGD9wDp8DDSjwda4sBNWE4uTKfBv4t": [],
        "1CVpBFQCH3iz35qx2uvEQKF5zGkxYqwMpc": [],
        "1Cr1QZkGSTS6RMSWFEpM2oBo33i69RBpvL": [],
        "1EaFwGie4Ag5CJwSFF5QfGf2L4a3L5AmWr": [],
        "1Hm1iSYz5m62kbCu85JtUHo5qusxbygqWZ": [],
        "1J9cYPFxvdyZEwqp3NxbdKPzLkiqscXcER": [],
        "1JCaj2xyjTzyGAFn4UuzvVYCAm1JyK3D3": [],
        "1JSky9ieBVrz3jKoxQKM4QqiyPTW8rFZNE": [],
        "1JUaoFewu6xB44naNUkdkiPs1fw5e2mGxr": [],
        "1JUj3SD4QLnAP2U372cE3X7YoXRVY4vSac": [],
        "1KZ6BeDHUieQWG5XLnDXU2PwHKn7Ebv2Eb": [],
        "1KxcKQExpkbDfk4z85x2nKwcBT5mQSHX7U": [],
        "1LEKntU1W5UkFYrJxtk1f92yipquXMEQnc": [],
        "1NX2EpTkYFccRCehQse6RXfERWEd8fn2HB": [],
        "1NZZjuHmWLTRoi9Po2RrzEwSzoFyjQtmkL": [],
        "1NcyUGChd4kEmhrJE6E7Ed6fREdsEb5BHt": [],
        "1P1hdQ1nw1hLdgQYDoyxc8Wsa7xXWm2xTc": [],
        "1PE6wUykxcJpzRLDBP9ANNZ2qbJrLSdqGN": []
    },
    "addresses": {
        "change": [
            "14vJvedmZqs92xGBXMHwstnTb5bMS3ZKBq",
            "1PE6wUykxcJpzRLDBP9ANNZ2qbJrLSdqGN",
            "1C9YBGD9wDp8DDSjwda4sBNWE4uTKfBv4t",
            "12iupszWLB4bXrJnJXmDdf2SnZppJ475He",
            "1JSky9ieBVrz3jKoxQKM4QqiyPTW8rFZNE",
            "123BYSnz2218L7j4nCpg1fM74Vxdy37vrE",
            "1NZZjuHmWLTRoi9Po2RrzEwSzoFyjQtmkL",
            "17QuUpycfwzfVjwCMeqKy7jAiS4EGoYDrX",
            "1NcyUGChd4kEmhrJE6E7Ed6fREdsEb5BHt",
            "1JUaoFewu6xB44naNUkdkiPs1fw5e2mGxr"
        ],
        "receiving": [
            "139cgmosKyB5jF3Q99PjX9BnL4eYuB9xL3",
            "1NX2EpTkYFccRCehQse6RXfERWEd8fn2HB",
            "14VEcB5EvhEsgfCEG1aCjMr6u8zKLa91PV",
            "1EaFwGie4Ag5CJwSFF5QfGf2L4a3L5AmWr",
            "1J9cYPFxvdyZEwqp3NxbdKPzLkiqscXcER",
            "1Hm1iSYz5m62kbCu85JtUHo5qusxbygqWZ",
            "1P1hdQ1nw1hLdgQYDoyxc8Wsa7xXWm2xTc",
            "1LEKntU1W5UkFYrJxtk1f92yipquXMEQnc",
            "12cqYQ1ddUgvisNsjzLpB1uNty9CzXiQLr",
            "1AF9ezzHwjG9MQTyFSsBeW3xdwFdHNApmZ",
            "1JCaj2xyjTzyGAFn4UuzvVYCAm1JyK3D3",
            "1Cr1QZkGSTS6RMSWFEpM2oBo33i69RBpvL",
            "1Be3avBCtJjdX5bRRwqW9iET5y1V65f9en",
            "13ApA8YnTCeXR1S4VjqwatGvaLdg5v6qdN",
            "1KZ6BeDHUieQWG5XLnDXU2PwHKn7Ebv2Eb",
            "1JUj3SD4QLnAP2U372cE3X7YoXRVY4vSac",
            "1CVpBFQCH3iz35qx2uvEQKF5zGkxYqwMpc",
            "1KxcKQExpkbDfk4z85x2nKwcBT5mQSHX7U",
            "1A1Lyojz2UDF9Fn8nW6rjDhpspNCQHEsQt",
            "1A7EjHXdhN4gSwg6eNuzSpHpxqqVLU95PL"
        ]
    },
    "fiat_value": {},
    "frozen_coins": {},
    "invoices": {},
    "keystore": {
        "derivation": "m",
        "pw_hash_version": 1,
        "root_fingerprint": "28b39150",
        "seed": "minor zone pool announce remain combine come claw medal settle grace capable",
        "seed_type": "standard",
        "type": "bip32",
        "xprv": "xprv9s21ZrQH143K2uRWgT73YxP3V3PurEzxEEzELLwuvLNyFZvaj79gTxvjyqCsgymYzwVJFD9WfcEtnhcFx6zFC6yFBtaLi9psAnpG41goY8Q",
        "xpub": "xpub661MyMwAqRbcFPVynUe3v6Kn35EQFhiobTuq8jMXUfux8NFjGeTw1mFDq8JAvuhWdwzHeJQNGmVJYtzmb29MP3uFDuLRtKaVg6A6kKTEeQu"
    },
    "labels": {},
    "payment_requests": {},
    "prevouts_by_scripthash": {},
    "seed_version": 50,
    "spent_outpoints": {},
    "transactions": {},
    "tx_fees": {},
    "txi": {},
    "txo": {},
    "use_encryption": false,
    "verified_tx3": {},
    "wallet_type": "standard"
}