{
    "addr_history": {
        "126xNR4RRqwM8vgyHxkEV8uLJTKL2pP3Vz": [],
        "12qjGZeZnHuhSkKSTTXTMMUiybS1uraCDD": [],
        "12wKu4CZ5BcwfJTANaTbGr2kTZmA7N1rvn": [],
        "13s6wVoKkkrcWV2f1J333Jb5TBGZ1ZvRS6": [],
        "14KFSmJYq3F2DccGnje9NCGF7gXfwH4KZt": [],
        "19jdgke8h8i5tFc6k15QSNkQFmGeLLWDxu": [],
        "1AYvDTwgg9GYFo55kkWtqPjE7UEn1srZiC": [],
        "1BkCRTgHHv8GFqVYGWptmUqECsnfS1XDw4": [],
        "1CViBrLnqyqMrjdNTiTDiftorA8TEwWVkH": [],
        "1CXx2D1iHMjGBsF6th5GmYLrbQVz7GAnpd": [],
        "1CcV2qyAjQsex3RxuJSh22T69z66KzDSXq": [],
        "1Dm8Yx2jRyu8tkhBo33GiwdfvyggSc8qdg": [],
        "1Eh8b7gYZRSy9zQQCB8PRmn8mHaAGrUeiq": [],
        "1EjiiqwVtDhsgfcby4B86Gqy9rxkj9p6aD": [],
        "1GJh9XkQPJdGw4xYn6hUyuYeqvSyDKH78r": [],
        "1GfqAbXEHoVcDF3HXJDvGTxx3Lh8yaJhCo": [],
        "1HftrPpT6a6w31oYMMQoyMM2SgsPYRbio4": [],
        "1Hno2tcuaGbhrqGJdtSxww4KkzNbftUPa6": [],
        "1HuJ4SZughNivdoo9ZnS1YfKdMV4sxX8ki": [],
        "1K77P5kR7cQHtKCzckZgZuyKGpfLPFEWDR": [],
        "1KAw854c3jnjYb6BJheYKGd1gXGBvFLcCP": [],
        "1KeCFkcHQA1YtHYatG475PebugscV6vMcb": [],
        "1M59udkziSLkNQAc9myw2PWjVrLsqQW38v": [],
        "1MMJCrB46QoSLR3LPPvxZHJaARsisc7yS9": [],
        "1N4mNZEC8G8PnYHpGpmmThW2PR4ymPH3nT": [],
        "1NMw2BaGiShpusTcwGQ1xdhs4eJEcZ7rTR": [],
        "1NRuqcQA4XywfBkMFYA8mw6F7cdy4iBqiX": [],
        "1NY2Dza6FDREVoyUWKKUuQ66AMvfMxMVvx": [],
        "1hvvBYboyyV47GTC17Cs8ZRfb9sySwpXF": [],
        "1x5g4aBMrLNktANHUbU8iLTMDQvMrujP2": []
    },
    "addresses": {
        "change": [
            "1CViBrLnqyqMrjdNTiTDiftorA8TEwWVkH",
            "1M59udkziSLkNQAc9myw2PWjVrLsqQW38v",
            "1Eh8b7gYZRSy9zQQCB8PRmn8mHaAGrUeiq",
            "1K77P5kR7cQHtKCzckZgZuyKGpfLPFEWDR",
            "1GfqAbXEHoVcDF3HXJDvGTxx3Lh8yaJhCo",
            "12qjGZeZnHuhSkKSTTXTMMUiybS1uraCDD",
            "19jdgke8h8i5tFc6k15QSNkQFmGeLLWDxu",
            "1N4mNZEC8G8PnYHpGpmmThW2PR4ymPH3nT",
            "1x5g4aBMrLNktANHUbU8iLTMDQvMrujP2",
            "1Hno2tcuaGbhrqGJdtSxww4KkzNbftUPa6"
        ],
        "receiving": [
            "1Dm8Yx2jRyu8tkhBo33GiwdfvyggSc8qdg",
            "1AYvDTwgg9GYFo55kkWtqPjE7UEn1srZiC",
            "1NMw2BaGiShpusTcwGQ1xdhs4eJEcZ7rTR",
            "1EjiiqwVtDhsgfcby4B86Gqy9rxkj9p6aD",
            "1HuJ4SZughNivdoo9ZnS1YfKdMV4sxX8ki",
            "126xNR4RRqwM8vgyHxkEV8uLJTKL2pP3Vz",
            "12wKu4CZ5BcwfJTANaTbGr2kTZmA7N1rvn",
            "14KFSmJYq3F2DccGnje9NCGF7gXfwH4KZt",
            "1KeCFkcHQA1YtHYatG475PebugscV6vMcb",
            "1KAw854c3jnjYb6BJheYKGd1gXGBvFLcCP",
            "1CcV2qyAjQsex3RxuJSh22T69z66KzDSXq",
            "1MMJCrB46QoSLR3LPPvxZHJaARsisc7yS9",
            "1NRuqcQA4XywfBkMFYA8mw6F7cdy4iBqiX",
            "1BkCRTgHHv8GFqVYGWptmUqECsnfS1XDw4",
            "1CXx2D1iHMjGBsF6th5GmYLrbQVz7GAnpd",
            "1hvvBYboyyV47GTC17Cs8ZRfb9sySwpXF",
            "1GJh9XkQPJdGw4xYn6hUyuYeqvSyDKH78r",
            "1HftrPpT6a6w31oYMMQoyMM2SgsPYRbio4",
            "13s6wVoKkkrcWV2f1J333Jb5TBGZ1ZvRS6",
            "1NY2Dza6FDREVoyUWKKUuQ66AMvfMxMVvx"
        ]
    },
    "fiat_value": {},
    "frozen_coins": {},
    "invoices": {},
    "keystore": {
        "derivation": "m",
        "pw_hash_version": 1,
        "root_fingerprint": "b92bbc5f",
        "seed": "minor zone pool antenna remain combine ghost claw medal settle grace capable",
        "seed_type": "standard",
        "type": "bip32",
        "xprv": "xprv9s21ZrQH143K2cD6AUcJYr9QZVZBeQ5Uj3yDyNoWgaa1smRHBqYVyK5kikhs9i6ZHMT5UuuBpXxYKWSw47eqHHjraQsYMtYfbHYQTQD1bDw",
        "xpub": "xpub661MyMwAqRbcF6HZGW9Juz697XPg3roL6GtpmmD8Ev6zkZkRjNrkX7QEa28gUVQxemaJZqdJWHeCcjp1Y9yU4fUZjdxmnkUybCL8WmoC7Ai"
    },
    "labels": {},
    "payment_requests": {},
    "prevouts_by_scripthash": {},
    "seed_version": 50,
    "spent_outpoints": {},
    "transactions": {},
    "tx_fees": {},
    "txi": {},
    "txo": {},
    "use_encryption": false,
    "verified_tx3": {},
    "wallet_type": "standard"
}