{
    "addr_history": {
        "12gaEbYpqWkh2S61q6Q9R3R2Wb77suWDdu": [],
        "12pcsQpFwsH7zRFr6dG9rtpFiqXCs2cEBH": [],
        "12zJKss3xAafzGHtmD3pwnVNAwApMsMFdq": [],
        "13rQgSrhU5WqQNcTLZw8yrFtbpUweepxuS": [],
        "17VvnV7Nt22pnw1QsXZifkvzANcPLK9FFU": [],
        "18GqkmL8ykLgpkEs6LHF15jx6EBXeZPhqK": [],
        "18gSF7L1Z3AU7HJeieyWPMXfpxzsx4VoTY": [],
        "1ACfSZ4z3uDinoy7VvEXH1TpkpMCyN4rKK": [],
        "1ASGigVbriqZDKJUbDFqeTDrLKChWECbj8": [],
        "1AzNfusGondHReKFq3gF2La6wC6XNywWK8": [],
        "1CDBMd5VXTy8m8KUZwgDkcfTF7tP717kAR": [],
        "1CcHJP11JEBXGoBkPT7phcKLF6qxfuLMye": [],
        "1CdR2bpbL1fSfg62sgMppAENdPmK3LMhx": [],
        "1D5qLzUUoV7gqgxocboK4VmfeSoASe4wn5": [],
        "1DyMmxSZ6Dbjvm4winCFqK1m6ggjNM3Lc8": [],
        "1F8vroTKZStw8Rs4x7zMjN2sBunwZsRWR3": [],
        "1Ft5cwyPKpmCb1oNtSKTXya4gssSj48r6g": [],
        "1G5J6BjcHWGLRq5D8Jxw3b2wbt4d27BVAc": [],
        "1HsXGuoDFMWcTQf6zYKpXNtVKxABFdCG4A": [],
        "1JK2aPNMC24V8sZgMd9Ck5KTZcVvXNByuX": [],
        "1JNWj9pAT4MmdodE7pNqKtVVaeyK7aQoqJ": [],
        "1KJkqZ9ZsgaoyiqX2qSr3zZSLyBnwEBQQX": [],
        "1L7NsJtdiMgKFcgTkHwrAVtHJDuYV3JGB4": [],
        "1LGxrnbNGM71s8hSkqkwqVMaSocAHkjWAL": [],
        "1MKiW5ga1tCAohGQnhKRV197TcC6Uabr9L": [],
        "1NXMimXtGkK7JosuwiBejob4WaBNhL9ciN": [],
        "1NYAwugjhPRGA1bnPr1Vszq3tuSx85RKjs": [],
        "1P5xfvPVxZYfJbFUn6iYkRpz1w7rrXFbVu": [],
        "1QDfkQHHYunREhHp3YZsQb9U6u5e3FyQ8t": [],
        "1n6oqnVYAfMSYV1gwpnoxHuRH19SNhU2W": []
    },
    "addresses": {
        "change": [
            "1n6oqnVYAfMSYV1gwpnoxHuRH19SNhU2W",
            "1P5xfvPVxZYfJbFUn6iYkRpz1w7rrXFbVu",
            "1KJkqZ9ZsgaoyiqX2qSr3zZSLyBnwEBQQX",
            "12pcsQpFwsH7zRFr6dG9rtpFiqXCs2cEBH",
            "1MKiW5ga1tCAohGQnhKRV197TcC6Uabr9L",
            "12zJKss3xAafzGHtmD3pwnVNAwApMsMFdq",
            "1D5qLzUUoV7gqgxocboK4VmfeSoASe4wn5",
            "12gaEbYpqWkh2S61q6Q9R3R2Wb77suWDdu",
            "18gSF7L1Z3AU7HJeieyWPMXfpxzsx4VoTY",
            "1CdR2bpbL1fSfg62sgMppAENdPmK3LMhx"
        ],
        "receiving": [
            "1QDfkQHHYunREhHp3YZsQb9U6u5e3FyQ8t",
            "1LGxrnbNGM71s8hSkqkwqVMaSocAHkjWAL",
            "17VvnV7Nt22pnw1QsXZifkvzANcPLK9FFU",
            "1JNWj9pAT4MmdodE7pNqKtVVaeyK7aQoqJ",
            "13rQgSrhU5WqQNcTLZw8yrFtbpUweepxuS",
            "1ASGigVbriqZDKJUbDFqeTDrLKChWECbj8",
            "1NYAwugjhPRGA1bnPr1Vszq3tuSx85RKjs",
            "1ACfSZ4z3uDinoy7VvEXH1TpkpMCyN4rKK",
            "1AzNfusGondHReKFq3gF2La6wC6XNywWK8",
            "1Ft5cwyPKpmCb1oNtSKTXya4gssSj48r6g",
            "1F8vroTKZStw8Rs4x7zMjN2sBunwZsRWR3",
            "1L7NsJtdiMgKFcgTkHwrAVtHJDuYV3JGB4",
            "1NXMimXtGkK7JosuwiBejob4WaBNhL9ciN",
            "1CDBMd5VXTy8m8KUZwgDkcfTF7tP717kAR",
            "1G5J6BjcHWGLRq5D8Jxw3b2wbt4d27BVAc",
            "18GqkmL8ykLgpkEs6LHF15jx6EBXeZPhqK",
            "1CcHJP11JEBXGoBkPT7phcKLF6qxfuLMye",
            "1HsXGuoDFMWcTQf6zYKpXNtVKxABFdCG4A",
            "1DyMmxSZ6Dbjvm4winCFqK1m6ggjNM3Lc8",
            "1JK2aPNMC24V8sZgMd9Ck5KTZcVvXNByuX"
        ]
    },
    "fiat_value": {},
    "frozen_coins": {},
    "invoices": {},
    "keystore": {
        "derivation": "m",
        "pw_hash_version": 1,
        "root_fingerprint": "dc2c68ff",
        "seed": "minor zone pool ball remain combine horn claw medal settle grace capable",
        "seed_type": "standard",
        "type": "bip32",
        "xprv": "xprv9s21ZrQH143K4TkEg5H69hgiAR3uVNgt2UwiJg2bcWeKtCEHmUyJQVuf2HZT2dra6vxDiPBVHvufLPiWUxAtzrerniApx6jzALfz5yAs9TE",
        "xpub": "xpub661MyMwAqRbcGwphn6p6WqdSiStPtqQjPhsK74SDArBJkzZSK2HYxJE8saZhTu8MWFt46ynQG7fqeny6y6x6ubbBVdojdU2zqhwQj2WLTPc"
    },
    "labels": {},
    "payment_requests": {},
    "prevouts_by_scripthash": {},
    "seed_version": 50,
    "spent_outpoints": {},
    "transactions": {},
    "tx_fees": {},
    "txi": {},
    "txo": {},
    "use_encryption": false,
    "verified_tx3": {},
    "wallet_type": "standard"
}