{
    "addr_history": {
        "123CQV8bMd9FB85qcC7NT1gfMkdqzKunJh": [],
        "132mMQmm3EfkVkrt47Z9ksdmo4mceb3ZRo": [],
        "133S55nr3SB7QG5PAVkhRG2oTiavZCnACQ": [],
        "13pen1tBr8wxcxX3zqXqKGdwUj7YEyTrzH": [],
        "14JNuxNqY7wkKuVmxBxdwQT9f79x8VcvyR": [],
        "14zfhRpYDpL1LX4KJGqUtqn2AwprMCeKL4": [],
        "15aRDQU5egffM36fxRudHm8sYonxyJHQL3": [],
        "15kfAstzpcdQeeauyzAsmBoXFZv5x9ULoZ": [],
        "15p2GqMQdEpfm5GUefcqPnEmA2GjU7akkL": [],
        "165e3dWqNKQZe8vhsravyhmiR7BSjSj3Ls": [],
        "16o6c5umUAgugZRzjTKQPwTpg8mMVUwVq2": [],
        "16vHVqxX9oUZ1SUVCBabUD2AgGuZ2Jfadu": [],
        "17ZjyqVpQX1xsxKigesfZrxpHphYfATqMH": [],
        "19AA9DwZbQUUk3Wd8HoBr5Lh1xXVhYntwM": [],
        "19qCdrxijtVjUjHCBBcta8SbUVkQkvqLiK": [],
        "1ALg1dS3zQzBuMe9c92Kvaj5mLtvNKFFgf": [],
        "1BrmFcmPMpWopsznrCcxdY6A2mEW1YxDqT": [],
        "1D76ZF6DZLwTbXf3rpzxHoyxgg6qBub5Yo": [],
        "1DWoQTtyLhAKNBSvQ8V9ixsGDtSfVnEeYU": [],
        "1EF6RfBbX8GAqDzMAUgNVjtVvHCZqnyKZH": [],
        "1EFkENF1sQcECwzzkHqehKkxQCnLYgEJnL": [],
        "1GCsiVX4UChu6cnLA8htn4gHtuU7ZpCw64": [],
        "1GrwW9vkSa1S48bohjMzTKEPrEFrjqm2NK": [],
        "1GxuRpxJZLyvTDH7QaJXUX9oupuo32X2YE": [],
        "1JbGoQi5fJfghDYkL3PN9hRyhr4Z5Eiysm": [],
        "1Km9FnWV4mVvCbNeM6DHUDEfouqWPRAF3Y": [],
        "1Mntuk7VAPsa8UQyCKU3N9nVueAxV4sLcj": [],
        "1PZMRpwYXCdUh2H9PeeqkWyaYVpqJaoP1U": [],
        "1QD2fkJFThbVYXukQkdJNzDk5NwZSoFZWi": [],
        "1eieep5x9esUhctVSfLxXz8YYdQF7zzq2": []
    },
    "addresses": {
        "change": [
            "1GCsiVX4UChu6cnLA8htn4gHtuU7ZpCw64",
            "165e3dWqNKQZe8vhsravyhmiR7BSjSj3Ls",
            "1ALg1dS3zQzBuMe9c92Kvaj5mLtvNKFFgf",
            "1Mntuk7VAPsa8UQyCKU3N9nVueAxV4sLcj",
            "15kfAstzpcdQeeauyzAsmBoXFZv5x9ULoZ",
            "15aRDQU5egffM36fxRudHm8sYonxyJHQL3",
            "123CQV8bMd9FB85qcC7NT1gfMkdqzKunJh",
            "14JNuxNqY7wkKuVmxBxdwQT9f79x8VcvyR",
            "17ZjyqVpQX1xsxKigesfZrxpHphYfATqMH",
            "1eieep5x9esUhctVSfLxXz8YYdQF7zzq2"
        ],
        "receiving": [
            "1EF6RfBbX8GAqDzMAUgNVjtVvHCZqnyKZH",
            "1D76ZF6DZLwTbXf3rpzxHoyxgg6qBub5Yo",
            "1QD2fkJFThbVYXukQkdJNzDk5NwZSoFZWi",
            "1JbGoQi5fJfghDYkL3PN9hRyhr4Z5Eiysm",
            "1GrwW9vkSa1S48bohjMzTKEPrEFrjqm2NK",
            "16o6c5umUAgugZRzjTKQPwTpg8mMVUwVq2",
            "16vHVqxX9oUZ1SUVCBabUD2AgGuZ2Jfadu",
            "15p2GqMQdEpfm5GUefcqPnEmA2GjU7akkL",
            "132mMQmm3EfkVkrt47Z9ksdmo4mceb3ZRo",
            "13pen1tBr8wxcxX3zqXqKGdwUj7YEyTrzH",
            "19qCdrxijtVjUjHCBBcta8SbUVkQkvqLiK",
            "1PZMRpwYXCdUh2H9PeeqkWyaYVpqJaoP1U",
            "1BrmFcmPMpWopsznrCcxdY6A2mEW1YxDqT",
            "1GxuRpxJZLyvTDH7QaJXUX9oupuo32X2YE",
            "14zfhRpYDpL1LX4KJGqUtqn2AwprMCeKL4",
            "1Km9FnWV4mVvCbNeM6DHUDEfouqWPRAF3Y",
            "133S55nr3SB7QG5PAVkhRG2oTiavZCnACQ",
            "1EFkENF1sQcECwzzkHqehKkxQCnLYgEJnL",
            "1DWoQTtyLhAKNBSvQ8V9ixsGDtSfVnEeYU",
            "19AA9DwZbQUUk3Wd8HoBr5Lh1xXVhYntwM"
        ]
    },
    "fiat_value": {},
    "frozen_coins": {},
    "invoices": {},
    "keystore": {
        "derivation": "m",
        "pw_hash_version": 1,
        "root_fingerprint": "855623f7",
        "seed": "minor zone pool awkward remain combine loop claw medal settle grace capable",
        "seed_type": "standard",
        "type": "bip32",
        "xprv": "xprv9s21ZrQH143K2P3pBWAhh444nWBXB3D7Tion9EMYmfNmE1EmspgN1o5MX3ARXsMGrT1rMUhTkGYeCjpx31Xss1k242nBzLAustRT4QwtLN2",
        "xpub": "xpub661MyMwAqRbcEs8HHXhi4BzoLY21aVvxpwjNwcmAKzuk6oZvRMzcZbPqNHdMFkQnuoNYe77fEjeHWWCmzdxPCDCmUDeqEyThLrgprt8z2dN"
    },
    "labels": {},
    "payment_requests": {},
    "prevouts_by_scripthash": {},
    "seed_version": 50,
    "spent_outpoints": {},
    "transactions": {},
    "tx_fees": {},
    "txi": {},
    "txo": {},
    "use_encryption": false,
    "verified_tx3": {},
    "wallet_type": "standard"
}