{
    "addr_history": {
        "bc1q0ysng4n4an2fcl0cujurvzcd5sqv0fgjsjumhn": [],
        "bc1q4uvsg3hugjck62m2mvyctz3rlus898tplah9vn": [],
        "bc1q6ayhsg5re36mc4qs4cv7z3haepqd6lnql2u2kt": [],
        "bc1q86nzr9rf3yl2c38xrmxnveeqy9y36kuhtl39rf": [],
        "bc1q9t664200z68sck0gps5wyn94dwu7tu9mzjutls": [],
        "bc1qdm0crxkkk3mgasx4x24pe7xcsext8shr6smrp5": [],
        "bc1qfarfn83cyv8l49zkc6rfjfg50p9hps64s9chr4": [],
        "bc1qfkjktmmsagvel7xnf090yzu4q8nvnu77nmrr5j": [],
        "bc1qg9yzp8mawerawermyh8swhnt7lu0fx7wphhq6y": [],
        "bc1qjse2r05j0ynxs7da932nt3r4e0gc8l6mrt3fn0": [],
        "bc1qjtqs258f7cpe9amn7g57d5c0v7094sdyqrjfts": [],
        "bc1qkkwzz9njkh7yhayt9snxyrrzh6d5xjg89h5kgr": [],
        "bc1qkygjg9q94uycx2s7626z3v3dgthh437nx3jx28": [],
        "bc1ql4xqcqvh52dga3lk55xcwndhx6tt2w8yugflf7": [],
        "bc1qldns95qxm6qj6n6kgth72dpkqjm9xehf3eemtj": [],
        "bc1qmea2et83u7smvevg820kmpdzrm3dvs6uw3tcgd": [],
        "bc1qmfe7l93pnpux44eygt58skdsdhll79703g925z": [],
        "bc1qmqpjd0jes670yt40cqz5vg80pww9rmmaek99w5": [],
        "bc1qp0s3wqjyrssp8dlp94ysdrh4wgvvr8kjtj772x": [],
        "bc1qp9hxu4fnvzcl2zue07jv9566v8kfrshkrhptgt": [],
        "bc1qpf395fan2cmj84ea2l896as6s8nrkghvm68jpj": [],
        "bc1qr893j6dq4gpd9yjqe6pvf490w6lg7yteh8qj0j": [],
        "bc1qt79mdhgnkdnjnwm4l7cfakndtx9kex2rz0chtu": [],
        "bc1qtgkc5ktkz799g0gr2l9qmeu3gdfjp5qmheyv8k": [],
        "bc1qv7r9a5u0ekq57fgjve2wyzr9wcch05zmuls24h": [],
        "bc1qw7nd2wkcmletu6gly45p9xcqr2nfgqxry223sl": [],
        "bc1qwjlzhw56rn6j0p9wtnlatrs5g8lg74ap3ltv7d": [],
        "bc1qx9ujvw494q0jutfpny40ksj9k677qrz8quxyl4": [],
        "bc1qxhckx6p5gycma5z3ageq6pstwufnwlgjjflaml": [],
        "bc1qyqzk828tlx7aseynm7aqqe4dymh0mzfcdnv6pm": []
    },
    "addresses": {
        "change": [
            "bc1qfarfn83cyv8l49zkc6rfjfg50p9hps64s9chr4",
            "bc1qjtqs258f7cpe9amn7g57d5c0v7094sdyqrjfts",
            "bc1qmfe7l93pnpux44eygt58skdsdhll79703g925z",
            "bc1qjse2r05j0ynxs7da932nt3r4e0gc8l6mrt3fn0",
            "bc1ql4xqcqvh52dga3lk55xcwndhx6tt2w8yugflf7",
            "bc1qwjlzhw56rn6j0p9wtnlatrs5g8lg74ap3ltv7d",
            "bc1qtgkc5ktkz799g0gr2l9qmeu3gdfjp5qmheyv8k",
            "bc1qr893j6dq4gpd9yjqe6pvf490w6lg7yteh8qj0j",
            "bc1qx9ujvw494q0jutfpny40ksj9k677qrz8quxyl4",
            "bc1qdm0crxkkk3mgasx4x24pe7xcsext8shr6smrp5"
        ],
        "receiving": [
            "bc1q9t664200z68sck0gps5wyn94dwu7tu9mzjutls",
            "bc1qkkwzz9njkh7yhayt9snxyrrzh6d5xjg89h5kgr",
            "bc1qp9hxu4fnvzcl2zue07jv9566v8kfrshkrhptgt",
            "bc1qmea2et83u7smvevg820kmpdzrm3dvs6uw3tcgd",
            "bc1qpf395fan2cmj84ea2l896as6s8nrkghvm68jpj",
            "bc1qxhckx6p5gycma5z3ageq6pstwufnwlgjjflaml",
            "bc1qt79mdhgnkdnjnwm4l7cfakndtx9kex2rz0chtu",
            "bc1qw7nd2wkcmletu6gly45p9xcqr2nfgqxry223sl",
            "bc1qp0s3wqjyrssp8dlp94ysdrh4wgvvr8kjtj772x",
            "bc1qv7r9a5u0ekq57fgjve2wyzr9wcch05zmuls24h",
            "bc1q0ysng4n4an2fcl0cujurvzcd5sqv0fgjsjumhn",
            "bc1qg9yzp8mawerawermyh8swhnt7lu0fx7wphhq6y",
            "bc1qyqzk828tlx7aseynm7aqqe4dymh0mzfcdnv6pm",
            "bc1qfkjktmmsagvel7xnf090yzu4q8nvnu77nmrr5j",
            "bc1q6ayhsg5re36mc4qs4cv7z3haepqd6lnql2u2kt",
            "bc1q4uvsg3hugjck62m2mvyctz3rlus898tplah9vn",
            "bc1qkygjg9q94uycx2s7626z3v3dgthh437nx3jx28",
            "bc1qldns95qxm6qj6n6kgth72dpkqjm9xehf3eemtj",
            "bc1qmqpjd0jes670yt40cqz5vg80pww9rmmaek99w5",
            "bc1q86nzr9rf3yl2c38xrmxnveeqy9y36kuhtl39rf"
        ]
    },
    "channels": {},
    "fiat_value": {},
    "frozen_coins": {},
    "imported_channel_backups": {},
    "invoices": {},
    "keystore": {
        "derivation": "m/0'",
        "pw_hash_version": 1,
        "root_fingerprint": "684358b0",
        "seed": "minor zone pool area remain combine sorry claw medal settle grace capable",
        "seed_type": "segwit",
        "type": "bip32",
        "xprv": "zprvAZL83XpnhmGKhXTdZfMXVCvgJW8ZLhpT6tiqQE2DkR88TCeNG3cZfSAsWg23QfJVtDHK4h9qiuHaAQoDVWqwfSnTY3aRqqLa2wnQiQ1rEfE",
        "xpub": "zpub6nKUT3MgY8pcv1Y6fgtXrLsQrXy3kAYJU7eSCcRqJkf7KzyWoavpDEVMMuJ6a1BwBziqFCQLonWcpQsBvVsFbEqJUepf4oLCJQb1dfGSbyi"
    },
    "labels": {},
    "lightning_payments": {},
    "lightning_preimages": {},
    "lightning_xprv": "zprvAb4V2xsz3uGKShnP6Jg4QH92P88WPjGqzUYAXvKE8bna7J5pCrBLZuf5siLkwaHHLL7aMgPmVYw3kb8V2Jby5a8QZB1RodCxmpfSVES8DiV",
    "onchain_channel_backups": {},
    "payment_requests": {},
    "prevouts_by_scripthash": {},
    "seed_version": 50,
    "spent_outpoints": {},
    "submarine_swaps": {},
    "transactions": {},
    "tx_fees": {},
    "txi": {},
    "txo": {},
    "use_encryption": false,
    "verified_tx3": {},
    "wallet_type": "standard"
}