{
    "addr_history": {
        "13QUi1FZjVTqjcAmWAwjKpEmbVHEtj7NeY": [],
        "149cJSBVGhRiXLZL4AAmFXuCBrTFPFxKmP": [],
        "156G8RW8fQfQxC4BYq18oUShf9xLFoz3wb": [],
        "15ZgsQQadqZEoNCDcNMKt8Jm31zbJea2Kd": [],
        "16CU5zn8uGUSkPdfyXd3R7sqv2muAxW2dj": [],
        "16TmGnFyyihuBpmEJkHAi68VPygDeufo3h": [],
        "16jK2hG8dRaJf7TwSCcTNkRApy1Xr4NJNZ": [],
        "16yjUR2BgfSt5S9s5wrxYLXybAnFyszEKK": [],
        "174mZ5v1i6eWKxdyahUGjMENaoCobgxEk5": [],
        "17CAA4PwQq32PbPueDDfSwWA7qUEcwcFiT": [],
        "17ms3hbWYAG7sCH35CjeGFSoCUvnCGcQFK": [],
        "18NoNntsVWRHTMwSoGN6Fz3eXzMvnUm9Rq": [],
        "18kWqV4hjXFHjPzoRzs9EfoyW94tmEXmiB": [],
        "1B3iD3Zri5FPnaoUiGU9HZisYT4GTwMH5E": [],
        "1BcFRMYmUNRsMDH5vSKgjNAP2MWyKyjLHc": [],
        "1Bf37d3Y4j1mbkFdmp9zcPhiae43JRBbe3": [],
        "1E2C1vyag69dnD5TwVvwYNT8NE4GRQ23p4": [],
        "1EfBFqvjZ9nei9eZE4HdpNdukFqeqDkyB2": [],
        "1HqWoRiEwhzPeLWgSasS842tffzb3uJ8v3": [],
        "1KN9jMTMffw9bPWEidiqPcH7MnAiw6jr48": [],
        "1L8QnXCzfY7w2KvFrgSM4M4a7VXiq3hqGz": [],
        "1L8UDwPHZtsei51X3wZvFKbzXq3zNaT41x": [],
        "1LBcq6x5QQsgj6aYWyM8npVvKhRE1cwSc7": [],
        "1LJKn3LD7SNUewPVbN8S6f7w1mBGHbHaYk": [],
        "1MTBnEiDWmXHsZ1KZro15sAnuYHBy9J7y6": [],
        "1NHXyPMVzSw7GW6vNdmtwogVtNNyw1qVsX": [],
        "1NiNLVpReEkJxDKEi6gwXWtwUQsPFXr26c": [],
        "1Zmnnvz3dtEQqHKe2wUosQWbnaLJjzGQf": [],
        "1tVb6RNTGonsxwJPhxWeuZwuuxU58mjex": [],
        "1ywffAmuWrVrmkh9opWZwJhXhkCMrzHRN": []
    },
    "addresses": {
        "change": [
            "1HqWoRiEwhzPeLWgSasS842tffzb3uJ8v3",
            "1B3iD3Zri5FPnaoUiGU9HZisYT4GTwMH5E",
            "1tVb6RNTGonsxwJPhxWeuZwuuxU58mjex",
            "1ywffAmuWrVrmkh9opWZwJhXhkCMrzHRN",
            "1EfBFqvjZ9nei9eZE4HdpNdukFqeqDkyB2",
            "1E2C1vyag69dnD5TwVvwYNT8NE4GRQ23p4",
            "16jK2hG8dRaJf7TwSCcTNkRApy1Xr4NJNZ",
            "16CU5zn8uGUSkPdfyXd3R7sqv2muAxW2dj",
            "1BcFRMYmUNRsMDH5vSKgjNAP2MWyKyjLHc",
            "174mZ5v1i6eWKxdyahUGjMENaoCobgxEk5"
        ],
        "receiving": [
            "1MTBnEiDWmXHsZ1KZro15sAnuYHBy9J7y6",
            "17CAA4PwQq32PbPueDDfSwWA7qUEcwcFiT",
            "1LJKn3LD7SNUewPVbN8S6f7w1mBGHbHaYk",
            "1Zmnnvz3dtEQqHKe2wUosQWbnaLJjzGQf",
            "18NoNntsVWRHTMwSoGN6Fz3eXzMvnUm9Rq",
            "16yjUR2BgfSt5S9s5wrxYLXybAnFyszEKK",
            "16TmGnFyyihuBpmEJkHAi68VPygDeufo3h",
            "17ms3hbWYAG7sCH35CjeGFSoCUvnCGcQFK",
            "1L8QnXCzfY7w2KvFrgSM4M4a7VXiq3hqGz",
            "15ZgsQQadqZEoNCDcNMKt8Jm31zbJea2Kd",
            "1Bf37d3Y4j1mbkFdmp9zcPhiae43JRBbe3",
            "1KN9jMTMffw9bPWEidiqPcH7MnAiw6jr48",
            "1L8UDwPHZtsei51X3wZvFKbzXq3zNaT41x",
            "1LBcq6x5QQsgj6aYWyM8npVvKhRE1cwSc7",
            "1NHXyPMVzSw7GW6vNdmtwogVtNNyw1qVsX",
            "156G8RW8fQfQxC4BYq18oUShf9xLFoz3wb",
            "18kWqV4hjXFHjPzoRzs9EfoyW94tmEXmiB",
            "149cJSBVGhRiXLZL4AAmFXuCBrTFPFxKmP",
            "1NiNLVpReEkJxDKEi6gwXWtwUQsPFXr26c",
            "13QUi1FZjVTqjcAmWAwjKpEmbVHEtj7NeY"
        ]
    },
    "fiat_value": {},
    "frozen_coins": {},
    "invoices": {},
    "keystore": {
        "derivation": "m",
        "pw_hash_version": 1,
        "root_fingerprint": "9870f00a",
        "seed": "minor zone pool acquire remain combine shell claw medal settle grace capable",
        "seed_type": "standard",
        "type": "bip32",
        "xprv": "xprv9s21ZrQH143K28HeR4MsQGAewhQKJazgk45LxVioLqjfRfewvdstkScURu3Nz2UhiQNcJZNwbinQwDHLcNBgn5y7bRrZKVpMfQt8DkGYMZw",
        "xpub": "xpub661MyMwAqRbcEcN7X5tsmQ7PVjEoi3iY7Gzwkt8QuBGeJTz6UBC9JEvxHAzBH4uZGUg95FTdvXiWbfyk9aJ5Msjz8DVwtksYP3tCuuFG7ah"
    },
    "labels": {},
    "payment_requests": {},
    "prevouts_by_scripthash": {},
    "seed_version": 50,
    "spent_outpoints": {},
    "transactions": {},
    "tx_fees": {},
    "txi": {},
    "txo": {},
    "use_encryption": false,
    "verified_tx3": {},
    "wallet_type": "standard"
}