{
    "addr_history": {
        "12gP6Uyo8sQtadXvnbqkEgNyMXNxnf5Mk8": [],
        "12hdQppAgcz4CRWZb5hue7JFfZmiqMDQHs": [],
        "13dH3RRRMxDu7wot2V8bUGso5WMpMfnNSQ": [],
        "13mcWpr6MMiXiUdy2W634FT3rKSTcmSvUq": [],
        "14LbadiqUzpa92nXUhDyqkRSJxT8haCRWo": [],
        "17EUwe3YJon5QDxLuThTbDZ92teth7Pqxc": [],
        "18uVoaES84Q36q7XWjwaatYC7wn85xE7yp": [],
        "19YUAvdm2Yj2v22ERDX2BoN5DdTyFxdWzn": [],
        "19nBWpTUKz66NZNgfXHz3R2xBSDsEFQ1t6": [],
        "19odxP88zXBcBkNTwSeGTQZWGhKMqmZFtk": [],
        "1ApexHv6bCX9b7p3YnSsNG6LqBkLEu5sb": [],
        "1BKxfzus4X9eW9Z9N2friR866AShGEMiKj": [],
        "1BQL1XdksUwQupasVX6GkniNQ3YWLn1dVm": [],
        "1CSRJJxEWtTv12GQzerGXhd6uW7JMjhUqZ": [],
        "1DEdyNj2dCs5QppJVruFGaHXFyQAKaq8iJ": [],
        "1ECmi3S8TUHPzuZzKg5t6VgdVaDCi9W4ZN": [],
        "1EgJifBXGgqKrApGRUBVjVJ6Lebs6rRZFR": [],
        "1EoVzQ9RYabzQg2xkDogJhnzDiHZw5yexK": [],
        "1FWNW32dcLJAYMobCDzVVAXgmtLmfbT8AZ": [],
        "1Fn7m6DutBXYPxxb9dyhojqSH83ZaMxjgW": [],
        "1G7fE3ijtkBGiNaDhFwwEPyv95zsxn2fQw": [],
        "1GYGSYbjgBYVaJcXyCfdUEPb5A1osJb1zH": [],
        "1H8yB5QWEaYwpEPRrsd45xaNi9VJCXFitk": [],
        "1KkwTuWDa5r2D9LsGdiCWnQMs2rZxSYjLM": [],
        "1Lw6EEP3LhFGPWzVTTkkSsiPSGf4zoUkVG": [],
        "1MMwy1MjhhB1DLVEcu28SEH7RudmVdJ6ae": [],
        "1MQXfT9Cqci581tizPZQz9z6ZQWRY45iop": [],
        "1MyFWXT5dHmdhe95u9p6PDPdfFy5e96uZa": [],
        "1Q19Xyh6g3Cnm21vXd6KRpKWvCVdXATgtc": [],
        "1cNvUGSgMMWmvjGTJfbFbJ8mSFmUf3hiK": []
    },
    "addresses": {
        "change": [
            "18uVoaES84Q36q7XWjwaatYC7wn85xE7yp",
            "1MQXfT9Cqci581tizPZQz9z6ZQWRY45iop",
            "1GYGSYbjgBYVaJcXyCfdUEPb5A1osJb1zH",
            "1EoVzQ9RYabzQg2xkDogJhnzDiHZw5yexK",
            "1ECmi3S8TUHPzuZzKg5t6VgdVaDCi9W4ZN",
            "1cNvUGSgMMWmvjGTJfbFbJ8mSFmUf3hiK",
            "13dH3RRRMxDu7wot2V8bUGso5WMpMfnNSQ",
            "1MMwy1MjhhB1DLVEcu28SEH7RudmVdJ6ae",
            "13mcWpr6MMiXiUdy2W634FT3rKSTcmSvUq",
            "12hdQppAgcz4CRWZb5hue7JFfZmiqMDQHs"
        ],
        "receiving": [
            "1CSRJJxEWtTv12GQzerGXhd6uW7JMjhUqZ",
            "19YUAvdm2Yj2v22ERDX2BoN5DdTyFxdWzn",
            "19nBWpTUKz66NZNgfXHz3R2xBSDsEFQ1t6",
            "1BKxfzus4X9eW9Z9N2friR866AShGEMiKj",
            "1Q19Xyh6g3Cnm21vXd6KRpKWvCVdXATgtc",
            "1G7fE3ijtkBGiNaDhFwwEPyv95zsxn2fQw",
            "1H8yB5QWEaYwpEPRrsd45xaNi9VJCXFitk",
            "12gP6Uyo8sQtadXvnbqkEgNyMXNxnf5Mk8",
            "1ApexHv6bCX9b7p3YnSsNG6LqBkLEu5sb",
            "1KkwTuWDa5r2D9LsGdiCWnQMs2rZxSYjLM",
            "1BQL1XdksUwQupasVX6GkniNQ3YWLn1dVm",
            "1MyFWXT5dHmdhe95u9p6PDPdfFy5e96uZa",
            "17EUwe3YJon5QDxLuThTbDZ92teth7Pqxc",
            "1DEdyNj2dCs5QppJVruFGaHXFyQAKaq8iJ",
            "14LbadiqUzpa92nXUhDyqkRSJxT8haCRWo",
            "1FWNW32dcLJAYMobCDzVVAXgmtLmfbT8AZ",
            "19odxP88zXBcBkNTwSeGTQZWGhKMqmZFtk",
            "1Lw6EEP3LhFGPWzVTTkkSsiPSGf4zoUkVG",
            "1Fn7m6DutBXYPxxb9dyhojqSH83ZaMxjgW",
            "1EgJifBXGgqKrApGRUBVjVJ6Lebs6rRZFR"
        ]
    },
    "fiat_value": {},
    "frozen_coins": {},
    "invoices": {},
    "keystore": {
        "derivation": "m",
        "pw_hash_version": 1,
        "root_fingerprint": "4d5bbc91",
        "seed": "minor zone pool absurd remain combine belt claw medal settle grace capable",
        "seed_type": "standard",
        "type": "bip32",
        "xprv": "xprv9s21ZrQH143K3sEsNZyn5dh8P3UjxQkqqcMe7ABHWx9i7t6AAZQMzDkqJtML4NBeT7VEbp9xFKsUHv9d386dqDyKv7qKrfWNo5fCRxTTZk9",
        "xpub": "xpub661MyMwAqRbcGMKLUbWnSmdrw5KEMsUhCqHEuYau5HggzgRJi6icY25KACFNrSAXWRbwSLFCFAeybBWCxXamWkDT4M1Y556CoxUCbdoWERM"
    },
    "labels": {},
    "payment_requests": {},
    "prevouts_by_scripthash": {},
    "seed_version": 50,
    "spent_outpoints": {},
    "transactions": {},
    "tx_fees": {},
    "txi": {},
    "txo": {},
    "use_encryption": false,
    "verified_tx3": {},
    "wallet_type": "standard"
}