{
    "addr_history": {
        "11eBUrmeuzqmKMzMVxoBK6ytc1eH1XQsb": [],
        "126zm7gN41QpdDmU8ER4nYE1pvcxzDY9dx": [],
        "12JSUAX7buV76kX9rwjRd5VEiUFUW2RfiP": [],
        "12X8xK1cpGFksjJAxbmvJPxZhUrWLdvSFm": [],
        "19ZqMLJGCuh2mp6x6SRwAZ1kSwCYRYBWie": [],
        "1ARweJ9PVAr1ZGDAYqZacyQtWu23wzBDyv": [],
        "1AYPfeTeiBbMEbokeGHghmSwycJGchj2do": [],
        "1AzuBu9gFw6gnEPHgbq6j9iju1pzcVxCDb": [],
        "1BQQ2uak2LnWh7ueCPvqHu4LzfcPyAppnT": [],
        "1DVZoQVmoXpxfyd8aedYxHrWy9TUShuW39": [],
        "1Dxej3TmbzwNFmiTNmVCh26WoCcdRmDEWx": [],
        "1E1neZRc8MkqsGtrDpQ4hM3GGddup23hQS": [],
        "1E9gZgbS9vAVtdAbTVQYPqUX7wpkyPs2TZ": [],
        "1EU49LttUQj2XSJonUFydWE95jdHdYF4P3": [],
        "1FBNgJmJcgEJgE2sRNka8ymjNS5YMinKVt": [],
        "1FrNX2VVUwRCDMFP59BzC9phNUF9F7Nb6P": [],
        "1HbRQ5YvJ7nnMRigSCbMBauEcaK2V2PwGm": [],
        "1JcjftieFt6ahAuXx7XJdZtDfkzeqcAb8z": [],
        "1MMZXE4aEQLwqmELmDxApaSR2tC67qqDj5": [],
        "1MUAzmFnk1KpH9k9KCWz7W7UKi2YwGmE62": [],
        "1MfegGQuJBM9LosBEePFucmH34ZE7ovLKd": [],
        "1MghnExHBmzByrxGnwBo4KdpACvqQiqCKZ": [],
        "1Moqm7ZWLPj6B33vyMf79KpL4huZyWcaLz": [],
        "1Mxy6mXetAtH8tcKysZKWFKbsL8m9JyfB5": [],
        "1NpEKQway9t4ycx6fVhKRdNXgheP49oXfC": [],
        "1P8XKZRsjJtJR9ZrWYPFwmR9im47mYYE7b": [],
        "1PEjegF1dK6foE6PwSrBTZdSdJEs4k9UeU": [],
        "1PPWda4newJRT1NnMiaP641sdAGH4CYrBC": [],
        "1PSCPs54rD8bxiL9RQDEwLUgQqFUPLqcr": [],
        "1ez6LixfZkpDFvxC1JUmUg4wyT7AwUBqG": []
    },
    "addresses": {
        "change": [
            "1PSCPs54rD8bxiL9RQDEwLUgQqFUPLqcr",
            "1MghnExHBmzByrxGnwBo4KdpACvqQiqCKZ",
            "1DVZoQVmoXpxfyd8aedYxHrWy9TUShuW39",
            "1MMZXE4aEQLwqmELmDxApaSR2tC67qqDj5",
            "1EU49LttUQj2XSJonUFydWE95jdHdYF4P3",
            "1Dxej3TmbzwNFmiTNmVCh26WoCcdRmDEWx",
            "1ez6LixfZkpDFvxC1JUmUg4wyT7AwUBqG",
            "1MUAzmFnk1KpH9k9KCWz7W7UKi2YwGmE62",
            "12JSUAX7buV76kX9rwjRd5VEiUFUW2RfiP",
            "1Mxy6mXetAtH8tcKysZKWFKbsL8m9JyfB5"
        ],
        "receiving": [
            "126zm7gN41QpdDmU8ER4nYE1pvcxzDY9dx",
            "1PEjegF1dK6foE6PwSrBTZdSdJEs4k9UeU",
            "11eBUrmeuzqmKMzMVxoBK6ytc1eH1XQsb",
            "1P8XKZRsjJtJR9ZrWYPFwmR9im47mYYE7b",
            "1HbRQ5YvJ7nnMRigSCbMBauEcaK2V2PwGm",
            "1FBNgJmJcgEJgE2sRNka8ymjNS5YMinKVt",
            "1PPWda4newJRT1NnMiaP641sdAGH4CYrBC",
            "1JcjftieFt6ahAuXx7XJdZtDfkzeqcAb8z",
            "1Moqm7ZWLPj6B33vyMf79KpL4huZyWcaLz",
            "1ARweJ9PVAr1ZGDAYqZacyQtWu23wzBDyv",
            "12X8xK1cpGFksjJAxbmvJPxZhUrWLdvSFm",
            "1MfegGQuJBM9LosBEePFucmH34ZE7ovLKd",
            "1AzuBu9gFw6gnEPHgbq6j9iju1pzcVxCDb",
            "1NpEKQway9t4ycx6fVhKRdNXgheP49oXfC",
            "1FrNX2VVUwRCDMFP59BzC9phNUF9F7Nb6P",
            "1AYPfeTeiBbMEbokeGHghmSwycJGchj2do",
            "1BQQ2uak2LnWh7ueCPvqHu4LzfcPyAppnT",
            "1E9gZgbS9vAVtdAbTVQYPqUX7wpkyPs2TZ",
            "19ZqMLJGCuh2mp6x6SRwAZ1kSwCYRYBWie",
            "1E1neZRc8MkqsGtrDpQ4hM3GGddup23hQS"
        ]
    },
    "fiat_value": {},
    "frozen_coins": {},
    "invoices": {},
    "keystore": {
        "derivation": "m",
        "pw_hash_version": 1,
        "root_fingerprint": "1cacd294",
        "seed": "minor zone pool animal remain combine escape claw medal settle grace capable",
        "seed_type": "standard",
        "type": "bip32",
        "xprv": "xprv9s21ZrQH143K3hVXKUDKx5twcfJvppqsrfVJKPQv7Ag4tvFULq2ETaA2wa51pmaXi5xegUbT5eisKeRk1bLBySHvM2Nz8wh3wqwMVz2myiq",
        "xpub": "xpub661MyMwAqRbcGBZzRVkLKDqgAh9REHZjDtQu7mpXfWD3miactNLV1NUWnof2JQqjugyHdS9tcyNJuzpnaopHVsaQ5hJA4Uhxc8fDd2YogGi"
    },
    "labels": {},
    "payment_requests": {},
    "prevouts_by_scripthash": {},
    "seed_version": 50,
    "spent_outpoints": {},
    "transactions": {},
    "tx_fees": {},
    "txi": {},
    "txo": {},
    "use_encryption": false,
    "verified_tx3": {},
    "wallet_type": "standard"
}