{
    "addr_history": {
        "bc1q06rstrd75mewn3kry95m4mhtpzf6e8fwwdl2hh": [],
        "bc1q2tem83hr377v6dse5yx2pzya8zpela0uqex8m7": [],
        "bc1q3d7353qvukkgn3xqvvvzv0qm7l9uerdppcfdnl": [],
        "bc1q3jtgcl4ndhqvc2t7x8w7l92c6p55qtvdqwgmy3": [],
        "bc1q5eqnelae2chyxqc04yynwwfmp9xsuq0v27ynfp": [],
        "bc1q5gkflwpmja6h4kuhyflsd5grwcpsku2skwgvns": [],
        "bc1q7eepxn0zdwe9unmrlvkq4cwvdnaqex52x8keft": [],
        "bc1q7pf94pslrk9hdmkpeelzv07kj5hmdjs0j937u0": [],
        "bc1q7tfx3tljkg8evnszfrjktl9kx569sy8wh8u78n": [],
        "bc1q7xzykt9jmgschg2pfz2e9g9j55jfpk89p7ttrh": [],
        "bc1q8qcx55au4wwjfjtxlln8aeau69zts0xd4wh3pa": [],
        "bc1q94hqvyhwec8n9ap2307dc9shmkz5k3tpyz7dgg": [],
        "bc1qe9gs0wng0z3n6w8smutdaaf9dz3dqhclljeq9k": [],
        "bc1qfdz98z4vkql3xs2md9rpny9a87g4d905r239yc": [],
        "bc1qghfz9gd7nceru02zwchgnavsk6r0hxuyxw36ff": [],
        "bc1qhk0zdn0hmntj96fhpe75zn3wcsv76gwhulawm9": [],
        "bc1qjmerm5rkdd8fztp3fsqdauvjme7l03f35k23tg": [],
        "bc1ql4thwq8glwf6lhhj3sv3ruztxgjaxh42m907l4": [],
        "bc1qmfp3aqyc8t0nhpe9u2rllszspznwgmtrrerqfw": [],
        "bc1qngswvjxp45rnyge845fewrdzpxy2ta6h2flzq5": [],
        "bc1qnvzth6743utkpvlzjm2c5yv77xsez90e20c02u": [],
        "bc1qp6559nqgs7gusz2slsjc6kpsexfu932lclfsap": [],
        "bc1qq5dva2zlcaacfh2nu9f0r5a0mpcm8qrumf68je": [],
        "bc1qq7njrazg9gstvs6lm6tv7p564gsajad8xtcq40": [],
        "bc1qqd90hg5m4rwhja4m7apy3ruudj02y9mn24w93l": [],
        "bc1qqy4ad0gxvp3g3lpz2xdakufyr3qt3rcsvujnlc": [],
        "bc1qr28tlxw4hkach39zlkfn54qr35up37fxvs38tl": [],
        "bc1qvq05gzyzf8ujns3rxdckf64lu7pamdx09fsnpp": [],
        "bc1qvz8mczywwuux3wlgv6p07x0p3c8clnk2h5mke4": [],
        "bc1qyw2eul5fv4mjkwcw0quu7xfca46ra7vfkf9m0w": []
    },
    "addresses": {
        "change": [
            "bc1qq7njrazg9gstvs6lm6tv7p564gsajad8xtcq40",
            "bc1qhk0zdn0hmntj96fhpe75zn3wcsv76gwhulawm9",
            "bc1q5gkflwpmja6h4kuhyflsd5grwcpsku2skwgvns",
            "bc1qvz8mczywwuux3wlgv6p07x0p3c8clnk2h5mke4",
            "bc1q7eepxn0zdwe9unmrlvkq4cwvdnaqex52x8keft",
            "bc1q7pf94pslrk9hdmkpeelzv07kj5hmdjs0j937u0",
            "bc1q94hqvyhwec8n9ap2307dc9shmkz5k3tpyz7dgg",
            "bc1qr28tlxw4hkach39zlkfn54qr35up37fxvs38tl",
            "bc1q8qcx55au4wwjfjtxlln8aeau69zts0xd4wh3pa",
            "bc1qngswvjxp45rnyge845fewrdzpxy2ta6h2flzq5"
        ],
        "receiving": [
            "bc1q2tem83hr377v6dse5yx2pzya8zpela0uqex8m7",
            "bc1q06rstrd75mewn3kry95m4mhtpzf6e8fwwdl2hh",
            "bc1qq5dva2zlcaacfh2nu9f0r5a0mpcm8qrumf68je",
            "bc1qmfp3aqyc8t0nhpe9u2rllszspznwgmtrrerqfw",
            "bc1qyw2eul5fv4mjkwcw0quu7xfca46ra7vfkf9m0w",
            "bc1qnvzth6743utkpvlzjm2c5yv77xsez90e20c02u",
            "bc1qghfz9gd7nceru02zwchgnavsk6r0hxuyxw36ff",
            "bc1q5eqnelae2chyxqc04yynwwfmp9xsuq0v27ynfp",
            "bc1q7xzykt9jmgschg2pfz2e9g9j55jfpk89p7ttrh",
            "bc1qp6559nqgs7gusz2slsjc6kpsexfu932lclfsap",
            "bc1qqy4ad0gxvp3g3lpz2xdakufyr3qt3rcsvujnlc",
            "bc1q3jtgcl4ndhqvc2t7x8w7l92c6p55qtvdqwgmy3",
            "bc1qfdz98z4vkql3xs2md9rpny9a87g4d905r239yc",
            "bc1ql4thwq8glwf6lhhj3sv3ruztxgjaxh42m907l4",
            "bc1qjmerm5rkdd8fztp3fsqdauvjme7l03f35k23tg",
            "bc1q3d7353qvukkgn3xqvvvzv0qm7l9uerdppcfdnl",
            "bc1q7tfx3tljkg8evnszfrjktl9kx569sy8wh8u78n",
            "bc1qe9gs0wng0z3n6w8smutdaaf9dz3dqhclljeq9k",
            "bc1qvq05gzyzf8ujns3rxdckf64lu7pamdx09fsnpp",
            "bc1qqd90hg5m4rwhja4m7apy3ruudj02y9mn24w93l"
        ]
    },
    "channels": {},
    "fiat_value": {},
    "frozen_coins": {},
    "imported_channel_backups": {},
    "invoices": {},
    "keystore": {
        "derivation": "m/0'",
        "pw_hash_version": 1,
        "root_fingerprint": "70664551",
        "seed": "minor zone pool auto remain combine silver claw medal settle grace capable",
        "seed_type": "segwit",
        "type": "bip32",
        "xprv": "zprvAZPbE3daGriYUHBySr6kgsau39bqaC1ryUKRWarsXkhBBvNWo1FQsx13c5QEqbxLthpL6UKqVF6WHG267Kx7hFNUNnU9H7B8Ez7sDbUPjr8",
        "xpub": "zpub6nNwdZAU7EGqgmGSYsdm41XdbBSKyejiLhF2JyGV66EA4ihfLYZfRkKXTMbjEEZM48c6b9dPxFhkkw3ShMhRMuC8McnTVeKgvWKWWfGWJka"
    },
    "labels": {},
    "lightning_payments": {},
    "lightning_preimages": {},
    "lightning_xprv": "zprvAbmd4RRy9dkhMFckkX1oRamQ4Hct7SebkQNnS4CQUtjVZfXSGiUwJHD3QZwhJ2C3i9qQskTzB7p9mCEkJYs4LSZ7rMgpSXpnrbwkXa583Nu",
    "onchain_channel_backups": {},
    "payment_requests": {},
    "prevouts_by_scripthash": {},
    "seed_version": 50,
    "spent_outpoints": {},
    "submarine_swaps": {},
    "transactions": {},
    "tx_fees": {},
    "txi": {},
    "txo": {},
    "use_encryption": false,
    "verified_tx3": {},
    "wallet_type": "standard"
}