{
    "addr_history": {
        "12kcSabE1yvJDhcdZqKAvFD8r3MSejUsQ9": [],
        "14DzDRdo5GMyLhdCMGnRn65TymtKMfoeCu": [],
        "15XWmZCPKD3aqjNhtkHjvDzQdF9TQkbZar": [],
        "15dr2RhLeXuX7znpaQs4EhNLuLyJSjcz9g": [],
        "15oFQ3AmXXJfBuoK6xERtKYLPXymYxxfbV": [],
        "16NqKkFQcWhznktSo4qGLMGaNimp9RHb7f": [],
        "16kYRWfamYd5yEsgostiBh6gExhd6k5o2c": [],
        "16sn86hCMLdrXUH6tDKU9udTMs46icV5mH": [],
        "1722MwZJo1k8xmAibGU1RKt5Dm6CFtD5Tk": [],
        "179QVhNACN72BXye3ScjvGj9bGTEARrENW": [],
        "19PnjtRssgicTWE36maaN4M93dxLFik65t": [],
        "19g954ixwNgxBZHngRQkCSTkWJFKSZVQ6P": [],
        "19iZ8Fo4Xo2WS2e8914pQomU5MoJFxxsEa": [],
        "1A2uJ7qsxQTY5zU3KzhGMhdRsYbbgBCmTC": [],
        "1AMVVwUXANnA1kWu1GN9jqULatfDntWLK9": [],
        "1BaMHqkgKrrbWKEHaKP47NLiiYtYVBXF1R": [],
        "1D5dyMwwYyck7BYy3TZafjqWKMQH1b5vca": [],
        "1Es2Pm85bZuthVuvZinjduNL8Vh9tQsbjc": [],
        "1FSajE7MLaurnCw3sxqBfhgJRezkd6PyJe": [],
        "1FaPhgvxCJDe1Z3eaZVw5MkWWLL65VefPW": [],
        "1GVX2WumWjYERgaHhoez5yiPVYH2qQ1GJk": [],
        "1Ge2MFQgfVBETMVDkk2t3DDKuZsRxgeeTa": [],
        "1JSbGHydMp5wJgwVtW2XsCK5hrW9BwwGbZ": [],
        "1Kh4Lf8aTt75fbNWeShE98tSNyxusWjAvF": [],
        "1LupUDFTLRWtBUjrjTUeDAv2xASyjTy6Kd": [],
        "1M1BZ4KMMbK4SvCRfy2HwWhbKFHFrFeCXq": [],
        "1NwbTq1j6CQZXr2LGv4HCRbsKSxPmbaQMV": [],
        "1Q4oWnRb8UyfDkd344Vhw4aLE3Xxv3uZqz": [],
        "1UzXnH5gQA1SzvM5Kp27fhB6LxVcDcjP2": [],
        "1zokW74Wfcff5mW3WhKDWHWHoQvrqZas2": []
    },
    "addresses": {
        "change": [
            "1FaPhgvxCJDe1Z3eaZVw5MkWWLL65VefPW",
            "15oFQ3AmXXJfBuoK6xERtKYLPXymYxxfbV",
            "16kYRWfamYd5yEsgostiBh6gExhd6k5o2c",
            "1Q4oWnRb8UyfDkd344Vhw4aLE3Xxv3uZqz",
            "1JSbGHydMp5wJgwVtW2XsCK5hrW9BwwGbZ",
            "14DzDRdo5GMyLhdCMGnRn65TymtKMfoeCu",
            "1M1BZ4KMMbK4SvCRfy2HwWhbKFHFrFeCXq",
            "1zokW74Wfcff5mW3WhKDWHWHoQvrqZas2",
            "15dr2RhLeXuX7znpaQs4EhNLuLyJSjcz9g",
            "1GVX2WumWjYERgaHhoez5yiPVYH2qQ1GJk"
        ],
        "receiving": [
            "1NwbTq1j6CQZXr2LGv4HCRbsKSxPmbaQMV",
            "1BaMHqkgKrrbWKEHaKP47NLiiYtYVBXF1R",
            "1D5dyMwwYyck7BYy3TZafjqWKMQH1b5vca",
            "1Ge2MFQgfVBETMVDkk2t3DDKuZsRxgeeTa",
            "12kcSabE1yvJDhcdZqKAvFD8r3MSejUsQ9",
            "1Kh4Lf8aTt75fbNWeShE98tSNyxusWjAvF",
            "1722MwZJo1k8xmAibGU1RKt5Dm6CFtD5Tk",
            "1FSajE7MLaurnCw3sxqBfhgJRezkd6PyJe",
            "16sn86hCMLdrXUH6tDKU9udTMs46icV5mH",
            "1A2uJ7qsxQTY5zU3KzhGMhdRsYbbgBCmTC",
            "16NqKkFQcWhznktSo4qGLMGaNimp9RHb7f",
            "1Es2Pm85bZuthVuvZinjduNL8Vh9tQsbjc",
            "1LupUDFTLRWtBUjrjTUeDAv2xASyjTy6Kd",
            "19g954ixwNgxBZHngRQkCSTkWJFKSZVQ6P",
            "1UzXnH5gQA1SzvM5Kp27fhB6LxVcDcjP2",
            "19PnjtRssgicTWE36maaN4M93dxLFik65t",
            "19iZ8Fo4Xo2WS2e8914pQomU5MoJFxxsEa",
            "179QVhNACN72BXye3ScjvGj9bGTEARrENW",
            "1AMVVwUXANnA1kWu1GN9jqULatfDntWLK9",
            "15XWmZCPKD3aqjNhtkHjvDzQdF9TQkbZar"
        ]
    },
    "fiat_value": {},
    "frozen_coins": {},
    "invoices": {},
    "keystore": {
        "derivation": "m",
        "pw_hash_version": 1,
        "root_fingerprint": "794aba65",
        "seed": "minor zone pool armor remain combine upon claw medal settle grace capable",
        "seed_type": "standard",
        "type": "bip32",
        "xprv": "xprv9s21ZrQH143K46ELjHkFTKqLk3k8HVNqsEqBua8bCtowcLEQZu1ELChiWb424CFdw9vGmUucjUKP9c4hKXPXNX3ssJqYCxhbpfJHDWnam89",
        "xpub": "xpub661MyMwAqRbcGaJoqKHFpTn5J5acgx6hETknhxYCmELvV8ZZ7SKUt12CMr5sVhbF5AsNbq6NX1rrS5popHorkBAeQZ7WKKfy6sueXnuvnnX"
    },
    "labels": {},
    "payment_requests": {},
    "prevouts_by_scripthash": {},
    "seed_version": 50,
    "spent_outpoints": {},
    "transactions": {},
    "tx_fees": {},
    "txi": {},
    "txo": {},
    "use_encryption": false,
    "verified_tx3": {},
    "wallet_type": "standard"
}