{
    "addr_history": {
        "135UhPrxUc7fqhc89J59YEFx2rznaa2Zuv": [],
        "13anRhvxbBEHQHt7XwM4swxjVoV3sNXcz3": [],
        "13iwgnRd68qyj9j7tcn7rVp19tufV7gQdM": [],
        "142Z62XUf4Q6U6nDKQ3k63HBbNMHgtc62s": [],
        "144HWCf4UxbNrsjNsd2cGQMmMummwii6H9": [],
        "145sApLnW1bR6Qp36k71tgKXxayvwYzk1c": [],
        "14TKHa2igwxc8L8hi232wNtsHdFHujWQP5": [],
        "172Gsc3cD8au2WUGLkDgQj3NnTHa1prD1r": [],
        "17zHPkfcasamv9Dqa16khjDPwCuB9PF6zV": [],
        "18phH9JQnhSEcxW6oBYMRDiKNDNCRfPX9v": [],
        "19jmHaVAaskhCpVCAHjdTixM1C3kzTqEVg": [],
        "1A2SHKns2YjVVN3F8cMFVVf2qmKv4CTBow": [],
        "1AkJSW1kmhREgTj4JtBYbFjDT5s5eKV7HP": [],
        "1B5rvvyH2TQg29uTDauHpzRkePxTVjBtc7": [],
        "1C5kskENtFMyHMZJoJ2jqQcpotPH4p3cy1": [],
        "1CkTGzMCgEePMsobta5KZEmFpmhA2ABzsz": [],
        "1D9W5EgNyQCSoJBbv193mJTPfjKL1iSKZU": [],
        "1DPXKZjsjS1BPAguP6gdvvDay48FQhin6M": [],
        "1GZPXoEWAY7devP5eTf9q47KZt3GgXhftZ": [],
        "1Gjr8v8ZPBoVtJsDFKPejCuNt2kp8SDvWa": [],
        "1HUjH7Lfhkzgj4cno7Qod4YYDtPJVb28WE": [],
        "1J4DFinVJvkqMhFu6jPocxtQX4b2ZLSwmo": [],
        "1JMkNrhAQBzSnkNF4iWAMQbUGHDz4CWtnY": [],
        "1Jmyk6zf3TK2JhQiWY1Aq917cDnMibdp3w": [],
        "1KYXXyWiLKXu87pYr65zJmzAKpF2MBmY72": [],
        "1L4otRW8wMXAfYBvkyaQQWnW7jb1fVRqSf": [],
        "1M4x29SAjpaJxX4AuScZp5T82LQv4hmHd4": [],
        "1Mama9fSWvcuCVhdaiZfnfjFkXUsA9PwYd": [],
        "1QE2EUxc5naFz29ucw7PNSFDkvmSMSo8kf": [],
        "1QHWzeLinfmER4iVQb6nFoXDCKfWS7XXQ2": []
    },
    "addresses": {
        "change": [
            "13anRhvxbBEHQHt7XwM4swxjVoV3sNXcz3",
            "1AkJSW1kmhREgTj4JtBYbFjDT5s5eKV7HP",
            "1Mama9fSWvcuCVhdaiZfnfjFkXUsA9PwYd",
            "1Jmyk6zf3TK2JhQiWY1Aq917cDnMibdp3w",
            "145sApLnW1bR6Qp36k71tgKXxayvwYzk1c",
            "1C5kskENtFMyHMZJoJ2jqQcpotPH4p3cy1",
            "1KYXXyWiLKXu87pYr65zJmzAKpF2MBmY72",
            "1M4x29SAjpaJxX4AuScZp5T82LQv4hmHd4",
            "1QE2EUxc5naFz29ucw7PNSFDkvmSMSo8kf",
            "135UhPrxUc7fqhc89J59YEFx2rznaa2Zuv"
        ],
        "receiving": [
            "1L4otRW8wMXAfYBvkyaQQWnW7jb1fVRqSf",
            "13iwgnRd68qyj9j7tcn7rVp19tufV7gQdM",
            "172Gsc3cD8au2WUGLkDgQj3NnTHa1prD1r",
            "1QHWzeLinfmER4iVQb6nFoXDCKfWS7XXQ2",
            "1B5rvvyH2TQg29uTDauHpzRkePxTVjBtc7",
            "1J4DFinVJvkqMhFu6jPocxtQX4b2ZLSwmo",
            "144HWCf4UxbNrsjNsd2cGQMmMummwii6H9",
            "1D9W5EgNyQCSoJBbv193mJTPfjKL1iSKZU",
            "18phH9JQnhSEcxW6oBYMRDiKNDNCRfPX9v",
            "1JMkNrhAQBzSnkNF4iWAMQbUGHDz4CWtnY",
            "17zHPkfcasamv9Dqa16khjDPwCuB9PF6zV",
            "142Z62XUf4Q6U6nDKQ3k63HBbNMHgtc62s",
            "1HUjH7Lfhkzgj4cno7Qod4YYDtPJVb28WE",
            "14TKHa2igwxc8L8hi232wNtsHdFHujWQP5",
            "1CkTGzMCgEePMsobta5KZEmFpmhA2ABzsz",
            "19jmHaVAaskhCpVCAHjdTixM1C3kzTqEVg",
            "1DPXKZjsjS1BPAguP6gdvvDay48FQhin6M",
            "1A2SHKns2YjVVN3F8cMFVVf2qmKv4CTBow",
            "1GZPXoEWAY7devP5eTf9q47KZt3GgXhftZ",
            "1Gjr8v8ZPBoVtJsDFKPejCuNt2kp8SDvWa"
        ]
    },
    "fiat_value": {},
    "frozen_coins": {},
    "invoices": {},
    "keystore": {
        "derivation": "m",
        "pw_hash_version": 1,
        "root_fingerprint": "6f2b4cd0",
        "seed": "minor zone pool analyst remain combine lift claw medal settle grace capable",
        "seed_type": "standard",
        "type": "bip32",
        "xprv": "xprv9s21ZrQH143K4ZgJiCQDBN4DnpkvxzWjBdWpWNadiLWB7bUC6TFmUGGb1ZxfniTpevWZQnVcNoKd3mv7uLHoMQXrzWsPzexPv852UPiTKLG",
        "xpub": "xpub661MyMwAqRbcH3kmpDwDYVzxLrbRNTEaYrSRJkzFGg39zPoLdza224b4rp3WD59j7sR86Nmb8mv8ceH6GLEbKwCeETy93WEvRCTvVJaE3JK"
    },
    "labels": {},
    "payment_requests": {},
    "prevouts_by_scripthash": {},
    "seed_version": 50,
    "spent_outpoints": {},
    "transactions": {},
    "tx_fees": {},
    "txi": {},
    "txo": {},
    "use_encryption": false,
    "verified_tx3": {},
    "wallet_type": "standard"
}