{
    "addr_history": {
        "12Lzj5HofcrATBy9fFzNB9tQ5ddXW8BNKJ": [],
        "145Dy5ucXW6ByeNwjSSsKvyD9rAFCWKgJ9": [],
        "169cDTVXMXpf2UsSJZW3L67sZsTfHt9vmB": [],
        "17FgSaMaP22zj79zoiMaUWUg9w6mztBuoY": [],
        "17tuGZ2SAjpUyqDAi46o51j6YtE3N7B1k9": [],
        "17ydqVd4CRV8qHMcC62KjPN5gaa7WHq2p7": [],
        "18NCB8M2cbC3nrPg4myDtjMnZf6qDL1F6h": [],
        "1AEwY583izZBCSwhBeLVFMeePeri9ToVyj": [],
        "1Ai3JNW7dZiXYgK6EsKKcwnTPyoNky3bqw": [],
        "1ArUiPNVBiTk6YaqePC4yvhXNUbL9afpn": [],
        "1BeHp4owue4my44nsmuB1WzCD7ntck4AwY": [],
        "1Bkgof6twrQ42VSVK8UGgqL1drvn5FzcxV": [],
        "1C1bQKEB9AXfHHxoUdyCyecStMBkL1utNT": [],
        "1D8noCTuBbVCgHaubMzGQsNoaC8RL1BgyW": [],
        "1DtWN1LDFZnpqht3i8zZKALRMKE4HRYAYF": [],
        "1EnowpvMXuV1hwKpd43xprWcxpPxabzFtA": [],
        "1ErewjEcig8DTRm2FhAVC3LHhZSaQpcYd1": [],
        "1FBxHTfpKVpfpWMEPLqbeQLaE83NUcz68i": [],
        "1GTDuaeLViRyHfYXWZjY3PetZJpArLrA6k": [],
        "1GhWQgEBb8dccFpXNA9eGDiadwMkkwCzRE": [],
        "1H1zCQNKCv3qHznFNGiBoWkC5usnLc4JUE": [],
        "1H4VEYtkGh5VBZBhHNdq9BCXa3XF1FLFyf": [],
        "1HX5SDC1k8PNrXMo3biijfCbTSfwubth25": [],
        "1HgGecX9XFDuiV7RMQiBrCuWxLnvrSja5c": [],
        "1Hh1vgTAgivCNrynfYUkSadZK5WbgKspMz": [],
        "1HuJfABKdhMpbbH7BPUX6fGJERAMMzVV7N": [],
        "1L4immupW4bcvsGRztuaRErD47GwbBozWC": [],
        "1Ln4Uu5tEecH7j5aR4FjGwJHiA7PpUHoSM": [],
        "1MD1nw1KBGrBb6wXwH4KebtfsNxuwbNMjS": [],
        "1Q12WbaTo9aMhZ2fTwcJics3coxUQv56pg": []
    },
    "addresses": {
        "change": [
            "17ydqVd4CRV8qHMcC62KjPN5gaa7WHq2p7",
            "18NCB8M2cbC3nrPg4myDtjMnZf6qDL1F6h",
            "1GTDuaeLViRyHfYXWZjY3PetZJpArLrA6k",
            "1ErewjEcig8DTRm2FhAVC3LHhZSaQpcYd1",
            "1HgGecX9XFDuiV7RMQiBrCuWxLnvrSja5c",
            "1L4immupW4bcvsGRztuaRErD47GwbBozWC",
            "1HX5SDC1k8PNrXMo3biijfCbTSfwubth25",
            "1Q12WbaTo9aMhZ2fTwcJics3coxUQv56pg",
            "12Lzj5HofcrATBy9fFzNB9tQ5ddXW8BNKJ",
            "1Hh1vgTAgivCNrynfYUkSadZK5WbgKspMz"
        ],
        "receiving": [
            "1BeHp4owue4my44nsmuB1WzCD7ntck4AwY",
            "1H4VEYtkGh5VBZBhHNdq9BCXa3XF1FLFyf",
            "1AEwY583izZBCSwhBeLVFMeePeri9ToVyj",
            "1Bkgof6twrQ42VSVK8UGgqL1drvn5FzcxV",
            "1DtWN1LDFZnpqht3i8zZKALRMKE4HRYAYF",
            "1GhWQgEBb8dccFpXNA9eGDiadwMkkwCzRE",
            "145Dy5ucXW6ByeNwjSSsKvyD9rAFCWKgJ9",
            "1HuJfABKdhMpbbH7BPUX6fGJERAMMzVV7N",
            "169cDTVXMXpf2UsSJZW3L67sZsTfHt9vmB",
            "17FgSaMaP22zj79zoiMaUWUg9w6mztBuoY",
            "1FBxHTfpKVpfpWMEPLqbeQLaE83NUcz68i",
            "1Ai3JNW7dZiXYgK6EsKKcwnTPyoNky3bqw",
            "1H1zCQNKCv3qHznFNGiBoWkC5usnLc4JUE",
            "1EnowpvMXuV1hwKpd43xprWcxpPxabzFtA",
            "1MD1nw1KBGrBb6wXwH4KebtfsNxuwbNMjS",
            "17tuGZ2SAjpUyqDAi46o51j6YtE3N7B1k9",
            "1Ln4Uu5tEecH7j5aR4FjGwJHiA7PpUHoSM",
            "1ArUiPNVBiTk6YaqePC4yvhXNUbL9afpn",
            "1D8noCTuBbVCgHaubMzGQsNoaC8RL1BgyW",
            "1C1bQKEB9AXfHHxoUdyCyecStMBkL1utNT"
        ]
    },
    "fiat_value": {},
    "frozen_coins": {},
    "invoices": {},
    "keystore": {
        "derivation": "m",
        "pw_hash_version": 1,
        "root_fingerprint": "9871f455",
        "seed": "minor zone pool advance remain combine desert claw medal settle grace capable",
        "seed_type": "standard",
        "type": "bip32",
        "xprv": "xprv9s21ZrQH143K439tEanEVjyBkQf7NYPvA8dna3WqWTDYfhRKxXbWCkGoAcSPhuTk5r7CGBA9wGMiYfHzj4bEpGAfoJMS8j623FsVvacTovn",
        "xpub": "xpub661MyMwAqRbcGXEMLcKErsuvJSVbn17mXMZPNRvT4nkXYVkUW4ukkYbH1vdLFswGJQm1MwpEqmLXxRmXPLiziKRLk9FBDHsjPyYSW7rab4T"
    },
    "labels": {},
    "payment_requests": {},
    "prevouts_by_scripthash": {},
    "seed_version": 50,
    "spent_outpoints": {},
    "transactions": {},
    "tx_fees": {},
    "txi": {},
    "txo": {},
    "use_encryption": false,
    "verified_tx3": {},
    "wallet_type": "standard"
}