{
    "addr_history": {
        "12uwSVsz4X2ez46cSCBLirxqBw8nuFF3x7": [],
        "13Cr4YS6wDY2ZRyQzAzV4G2WDf5Tje3Dpd": [],
        "13PLUHkXXQwzQDurXQquoJq8nvC7wU1A2b": [],
        "13VcpXCHwrJ45oTkzzZaQAXuLHKKLPDRWd": [],
        "14bseZoHkDYNSf8wWWApkoaMfK9vhFk1ev": [],
        "15ETBg1oRyXVeFFDTK28J2FUtzUxJQRjji": [],
        "166TMtj6NrmiPFiXkq2AErerHihc2hkZNf": [],
        "18QSd8TQZpWtWjLLvcLhZvcbddjFsVkneo": [],
        "18yrTuYAvj9fCgSdjrDd1c3NAx6uvDbpbW": [],
        "19kSgTZBLE1EcwNM43CU7W6988NaqT1Te9": [],
        "1C7ssiWv3Js6CJF48DJxQhxaY8pbGX4kMb": [],
        "1CQ3gMZBPzRaJzFrT4vRYHWAgMo3p5tMoP": [],
        "1EgAQTFAm5xx6KTfiE4KLCzDkDFXU3J3kW": [],
        "1F8tzcCopogL3xXgrpMpvxDXuT8FNU4ups": [],
        "1FYeiVToNps3wABwyegR5LHxmPwsA29UgH": [],
        "1GdGLW7SVaYaCxo2JDGkWS8HB1v9NPhtK7": [],
        "1GxUFSHaiV4d79e375HzGPNpcXMBJc8PQ8": [],
        "1HzS1ZNqsH14awzSysxD73Yz7g6kSmLWkk": [],
        "1JMv8ztdEELogbdmzGzFsi8Xf4GKR9kY9q": [],
        "1KYA5QdGrucC4YFZm7X1mVBHTfMy3X7NoU": [],
        "1KgBBqArER3U85WvofxtGB8QyjB447XFX6": [],
        "1L1GEptr5PCHy4bqKconZ3ccPM2Po4Mxmw": [],
        "1LZNbBY3XjVT5n3uRkdcrGrFZzwGC7kNfb": [],
        "1M772ptyzsY1LCpers6wxQ32xdVDPCb2oX": [],
        "1MmfLV55uC5tcLwzP2eiEeHtPcKrGDFkJ7": [],
        "1MogAYouckpbnPPZ7YaV1HLn5gAZuuKAwD": [],
        "1N3vpFRDvcGDpz23ckyYz7aS4Lxy2FDpr5": [],
        "1NJ2MapCQMEpx58TDuwNMeADM7A4zfVCjs": [],
        "1PfjmmXabHLdrrPfKLJYfYngP3tqoLjFPR": [],
        "1uCVYTym86ctgq4FoKNZT7Gk8SMfDSG5Y": []
    },
    "addresses": {
        "change": [
            "12uwSVsz4X2ez46cSCBLirxqBw8nuFF3x7",
            "1MmfLV55uC5tcLwzP2eiEeHtPcKrGDFkJ7",
            "1PfjmmXabHLdrrPfKLJYfYngP3tqoLjFPR",
            "1KgBBqArER3U85WvofxtGB8QyjB447XFX6",
            "19kSgTZBLE1EcwNM43CU7W6988NaqT1Te9",
            "1JMv8ztdEELogbdmzGzFsi8Xf4GKR9kY9q",
            "1uCVYTym86ctgq4FoKNZT7Gk8SMfDSG5Y",
            "1LZNbBY3XjVT5n3uRkdcrGrFZzwGC7kNfb",
            "18yrTuYAvj9fCgSdjrDd1c3NAx6uvDbpbW",
            "1M772ptyzsY1LCpers6wxQ32xdVDPCb2oX"
        ],
        "receiving": [
            "1FYeiVToNps3wABwyegR5LHxmPwsA29UgH",
            "1F8tzcCopogL3xXgrpMpvxDXuT8FNU4ups",
            "13Cr4YS6wDY2ZRyQzAzV4G2WDf5Tje3Dpd",
            "18QSd8TQZpWtWjLLvcLhZvcbddjFsVkneo",
            "1MogAYouckpbnPPZ7YaV1HLn5gAZuuKAwD",
            "1GxUFSHaiV4d79e375HzGPNpcXMBJc8PQ8",
            "14bseZoHkDYNSf8wWWApkoaMfK9vhFk1ev",
            "15ETBg1oRyXVeFFDTK28J2FUtzUxJQRjji",
            "1HzS1ZNqsH14awzSysxD73Yz7g6kSmLWkk",
            "1NJ2MapCQMEpx58TDuwNMeADM7A4zfVCjs",
            "1N3vpFRDvcGDpz23ckyYz7aS4Lxy2FDpr5",
            "1L1GEptr5PCHy4bqKconZ3ccPM2Po4Mxmw",
            "166TMtj6NrmiPFiXkq2AErerHihc2hkZNf",
            "1CQ3gMZBPzRaJzFrT4vRYHWAgMo3p5tMoP",
            "13VcpXCHwrJ45oTkzzZaQAXuLHKKLPDRWd",
            "1EgAQTFAm5xx6KTfiE4KLCzDkDFXU3J3kW",
            "1KYA5QdGrucC4YFZm7X1mVBHTfMy3X7NoU",
            "1GdGLW7SVaYaCxo2JDGkWS8HB1v9NPhtK7",
            "1C7ssiWv3Js6CJF48DJxQhxaY8pbGX4kMb",
            "13PLUHkXXQwzQDurXQquoJq8nvC7wU1A2b"
        ]
    },
    "fiat_value": {},
    "frozen_coins": {},
    "invoices": {},
    "keystore": {
        "derivation": "m",
        "pw_hash_version": 1,
        "root_fingerprint": "49712a94",
        "seed": "minor zone pool about remain combine race claw medal settle grace capable",
        "seed_type": "standard",
        "type": "bip32",
        "xprv": "xprv9s21ZrQH143K2iWXyeSJwf6KywCUKAT7YGLFBEH7NHYrpDNLYqFRhVHFBZvWucSgVHHgzcm6CpPytvZ1EFAwkJRRexx7Z4SKdBhChLH5BW3",
        "xpub": "xpub661MyMwAqRbcFCb15fyKJo34Xy2xidAxuVFqycgivd5qh1hV6NZgFHbj2sG1UkmxKxiiZFtYQMeGbX9u1C5mjFqd81nSugv5u4v9FC8re9D"
    },
    "labels": {},
    "payment_requests": {},
    "prevouts_by_scripthash": {},
    "seed_version": 50,
    "spent_outpoints": {},
    "transactions": {},
    "tx_fees": {},
    "txi": {},
    "txo": {},
    "use_encryption": false,
    "verified_tx3": {},
    "wallet_type": "standard"
}