{
    "addr_history": {
        "114RorqXGQwcxJwehNVoDS7rpnoJDiB2C9": [],
        "12esw86odiFujEuwsvQ3zsR4p42UQr79D3": [],
        "13QPpaZ9k26hEtDyZsubtzoSoCVRVPiKz9": [],
        "14Tek5mD3g7ZmiRtuWzpZ49rzs5jjvedLm": [],
        "14XtPGcJaFVQwwE6Z5Va3DJy6Jd5FJ82DM": [],
        "16P9LNxiKiDN2Jkq6qFMEv6aSe5zxCRW1k": [],
        "16xATNDqLbZ8xXfJtmUv14W4oY2XNbntDX": [],
        "174G35dEemDkREb3BTo72oy1647b6wwXth": [],
        "17GoRevUG4yGrWBGpCXNwKUVvwMjsNPTz1": [],
        "17MUWwCiruCCewpuwgfsHeXfLWEVJ6iGEs": [],
        "17RMmdKmvb2BsAFUjamhZSa2o4PqzyWZak": [],
        "188YUEMP7Yi6Jhk3uWc95B8jzRpNq5y7dB": [],
        "1BB17bfnd3ZBu6umtjPWzeQ1YtypkJRENF": [],
        "1BjAuTTHFZJWfKaMn6UEerGbqAPituYoQr": [],
        "1BosR74ZfsHt7W6Pmo5K8ifBbYxfv9qAkE": [],
        "1C87rd8h5z91838F2ZhHuuVkYe4LDVLvDK": [],
        "1CiaqUWHouYMi3cJCwL18oBxUqRQSWdo63": [],
        "1DUQaReG3HA9PDiVjqU3ZtTwKkHYLqoM3U": [],
        "1DzHmgSxctQt5D9UUnPTyrWuwwiFefvjhR": [],
        "1F1QfbuZPrUB85XJgqK5DGe2CCxVrwR4fs": [],
        "1FZDc1Sj12RhX9XZvVXxL51b2Xo76D64JR": [],
        "1GGPF3KvD2xYkvA2ErdSwzMHDQ8S8Fj7wR": [],
        "1GiqKmPqkqwrwz7bVMtWeUw9rBkjnv8FsY": [],
        "1GrEJecdPjvsTgwdXcFHMUzpr9yGtKzrUd": [],
        "1HydWiVsahpTZDWzBJEVEDCGvUQTJ8ror1": [],
        "1JJcwKCQJZFVcuiGM3tAFadPsHx46Qjaem": [],
        "1KCo5CgwkybE2y3us1kQ6SwW6bpxuLSEzV": [],
        "1LcPo2DTYgBrN9wYksPdMvSKnY9bKFw4zG": [],
        "1PD194hyvh6Lg8VZiMhokWLGjhfMgfp7zT": [],
        "1dpkCbsCNg2h7CZ8t5qN8WjJzzgmfSjpE": []
    },
    "addresses": {
        "change": [
            "17GoRevUG4yGrWBGpCXNwKUVvwMjsNPTz1",
            "174G35dEemDkREb3BTo72oy1647b6wwXth",
            "1F1QfbuZPrUB85XJgqK5DGe2CCxVrwR4fs",
            "16P9LNxiKiDN2Jkq6qFMEv6aSe5zxCRW1k",
            "12esw86odiFujEuwsvQ3zsR4p42UQr79D3",
            "1FZDc1Sj12RhX9XZvVXxL51b2Xo76D64JR",
            "1BB17bfnd3ZBu6umtjPWzeQ1YtypkJRENF",
            "1BjAuTTHFZJWfKaMn6UEerGbqAPituYoQr",
            "1PD194hyvh6Lg8VZiMhokWLGjhfMgfp7zT",
            "114RorqXGQwcxJwehNVoDS7rpnoJDiB2C9"
        ],
        "receiving": [
            "1BosR74ZfsHt7W6Pmo5K8ifBbYxfv9qAkE",
            "1LcPo2DTYgBrN9wYksPdMvSKnY9bKFw4zG",
            "14XtPGcJaFVQwwE6Z5Va3DJy6Jd5FJ82DM",
            "17MUWwCiruCCewpuwgfsHeXfLWEVJ6iGEs",
            "13QPpaZ9k26hEtDyZsubtzoSoCVRVPiKz9",
            "14Tek5mD3g7ZmiRtuWzpZ49rzs5jjvedLm",
            "1CiaqUWHouYMi3cJCwL18oBxUqRQSWdo63",
            "1JJcwKCQJZFVcuiGM3tAFadPsHx46Qjaem",
            "17RMmdKmvb2BsAFUjamhZSa2o4PqzyWZak",
            "188YUEMP7Yi6Jhk3uWc95B8jzRpNq5y7dB",
            "16xATNDqLbZ8xXfJtmUv14W4oY2XNbntDX",
            "1KCo5CgwkybE2y3us1kQ6SwW6bpxuLSEzV",
            "1HydWiVsahpTZDWzBJEVEDCGvUQTJ8ror1",
            "1GrEJecdPjvsTgwdXcFHMUzpr9yGtKzrUd",
            "1C87rd8h5z91838F2ZhHuuVkYe4LDVLvDK",
            "1GGPF3KvD2xYkvA2ErdSwzMHDQ8S8Fj7wR",
            "1DzHmgSxctQt5D9UUnPTyrWuwwiFefvjhR",
            "1DUQaReG3HA9PDiVjqU3ZtTwKkHYLqoM3U",
            "1dpkCbsCNg2h7CZ8t5qN8WjJzzgmfSjpE",
            "1GiqKmPqkqwrwz7bVMtWeUw9rBkjnv8FsY"
        ]
    },
    "fiat_value": {},
    "frozen_coins": {},
    "invoices": {},
    "keystore": {
        "derivation": "m",
        "pw_hash_version": 1,
        "root_fingerprint": "ad7d6a1e",
        "seed": "minor zone pool add remain combine pen claw medal settle grace capable",
        "seed_type": "standard",
        "type": "bip32",
        "xprv": "xprv9s21ZrQH143K2g6qva5SyPmzFzNVQ3hdRQSxQjEhkniMBVcDJ3c8yn5BLwcQ9NrWTyL2ENLRhnikdxLFU4nrgpYvbi11gwYNHbzzBxc3Wte",
        "xpub": "xpub661MyMwAqRbcFABK2bcTLXiip2CyoWRUndNZD7eKK8FL4HwMqavPXaPfCDuxWhs2V5fKcdxTCQMwArU1MD5uHDYUPfg9EzzhysfTJAd2FAu"
    },
    "labels": {},
    "payment_requests": {},
    "prevouts_by_scripthash": {},
    "seed_version": 50,
    "spent_outpoints": {},
    "transactions": {},
    "tx_fees": {},
    "txi": {},
    "txo": {},
    "use_encryption": false,
    "verified_tx3": {},
    "wallet_type": "standard"
}