{
    "addr_history": {
        "126pEdd8PzaxbinxGKwwW5oowZpw6HjTMs": [],
        "12PJdegLDZeF3mhGWqHBTgxSNtfqwD8dcD": [],
        "131ZFrdbwNqsS5pKxPwLJM5MWPWFdSbf1s": [],
        "13JHNYCC9WResGPZQhannRckEDvvFM1MLW": [],
        "13ueo2EPLhhubmgjEis1N55K5khaHkhAYG": [],
        "14EyRP1iNVmqUAySmbrbX4w3KtzHeD6GJf": [],
        "18sLk1wJqXCRVpKqtrmbprfyHSuAM63cCB": [],
        "19trpyidQBKKqRe9HrexcJEkRAyAmYf6MV": [],
        "1B1r5mbYUynBhFwMecJZ7bPyng3fdwVtxq": [],
        "1CWqQx4t6tyrK8b3vcBmo85TC7uKH9qFMy": [],
        "1CeNUBiBRfn9yLtzSDsXRTbFqmBZ9uLkg1": [],
        "1CiyizKtExDJCcpp8jTMRWWg2WXUgP5Lfa": [],
        "1D2zeM7jCbShhvBgBnzgKLqFu7ivG2hmV1": [],
        "1DSLGLjJPwqZFzgQ4VS1Pc34Ss41Rgb416": [],
        "1DgQymqmzJ6M3fiad4RshsHdXvRUhnUvFh": [],
        "1E22rQGBujLn8utS6GUjove2fSNasi6z3Q": [],
        "1FoenLgU3UJjXCDhb23KJ2PAGFCXLaM9Nh": [],
        "1HEPtL1LGDJ4GmwcAw4mpAnxRVc3yf4NEt": [],
        "1HyvYhda3qZUH2Hi7QzeWm6HcAzMxjVWFQ": [],
        "1JShFRgJPSJKxWthbKgUotoEFSWcVToRc3": [],
        "1JksaZuE3duR7Ef9oEmu23DKfRFuBCvbGi": [],
        "1KBE1yW4RKMTnCFUFygsPgdzFzFtiqhdRr": [],
        "1KHgXXMvKRSDVfDJQdsZD1RGZpPrBFGVNE": [],
        "1KZZJD7kxPMXSkf24SUgqAxGjQGhjZcBH5": [],
        "1McqYW3cxNsnwu22hvoLoVyWqQ8SyTZy3f": [],
        "1MeAnwvkoYxj14ihQ2YMU3FJNfeGrV7Fzr": [],
        "1NTkiY1tbx3HyHFwVgjMetuVoeuNgCMHKZ": [],
        "1P18u77C9FQ5H8CatyHZi6R64Q5zDAjvK1": [],
        "1Q3DbkewDtLg3vTNUTqVJgVNYuUGQaKx4c": [],
        "1zeDCpCTAfsGMDkn34SYZBARHtW8z1T1Z": []
    },
    "addresses": {
        "change": [
            "1Q3DbkewDtLg3vTNUTqVJgVNYuUGQaKx4c",
            "1MeAnwvkoYxj14ihQ2YMU3FJNfeGrV7Fzr",
            "1D2zeM7jCbShhvBgBnzgKLqFu7ivG2hmV1",
            "1JShFRgJPSJKxWthbKgUotoEFSWcVToRc3",
            "126pEdd8PzaxbinxGKwwW5oowZpw6HjTMs",
            "1CeNUBiBRfn9yLtzSDsXRTbFqmBZ9uLkg1",
            "14EyRP1iNVmqUAySmbrbX4w3KtzHeD6GJf",
            "1FoenLgU3UJjXCDhb23KJ2PAGFCXLaM9Nh",
            "13JHNYCC9WResGPZQhannRckEDvvFM1MLW",
            "1P18u77C9FQ5H8CatyHZi6R64Q5zDAjvK1"
        ],
        "receiving": [
            "1E22rQGBujLn8utS6GUjove2fSNasi6z3Q",
            "1CWqQx4t6tyrK8b3vcBmo85TC7uKH9qFMy",
            "19trpyidQBKKqRe9HrexcJEkRAyAmYf6MV",
            "1JksaZuE3duR7Ef9oEmu23DKfRFuBCvbGi",
            "1DSLGLjJPwqZFzgQ4VS1Pc34Ss41Rgb416",
            "1CiyizKtExDJCcpp8jTMRWWg2WXUgP5Lfa",
            "1HEPtL1LGDJ4GmwcAw4mpAnxRVc3yf4NEt",
            "1KBE1yW4RKMTnCFUFygsPgdzFzFtiqhdRr",
            "1DgQymqmzJ6M3fiad4RshsHdXvRUhnUvFh",
            "1B1r5mbYUynBhFwMecJZ7bPyng3fdwVtxq",
            "1KHgXXMvKRSDVfDJQdsZD1RGZpPrBFGVNE",
            "13ueo2EPLhhubmgjEis1N55K5khaHkhAYG",
            "131ZFrdbwNqsS5pKxPwLJM5MWPWFdSbf1s",
            "18sLk1wJqXCRVpKqtrmbprfyHSuAM63cCB",
            "1HyvYhda3qZUH2Hi7QzeWm6HcAzMxjVWFQ",
            "1McqYW3cxNsnwu22hvoLoVyWqQ8SyTZy3f",
            "12PJdegLDZeF3mhGWqHBTgxSNtfqwD8dcD",
            "1NTkiY1tbx3HyHFwVgjMetuVoeuNgCMHKZ",
            "1KZZJD7kxPMXSkf24SUgqAxGjQGhjZcBH5",
            "1zeDCpCTAfsGMDkn34SYZBARHtW8z1T1Z"
        ]
    },
    "fiat_value": {},
    "frozen_coins": {},
    "invoices": {},
    "keystore": {
        "derivation": "m",
        "pw_hash_version": 1,
        "root_fingerprint": "3e9c935d",
        "seed": "minor zone pool aware remain combine token claw medal settle grace capable",
        "seed_type": "standard",
        "type": "bip32",
        "xprv": "xprv9s21ZrQH143K2FNmmPbvGGG8UXMkKikGHrTimkV3kfAdznvhBL7kSqEtVJRH6JJvgRbPTpc6T1rqDvgJh6m77U7ne9kRVJ5SzTvytnSaDRY",
        "xpub": "xpub661MyMwAqRbcEjTEsR8vdQCs2ZCEjBU7f5PKa8tfJzhcsbFqisRzzdZNLYdqbviAr9Mqy9agHWg2ETHRRfMrKoUNV8SkBg5Cw8WkWkHEvGY"
    },
    "labels": {},
    "payment_requests": {},
    "prevouts_by_scripthash": {},
    "seed_version": 50,
    "spent_outpoints": {},
    "transactions": {},
    "tx_fees": {},
    "txi": {},
    "txo": {},
    "use_encryption": false,
    "verified_tx3": {},
    "wallet_type": "standard"
}