{
    "addr_history": {
        "12aa71PQpxea1pjtb6YoeNwp9MVeZPmt1G": [],
        "13f7HHR8drt2QPTyJbR6hvgBM9amoC9fWS": [],
        "13gWAngRu8xCo7b93nEB3Dkq1Y5gb81zCE": [],
        "153n13cCXLMeYi2CCvGizh4xo91tWeRyAx": [],
        "15Bf6vz386zGqAL1CKVrqDbponPWGZBxmM": [],
        "15FXZGqTQSZpLDyzeDjzWkczZedXAZoG5P": [],
        "15NjQqSS3pBfkdksnAM5Zo3mZCyzYvgfU6": [],
        "15SdSuBJJoxYvJJKBqUtrhk9s4UwaU6qMt": [],
        "15vsbPAiKodxM97t5SfyN4FS2yhiEfatLt": [],
        "16Y65w8a5LUcXw9tQQ5HAYVwSvSdYAP58X": [],
        "16f3KRqoxKnW2fX2cJ298VTuV4HMnEy86C": [],
        "18uJASRUPzC4AMSkMyK6CvGnc3zQnU8Pu5": [],
        "19BzoiFnWZ9XNU8pc3NVXECWjT9aZnUF8H": [],
        "19oVVDyqdAFG89Xpcbdqc2DEshfmfJq4Wd": [],
        "1BFfMP87bLdenCHMbdUcdCRW9tb7nGT5iv": [],
        "1BWT32ywZ4pEoyH2dKPNYSzvcX2httXtgm": [],
        "1CQVWdoRrqe7grb34pbVFhF8j9C93Vw5DS": [],
        "1D6bJDyW6ttRBsgWnzhUCFcC9kqivKLp8c": [],
        "1EAnnhGfxoTH1kUf72z794n87QdLAtFgjj": [],
        "1FteoL2i4HFKrhBCv2qV42MiEqWuh7Nui6": [],
        "1FwM5cq2GfqRshofGWG2F75A8RdAiJ1kob": [],
        "1G3b1ZQ82MhR85kK2nPLSRH4vFJtcEB4zJ": [],
        "1G5VDcNwCUCSMv7tQj1a3DoxZVfoJuh99F": [],
        "1Jc718J8yuC16Qwc5A8PFU8h4cbXVajQDL": [],
        "1K1eEPD2Wyr5jqVawFWjiViSvG4Bdq8pBJ": [],
        "1Lf5m2LWWch5o1piHucUVwM7VQ7aCSTUrw": [],
        "1NB6Zk2mKUucceZ4hMckdEyT9mqk6hNG9E": [],
        "1NJuaPmyob2HV3gyWmGWeD81aDV6Df9AtT": [],
        "1NpgPt946r8WZZ37cQFMF3Ph9hMXw2i6LA": [],
        "1Nt64bi4yayCAGgTmenMkJyLY6fiTEPdPA": []
    },
    "addresses": {
        "change": [
            "1CQVWdoRrqe7grb34pbVFhF8j9C93Vw5DS",
            "1G3b1ZQ82MhR85kK2nPLSRH4vFJtcEB4zJ",
            "15FXZGqTQSZpLDyzeDjzWkczZedXAZoG5P",
            "1NpgPt946r8WZZ37cQFMF3Ph9hMXw2i6LA",
            "15NjQqSS3pBfkdksnAM5Zo3mZCyzYvgfU6",
            "1BFfMP87bLdenCHMbdUcdCRW9tb7nGT5iv",
            "1G5VDcNwCUCSMv7tQj1a3DoxZVfoJuh99F",
            "15vsbPAiKodxM97t5SfyN4FS2yhiEfatLt",
            "18uJASRUPzC4AMSkMyK6CvGnc3zQnU8Pu5",
            "16f3KRqoxKnW2fX2cJ298VTuV4HMnEy86C"
        ],
        "receiving": [
            "1Nt64bi4yayCAGgTmenMkJyLY6fiTEPdPA",
            "1K1eEPD2Wyr5jqVawFWjiViSvG4Bdq8pBJ",
            "1D6bJDyW6ttRBsgWnzhUCFcC9kqivKLp8c",
            "19oVVDyqdAFG89Xpcbdqc2DEshfmfJq4Wd",
            "1Jc718J8yuC16Qwc5A8PFU8h4cbXVajQDL",
            "1Lf5m2LWWch5o1piHucUVwM7VQ7aCSTUrw",
            "1FteoL2i4HFKrhBCv2qV42MiEqWuh7Nui6",
            "1EAnnhGfxoTH1kUf72z794n87QdLAtFgjj",
            "1NJuaPmyob2HV3gyWmGWeD81aDV6Df9AtT",
            "1NB6Zk2mKUucceZ4hMckdEyT9mqk6hNG9E",
            "15SdSuBJJoxYvJJKBqUtrhk9s4UwaU6qMt",
            "1BWT32ywZ4pEoyH2dKPNYSzvcX2httXtgm",
            "13gWAngRu8xCo7b93nEB3Dkq1Y5gb81zCE",
            "12aa71PQpxea1pjtb6YoeNwp9MVeZPmt1G",
            "15Bf6vz386zGqAL1CKVrqDbponPWGZBxmM",
            "13f7HHR8drt2QPTyJbR6hvgBM9amoC9fWS",
            "153n13cCXLMeYi2CCvGizh4xo91tWeRyAx",
            "1FwM5cq2GfqRshofGWG2F75A8RdAiJ1kob",
            "19BzoiFnWZ9XNU8pc3NVXECWjT9aZnUF8H",
            "16Y65w8a5LUcXw9tQQ5HAYVwSvSdYAP58X"
        ]
    },
    "fiat_value": {},
    "frozen_coins": {},
    "invoices": {},
    "keystore": {
        "derivation": "m",
        "pw_hash_version": 1,
        "root_fingerprint": "e88439a0",
        "seed": "minor zone pool attract remain combine plastic claw medal settle grace capable",
        "seed_type": "standard",
        "type": "bip32",
        "xprv": "xprv9s21ZrQH143K32d3pJhgN5tbfthMTSu2ubfTK6mjEoyoVdesV3vAn7oNbgBVTMv8oGSyDfpTk7WD7KbeDqTKmpwhkGTTUassiJBNVDuw47r",
        "xpub": "xpub661MyMwAqRbcFWhWvLEgjDqLDvXqructGpb47VBLo9WnNRz22bERKv7rSveTbDGkixhXPWud9P97Vny5v6FuwyhnsfA6Wv9yKXPpMbkpSC4"
    },
    "labels": {},
    "payment_requests": {},
    "prevouts_by_scripthash": {},
    "seed_version": 50,
    "spent_outpoints": {},
    "transactions": {},
    "tx_fees": {},
    "txi": {},
    "txo": {},
    "use_encryption": false,
    "verified_tx3": {},
    "wallet_type": "standard"
}