{
    "addr_history": {
        "12Txe77YgRx4R91RkLUfK5nh3XEY5HQ8sx": [],
        "12nyYy9Rg6SsrzLQJ7i3vdW6kyeHXCfJ6B": [],
        "13rr4NZJxVuZkFjc8igKuarDd6yaTCzJuW": [],
        "13v7tZLhix16E6NR35knR5tLDLmdaTb2jF": [],
        "14So6nHEUVSoKb97zAVHCTwQyurv4KgwAy": [],
        "158gfo19ZZi7vgE6VytZG3vwFczv81fGey": [],
        "15jd5U9gmijsDWz6d1uGqH8DQUUH42C5Uv": [],
        "17HCYnvoZpX4FJgysP2RH56MXCMZLLbLmo": [],
        "17REwJUsfe6UPt8SXaNLXg8UNrcVBDe3LL": [],
        "17zfas77Ey4R9i3X6fMe91xhZrfSvMteCz": [],
        "18rzV9AWmZHacWXkhftc6DRfCmoRKgmbe": [],
        "18y4M86j4shebmfKZPX6q21sa4yHov57Rg": [],
        "19YxXzFLq7Q2f1coZyM4fsT9y8vLP6b2NY": [],
        "1AruuHBAt8YRNfxNybbE4mRLvbJoToFnpj": [],
        "1CE2vCcTFULuzGdBaZYjFNdn5infLiUBUZ": [],
        "1EZevoua89vwcBHKFPqSpze6kDqpMmuYWb": [],
        "1Fdwfcpq9ZVDBVe85wx5gcHtTug9BhjW7V": [],
        "1FnECawPVfzWyxsQx4FzcuABXGgrN1H2qP": [],
        "1GtjRekGQ9paQbk7j88thwUprpFkQUWX8u": [],
        "1JA6Mo8nocR5BT7hvb2nRAqz64y2sKoSq8": [],
        "1JgTm8PyVQ3p5db5mzkwR7ZDALyCsArBh4": [],
        "1K5UnvFN6JPDgv2wu4v39eupHgCkes9quC": [],
        "1KibjNdJeJcdJDnzBCnPN15sqk6bwXELfZ": [],
        "1KtuKzKFp3Hie9c4TX4bR633ZBCLU8Z6WK": [],
        "1MpjA4u8chYzHWt83ZRbzpdyZq8iNFzUGG": [],
        "1Np1ysbuH6dogofMCzgHYNyDLaML61Vyci": [],
        "1Ntqn9fri5FfCjBMd8RCMrpwknLGu6N8YS": [],
        "1PqiumJBpruzB8qv3cegpQC6qCJwdRK63H": [],
        "1X8b5oV1MoStfThupfHvuLUj9WAv85X4L": [],
        "1qVe4mLjYMSUXvH1ss5m52JDffv6Yd2Wu": []
    },
    "addresses": {
        "change": [
            "18rzV9AWmZHacWXkhftc6DRfCmoRKgmbe",
            "1K5UnvFN6JPDgv2wu4v39eupHgCkes9quC",
            "1X8b5oV1MoStfThupfHvuLUj9WAv85X4L",
            "1AruuHBAt8YRNfxNybbE4mRLvbJoToFnpj",
            "1qVe4mLjYMSUXvH1ss5m52JDffv6Yd2Wu",
            "13rr4NZJxVuZkFjc8igKuarDd6yaTCzJuW",
            "1Fdwfcpq9ZVDBVe85wx5gcHtTug9BhjW7V",
            "1EZevoua89vwcBHKFPqSpze6kDqpMmuYWb",
            "1CE2vCcTFULuzGdBaZYjFNdn5infLiUBUZ",
            "1MpjA4u8chYzHWt83ZRbzpdyZq8iNFzUGG"
        ],
        "receiving": [
            "1KtuKzKFp3Hie9c4TX4bR633ZBCLU8Z6WK",
            "14So6nHEUVSoKb97zAVHCTwQyurv4KgwAy",
            "1GtjRekGQ9paQbk7j88thwUprpFkQUWX8u",
            "17zfas77Ey4R9i3X6fMe91xhZrfSvMteCz",
            "1KibjNdJeJcdJDnzBCnPN15sqk6bwXELfZ",
            "1PqiumJBpruzB8qv3cegpQC6qCJwdRK63H",
            "17REwJUsfe6UPt8SXaNLXg8UNrcVBDe3LL",
            "12Txe77YgRx4R91RkLUfK5nh3XEY5HQ8sx",
            "1JA6Mo8nocR5BT7hvb2nRAqz64y2sKoSq8",
            "158gfo19ZZi7vgE6VytZG3vwFczv81fGey",
            "1JgTm8PyVQ3p5db5mzkwR7ZDALyCsArBh4",
            "17HCYnvoZpX4FJgysP2RH56MXCMZLLbLmo",
            "19YxXzFLq7Q2f1coZyM4fsT9y8vLP6b2NY",
            "18y4M86j4shebmfKZPX6q21sa4yHov57Rg",
            "12nyYy9Rg6SsrzLQJ7i3vdW6kyeHXCfJ6B",
            "13v7tZLhix16E6NR35knR5tLDLmdaTb2jF",
            "1Np1ysbuH6dogofMCzgHYNyDLaML61Vyci",
            "1FnECawPVfzWyxsQx4FzcuABXGgrN1H2qP",
            "15jd5U9gmijsDWz6d1uGqH8DQUUH42C5Uv",
            "1Ntqn9fri5FfCjBMd8RCMrpwknLGu6N8YS"
        ]
    },
    "fiat_value": {},
    "frozen_coins": {},
    "invoices": {},
    "keystore": {
        "derivation": "m",
        "pw_hash_version": 1,
        "root_fingerprint": "12232840",
        "seed": "minor zone pool angry remain combine draft claw medal settle grace capable",
        "seed_type": "standard",
        "type": "bip32",
        "xprv": "xprv9s21ZrQH143K27gZQVNgD9Qgw5Rzrz41KDW4uPd15DFoFTTTrjAGtrh8Ft4bhsyvPHQFANmNPHgUkhnoap8iTi8bw6i7jcsq9CWosLSrnRr",
        "xpub": "xpub661MyMwAqRbcEbm2WWugaHMRV7GVGSmrgSRfhn2cdYnn8FncQGUXSf1c7B2fNdnzHWcZDfec9AGjdnTHptR28KjA7qdCBzoe6nxiVZ9QcTL"
    },
    "labels": {},
    "payment_requests": {},
    "prevouts_by_scripthash": {},
    "seed_version": 50,
    "spent_outpoints": {},
    "transactions": {},
    "tx_fees": {},
    "txi": {},
    "txo": {},
    "use_encryption": false,
    "verified_tx3": {},
    "wallet_type": "standard"
}