{
    "addr_history": {
        "128YncHVH72yvH8bZNmzfT7t4SUxRwM4gr": [],
        "13JTWV9PLTNuAS58D3ot5SQRwRE7Ty55y5": [],
        "144Fy4wkh8NAXPpSKoxKd5rA8uv5WuPzTt": [],
        "14EDrZCShF2QQVudgrNg81XkCYwtfGa7ea": [],
        "14cvc74jkSYgjnR4zt49UkLDogF1XAvTvx": [],
        "14j6eNzdTANTFTqvA2MmDcvb86JAodccbi": [],
        "15U565e4P7HUnB2K2CdoM7qGbqQe3dPt3s": [],
        "16xBRVWw351pa2oQciWNCbFcvC5EyJ5yof": [],
        "177wtTggipJFAJxuyYTqS7f71CwffbMTyY": [],
        "189UnyTPRfpo7NkMx6sFiWdFpToTk8pUhx": [],
        "18pPBssRbr8TbpFBEENfM6Wb9Hu5ZoKQj4": [],
        "1AQRrWW669U25S8h8tGrqf1LxxFyfCf9KY": [],
        "1CQLH58CkyhFDz6EE4cmTyPjaWrTZy82K8": [],
        "1CS4qJY5qQEDJKbAhbuRAM67nd2XkWyehV": [],
        "1D1xiVdGo1JEnnzGtW9zXMUdUU66vS3U3L": [],
        "1E8Ku2z2sACXCd39RdHyNQSv5V7TPrc6PR": [],
        "1Er5z5Ai9bPoXRBWWMqrWicW4tbfyeuydH": [],
        "1Ey6n1cWETbpWFYd3GtoJyy7CpdJ49m9pE": [],
        "1Fted9JmnHjz3pHpxpqXPhPoRY4vZuxb5T": [],
        "1FwnPZRHvqGP4w9wcdcu2gwfnoDh4Aroaw": [],
        "1GCUHXNtiEgP4ciTiJvHmBpEDP6gB9uymt": [],
        "1GzUZBL81JvWN5wdvpnRZZgHADAFTJKDpV": [],
        "1HHYuncrhPi2kEthnZuUe5P7san845H3cR": [],
        "1HQ4sUYq8wLVzfuaoR6ECWtLHFaMEsnh9T": [],
        "1KTfwQiidMwVnqPRrbe3B5pV5jb68Efm8C": [],
        "1KkbPCH85AvYZ6KqJSov77aiaVjERAiWvZ": [],
        "1LDDsP3aVHJbPZ3iZ1CUFovi1LVnRggSSm": [],
        "1MgD3coB2Mwbu92ksAHTLeAckNNBqTwKJe": [],
        "1QHfkaancsGvSGQEwQRXjL1eQTWmotZcqE": [],
        "1ayD29Tw1v19VPCvAeig7YdssEgKGtWNb": []
    },
    "addresses": {
        "change": [
            "15U565e4P7HUnB2K2CdoM7qGbqQe3dPt3s",
            "1GzUZBL81JvWN5wdvpnRZZgHADAFTJKDpV",
            "1Ey6n1cWETbpWFYd3GtoJyy7CpdJ49m9pE",
            "144Fy4wkh8NAXPpSKoxKd5rA8uv5WuPzTt",
            "16xBRVWw351pa2oQciWNCbFcvC5EyJ5yof",
            "13JTWV9PLTNuAS58D3ot5SQRwRE7Ty55y5",
            "1Fted9JmnHjz3pHpxpqXPhPoRY4vZuxb5T",
            "1QHfkaancsGvSGQEwQRXjL1eQTWmotZcqE",
            "1KkbPCH85AvYZ6KqJSov77aiaVjERAiWvZ",
            "1D1xiVdGo1JEnnzGtW9zXMUdUU66vS3U3L"
        ],
        "receiving": [
            "1GCUHXNtiEgP4ciTiJvHmBpEDP6gB9uymt",
            "1CS4qJY5qQEDJKbAhbuRAM67nd2XkWyehV",
            "14cvc74jkSYgjnR4zt49UkLDogF1XAvTvx",
            "1HQ4sUYq8wLVzfuaoR6ECWtLHFaMEsnh9T",
            "1ayD29Tw1v19VPCvAeig7YdssEgKGtWNb",
            "14EDrZCShF2QQVudgrNg81XkCYwtfGa7ea",
            "1KTfwQiidMwVnqPRrbe3B5pV5jb68Efm8C",
            "1LDDsP3aVHJbPZ3iZ1CUFovi1LVnRggSSm",
            "1E8Ku2z2sACXCd39RdHyNQSv5V7TPrc6PR",
            "128YncHVH72yvH8bZNmzfT7t4SUxRwM4gr",
            "18pPBssRbr8TbpFBEENfM6Wb9Hu5ZoKQj4",
            "1HHYuncrhPi2kEthnZuUe5P7san845H3cR",
            "1MgD3coB2Mwbu92ksAHTLeAckNNBqTwKJe",
            "1Er5z5Ai9bPoXRBWWMqrWicW4tbfyeuydH",
            "177wtTggipJFAJxuyYTqS7f71CwffbMTyY",
            "1FwnPZRHvqGP4w9wcdcu2gwfnoDh4Aroaw",
            "1CQLH58CkyhFDz6EE4cmTyPjaWrTZy82K8",
            "189UnyTPRfpo7NkMx6sFiWdFpToTk8pUhx",
            "1AQRrWW669U25S8h8tGrqf1LxxFyfCf9KY",
            "14j6eNzdTANTFTqvA2MmDcvb86JAodccbi"
        ]
    },
    "fiat_value": {},
    "frozen_coins": {},
    "invoices": {},
    "keystore": {
        "derivation": "m",
        "pw_hash_version": 1,
        "root_fingerprint": "53a90df5",
        "seed": "minor zone pool alcohol remain combine north claw medal settle grace capable",
        "seed_type": "standard",
        "type": "bip32",
        "xprv": "xprv9s21ZrQH143K253t1QQPYcHrvEQpsXg3Lg4kUMVu9388yX4JBPgqpC18MMUaVudo4oE7wLKDzAWfZzrfZDwoVUErugwxeLzLp2HaCf9ZgxQ",
        "xpub": "xpub661MyMwAqRbcEZ8M7RwPukEbUGFKGzPthtzMGjuWhNf7rKPSiw16MzKcCcjFT9tHiuYM6wkDA5vgj3QbZbLY7t87W5eZkGh9tRjwKoG47j8"
    },
    "labels": {},
    "payment_requests": {},
    "prevouts_by_scripthash": {},
    "seed_version": 50,
    "spent_outpoints": {},
    "transactions": {},
    "tx_fees": {},
    "txi": {},
    "txo": {},
    "use_encryption": false,
    "verified_tx3": {},
    "wallet_type": "standard"
}