{
    "addr_history": {
        "144C192bstktBzPFKjc6aDS2DhjrZsz8Zm": [],
        "14aqs6PjRzAn7XQJTJbjuZvufXLqbQ9ocw": [],
        "15NtUytcGAhGaex12Y936qWVWroY2RTDsY": [],
        "15xjUDBqrxjXc5fPJiJGMXawpdvFsuADUf": [],
        "16FAhP3okHXrfappLNWDqjqMxc8852WLjF": [],
        "16Pgg6f3w8Vpz826dRZ3dbpRWc95g6MELN": [],
        "16g5GXcwo44uQgN3dWACKiRiSDNYMv3YxS": [],
        "18f74w3umxYPbnMBF7dAbjvhEESeRjnQUY": [],
        "1AHxQEi54ppkRnGQwfHAiSLAyp4RXKSAmE": [],
        "1AeCFNfXiJPayVWk5CNEHpgEKddsB7wJuh": [],
        "1B28p5AhqbRX4W64VovLrF6gQ6pVjaijak": [],
        "1CLkN7a4sYrUkt2tKH2mibQ21iEQ9sMJ5n": [],
        "1CZfivPd81dJM6DHMKGqMTL4bZh9MxZHo2": [],
        "1DUktcSKymts4ztuNM7TxsNfx2V2Vw6A62": [],
        "1DWjmtDAq1sV6irCqgFBQG6Jgy6DLf1DJY": [],
        "1DYAtMAeuDbc2PqBpPL2qKy4yFQedpu3Xz": [],
        "1EUS5n7oUDPnmDwa4YLXdSMpKZsebjvNJN": [],
        "1Emt7bE1nDFGTPx1BQsHNcYCwWpMBsVLGw": [],
        "1F1vGbxadCF5LeQKUbHGTZrwrXPNjAa13b": [],
        "1FaYxxLAbXDYq4zaMX1TX8AjzTqReMT52Q": [],
        "1G7NdC6UU8Gz5vvrd4aoYvuZA9yd1rGwuB": [],
        "1HGSA4KrdwfrWSZQKWkhUJkAA1r1NUCVZz": [],
        "1He9HJhNbSMDw6t5eUe4rKvpyA8DyVdeFi": [],
        "1Jo6rPstaLUjasS8NTSYSkWfg9PWKpfj31": [],
        "1JycwpFEDfzghbVx7oXFLMeDdTYFwKqjvh": [],
        "1KCbwXnYxxS4jQc1yPcspoib4kAowBcoTa": [],
        "1KZDfVoBzCRy5NaYA3h5x5pYmm59k2cJWo": [],
        "1LkT1cde2ZBoWU2M1LtbPro22GCNJFmHrT": [],
        "1MiTdsBoNd3QnGeqMcMKnqHsroKEgLWmzr": [],
        "1NECKVZhk6FMjhHWAzyKawxbBxLpKkdm2p": []
    },
    "addresses": {
        "change": [
            "1MiTdsBoNd3QnGeqMcMKnqHsroKEgLWmzr",
            "1CZfivPd81dJM6DHMKGqMTL4bZh9MxZHo2",
            "1KCbwXnYxxS4jQc1yPcspoib4kAowBcoTa",
            "15NtUytcGAhGaex12Y936qWVWroY2RTDsY",
            "144C192bstktBzPFKjc6aDS2DhjrZsz8Zm",
            "1F1vGbxadCF5LeQKUbHGTZrwrXPNjAa13b",
            "1AHxQEi54ppkRnGQwfHAiSLAyp4RXKSAmE",
            "1EUS5n7oUDPnmDwa4YLXdSMpKZsebjvNJN",
            "14aqs6PjRzAn7XQJTJbjuZvufXLqbQ9ocw",
            "18f74w3umxYPbnMBF7dAbjvhEESeRjnQUY"
        ],
        "receiving": [
            "1DYAtMAeuDbc2PqBpPL2qKy4yFQedpu3Xz",
            "1AeCFNfXiJPayVWk5CNEHpgEKddsB7wJuh",
            "1B28p5AhqbRX4W64VovLrF6gQ6pVjaijak",
            "1G7NdC6UU8Gz5vvrd4aoYvuZA9yd1rGwuB",
            "1CLkN7a4sYrUkt2tKH2mibQ21iEQ9sMJ5n",
            "1LkT1cde2ZBoWU2M1LtbPro22GCNJFmHrT",
            "1FaYxxLAbXDYq4zaMX1TX8AjzTqReMT52Q",
            "1JycwpFEDfzghbVx7oXFLMeDdTYFwKqjvh",
            "1Jo6rPstaLUjasS8NTSYSkWfg9PWKpfj31",
            "16FAhP3okHXrfappLNWDqjqMxc8852WLjF",
            "1NECKVZhk6FMjhHWAzyKawxbBxLpKkdm2p",
            "16g5GXcwo44uQgN3dWACKiRiSDNYMv3YxS",
            "1He9HJhNbSMDw6t5eUe4rKvpyA8DyVdeFi",
            "1HGSA4KrdwfrWSZQKWkhUJkAA1r1NUCVZz",
            "1DWjmtDAq1sV6irCqgFBQG6Jgy6DLf1DJY",
            "1DUktcSKymts4ztuNM7TxsNfx2V2Vw6A62",
            "1KZDfVoBzCRy5NaYA3h5x5pYmm59k2cJWo",
            "15xjUDBqrxjXc5fPJiJGMXawpdvFsuADUf",
            "16Pgg6f3w8Vpz826dRZ3dbpRWc95g6MELN",
            "1Emt7bE1nDFGTPx1BQsHNcYCwWpMBsVLGw"
        ]
    },
    "fiat_value": {},
    "frozen_coins": {},
    "invoices": {},
    "keystore": {
        "derivation": "m",
        "pw_hash_version": 1,
        "root_fingerprint": "1a2d36a7",
        "seed": "minor zone pool any remain combine ketchup claw medal settle grace capable",
        "seed_type": "standard",
        "type": "bip32",
        "xprv": "xprv9s21ZrQH143K3oREqesF9vAMiiBURhxrP6fiJCwtXWP3p4BWKCaZpqupZLv4GiySNpoHvVCibopaD6Rhs2EUEKNx5iRXMT52Yz5BFfhiREM",
        "xpub": "xpub661MyMwAqRbcGHVhwgQFX476Gk1xqAghkKbK6bMW5qv2grWerjtpNeEJQdT7Udqi536NM15R9BUkfTX79g5ktWucCFT4QB78Y2hA1S3qqid"
    },
    "labels": {},
    "payment_requests": {},
    "prevouts_by_scripthash": {},
    "seed_version": 50,
    "spent_outpoints": {},
    "transactions": {},
    "tx_fees": {},
    "txi": {},
    "txo": {},
    "use_encryption": false,
    "verified_tx3": {},
    "wallet_type": "standard"
}