{
    "addr_history": {
        "12LfAUSmWieeWVGDFps59kTvHTx5WWkg3E": [],
        "13RPfkRKF9hGuoaF3E55wPXtNLkdXXVteV": [],
        "159WHjPfuFgfca9y5YC77Kyqrc4VboTu2t": [],
        "15hrS82Uvzu3vV6RCKCnAA5NoHPUqTvQ7M": [],
        "167knHsyTH58oot4ot1YFAqZm7NUUf4xpT": [],
        "17na4CkBFs56QTVkaXvmXKEp8aZHM6XM7d": [],
        "18aGXnDUZER96Xmuma4XCdZ6a87nBkRyk4": [],
        "18xW4c2RiPSeDStbiphgihWQpgiLTQLa48": [],
        "1937uDDbjZ5EJjNkQ8iwRZdqid9JaYGgsT": [],
        "1BBzFn8Fdc5bNRo59FKkvwvTpssz5qUQm8": [],
        "1BHzZt8cQrKakbjceYVhKZKhv6HXJr2wBw": [],
        "1BZW9krxCfZTjcDYKhthyyNrrVdnRK1Aei": [],
        "1GG3qp3rujZtg1MGTgC2hjjtJu7Czq8vnW": [],
        "1GKR8AkroxeQr4ecya7NrBmtc9TGigyKG4": [],
        "1GZP8JuoFYmKboKQ3DWZbfY3wbYqKw6WG3": [],
        "1GxUj4hakVKD7gCb4ysQCqrbBRu7Zjon2a": [],
        "1H1q5rMmkEriaAjuE59aXuD8MfZC8mNuhB": [],
        "1HZxywQDxGNtfqqaP4Gpc55ZhL4nSABGM8": [],
        "1KG7rieRMm17K2fcPchwtzPeCtnECcq9so": [],
        "1KPtx3frS3GPqWPJY7UDGJjEjzBefUQzt6": [],
        "1KpiePZFGUM42diHMsXryoUaGMhiSfdAqe": [],
        "1Lg4UWDT6vPWgbKFMQMoE8ehrtbcNabxQQ": [],
        "1Lgaun6W9sii34mEMRfxnH6N2diRg7Y8bB": [],
        "1MMxe5bhFBVySsxVDDHyAu3LS3KQZMffiw": [],
        "1NuDPs8UTapUwpPqtEi2AvNF9xRvfdFx41": [],
        "1NuPh4uyJzEXNNpED3yDuud81LQxawNeVM": [],
        "1Pqrxgx9M7GKuWLrCoD1dusKnoqf3ccsD1": [],
        "1Q5gdkopeKAELexXTv5uPWkZ9FMeaRCZRn": [],
        "1QDg6pxG9aBC8gfr3yrbjnpdhhb4ZdVi4a": [],
        "1QQ1xtmHDjQ92Eoh4nNcnw8Wa63djNCMV": []
    },
    "addresses": {
        "change": [
            "1GxUj4hakVKD7gCb4ysQCqrbBRu7Zjon2a",
            "18xW4c2RiPSeDStbiphgihWQpgiLTQLa48",
            "159WHjPfuFgfca9y5YC77Kyqrc4VboTu2t",
            "1GG3qp3rujZtg1MGTgC2hjjtJu7Czq8vnW",
            "1Pqrxgx9M7GKuWLrCoD1dusKnoqf3ccsD1",
            "167knHsyTH58oot4ot1YFAqZm7NUUf4xpT",
            "1BBzFn8Fdc5bNRo59FKkvwvTpssz5qUQm8",
            "1KG7rieRMm17K2fcPchwtzPeCtnECcq9so",
            "1Lgaun6W9sii34mEMRfxnH6N2diRg7Y8bB",
            "13RPfkRKF9hGuoaF3E55wPXtNLkdXXVteV"
        ],
        "receiving": [
            "1NuPh4uyJzEXNNpED3yDuud81LQxawNeVM",
            "17na4CkBFs56QTVkaXvmXKEp8aZHM6XM7d",
            "18aGXnDUZER96Xmuma4XCdZ6a87nBkRyk4",
            "1H1q5rMmkEriaAjuE59aXuD8MfZC8mNuhB",
            "1KpiePZFGUM42diHMsXryoUaGMhiSfdAqe",
            "1MMxe5bhFBVySsxVDDHyAu3LS3KQZMffiw",
            "1GZP8JuoFYmKboKQ3DWZbfY3wbYqKw6WG3",
            "1BZW9krxCfZTjcDYKhthyyNrrVdnRK1Aei",
            "1BHzZt8cQrKakbjceYVhKZKhv6HXJr2wBw",
            "1QDg6pxG9aBC8gfr3yrbjnpdhhb4ZdVi4a",
            "1Lg4UWDT6vPWgbKFMQMoE8ehrtbcNabxQQ",
            "1Q5gdkopeKAELexXTv5uPWkZ9FMeaRCZRn",
            "1HZxywQDxGNtfqqaP4Gpc55ZhL4nSABGM8",
            "1937uDDbjZ5EJjNkQ8iwRZdqid9JaYGgsT",
            "1NuDPs8UTapUwpPqtEi2AvNF9xRvfdFx41",
            "1QQ1xtmHDjQ92Eoh4nNcnw8Wa63djNCMV",
            "12LfAUSmWieeWVGDFps59kTvHTx5WWkg3E",
            "15hrS82Uvzu3vV6RCKCnAA5NoHPUqTvQ7M",
            "1KPtx3frS3GPqWPJY7UDGJjEjzBefUQzt6",
            "1GKR8AkroxeQr4ecya7NrBmtc9TGigyKG4"
        ]
    },
    "fiat_value": {},
    "frozen_coins": {},
    "invoices": {},
    "keystore": {
        "derivation": "m",
        "pw_hash_version": 1,
        "root_fingerprint": "38d69b73",
        "seed": "minor zone pool artist remain combine fringe claw medal settle grace capable",
        "seed_type": "standard",
        "type": "bip32",
        "xprv": "xprv9s21ZrQH143K4CeMyXvaLGWMVLVGaSBQj88FBj4KXL4XzvAvTUUzwsrrbPB3T81i8MquS1tDAtUXccAgcPPd3BUkAmL3X8xaonidRsqZ4bm",
        "xpub": "xpub661MyMwAqRbcGgiq5ZTahQT63NKkytuG6M3qz7Tw5fbWsiW511oFVgBLSerhsVCUTGdvBd9reaKVTrLB2ohLCRhYdYqDGg45swSJS6XhEZU"
    },
    "labels": {},
    "payment_requests": {},
    "prevouts_by_scripthash": {},
    "seed_version": 50,
    "spent_outpoints": {},
    "transactions": {},
    "tx_fees": {},
    "txi": {},
    "txo": {},
    "use_encryption": false,
    "verified_tx3": {},
    "wallet_type": "standard"
}