{
    "addr_history": {
        "12hPqXbBycNqC7hT3EYs1QRWz8GehKChxR": [],
        "13TKiJshkA3mseWLX1AHybuTTCfSaP8ytX": [],
        "13ZyVNZM7m49GvyYPfau4xxhosMY3uANLQ": [],
        "14q2NohkiDCsuAPpSe7dGav8YN9ESrsDh1": [],
        "15RDsSYMz4HmPtPfw4PzGc583rZm1YdqAK": [],
        "16VfxdP965LySR2BbekLXwhquWRN845mkD": [],
        "16dVfV1nhEoif7zaTruHd3wiDtXTiPcPm6": [],
        "17ZXWU5VKWjWTaNxvA73yPxAAYjBuhX2Pr": [],
        "19RK2tRQYpAPeXR1bJZ3g4siPSkadMQadw": [],
        "1AXn3FwPvppT93fHnn1Zrtb5UekGJ9B2HH": [],
        "1CEagT59CFnzknYeuqtsWaFPCqmaes9aBw": [],
        "1CJCnVfr179ZRF6goE3gTPPJe4ZKbguDVJ": [],
        "1CTJELX1wf6YyGAJK3vBZje2To8A2Aafv4": [],
        "1E3qaLzZySTqMFiWnVibvk48tmCkcVtRVi": [],
        "1EfzqbHNuW2naeVRFK7KsBYrbFL6J3jCxG": [],
        "1GL7pfaGeyfFUA3AwDfUy2hAJfV21kFg1F": [],
        "1Hgd5pjhktddiHHFYfSYjjsbhbJbKsSRc1": [],
        "1J9cKza1KPyYkHtZs6Z1Y3fTkwQHoYo7p4": [],
        "1JD9neKNwq8cArjtWpKut4qLYYpo1f9B7i": [],
        "1JV3uayDBaYKjuU8gWFPDvVjWy4CDvAhnN": [],
        "1Jfvxsae3ycpS1XFofrv6ZoWuT7BztHo9e": [],
        "1K9wcjcdZ2PoBt94uX2xv77A5AZCps8NQK": [],
        "1KmZxSDeD5npEycn5JcaTQEdEcXP678oHh": [],
        "1NHoivC3SwhEpNzAdeY9czAiFDN93x4Zut": [],
        "1NiMgD4zXi11GpXtcjcE9cRXfYHznhdQhi": [],
        "1NiunM4heHhKKnAMv9sL6Jx5Lz3bKaJ2fs": [],
        "1P6cNwbeYwzqLgC2GW1fwVG7d1i7z2FikM": [],
        "1PB8c1vTq6BWrt47eG3Y7Y6DYT9PF3TNFP": [],
        "1PKujwnH89tsnFboMJuKsWU6VAfBVSUYTA": [],
        "1ptx5dMiDXjJfRiQfdDyCCGcr7UDF8SxJ": []
    },
    "addresses": {
        "change": [
            "1CTJELX1wf6YyGAJK3vBZje2To8A2Aafv4",
            "17ZXWU5VKWjWTaNxvA73yPxAAYjBuhX2Pr",
            "16VfxdP965LySR2BbekLXwhquWRN845mkD",
            "1Hgd5pjhktddiHHFYfSYjjsbhbJbKsSRc1",
            "1NiMgD4zXi11GpXtcjcE9cRXfYHznhdQhi",
            "1Jfvxsae3ycpS1XFofrv6ZoWuT7BztHo9e",
            "1EfzqbHNuW2naeVRFK7KsBYrbFL6J3jCxG",
            "15RDsSYMz4HmPtPfw4PzGc583rZm1YdqAK",
            "1JD9neKNwq8cArjtWpKut4qLYYpo1f9B7i",
            "12hPqXbBycNqC7hT3EYs1QRWz8GehKChxR"
        ],
        "receiving": [
            "16dVfV1nhEoif7zaTruHd3wiDtXTiPcPm6",
            "1NiunM4heHhKKnAMv9sL6Jx5Lz3bKaJ2fs",
            "1PKujwnH89tsnFboMJuKsWU6VAfBVSUYTA",
            "1JV3uayDBaYKjuU8gWFPDvVjWy4CDvAhnN",
            "19RK2tRQYpAPeXR1bJZ3g4siPSkadMQadw",
            "1P6cNwbeYwzqLgC2GW1fwVG7d1i7z2FikM",
            "1KmZxSDeD5npEycn5JcaTQEdEcXP678oHh",
            "1K9wcjcdZ2PoBt94uX2xv77A5AZCps8NQK",
            "1AXn3FwPvppT93fHnn1Zrtb5UekGJ9B2HH",
            "1PB8c1vTq6BWrt47eG3Y7Y6DYT9PF3TNFP",
            "1J9cKza1KPyYkHtZs6Z1Y3fTkwQHoYo7p4",
            "1GL7pfaGeyfFUA3AwDfUy2hAJfV21kFg1F",
            "1CEagT59CFnzknYeuqtsWaFPCqmaes9aBw",
            "1E3qaLzZySTqMFiWnVibvk48tmCkcVtRVi",
            "1NHoivC3SwhEpNzAdeY9czAiFDN93x4Zut",
            "1CJCnVfr179ZRF6goE3gTPPJe4ZKbguDVJ",
            "14q2NohkiDCsuAPpSe7dGav8YN9ESrsDh1",
            "13ZyVNZM7m49GvyYPfau4xxhosMY3uANLQ",
            "13TKiJshkA3mseWLX1AHybuTTCfSaP8ytX",
            "1ptx5dMiDXjJfRiQfdDyCCGcr7UDF8SxJ"
        ]
    },
    "fiat_value": {},
    "frozen_coins": {},
    "invoices": {},
    "keystore": {
        "derivation": "m",
        "pw_hash_version": 1,
        "root_fingerprint": "e0706e09",
        "seed": "minor zone pool abstract remain combine inch claw medal settle grace capable",
        "seed_type": "standard",
        "type": "bip32",
        "xprv": "xprv9s21ZrQH143K4CWwL76e9F3NZzMEYxngsSTaVS37gskMbd666T9jr1TeUMiFrXnHBbquPn22NBwnSmwkrDDgyTMZ5rXExvKniJdP3T4y4Xq",
        "xpub": "xpub661MyMwAqRbcGgbQS8deWNz782BixRWYEfPBHpSjFDHLURREdzTzPon8Kg7FPtB1NoMrBkhK3KUQm2LUpZgkcQEJCD7DJhYq7CwHdtAJ2SF"
    },
    "labels": {},
    "payment_requests": {},
    "prevouts_by_scripthash": {},
    "seed_version": 50,
    "spent_outpoints": {},
    "transactions": {},
    "tx_fees": {},
    "txi": {},
    "txo": {},
    "use_encryption": false,
    "verified_tx3": {},
    "wallet_type": "standard"
}