{
    "addr_history": {
        "13fzKLy9Pd5qmcZ2y845Ni4zUPdFcNfMQh": [],
        "13nRbrW1zAn3z7DUtW6bTSqWzWELMsy9Ps": [],
        "14cb3SkminqAw7canMrAqgL7N4TaXq38K1": [],
        "14pqxA7WJ9j3rQodEJUTzq67kgkCJTYRtx": [],
        "159eHD4FMibxtVczccUKhPjZds2woQ9j6D": [],
        "16f4v6BdJDj1Nau9Sb2fZzroxd6AYxaGTB": [],
        "172vjkLqxhe5t4VeEGdX4EjbuAaZNVonrB": [],
        "17yD6FnzYsNJrJe6cSegxxXS2u4N2vEg5N": [],
        "1998xNFPRbMqR5q6fT2hEsXpLw9NU1bPNm": [],
        "1AcWckGMf9Smj5eGvJQAx4amWqQAdcZ29W": [],
        "1Ah3hTsxqCoYthXDMgkJQLL5Kx2D6DQ7oi": [],
        "1B6K3MKLxRsZEwg2RtAYzPWBnxJiPdk8g3": [],
        "1CdmN6gWJzTff4QYpPkaxnLu5eGpLh39cM": [],
        "1Dr3vPvfGAaBc6wMBKuzG8JTSUP736TjUr": [],
        "1E8feT7Xm6Qp7BgqewQAYCCq7VpSCJ8yDR": [],
        "1ECiAGFmzRL5uHwsddQUD5KdHtkq9ptsAr": [],
        "1Hn5yr8YT7rGrRYLRQDRSqbkajGN2kbxxK": [],
        "1HyBV8rJWjezGVmMCp712WmsDXoM7MDU98": [],
        "1JG5oRGLzjL9t6fc9jt3YSo2Bjm571vkqC": [],
        "1JHBECES1rAuHHVdfVuzYUSXn8LUcNxVZB": [],
        "1JuJuSW8u2CaLUdBk3diRyCFVdfAD9hPkV": [],
        "1K6vjsQANwZXCZwP2Z8iwbgAFj4AK8rV6E": [],
        "1KzY4HMeFwuUJAbm6FK6TmmvJnpjGggfe2": [],
        "1MdoY284QUqGU9VapLvgVkQxCWqkr6iPZE": [],
        "1Mx3X72FBzBvjgJ92SQ1rkt1sey9HPuh33": [],
        "1NPWPYQz7i6ZdJMd4DTJk7AgfE435bNnov": [],
        "1NVLH1R78fQgXrSVmhLgLqBNjSSAqAGk12": [],
        "1PNZtEBB8piFz6tpCK9Q4BCWCaeHdCbHoj": [],
        "1Pv7nM1MoFak9H8PM5oS48S6Gz64J3Uh93": [],
        "1inRYLVxasxZtvxMcJuLujk13DZq36rML": []
    },
    "addresses": {
        "change": [
            "1inRYLVxasxZtvxMcJuLujk13DZq36rML",
            "1E8feT7Xm6Qp7BgqewQAYCCq7VpSCJ8yDR",
            "159eHD4FMibxtVczccUKhPjZds2woQ9j6D",
            "14pqxA7WJ9j3rQodEJUTzq67kgkCJTYRtx",
            "1JuJuSW8u2CaLUdBk3diRyCFVdfAD9hPkV",
            "17yD6FnzYsNJrJe6cSegxxXS2u4N2vEg5N",
            "16f4v6BdJDj1Nau9Sb2fZzroxd6AYxaGTB",
            "13fzKLy9Pd5qmcZ2y845Ni4zUPdFcNfMQh",
            "1PNZtEBB8piFz6tpCK9Q4BCWCaeHdCbHoj",
            "1998xNFPRbMqR5q6fT2hEsXpLw9NU1bPNm"
        ],
        "receiving": [
            "1Mx3X72FBzBvjgJ92SQ1rkt1sey9HPuh33",
            "1Hn5yr8YT7rGrRYLRQDRSqbkajGN2kbxxK",
            "1B6K3MKLxRsZEwg2RtAYzPWBnxJiPdk8g3",
            "1Ah3hTsxqCoYthXDMgkJQLL5Kx2D6DQ7oi",
            "13nRbrW1zAn3z7DUtW6bTSqWzWELMsy9Ps",
            "1HyBV8rJWjezGVmMCp712WmsDXoM7MDU98",
            "1Dr3vPvfGAaBc6wMBKuzG8JTSUP736TjUr",
            "1JHBECES1rAuHHVdfVuzYUSXn8LUcNxVZB",
            "1ECiAGFmzRL5uHwsddQUD5KdHtkq9ptsAr",
            "1NVLH1R78fQgXrSVmhLgLqBNjSSAqAGk12",
            "1CdmN6gWJzTff4QYpPkaxnLu5eGpLh39cM",
            "1MdoY284QUqGU9VapLvgVkQxCWqkr6iPZE",
            "172vjkLqxhe5t4VeEGdX4EjbuAaZNVonrB",
            "1K6vjsQANwZXCZwP2Z8iwbgAFj4AK8rV6E",
            "1JG5oRGLzjL9t6fc9jt3YSo2Bjm571vkqC",
            "1NPWPYQz7i6ZdJMd4DTJk7AgfE435bNnov",
            "14cb3SkminqAw7canMrAqgL7N4TaXq38K1",
            "1KzY4HMeFwuUJAbm6FK6TmmvJnpjGggfe2",
            "1AcWckGMf9Smj5eGvJQAx4amWqQAdcZ29W",
            "1Pv7nM1MoFak9H8PM5oS48S6Gz64J3Uh93"
        ]
    },
    "fiat_value": {},
    "frozen_coins": {},
    "invoices": {},
    "keystore": {
        "derivation": "m",
        "pw_hash_version": 1,
        "root_fingerprint": "900da6d9",
        "seed": "minor zone pool armor remain combine sample claw medal settle grace capable",
        "seed_type": "standard",
        "type": "bip32",
        "xprv": "xprv9s21ZrQH143K3k4JbTroQJdsVZ4XuhGPoFJuUXJRLuAr3rKHeZFEVxUTf4UQbczd4FXedGkTvfNNoT7KEDPAVGftqKdkhC32CtHyj9t3dsV",
        "xpub": "xpub661MyMwAqRbcGE8mhVPomSac3au2K9zFAUEWGui2uEhpveeSC6ZV3knwWJtD2x1JRRoHxXagBN1cy1Eu9dvFDgrn2iPzuNi1Zc2fM3wLyuN"
    },
    "labels": {},
    "payment_requests": {},
    "prevouts_by_scripthash": {},
    "seed_version": 50,
    "spent_outpoints": {},
    "transactions": {},
    "tx_fees": {},
    "txi": {},
    "txo": {},
    "use_encryption": false,
    "verified_tx3": {},
    "wallet_type": "standard"
}