{
    "addr_history": {
        "113Rk2xBTSfSKacgU4KccASaoXekXYB4j2": [],
        "13U9b99xNbsYtz26mgTiyL3XvnpY8ZQcJR": [],
        "13bPm3ZrfckCtpKRFzrcWxe3YuJHvM1xuM": [],
        "13ze53rUbgQ1rHDMjUFHGb26Q9nGKV3C7q": [],
        "14GKpawSPyAWmnJrar9XNvxonEi8bKWkiR": [],
        "15H5np7CmZxn36CZPFPCwkeFCiFaLcAYrn": [],
        "167HvyCNbcLRrGqVNrUog2rNjzRiemvG9q": [],
        "16TmkskNCFv68xt9mihDLUayat2xQoW9zy": [],
        "16TngA8M2aqaMM4kEk1zCZfuSK4PoxSu25": [],
        "16aGE8iWGREv5NVko9qNbneVpZ59FefwQL": [],
        "17RTNgdbJwTxLxh1AgAXVyFwWbMLD6PPLC": [],
        "17kBmfycty7WvB4LhBA6zV9mQaoPyXndp7": [],
        "17v8tn1EM23BHUANTwf6bY9N5NNRkVE9Qg": [],
        "18kCK3We1yz46HfisMW9ywidh9mgeLRcGQ": [],
        "18wiqZmVxgEF6t2Rcg9bKiUnSZ3AmyAmmv": [],
        "18x5vKBP3YiBjdkZHTmz1v9ES3ZpCKG6MZ": [],
        "19sUAF6biei3VHq2kUKUsrDF8PPTCEeffj": [],
        "1AUbn4PDxmdyCHLSM7RSGd9VU3391XB3o4": [],
        "1C6BeFo1ocwzCnyLAPuPuMqpfpvfnJXyyC": [],
        "1DUAXktEPdjRFYCt12EUJtFLnngwQyNgwW": [],
        "1FhjgAjb5VvHUKyhajnf713fFMnBcgnqHH": [],
        "1FpuLwMtTcuTsTCrApmf3NxWVJjBWgFXX7": [],
        "1HmrwyA1PdCn7qQvwQA8d9GTm7h9cYBPPr": [],
        "1JcKV2t6hHB2fk3cQjjWk7EXawhdNk4UxE": [],
        "1JuhJYcY39uhpwqgH63W7kv7xb9G6E8CGY": [],
        "1K6DK8yFUvyfdXQLv33iQr6D6bkxu2SY2P": [],
        "1KmkS9WrV2uVx5saNBwaAB6Zu9eT1zAoYZ": [],
        "1MGcs4SP22Bk2utXpCSG65HsmDQEDT8ECT": [],
        "1NdfYpngiu4NNVsMCMefqswjhYVC8y4ZnR": [],
        "1NncmLdfPQRo2Uwp2TTZZSL24Mrv1f1rSF": []
    },
    "addresses": {
        "change": [
            "1FhjgAjb5VvHUKyhajnf713fFMnBcgnqHH",
            "17kBmfycty7WvB4LhBA6zV9mQaoPyXndp7",
            "1NdfYpngiu4NNVsMCMefqswjhYVC8y4ZnR",
            "16TngA8M2aqaMM4kEk1zCZfuSK4PoxSu25",
            "13bPm3ZrfckCtpKRFzrcWxe3YuJHvM1xuM",
            "1K6DK8yFUvyfdXQLv33iQr6D6bkxu2SY2P",
            "14GKpawSPyAWmnJrar9XNvxonEi8bKWkiR",
            "16TmkskNCFv68xt9mihDLUayat2xQoW9zy",
            "1JuhJYcY39uhpwqgH63W7kv7xb9G6E8CGY",
            "1FpuLwMtTcuTsTCrApmf3NxWVJjBWgFXX7"
        ],
        "receiving": [
            "167HvyCNbcLRrGqVNrUog2rNjzRiemvG9q",
            "13U9b99xNbsYtz26mgTiyL3XvnpY8ZQcJR",
            "17RTNgdbJwTxLxh1AgAXVyFwWbMLD6PPLC",
            "113Rk2xBTSfSKacgU4KccASaoXekXYB4j2",
            "1AUbn4PDxmdyCHLSM7RSGd9VU3391XB3o4",
            "16aGE8iWGREv5NVko9qNbneVpZ59FefwQL",
            "1DUAXktEPdjRFYCt12EUJtFLnngwQyNgwW",
            "1MGcs4SP22Bk2utXpCSG65HsmDQEDT8ECT",
            "17v8tn1EM23BHUANTwf6bY9N5NNRkVE9Qg",
            "1JcKV2t6hHB2fk3cQjjWk7EXawhdNk4UxE",
            "18wiqZmVxgEF6t2Rcg9bKiUnSZ3AmyAmmv",
            "15H5np7CmZxn36CZPFPCwkeFCiFaLcAYrn",
            "13ze53rUbgQ1rHDMjUFHGb26Q9nGKV3C7q",
            "1C6BeFo1ocwzCnyLAPuPuMqpfpvfnJXyyC",
            "19sUAF6biei3VHq2kUKUsrDF8PPTCEeffj",
            "18kCK3We1yz46HfisMW9ywidh9mgeLRcGQ",
            "1HmrwyA1PdCn7qQvwQA8d9GTm7h9cYBPPr",
            "18x5vKBP3YiBjdkZHTmz1v9ES3ZpCKG6MZ",
            "1NncmLdfPQRo2Uwp2TTZZSL24Mrv1f1rSF",
            "1KmkS9WrV2uVx5saNBwaAB6Zu9eT1zAoYZ"
        ]
    },
    "fiat_value": {},
    "frozen_coins": {},
    "invoices": {},
    "keystore": {
        "derivation": "m",
        "pw_hash_version": 1,
        "root_fingerprint": "6b781d07",
        "seed": "minor zone pool chase remain combine void claw medal settle grace capable",
        "seed_type": "standard",
        "type": "bip32",
        "xprv": "xprv9s21ZrQH143K35fwJrQVRy6zEdUGriCYLBp3snaK4hqGSyWgFFpseEzPmi2UUEPkbgmkxagHD6gtenkR6V1RbiPYwW8Q3Zhmv3A3PueaMZ9",
        "xpub": "xpub661MyMwAqRbcFZkQQswVo73infJmGAvPhQjegAyvd3NFKmqpno98C3Jsd2HE6zCugTcLCUpvkaT586PYJsTjBH7wZ1f1GHSUucxzDZgciF4"
    },
    "labels": {},
    "payment_requests": {},
    "prevouts_by_scripthash": {},
    "seed_version": 50,
    "spent_outpoints": {},
    "transactions": {},
    "tx_fees": {},
    "txi": {},
    "txo": {},
    "use_encryption": false,
    "verified_tx3": {},
    "wallet_type": "standard"
}