{
    "addr_history": {
        "12Q9nzDugzc2FCtGtb5qsJ8PVB4MPFop72": [],
        "13daZFQ1ExK1TKL7XaswYLgcfBeyp9vh6X": [],
        "13nRiTQ14Zm5bZjdSWq6N9iB26aV9mG2me": [],
        "13ztaeFH9p6dcwFKkXfDXMaK7hmdALEVn2": [],
        "14gs8vAmgX4diSt2zfqRSZDxtYR7RBpEWj": [],
        "156M3rM6W8vK26ai6axEQyQ5eArjTZ9GM4": [],
        "15ZkbGziT2QcHeA97mm8w1na8iBx9KLggY": [],
        "16KoGmuZQtE1kK38oLQXGPEXe6Uwxyrzxo": [],
        "16nsC7qz2TiYjGPJPRFwdC7TPVysMCovkH": [],
        "16rFLmezXqq12s8odKawcXhQ1V7P3jKxAx": [],
        "185KXEYVRpqwVgi8GqCipUnndsLtbmxe8h": [],
        "18gHtjx6D3F2Qf9EBL8S8nsCe9ds7nbpdj": [],
        "197UDERNVVtb9FYQ99ZU4Xxcy93b7PEZo9": [],
        "1A9jRDpgvXeF6k3Cketzeafo7N39BMbTyN": [],
        "1AaMwvgeyirBJrddNxqPJu9WMGT5PW86Nw": [],
        "1BVN3WDbvziq6GL7j5ojuk17iTgJ1GvQRd": [],
        "1C9XNuHoARPUMQfPWCLUvVduaCZEniWk4f": [],
        "1CyFzrmz5CeftwhxSnKx344KgvbSGTHByb": [],
        "1FZPg75qsmW8rXeUGDwpqJJQtB7xWfhs4z": [],
        "1H2HqVZwrtSypiEyYLdEptPpF97T4pTQan": [],
        "1HFtC49zBa9xaMwBfoNzk3WyYMEYSbXXsk": [],
        "1Ha8rkuSF8n2ZRqGMgvAkPt3YQSftgZqcW": [],
        "1JCQ67e7tEaoujdsUFfNiGAMxMhafKTah2": [],
        "1JSiR3L6UWTZpT9WFRhossXb3Rc85VjPa4": [],
        "1JegeUa7tXgwVGxHEY56pRJwcUxWkCP85j": [],
        "1NEfopb3bHcFm7trfwUUA46yDBv8SMo49Q": [],
        "1NoRJ2LyfbXiU9cB1uxkuPgfgZHbMnJkkz": [],
        "1P3sTPathcmBk2TKVL9Azyjm2p2rh6XHiG": [],
        "1Q8xCdavLfRG8JVuR98KUwGLgQod3uLaBG": [],
        "1p4MckSn2YDR4EvYNeRLwSRTsE8TDvtdR": []
    },
    "addresses": {
        "change": [
            "1A9jRDpgvXeF6k3Cketzeafo7N39BMbTyN",
            "185KXEYVRpqwVgi8GqCipUnndsLtbmxe8h",
            "13ztaeFH9p6dcwFKkXfDXMaK7hmdALEVn2",
            "15ZkbGziT2QcHeA97mm8w1na8iBx9KLggY",
            "1AaMwvgeyirBJrddNxqPJu9WMGT5PW86Nw",
            "1p4MckSn2YDR4EvYNeRLwSRTsE8TDvtdR",
            "1NEfopb3bHcFm7trfwUUA46yDBv8SMo49Q",
            "1HFtC49zBa9xaMwBfoNzk3WyYMEYSbXXsk",
            "1Q8xCdavLfRG8JVuR98KUwGLgQod3uLaBG",
            "1NoRJ2LyfbXiU9cB1uxkuPgfgZHbMnJkkz"
        ],
        "receiving": [
            "1C9XNuHoARPUMQfPWCLUvVduaCZEniWk4f",
            "1P3sTPathcmBk2TKVL9Azyjm2p2rh6XHiG",
            "13nRiTQ14Zm5bZjdSWq6N9iB26aV9mG2me",
            "1JCQ67e7tEaoujdsUFfNiGAMxMhafKTah2",
            "1FZPg75qsmW8rXeUGDwpqJJQtB7xWfhs4z",
            "16rFLmezXqq12s8odKawcXhQ1V7P3jKxAx",
            "156M3rM6W8vK26ai6axEQyQ5eArjTZ9GM4",
            "1Ha8rkuSF8n2ZRqGMgvAkPt3YQSftgZqcW",
            "1H2HqVZwrtSypiEyYLdEptPpF97T4pTQan",
            "12Q9nzDugzc2FCtGtb5qsJ8PVB4MPFop72",
            "1JSiR3L6UWTZpT9WFRhossXb3Rc85VjPa4",
            "18gHtjx6D3F2Qf9EBL8S8nsCe9ds7nbpdj",
            "1CyFzrmz5CeftwhxSnKx344KgvbSGTHByb",
            "16nsC7qz2TiYjGPJPRFwdC7TPVysMCovkH",
            "16KoGmuZQtE1kK38oLQXGPEXe6Uwxyrzxo",
            "14gs8vAmgX4diSt2zfqRSZDxtYR7RBpEWj",
            "13daZFQ1ExK1TKL7XaswYLgcfBeyp9vh6X",
            "1JegeUa7tXgwVGxHEY56pRJwcUxWkCP85j",
            "197UDERNVVtb9FYQ99ZU4Xxcy93b7PEZo9",
            "1BVN3WDbvziq6GL7j5ojuk17iTgJ1GvQRd"
        ]
    },
    "fiat_value": {},
    "frozen_coins": {},
    "invoices": {},
    "keystore": {
        "derivation": "m",
        "pw_hash_version": 1,
        "root_fingerprint": "1b0dac38",
        "seed": "minor zone pool allow remain combine exercise claw medal settle grace capable",
        "seed_type": "standard",
        "type": "bip32",
        "xprv": "xprv9s21ZrQH143K4GEjrHcTEg4QTZ5FCPREXEx4aSf7ivYivoWiFbMLxH57jTFYEeQ9avHr8p9WZuWK5bKSGXrQf2PQQMWhDF2GZHtqpA3agvT",
        "xpub": "xpub661MyMwAqRbcGkKCxK9Tbp191aujbr95tTsfNq4jHG5hobqro8fbW5Pbajya6XyRbsnbgsKgmQPbRwVieEqFbEX2qSELiKi8AwqVM3fv5DF"
    },
    "labels": {},
    "payment_requests": {},
    "prevouts_by_scripthash": {},
    "seed_version": 50,
    "spent_outpoints": {},
    "transactions": {},
    "tx_fees": {},
    "txi": {},
    "txo": {},
    "use_encryption": false,
    "verified_tx3": {},
    "wallet_type": "standard"
}