{
    "addr_history": {
        "144KTeBVqwBt8KwM7EaD1bK8pihV2967vg": [],
        "147d4711PtXZxfqRkqU5vHet1vkvTnQveT": [],
        "14AsG8Eq67KvnqDH7DhVvhyLDLuYxrndTz": [],
        "15uQJ7hEt2NFW7XVRVQo7NXPsmAnSjK11H": [],
        "17Lfp5YUfg8HS5DPScncdJ8BikeNAtQiQ": [],
        "18Mt9B7vjaW4Bz7uuQCinjzNB8h3dNxFfz": [],
        "19Y3oqwXtzeAG8qGdcUNTrf1JdV2yTGHh5": [],
        "19hyxXMkyVECLt9NkMfdSEimMkrVP3nwFZ": [],
        "1AbQZVjGZgeeHbQV5Vbwh9umCBWbP7kyHW": [],
        "1Ba5Fj5W8diww2o6BrMT8ZCNoj34xr5iY": [],
        "1Bd9B6iXJgpeqz2y1cBoLzjE79F6EBPJ9p": [],
        "1CRRAa6NpEnatx3Lv6rZyfyASB15DKTmiP": [],
        "1CV5H9qwQt8q94h3NZ9N73oFMFV7wokk9h": [],
        "1D7chb7NGo2WDRCBN7sofRzp6B5zSX7BRE": [],
        "1DBtd77g2i9nT81yifHfAkWu8Vi1dE7cy1": [],
        "1DP6GDRLCp54bGzUdYGcpHGkL1pHRDSWAj": [],
        "1E6KTK9cX6q6cp1FA9Qw1pmRiQQ3JHtVK4": [],
        "1F34kCY7p33zfVGZFZz83EdBjXhBRiydda": [],
        "1FJPcJxLxqoz189U2gBvdzWLXBn5vLrzJP": [],
        "1FepBiCtL9Ux5bJqJzu4MLfhR2udL4AhRn": [],
        "1HR3Je98PNb6qi9QcRKVeUYdmAakE2Fy4t": [],
        "1J9ipZa8o7wJn66z5TBvdGY7KGk2ZQ3vdQ": [],
        "1JH8WoHidmHFRFmSUM1VWRpzAGkwLm5bAk": [],
        "1JmeAsZsEig45tADwYL4Q2DSrJRtk9Fzq9": [],
        "1L4ZmhJNpwbyWD9hZJsQb2EQapvsXX2Y83": [],
        "1Lfo9SDcsVRjAf6GMF8TxtVfs7ftY11zQL": [],
        "1LtsEWowkfY2HF9sZdtGBHGkDCDbf6ZBUR": [],
        "1MqruAMZW2qhnwBcGTGyhxwrMNBBPPppu": [],
        "1PGTUcXuLREASsBwmR6uZWDZLM3gBMFfnR": [],
        "1kYLj8Dr1M7W9xmxvcKdic6fAWRh4bosA": []
    },
    "addresses": {
        "change": [
            "1DP6GDRLCp54bGzUdYGcpHGkL1pHRDSWAj",
            "14AsG8Eq67KvnqDH7DhVvhyLDLuYxrndTz",
            "1E6KTK9cX6q6cp1FA9Qw1pmRiQQ3JHtVK4",
            "144KTeBVqwBt8KwM7EaD1bK8pihV2967vg",
            "17Lfp5YUfg8HS5DPScncdJ8BikeNAtQiQ",
            "1kYLj8Dr1M7W9xmxvcKdic6fAWRh4bosA",
            "1F34kCY7p33zfVGZFZz83EdBjXhBRiydda",
            "19hyxXMkyVECLt9NkMfdSEimMkrVP3nwFZ",
            "1D7chb7NGo2WDRCBN7sofRzp6B5zSX7BRE",
            "1LtsEWowkfY2HF9sZdtGBHGkDCDbf6ZBUR"
        ],
        "receiving": [
            "1Bd9B6iXJgpeqz2y1cBoLzjE79F6EBPJ9p",
            "1L4ZmhJNpwbyWD9hZJsQb2EQapvsXX2Y83",
            "1FepBiCtL9Ux5bJqJzu4MLfhR2udL4AhRn",
            "1HR3Je98PNb6qi9QcRKVeUYdmAakE2Fy4t",
            "1MqruAMZW2qhnwBcGTGyhxwrMNBBPPppu",
            "15uQJ7hEt2NFW7XVRVQo7NXPsmAnSjK11H",
            "1JH8WoHidmHFRFmSUM1VWRpzAGkwLm5bAk",
            "19Y3oqwXtzeAG8qGdcUNTrf1JdV2yTGHh5",
            "1DBtd77g2i9nT81yifHfAkWu8Vi1dE7cy1",
            "1J9ipZa8o7wJn66z5TBvdGY7KGk2ZQ3vdQ",
            "1CRRAa6NpEnatx3Lv6rZyfyASB15DKTmiP",
            "1JmeAsZsEig45tADwYL4Q2DSrJRtk9Fzq9",
            "18Mt9B7vjaW4Bz7uuQCinjzNB8h3dNxFfz",
            "147d4711PtXZxfqRkqU5vHet1vkvTnQveT",
            "1AbQZVjGZgeeHbQV5Vbwh9umCBWbP7kyHW",
            "1Ba5Fj5W8diww2o6BrMT8ZCNoj34xr5iY",
            "1Lfo9SDcsVRjAf6GMF8TxtVfs7ftY11zQL",
            "1FJPcJxLxqoz189U2gBvdzWLXBn5vLrzJP",
            "1CV5H9qwQt8q94h3NZ9N73oFMFV7wokk9h",
            "1PGTUcXuLREASsBwmR6uZWDZLM3gBMFfnR"
        ]
    },
    "fiat_value": {},
    "frozen_coins": {},
    "invoices": {},
    "keystore": {
        "derivation": "m",
        "pw_hash_version": 1,
        "root_fingerprint": "ffd8d164",
        "seed": "minor zone pool ask remain combine rough claw medal settle grace capable",
        "seed_type": "standard",
        "type": "bip32",
        "xprv": "xprv9s21ZrQH143K4R4gVaoBheT4vU1M94RJ4y8DYmQKuc9apMkKeqnAntJ4PASZkQxPttLr7N8c1C5ioSdh8F6x9XpfJ9UhftuMtD35sHxVFV4",
        "xpub": "xpub661MyMwAqRbcGu99bcLC4nPoUVqqYX99SC3pM9owTwgZhA5UCP6RLgcYESaxsd7hZTRAN3xpMz4gvH9FYUwW15uyHsfYAiUjUVNM5hL11UC"
    },
    "labels": {},
    "payment_requests": {},
    "prevouts_by_scripthash": {},
    "seed_version": 50,
    "spent_outpoints": {},
    "transactions": {},
    "tx_fees": {},
    "txi": {},
    "txo": {},
    "use_encryption": false,
    "verified_tx3": {},
    "wallet_type": "standard"
}