{
    "addr_history": {
        "12H2UzXWXWyU2eSKokw81MgvNkZDMqy7o6": [],
        "12yiRxsiY4zCVj3otPJFZqNZhtwUweDVCw": [],
        "13vCUA12UFDng2ReUtZ1oX5kgvrkaCf7qN": [],
        "15BsCCX6tZVawfVN8hNTDvhBuuu9Gjx9aB": [],
        "15qE3PHDGJyTF7ENu7jU2Q9Y1jFN28U28u": [],
        "18sc1m3ZUMLL4zF9qeDdugeTwgaBzCy3vL": [],
        "19SkNsVn2xZCyrCY9NRZkxz6deZKUdCryg": [],
        "19p97xG6Q4tNJtzTvRPj5ZZJbnr6gtBmzJ": [],
        "1Aaw83rR7aRkQef3e2RDFyyJFtf8Q2g7NW": [],
        "1Ap2HPVQB8xzWFM8pzeUZtqNdCo7C4UXG5": [],
        "1B4YBAsN9tYxxh4tzAURz2uo8czgD52CFW": [],
        "1Bct5CxDHEVgjJmj5iu6nwAqKAQ8sEbRDw": [],
        "1Bs3tASTvhtsUG56qyV5YsxuVWm5M3QNXt": [],
        "1Ch9Md8sZTH39UF55vopmb8g1CHgu9TCFq": [],
        "1CiMAqCConhx1S1P44RSXwnzd34HZufACR": [],
        "1D4XzxN8bMsMTfFUKFd9TT6WqYQejmQdRn": [],
        "1FVZHu4AyN1CMcAG8452VZhRP6j4ZvXpiD": [],
        "1HC8muZX7LtXqDvkNbbZqVroACbH9777Kq": [],
        "1J3sZM3fsFTURTjByW2hBWo6cDazWDwy66": [],
        "1JFNR28eJKbqrVDXoRMv4iGXUiYL113C79": [],
        "1JgEww8CqAZk9YYFzEkofXfHEyjXD3CW96": [],
        "1LAGyeyFXq3tWFwnZs74JyDpxVxeedeQEt": [],
        "1LWZLHfvMFosFnUuJU44TRhG5WXkB2rZSc": [],
        "1M1hMwQJeAwwUZAcrTbhnbeSSUCP6V3FMu": [],
        "1MjtjZPM7WbnZidkRzDYDkoG5WKBRUG6Co": [],
        "1P9pDPKzfhcxgQNRbQQJifv7pqGyZdEJCz": [],
        "1PGCdx4XmVak6EbPiZMVHPFziYWPf5pe92": [],
        "1PT2S45ApTwyCD6XEWVp3TWtnfGXwuhMhi": [],
        "1Q2B3ZpL4Q12KDUF8AwNo4jqbHEm3cn54s": [],
        "1cbaT4SXtQdq6TCG3HeuWeSXx7vLGe6ay": []
    },
    "addresses": {
        "change": [
            "1B4YBAsN9tYxxh4tzAURz2uo8czgD52CFW",
            "1cbaT4SXtQdq6TCG3HeuWeSXx7vLGe6ay",
            "1M1hMwQJeAwwUZAcrTbhnbeSSUCP6V3FMu",
            "1FVZHu4AyN1CMcAG8452VZhRP6j4ZvXpiD",
            "1MjtjZPM7WbnZidkRzDYDkoG5WKBRUG6Co",
            "1LWZLHfvMFosFnUuJU44TRhG5WXkB2rZSc",
            "1CiMAqCConhx1S1P44RSXwnzd34HZufACR",
            "1P9pDPKzfhcxgQNRbQQJifv7pqGyZdEJCz",
            "1D4XzxN8bMsMTfFUKFd9TT6WqYQejmQdRn",
            "1Q2B3ZpL4Q12KDUF8AwNo4jqbHEm3cn54s"
        ],
        "receiving": [
            "1JgEww8CqAZk9YYFzEkofXfHEyjXD3CW96",
            "1LAGyeyFXq3tWFwnZs74JyDpxVxeedeQEt",
            "15BsCCX6tZVawfVN8hNTDvhBuuu9Gjx9aB",
            "1Bct5CxDHEVgjJmj5iu6nwAqKAQ8sEbRDw",
            "1Ap2HPVQB8xzWFM8pzeUZtqNdCo7C4UXG5",
            "1J3sZM3fsFTURTjByW2hBWo6cDazWDwy66",
            "15qE3PHDGJyTF7ENu7jU2Q9Y1jFN28U28u",
            "12H2UzXWXWyU2eSKokw81MgvNkZDMqy7o6",
            "12yiRxsiY4zCVj3otPJFZqNZhtwUweDVCw",
            "1PGCdx4XmVak6EbPiZMVHPFziYWPf5pe92",
            "1Ch9Md8sZTH39UF55vopmb8g1CHgu9TCFq",
            "1Bs3tASTvhtsUG56qyV5YsxuVWm5M3QNXt",
            "1HC8muZX7LtXqDvkNbbZqVroACbH9777Kq",
            "1Aaw83rR7aRkQef3e2RDFyyJFtf8Q2g7NW",
            "18sc1m3ZUMLL4zF9qeDdugeTwgaBzCy3vL",
            "19SkNsVn2xZCyrCY9NRZkxz6deZKUdCryg",
            "1JFNR28eJKbqrVDXoRMv4iGXUiYL113C79",
            "1PT2S45ApTwyCD6XEWVp3TWtnfGXwuhMhi",
            "13vCUA12UFDng2ReUtZ1oX5kgvrkaCf7qN",
            "19p97xG6Q4tNJtzTvRPj5ZZJbnr6gtBmzJ"
        ]
    },
    "fiat_value": {},
    "frozen_coins": {},
    "invoices": {},
    "keystore": {
        "derivation": "m",
        "pw_hash_version": 1,
        "root_fingerprint": "02395fbe",
        "seed": "minor zone pool angle remain combine treat claw medal settle grace capable",
        "seed_type": "standard",
        "type": "bip32",
        "xprv": "xprv9s21ZrQH143K4APDea6efMU1ViGdp1MNuynsL7GmAP8XqnH4CVnfd4fMxL5HKWCkRXtWtL296piYbnTpZM5JWGHqBVeembcUQnxj7Yc1nAN",
        "xpub": "xpub661MyMwAqRbcGeTgkbdf2VQk3k78DU5EHCiU8VgNiifWiacCk36vAryqocAwPLwP49BtUKSDKkBUvPBgFKMXoo469pRfXvCpkpBK1mub5qN"
    },
    "labels": {},
    "payment_requests": {},
    "prevouts_by_scripthash": {},
    "seed_version": 50,
    "spent_outpoints": {},
    "transactions": {},
    "tx_fees": {},
    "txi": {},
    "txo": {},
    "use_encryption": false,
    "verified_tx3": {},
    "wallet_type": "standard"
}