{
    "addr_history": {
        "12kAZ6JUqeCJWC3ShUkCWgc2qbAEGkuWRo": [],
        "13MikFSJGd2rTfzvBBeZZUZ2mPbZMa8UeW": [],
        "13Nu3EY3gDvvE1fbeJrDCLufs1w6BQKZjB": [],
        "13pjLDLWmqYJsVcUAcLrvpBAqJZ8eJB9RL": [],
        "13waUk1CZvMbr6EULjDaCyjWZWQrNtAAfW": [],
        "143zBYv7uj2KBTvgDWDE1gTyDbMuviu1Tj": [],
        "147rGAKHorEoVdF5x1CXcz5YkC4ApeziwJ": [],
        "151jkZ6D5veghbV7scfmBRXYPxPL6MDDro": [],
        "15aVEnVvKrB3rMh2jF2BBoAQaHmKKKXwqW": [],
        "15pkPz2TC4jA1fXEuT1QPySyew1J6MZZgT": [],
        "15srFFYGKnTgr878ZwgrTFkxvB5vtpU39n": [],
        "15xiuojwrRDKuwcmuaVz1NcvRAfa8HnJZb": [],
        "18SwRgELmKJgev8Ff39t5AFZCm4dU6tQ5d": [],
        "19ACYrL6TvqYV5HbVES1ntoGbMZwynhdQ8": [],
        "19TVLpvTHb6UoUYAo6rTdkE3t4rf3cW6Wv": [],
        "19gnFNvtTzTnKv2P2NCMQMkq9XW2XtdQPS": [],
        "1A1p5jb7mo3tUcfj65ReLRUAMBE6zXcrUp": [],
        "1BnHa2Etkg3h1WzDRmceEZepTUUx5YTSfa": [],
        "1CfzCsG949wDRga3eKQJav1bN2kab5uTZk": [],
        "1Cp6vKKVrboqD1dUCwpzQCi3VKaTujQKYV": [],
        "1FeF7AbvwBEgdti3dn6J2Kp6Mccshs2Moa": [],
        "1Fyv3GHUVPPWTJLpSDKWkQz8hFbvesrW5U": [],
        "1HHVFzhyABL7egwXFueqCDyvdx2fc7H1BL": [],
        "1HWkgMG9D66E9519nHfidjggyhhjQwDWU5": [],
        "1JanHeSzkJXrydW9GPi7KtQogR9GAAF45v": [],
        "1JbocaMTCrwiNtPxgyyEbDDLCmtLgYzjE3": [],
        "1MD597otCeRingqx5i73NHgu8gq25vknGZ": [],
        "1NdsKBgLbpFk2jn1ob5Fzm29wUFnuS8kLR": [],
        "1Nzkuh44DpGMYsx2nPphg7fYjJJJQ7Du8E": [],
        "1qjaeNBh6tR8PG7ojE8dL9n7mrfMW3ebn": []
    },
    "addresses": {
        "change": [
            "1Fyv3GHUVPPWTJLpSDKWkQz8hFbvesrW5U",
            "1qjaeNBh6tR8PG7ojE8dL9n7mrfMW3ebn",
            "13MikFSJGd2rTfzvBBeZZUZ2mPbZMa8UeW",
            "19gnFNvtTzTnKv2P2NCMQMkq9XW2XtdQPS",
            "13Nu3EY3gDvvE1fbeJrDCLufs1w6BQKZjB",
            "19ACYrL6TvqYV5HbVES1ntoGbMZwynhdQ8",
            "13pjLDLWmqYJsVcUAcLrvpBAqJZ8eJB9RL",
            "151jkZ6D5veghbV7scfmBRXYPxPL6MDDro",
            "12kAZ6JUqeCJWC3ShUkCWgc2qbAEGkuWRo",
            "1BnHa2Etkg3h1WzDRmceEZepTUUx5YTSfa"
        ],
        "receiving": [
            "15srFFYGKnTgr878ZwgrTFkxvB5vtpU39n",
            "1Nzkuh44DpGMYsx2nPphg7fYjJJJQ7Du8E",
            "143zBYv7uj2KBTvgDWDE1gTyDbMuviu1Tj",
            "18SwRgELmKJgev8Ff39t5AFZCm4dU6tQ5d",
            "147rGAKHorEoVdF5x1CXcz5YkC4ApeziwJ",
            "1A1p5jb7mo3tUcfj65ReLRUAMBE6zXcrUp",
            "13waUk1CZvMbr6EULjDaCyjWZWQrNtAAfW",
            "1JbocaMTCrwiNtPxgyyEbDDLCmtLgYzjE3",
            "1CfzCsG949wDRga3eKQJav1bN2kab5uTZk",
            "1FeF7AbvwBEgdti3dn6J2Kp6Mccshs2Moa",
            "15xiuojwrRDKuwcmuaVz1NcvRAfa8HnJZb",
            "19TVLpvTHb6UoUYAo6rTdkE3t4rf3cW6Wv",
            "15aVEnVvKrB3rMh2jF2BBoAQaHmKKKXwqW",
            "1HWkgMG9D66E9519nHfidjggyhhjQwDWU5",
            "1HHVFzhyABL7egwXFueqCDyvdx2fc7H1BL",
            "1NdsKBgLbpFk2jn1ob5Fzm29wUFnuS8kLR",
            "1Cp6vKKVrboqD1dUCwpzQCi3VKaTujQKYV",
            "1JanHeSzkJXrydW9GPi7KtQogR9GAAF45v",
            "15pkPz2TC4jA1fXEuT1QPySyew1J6MZZgT",
            "1MD597otCeRingqx5i73NHgu8gq25vknGZ"
        ]
    },
    "fiat_value": {},
    "frozen_coins": {},
    "invoices": {},
    "keystore": {
        "derivation": "m",
        "pw_hash_version": 1,
        "root_fingerprint": "74db655b",
        "seed": "minor zone pool august remain combine hope claw medal settle grace capable",
        "seed_type": "standard",
        "type": "bip32",
        "xprv": "xprv9s21ZrQH143K3giUnzYGxpQ8AWiyfacuhHMquy6q4xB47veb3s1Y1xesUCebFJxAWa9mkfhp5HCQqpHLW2j3daDWC8D672vVcNk3hvwUAS5",
        "xpub": "xpub661MyMwAqRbcGAnwu25HKxLriYZU53Lm4WHSiMWSdHi2ziyjbQKnZkyMKVoZRs2yHyLnM1Adpe6ujtgBYwPgP362d966jWT4MR2UdxDD7DN"
    },
    "labels": {},
    "payment_requests": {},
    "prevouts_by_scripthash": {},
    "seed_version": 50,
    "spent_outpoints": {},
    "transactions": {},
    "tx_fees": {},
    "txi": {},
    "txo": {},
    "use_encryption": false,
    "verified_tx3": {},
    "wallet_type": "standard"
}