{
    "addr_history": {
        "114UuTeus5iGTjcPfPwZdZupxyvmAzFykF": [],
        "12W9yWR3g5w32C6o4RJ9zEnp4YAbBXw3JT": [],
        "13D7zRKWbdLSHH7hSxmxc5VXSWEkAr7Wgq": [],
        "13VZ74RbYS2bTcqe1bVaHjDfLzMAKvtvcX": [],
        "149o4GWxCJoSyup1oMb6RXXF77x5rrCYS5": [],
        "14QJR77xxTZgo759q7Ygp2YTAuNf3B3HbS": [],
        "14m5jX3Q8GQzBscqRT3sNvvV6YKrr2kSJ8": [],
        "15ypxmmtYzP8sEfzgjQ8og5L44wsqVducd": [],
        "161ZXqTeP4epjwaptD3G5GMgLMUH8sEz3D": [],
        "16EAzb518CyW7yuJeuXpUFf3wUSonDiwCr": [],
        "16tvdaFma643sMe2ZPLsjTkLB7rDXEmeFW": [],
        "17aSbQTu43wt2NJc6UXNmjtfMQD4gUqNnz": [],
        "18BFuvxnemPfeZTAo4PoKksD9tpgbyMPQZ": [],
        "18R79tvF1o9CcAtEmVN32cQb38CWuiwmPt": [],
        "19G8DyvUfd4o4PdvfdUxTN7FubApaqognw": [],
        "19aHZ91farCwwj9X9QNEgzC19wGx39eF83": [],
        "1Aahbm2tSMoSUJ3NFQCugc7RK6A7i9e9xZ": [],
        "1AvPQdzH1D9AMKVYPqxFcBYxue5ztLnWcA": [],
        "1C74c6a4yum9godg1MGvkJYamyfn3sYpM9": [],
        "1CSBqQcYCdP3q4a15BNF18RLeTt1xFQGhu": [],
        "1CcwAstfZL3bcteZ56UCcVcgVwFWiyZstM": [],
        "1CmtSnLDiZ9dGfRPPfjY6VwsLgPm9jKEoU": [],
        "1D32uygUi146s3H65qgMjpiQZyvwXQ17T7": [],
        "1EoXkJ4mdULgNuCdJAJY61FjBP4BPnJjJj": [],
        "1FKiJ7y6wLXpRbqHZoy8PSTT4aAZhxjd82": [],
        "1J9s53VfEyBYUD9uznydVqf1G3x54ynwKw": [],
        "1JebTfroV98Bit32kfi3rYgMUH5EBFJyLS": [],
        "1LVo5TrpmgU8JqWA5fjJeeTR2rmshF5Dj1": [],
        "1Lzr8NViKz39moQ98QBbNVhWWnwR45YH5E": [],
        "1MQYtMTFVFPZyvXyfuDrVKN2C62XpazNC4": []
    },
    "addresses": {
        "change": [
            "1AvPQdzH1D9AMKVYPqxFcBYxue5ztLnWcA",
            "1JebTfroV98Bit32kfi3rYgMUH5EBFJyLS",
            "16EAzb518CyW7yuJeuXpUFf3wUSonDiwCr",
            "16tvdaFma643sMe2ZPLsjTkLB7rDXEmeFW",
            "1Lzr8NViKz39moQ98QBbNVhWWnwR45YH5E",
            "12W9yWR3g5w32C6o4RJ9zEnp4YAbBXw3JT",
            "13VZ74RbYS2bTcqe1bVaHjDfLzMAKvtvcX",
            "18BFuvxnemPfeZTAo4PoKksD9tpgbyMPQZ",
            "1CSBqQcYCdP3q4a15BNF18RLeTt1xFQGhu",
            "14m5jX3Q8GQzBscqRT3sNvvV6YKrr2kSJ8"
        ],
        "receiving": [
            "1EoXkJ4mdULgNuCdJAJY61FjBP4BPnJjJj",
            "13D7zRKWbdLSHH7hSxmxc5VXSWEkAr7Wgq",
            "18R79tvF1o9CcAtEmVN32cQb38CWuiwmPt",
            "114UuTeus5iGTjcPfPwZdZupxyvmAzFykF",
            "1CmtSnLDiZ9dGfRPPfjY6VwsLgPm9jKEoU",
            "1MQYtMTFVFPZyvXyfuDrVKN2C62XpazNC4",
            "14QJR77xxTZgo759q7Ygp2YTAuNf3B3HbS",
            "1J9s53VfEyBYUD9uznydVqf1G3x54ynwKw",
            "1LVo5TrpmgU8JqWA5fjJeeTR2rmshF5Dj1",
            "17aSbQTu43wt2NJc6UXNmjtfMQD4gUqNnz",
            "1Aahbm2tSMoSUJ3NFQCugc7RK6A7i9e9xZ",
            "1C74c6a4yum9godg1MGvkJYamyfn3sYpM9",
            "1D32uygUi146s3H65qgMjpiQZyvwXQ17T7",
            "15ypxmmtYzP8sEfzgjQ8og5L44wsqVducd",
            "19aHZ91farCwwj9X9QNEgzC19wGx39eF83",
            "1FKiJ7y6wLXpRbqHZoy8PSTT4aAZhxjd82",
            "149o4GWxCJoSyup1oMb6RXXF77x5rrCYS5",
            "1CcwAstfZL3bcteZ56UCcVcgVwFWiyZstM",
            "19G8DyvUfd4o4PdvfdUxTN7FubApaqognw",
            "161ZXqTeP4epjwaptD3G5GMgLMUH8sEz3D"
        ]
    },
    "fiat_value": {},
    "frozen_coins": {},
    "invoices": {},
    "keystore": {
        "derivation": "m",
        "pw_hash_version": 1,
        "root_fingerprint": "0a9a71c1",
        "seed": "minor zone pool absent remain combine ranch claw medal settle grace capable",
        "seed_type": "standard",
        "type": "bip32",
        "xprv": "xprv9s21ZrQH143K2SmRozEmtq18GTxj4MsDeVpotERc95gut36HG7BFyF7oafKHPR6339HwQEsH4ns66Qs6nMj1iLmtZ7nGPVXZya7EHYuxVvq",
        "xpub": "xpub661MyMwAqRbcEvqtv1mnFxwrpVoDTpb51ikQgcqDhRDtkqRRoeVWX3SHRxdMXVY47EchawYCBR8APXte5njJ2k6CrBWobyyqyTh1TWnfppL"
    },
    "labels": {},
    "payment_requests": {},
    "prevouts_by_scripthash": {},
    "seed_version": 50,
    "spent_outpoints": {},
    "transactions": {},
    "tx_fees": {},
    "txi": {},
    "txo": {},
    "use_encryption": false,
    "verified_tx3": {},
    "wallet_type": "standard"
}