{
    "addr_history": {
        "13Q8SEE6DyEzvpySdJHWAL3pJ7czbF7gwD": [],
        "147kShU3V8icMXciJsxtYieyskTRZ6pB8i": [],
        "14FuD7aTQAQJ6VcqURVtpdsNedQKWN6Q5S": [],
        "14PWTgzQhGZn67gjKB1G7EtdVfKYtrownF": [],
        "14dkA15R3gKDxU7mC7fAvpV44V46vi6gAa": [],
        "14ef7So3su3147vDfnoCjPf67CT8HPxGmg": [],
        "151XGYeZJgpbASbcgpejSFMzxzjfz2XEjG": [],
        "15NVVg6zb44iv9dpHTAZpoAR2x2szW3K4E": [],
        "16yBjW1noPwdrgkb35NcnPviigbEwLjKK2": [],
        "17SSD2T3ENtAhkUNP6d3fxZDwpNpHBMoDL": [],
        "17bbTXDNx8FydnauSgpr6wgrUJxYfuXtNt": [],
        "18NNiwXUDShGqugaETX69Qua17s7xXjvC8": [],
        "18dCQBgkkvh9dPFH3Tzt4yQD613FD88zB5": [],
        "19MMKDk7KZS3J8fwX8wotD93JdaorG3UCz": [],
        "1AG8MkLiciHF5CoSNiSa4RXJ9KQy7AVnwr": [],
        "1AyuoAJdghCnTLuYPeNgdsKwNVotHpyXFe": [],
        "1BCpHjZv11qLV3cCDoYzNRQpmnoMxLhiAe": [],
        "1BbQNnjcAcsxKDKbpH1qdrUK1etoMk1NMY": [],
        "1C8qVDwtHdGGXG5nAMVndVoeh86NvqeSZW": [],
        "1DfJ2hwiGSEwTgTGUXHokAnfGWbeR5BUcy": [],
        "1F8GzfVZCYtHQb1BXYqoBPMwyN8B8pNeDN": [],
        "1GMGtEzB3Xkc8rfecpXm3UE9AnnmjV1zgC": [],
        "1GiLLmtF5JJswwipSZ8dpeXUj7bQVopoVt": [],
        "1GmfrRXJCn9bbepL6egH2monVokU8ESjGV": [],
        "1HEWsLHNwZQZbYnyiGXoC24JQHfKs7JHRC": [],
        "1MUWg4uW6G7Ro8oLtB8gD9CDFVfzYEP8xU": [],
        "1PFS3CRFZJTUSTLr9bASJVTq21vSrJbo2L": [],
        "1QGw5s39kjSaeZb8AaxyoxA83aWVYdECeg": [],
        "1QHcpbXZHNKULBozziYBjqzzrgJSJ6PePY": [],
        "1qNGsoGsLNQ7Cma6s2CKWAC4h3KzcwcNd": []
    },
    "addresses": {
        "change": [
            "17bbTXDNx8FydnauSgpr6wgrUJxYfuXtNt",
            "16yBjW1noPwdrgkb35NcnPviigbEwLjKK2",
            "14ef7So3su3147vDfnoCjPf67CT8HPxGmg",
            "1qNGsoGsLNQ7Cma6s2CKWAC4h3KzcwcNd",
            "13Q8SEE6DyEzvpySdJHWAL3pJ7czbF7gwD",
            "17SSD2T3ENtAhkUNP6d3fxZDwpNpHBMoDL",
            "1GiLLmtF5JJswwipSZ8dpeXUj7bQVopoVt",
            "1AG8MkLiciHF5CoSNiSa4RXJ9KQy7AVnwr",
            "15NVVg6zb44iv9dpHTAZpoAR2x2szW3K4E",
            "14PWTgzQhGZn67gjKB1G7EtdVfKYtrownF"
        ],
        "receiving": [
            "1DfJ2hwiGSEwTgTGUXHokAnfGWbeR5BUcy",
            "1GMGtEzB3Xkc8rfecpXm3UE9AnnmjV1zgC",
            "14FuD7aTQAQJ6VcqURVtpdsNedQKWN6Q5S",
            "1QGw5s39kjSaeZb8AaxyoxA83aWVYdECeg",
            "18NNiwXUDShGqugaETX69Qua17s7xXjvC8",
            "1F8GzfVZCYtHQb1BXYqoBPMwyN8B8pNeDN",
            "147kShU3V8icMXciJsxtYieyskTRZ6pB8i",
            "1HEWsLHNwZQZbYnyiGXoC24JQHfKs7JHRC",
            "151XGYeZJgpbASbcgpejSFMzxzjfz2XEjG",
            "1BbQNnjcAcsxKDKbpH1qdrUK1etoMk1NMY",
            "1AyuoAJdghCnTLuYPeNgdsKwNVotHpyXFe",
            "14dkA15R3gKDxU7mC7fAvpV44V46vi6gAa",
            "1C8qVDwtHdGGXG5nAMVndVoeh86NvqeSZW",
            "1BCpHjZv11qLV3cCDoYzNRQpmnoMxLhiAe",
            "18dCQBgkkvh9dPFH3Tzt4yQD613FD88zB5",
            "1GmfrRXJCn9bbepL6egH2monVokU8ESjGV",
            "1QHcpbXZHNKULBozziYBjqzzrgJSJ6PePY",
            "1MUWg4uW6G7Ro8oLtB8gD9CDFVfzYEP8xU",
            "1PFS3CRFZJTUSTLr9bASJVTq21vSrJbo2L",
            "19MMKDk7KZS3J8fwX8wotD93JdaorG3UCz"
        ]
    },
    "fiat_value": {},
    "frozen_coins": {},
    "invoices": {},
    "keystore": {
        "derivation": "m",
        "pw_hash_version": 1,
        "root_fingerprint": "27055ca9",
        "seed": "minor zone pool always remain combine mansion claw medal settle grace capable",
        "seed_type": "standard",
        "type": "bip32",
        "xprv": "xprv9s21ZrQH143K2bBvqaUh62gje5LKRdTket2sXAbwN1BN5TGTp782UdsS2AHkqdkPvXxxCNuuJvdqZsDQM2ASjQmxGndCkHctk4ABEkXBjK2",
        "xpub": "xpub661MyMwAqRbcF5GPwc1hTAdUC7Aoq6Bc26xUKZ1YvLiLxFbcMeSH2SBusQWm4FKCXTuvHi7o8Ci2cDwBSLkz3Dx9sH8dYHmoXGNmPGymftz"
    },
    "labels": {},
    "payment_requests": {},
    "prevouts_by_scripthash": {},
    "seed_version": 50,
    "spent_outpoints": {},
    "transactions": {},
    "tx_fees": {},
    "txi": {},
    "txo": {},
    "use_encryption": false,
    "verified_tx3": {},
    "wallet_type": "standard"
}