{
    "addr_history": {
        "12ZrRDfXijxFkY1Fog1DNKgCynGz9LL4xq": [],
        "13DzpeNxBHauy8gTSmuVfPSrwSNjyYhuT1": [],
        "13hLZr1qKqVZJEgGUMeKMMth3rvoTjdFkT": [],
        "14uEreS4eyGr1HJnXqhv7fqPFUks6cBtgr": [],
        "15SPMWdcnJYtg8fYyHXSYnUrkis5vjJ4CB": [],
        "17PSgP5aCXDo9arZc1hUJiP8QnF2YxuSaU": [],
        "17XDwyK2UHPVAHFRn6XuKcxMHPKMB8G3tJ": [],
        "187VySPr8nWZyhnqd5qZbo36eWWfKwzjm4": [],
        "18TKCmRjY7DYZ83aipqNye35gjDpaqcEBT": [],
        "18srHXo7RXvnp7LX7UqqfXKkamBDTarzr8": [],
        "19QSbsPeJia7sTBcE4mPtwpkeza34u8kVV": [],
        "19ZAV6iJW3JbKXLixePn43qubUxrhkkYMh": [],
        "19wkGP4FoRkPyg8mbjj5tWR4PF4sfwkN7p": [],
        "1Aa8HvxSxWPHo8Qp462ubRfyNjHMh6mbVq": [],
        "1BUaGzmkMU4ARM1MTHn4YrMhxpK4TpmN7V": [],
        "1BYCWBak5dqaps2p9546bmXjdNtp9Y98Pv": [],
        "1BeZYV6ELTSAhQzLuqZ3nNauWgCDcWZhuG": [],
        "1BjnBc6AypQ8c6ZXHzYZApAYKJDRiNYd8A": [],
        "1DJjH5mHiVn7JWLq9yUQPY1SM4z34RUrR6": [],
        "1DutzWqY7UiVq2Mjirg1LfG4xrfvpzEvVZ": [],
        "1Ened4QSWKDFheLPQaSEJFa1GKW7veWg8D": [],
        "1F3647Kk5w841Uwp1d4kJGG1qHx9H7KDof": [],
        "1FTXzRAQZ2gkyK5XjvQjiPZssNf4k1V7yn": [],
        "1JFRdH9Nk1H25JWtE11prXKjRySRwJrG15": [],
        "1KihqGKu3sgPUotzobw6zN1RizVx14MQ3r": [],
        "1KqhUcgBXPHs11LZr1JteJvJiCvJNV7X8v": [],
        "1L7m4VnxGMt1BnMLEMDdy3zvZCRP47M2Qs": [],
        "1NemUGcoBwzKdxPGr7chD3DdPJ79e45Dq1": [],
        "1NfRb6YuR9Q78tpUSKP12TNCR12Bqz1Wkw": [],
        "1Q5En5DS7JjQHYSnr2hx8nn5YR3yJNHgGu": []
    },
    "addresses": {
        "change": [
            "13hLZr1qKqVZJEgGUMeKMMth3rvoTjdFkT",
            "12ZrRDfXijxFkY1Fog1DNKgCynGz9LL4xq",
            "1DutzWqY7UiVq2Mjirg1LfG4xrfvpzEvVZ",
            "1DJjH5mHiVn7JWLq9yUQPY1SM4z34RUrR6",
            "17XDwyK2UHPVAHFRn6XuKcxMHPKMB8G3tJ",
            "19ZAV6iJW3JbKXLixePn43qubUxrhkkYMh",
            "1Q5En5DS7JjQHYSnr2hx8nn5YR3yJNHgGu",
            "1F3647Kk5w841Uwp1d4kJGG1qHx9H7KDof",
            "1Aa8HvxSxWPHo8Qp462ubRfyNjHMh6mbVq",
            "17PSgP5aCXDo9arZc1hUJiP8QnF2YxuSaU"
        ],
        "receiving": [
            "14uEreS4eyGr1HJnXqhv7fqPFUks6cBtgr",
            "1KihqGKu3sgPUotzobw6zN1RizVx14MQ3r",
            "1BYCWBak5dqaps2p9546bmXjdNtp9Y98Pv",
            "15SPMWdcnJYtg8fYyHXSYnUrkis5vjJ4CB",
            "18srHXo7RXvnp7LX7UqqfXKkamBDTarzr8",
            "1L7m4VnxGMt1BnMLEMDdy3zvZCRP47M2Qs",
            "1NfRb6YuR9Q78tpUSKP12TNCR12Bqz1Wkw",
            "1FTXzRAQZ2gkyK5XjvQjiPZssNf4k1V7yn",
            "19wkGP4FoRkPyg8mbjj5tWR4PF4sfwkN7p",
            "1BUaGzmkMU4ARM1MTHn4YrMhxpK4TpmN7V",
            "13DzpeNxBHauy8gTSmuVfPSrwSNjyYhuT1",
            "19QSbsPeJia7sTBcE4mPtwpkeza34u8kVV",
            "1JFRdH9Nk1H25JWtE11prXKjRySRwJrG15",
            "1BeZYV6ELTSAhQzLuqZ3nNauWgCDcWZhuG",
            "1Ened4QSWKDFheLPQaSEJFa1GKW7veWg8D",
            "18TKCmRjY7DYZ83aipqNye35gjDpaqcEBT",
            "1NemUGcoBwzKdxPGr7chD3DdPJ79e45Dq1",
            "187VySPr8nWZyhnqd5qZbo36eWWfKwzjm4",
            "1KqhUcgBXPHs11LZr1JteJvJiCvJNV7X8v",
            "1BjnBc6AypQ8c6ZXHzYZApAYKJDRiNYd8A"
        ]
    },
    "fiat_value": {},
    "frozen_coins": {},
    "invoices": {},
    "keystore": {
        "derivation": "m",
        "pw_hash_version": 1,
        "root_fingerprint": "e2a81ac4",
        "seed": "minor zone pool add remain combine zebra claw medal settle grace capable",
        "seed_type": "standard",
        "type": "bip32",
        "xprv": "xprv9s21ZrQH143K46wDvYdTHAyQtGN8KNy1b94SeWozxmQzgcgTBtf7FurD1sRs6m8hCjNv27RzvVto8ktNSSdmxbCHrY1jQUPV9xagpA8ZWwn",
        "xpub": "xpub661MyMwAqRbcGb1h2aATeJv9SJCciqgrxMz3SuDcX6wyZR1bjRyMoiAgs7MJfBxYryqmAhmFhWcKEq59FScNHxJ3ReTh5QhEPcGS1UPJWDA"
    },
    "labels": {},
    "payment_requests": {},
    "prevouts_by_scripthash": {},
    "seed_version": 50,
    "spent_outpoints": {},
    "transactions": {},
    "tx_fees": {},
    "txi": {},
    "txo": {},
    "use_encryption": false,
    "verified_tx3": {},
    "wallet_type": "standard"
}