{
    "addr_history": {
        "121QMdxLeMMgSv5nCmF4Cm8L5o7ZUJWU1v": [],
        "143U6TzzuNsjKtWttVrzL5KBavDXTjXbTr": [],
        "147PB177Xf7sWiqSzAyzqvtGAArmjmSrDB": [],
        "15Wp8DoruD4rLJyCGJbRrs7f5qmRXP1o8U": [],
        "16bSdLVJ3wNxMWxB24FtCoLeAs9zmxFYhB": [],
        "17jCA2zjhPArs1bZ9x4B4bMPc6aB9aijfD": [],
        "1AYWfiokC9LRZ6JioGf9L33YxYAU7cv4fu": [],
        "1BLvXV9WREpyQS6E43dEbNfr1csoGhKkeh": [],
        "1CHGyZAL8fM2GwssdpHGcv6qyyrFmkAKuS": [],
        "1CjMAzcvCSN6kQkg4vXwxt9avmPc7yiAU8": [],
        "1Dxfc3Q5tAhHHWGVVWBNrTvhbKpWj7ZxYx": [],
        "1EEhGkwg7gzRtN4njCDzRwzTeX3EzD56w4": [],
        "1ESWRB8gBCmvBZqMSGs8qHLBLRT3gcPuk1": [],
        "1GBN2HbSMrL8dykhSTpbNxpD4VvffyHrTr": [],
        "1HDt1XhHJybuT2bWxAtRfwHg7cLrNjCTte": [],
        "1HpmW1PetvVgRQ5gQ1DB2prSCP4Y84TUBc": [],
        "1HwS88WWiAwoyveHwTMBpkFFyp4s7TCVQ6": [],
        "1J935v6JtT3fW2Fm9khkjr4M8xrENnZKxK": [],
        "1JFhjBrHsT2gGk1hYofDbrtfHmanEQXzGK": [],
        "1JZJ531Tc8cKLn5xE9HNVnTv79opN5VFtc": [],
        "1KTWypx5Tscm4gz34vo1hqcpeR7e7A7mU2": [],
        "1L4N7WwkMbXE9ruqG58mMeAJ9LR6M7utdr": [],
        "1LAGxbdRyxR6PPvfezBUXzneTz5TUuPvco": [],
        "1LGxvMbgWXUJVUXxuyNKSKCCkpQ5eXjJSq": [],
        "1Lv5b97QX52c3UJCau66SK8sJY8hweccFC": [],
        "1MqBfZxozdodi4PGRQqBcaz7ecbwkN5Wfg": [],
        "1Nh1QbadUAkj5rPzRq94WHF4cwgrK2B2kU": [],
        "1P9bu9aK8fv9ZMgNERAkadbEXTT82WpfV7": [],
        "1QCQw5iDLVhyarQAGRAc7iLmiYAnF1WeXv": [],
        "1fK7TJ3rVF3NEsTP1y9fewTPTqDgtzeGv": []
    },
    "addresses": {
        "change": [
            "1Lv5b97QX52c3UJCau66SK8sJY8hweccFC",
            "1ESWRB8gBCmvBZqMSGs8qHLBLRT3gcPuk1",
            "15Wp8DoruD4rLJyCGJbRrs7f5qmRXP1o8U",
            "1MqBfZxozdodi4PGRQqBcaz7ecbwkN5Wfg",
            "1LAGxbdRyxR6PPvfezBUXzneTz5TUuPvco",
            "1CHGyZAL8fM2GwssdpHGcv6qyyrFmkAKuS",
            "143U6TzzuNsjKtWttVrzL5KBavDXTjXbTr",
            "1J935v6JtT3fW2Fm9khkjr4M8xrENnZKxK",
            "1Dxfc3Q5tAhHHWGVVWBNrTvhbKpWj7ZxYx",
            "1fK7TJ3rVF3NEsTP1y9fewTPTqDgtzeGv"
        ],
        "receiving": [
            "1JFhjBrHsT2gGk1hYofDbrtfHmanEQXzGK",
            "147PB177Xf7sWiqSzAyzqvtGAArmjmSrDB",
            "1HpmW1PetvVgRQ5gQ1DB2prSCP4Y84TUBc",
            "1Nh1QbadUAkj5rPzRq94WHF4cwgrK2B2kU",
            "17jCA2zjhPArs1bZ9x4B4bMPc6aB9aijfD",
            "1L4N7WwkMbXE9ruqG58mMeAJ9LR6M7utdr",
            "1JZJ531Tc8cKLn5xE9HNVnTv79opN5VFtc",
            "1P9bu9aK8fv9ZMgNERAkadbEXTT82WpfV7",
            "1KTWypx5Tscm4gz34vo1hqcpeR7e7A7mU2",
            "1LGxvMbgWXUJVUXxuyNKSKCCkpQ5eXjJSq",
            "1GBN2HbSMrL8dykhSTpbNxpD4VvffyHrTr",
            "1QCQw5iDLVhyarQAGRAc7iLmiYAnF1WeXv",
            "1CjMAzcvCSN6kQkg4vXwxt9avmPc7yiAU8",
            "1AYWfiokC9LRZ6JioGf9L33YxYAU7cv4fu",
            "16bSdLVJ3wNxMWxB24FtCoLeAs9zmxFYhB",
            "1BLvXV9WREpyQS6E43dEbNfr1csoGhKkeh",
            "121QMdxLeMMgSv5nCmF4Cm8L5o7ZUJWU1v",
            "1HDt1XhHJybuT2bWxAtRfwHg7cLrNjCTte",
            "1EEhGkwg7gzRtN4njCDzRwzTeX3EzD56w4",
            "1HwS88WWiAwoyveHwTMBpkFFyp4s7TCVQ6"
        ]
    },
    "fiat_value": {},
    "frozen_coins": {},
    "invoices": {},
    "keystore": {
        "derivation": "m",
        "pw_hash_version": 1,
        "root_fingerprint": "02a098ec",
        "seed": "minor zone pool assist remain combine page claw medal settle grace capable",
        "seed_type": "standard",
        "type": "bip32",
        "xprv": "xprv9s21ZrQH143K2h1bCdawjgRuX2FJNdofq7ZwtRyMXiT9RLYsqWfctWubh72ep4nosJBhGj5hyoRaEXBNaCb9pNyW7EV9hj867bT1z81mG5R",
        "xpub": "xpub661MyMwAqRbcFB64Jf7x6pNe545nn6XXCLVYgpNy63z8J8t2P3ysSKE5YQQyCULsSqedwRQKanCdQiJLkLLs9zP3WbkWgPDwsz5PriRxRhf"
    },
    "labels": {},
    "payment_requests": {},
    "prevouts_by_scripthash": {},
    "seed_version": 50,
    "spent_outpoints": {},
    "transactions": {},
    "tx_fees": {},
    "txi": {},
    "txo": {},
    "use_encryption": false,
    "verified_tx3": {},
    "wallet_type": "standard"
}