{
    "addr_history": {
        "124ny6aYs7vwFsgumGTigtaBnbBKgT5QVq": [],
        "12ePkuE8FUbYwWVWfA6uVFFsyuWVm8mdT8": [],
        "13DpxXCkeQnGQzdEDVWTsdVkamCzf13iEL": [],
        "13Rzft8KE1ZyvvLwd5Jqf2sU8k2mYPtVTH": [],
        "14449h7Ev3qY2ME5GSjzesf4btULANX81P": [],
        "19CCSw6DAvfYdUzghiU6zwt4QSAR7HHWhm": [],
        "1AGwbX4kjVvXS7QVR7CBFMMXkkDH7xRxkh": [],
        "1ANCEaaxotW8PAAnSwFKvbFvuiW75AJhEq": [],
        "1BK6wQd3Q5PWLhHA4sqVGmKae8gjCv4Tec": [],
        "1BjfdxuedHYmhpgk8xLR56HUPVp9D2hU74": [],
        "1DNs6tHytS4exi13NLmCzvb6Zw8VtcaEu1": [],
        "1DtU4YvP6yXpFh9htLBzhCYezGDiU1QLff": [],
        "1DycDyp1TNdwPPmGTrrWpQjgwLjPvDd9VE": [],
        "1EckGKSbuoFRq1TcB5qLUtgHgX1uB4srGX": [],
        "1EpLgHsGcDkWYjUJ3xU6VD9BCq8FmC6vdr": [],
        "1ErjPR2UgZEooGH9McMgWB6C58Gj1wUo2o": [],
        "1EyZ8SgvUvEFECP3M7LQkwUGQ2x7vjRNSB": [],
        "1GtMFgKW6Za3efjhvGPMLx1PS6ymjpZjRq": [],
        "1HMUQ7YYarAXScmbA4wCbEg7gDVTQvwUSD": [],
        "1HRUPoBM6fY6vtb7PJPHXDPPWkVVmCMJFd": [],
        "1J6EeFqr9ZfgGLehqGfrc9gzPruytqWLhV": [],
        "1JVeS1aFmwbAgxHocuUvY9AhGQeBVi7F1d": [],
        "1JpvB4jxiVsJhxZaUarraGoQhpcUtHDGuz": [],
        "1K9X2XgkYcTS5YrvpdtQUBwxWPhkMykXsc": [],
        "1KfovdHjfMLdsAnr1G8TjQeqcXjexKjaMY": [],
        "1LM6jzQeA2cdZirX2eyrsyyR58VzpYTCte": [],
        "1MFZzeRG9LN1PSVCwayGjoqmLt2gTFCRnN": [],
        "1MjDf3grG5XxkkvejGvDbgtim5w44NnfvN": [],
        "1W8z6FYyxAxNF3NHeWc4Njh5M2ygHyFbo": [],
        "1inVHs7HCkEJjoKjcQhg13Dyj9ENfxPDH": []
    },
    "addresses": {
        "change": [
            "1JpvB4jxiVsJhxZaUarraGoQhpcUtHDGuz",
            "1HMUQ7YYarAXScmbA4wCbEg7gDVTQvwUSD",
            "1MjDf3grG5XxkkvejGvDbgtim5w44NnfvN",
            "1inVHs7HCkEJjoKjcQhg13Dyj9ENfxPDH",
            "1EckGKSbuoFRq1TcB5qLUtgHgX1uB4srGX",
            "1K9X2XgkYcTS5YrvpdtQUBwxWPhkMykXsc",
            "1JVeS1aFmwbAgxHocuUvY9AhGQeBVi7F1d",
            "1BK6wQd3Q5PWLhHA4sqVGmKae8gjCv4Tec",
            "1W8z6FYyxAxNF3NHeWc4Njh5M2ygHyFbo",
            "124ny6aYs7vwFsgumGTigtaBnbBKgT5QVq"
        ],
        "receiving": [
            "1DtU4YvP6yXpFh9htLBzhCYezGDiU1QLff",
            "1DycDyp1TNdwPPmGTrrWpQjgwLjPvDd9VE",
            "12ePkuE8FUbYwWVWfA6uVFFsyuWVm8mdT8",
            "1HRUPoBM6fY6vtb7PJPHXDPPWkVVmCMJFd",
            "1AGwbX4kjVvXS7QVR7CBFMMXkkDH7xRxkh",
            "1MFZzeRG9LN1PSVCwayGjoqmLt2gTFCRnN",
            "1DNs6tHytS4exi13NLmCzvb6Zw8VtcaEu1",
            "1J6EeFqr9ZfgGLehqGfrc9gzPruytqWLhV",
            "1GtMFgKW6Za3efjhvGPMLx1PS6ymjpZjRq",
            "1ANCEaaxotW8PAAnSwFKvbFvuiW75AJhEq",
            "13DpxXCkeQnGQzdEDVWTsdVkamCzf13iEL",
            "19CCSw6DAvfYdUzghiU6zwt4QSAR7HHWhm",
            "13Rzft8KE1ZyvvLwd5Jqf2sU8k2mYPtVTH",
            "1EpLgHsGcDkWYjUJ3xU6VD9BCq8FmC6vdr",
            "14449h7Ev3qY2ME5GSjzesf4btULANX81P",
            "1KfovdHjfMLdsAnr1G8TjQeqcXjexKjaMY",
            "1EyZ8SgvUvEFECP3M7LQkwUGQ2x7vjRNSB",
            "1ErjPR2UgZEooGH9McMgWB6C58Gj1wUo2o",
            "1LM6jzQeA2cdZirX2eyrsyyR58VzpYTCte",
            "1BjfdxuedHYmhpgk8xLR56HUPVp9D2hU74"
        ]
    },
    "fiat_value": {},
    "frozen_coins": {},
    "invoices": {},
    "keystore": {
        "derivation": "m",
        "pw_hash_version": 1,
        "root_fingerprint": "8b1975e9",
        "seed": "minor zone pool across remain combine disagree claw medal settle grace capable",
        "seed_type": "standard",
        "type": "bip32",
        "xprv": "xprv9s21ZrQH143K2r19TLk3DXs1KmMTAB7p5CGS7hayyKJhgA3yFq2ywhHijy3nwadqUfPBHLTev7Z6oy7ssA18EwZNndQMfAUZpdKn9kiLLMH",
        "xpub": "xpub661MyMwAqRbcFL5cZNH3afojsoBwZdqfSRC2v5zbXeqgYxP7oNMEVVcCbDHXwThV5q9eoQN3DnL376P7c1NYAwALbL5E9sdfeJKXQ7e5Pup"
    },
    "labels": {},
    "payment_requests": {},
    "prevouts_by_scripthash": {},
    "seed_version": 50,
    "spent_outpoints": {},
    "transactions": {},
    "tx_fees": {},
    "txi": {},
    "txo": {},
    "use_encryption": false,
    "verified_tx3": {},
    "wallet_type": "standard"
}