{
    "addr_history": {
        "12rRGusDJ7hy5ofGk9gUwfapk43oAk2Nbc": [],
        "13eqdhPiAVaVHWp9dhmu2uAXEY4BiyFKYS": [],
        "13rcyBNk5T3xEAsnmn6en7c8jDMUhHvhys": [],
        "143RqvEcsEZfaHkzSSJ3SNiVs5nvNecFKR": [],
        "15hPDszFqEqpUBovQVJV7wqrQh4xdZronf": [],
        "163cdM18q78Px8njYQEEJpCT4HQbc8XNnP": [],
        "16cgxvVgVXUCdH3agnrpVzDPUuYkVxKTrR": [],
        "17EUVBaWsGTsWWAZ8wtY97cvdsayR9jnNz": [],
        "181UsRsGCdWpt8mnLgLpm1Q5d9VPQSe6Y5": [],
        "18DfAuMECFR3uvz8mqEuebbDHnqCPXqrzr": [],
        "196fTjFGU3DAxoTKHYnsoSpsdhCcZLKhkL": [],
        "19WTi43A9sg9HC77F92sxPnC3sJ7h6Nuhz": [],
        "1AHfafv28se7oLtEmUek1Us2cCWNb4LpNA": [],
        "1BUhazEr17CEo5Jv94JuZJZr6GG63bjoC4": [],
        "1DFWTTD6YHEZvzc3HWHVoKUAVEkkfaMWcv": [],
        "1DVpR5EKa8LQYwNkgXfsmX4dYm3Bs6L9zv": [],
        "1Db9A9bWFiWw4US4ituGtVMM5G58Loj7SG": [],
        "1F1cdyfvm4toFUubEQGNvsUNj3GgrjyGZQ": [],
        "1GUuRRMXaGAccov14TxhYPwrpo2iEYYh8s": [],
        "1HQhrLHskjuySrojyyndTbYo7AZ5RAzuZ2": [],
        "1HjSjE6W99Nce2SXD4NbLV6krtUbuP6fdr": [],
        "1KMF5CuoMxkyDv5AAtKiGyPaYvc4sNmXnm": [],
        "1L72F24MbBAHcAtdSthNp1eQSJVVyWmPMZ": [],
        "1MNY7i9QhAMHyi41keUpJYRMSrENSYRCmb": [],
        "1MQGXLj8qY1SqA9AqNA4FP2Scs8o3BxRnN": [],
        "1NBxAMry8pDveJvED8vXkHRZqyWEERGu6V": [],
        "1NEsDvcMx7LCGSZnyavsMLvrkYgTKeGUmw": [],
        "1NPXNdt1B1gTizLiXsAgHfuac713VVQBqc": [],
        "1NmdbnGeFwFaYjgn7YoEnTP8CJsTAGVEk9": [],
        "1Nocs2Wkcgp5dhMDr4aoHpj4xqEXFdQSfq": []
    },
    "addresses": {
        "change": [
            "17EUVBaWsGTsWWAZ8wtY97cvdsayR9jnNz",
            "1L72F24MbBAHcAtdSthNp1eQSJVVyWmPMZ",
            "1Nocs2Wkcgp5dhMDr4aoHpj4xqEXFdQSfq",
            "19WTi43A9sg9HC77F92sxPnC3sJ7h6Nuhz",
            "1Db9A9bWFiWw4US4ituGtVMM5G58Loj7SG",
            "1DFWTTD6YHEZvzc3HWHVoKUAVEkkfaMWcv",
            "1KMF5CuoMxkyDv5AAtKiGyPaYvc4sNmXnm",
            "1NmdbnGeFwFaYjgn7YoEnTP8CJsTAGVEk9",
            "16cgxvVgVXUCdH3agnrpVzDPUuYkVxKTrR",
            "1MQGXLj8qY1SqA9AqNA4FP2Scs8o3BxRnN"
        ],
        "receiving": [
            "143RqvEcsEZfaHkzSSJ3SNiVs5nvNecFKR",
            "1NBxAMry8pDveJvED8vXkHRZqyWEERGu6V",
            "196fTjFGU3DAxoTKHYnsoSpsdhCcZLKhkL",
            "1AHfafv28se7oLtEmUek1Us2cCWNb4LpNA",
            "1NEsDvcMx7LCGSZnyavsMLvrkYgTKeGUmw",
            "12rRGusDJ7hy5ofGk9gUwfapk43oAk2Nbc",
            "1NPXNdt1B1gTizLiXsAgHfuac713VVQBqc",
            "1BUhazEr17CEo5Jv94JuZJZr6GG63bjoC4",
            "13eqdhPiAVaVHWp9dhmu2uAXEY4BiyFKYS",
            "1DVpR5EKa8LQYwNkgXfsmX4dYm3Bs6L9zv",
            "163cdM18q78Px8njYQEEJpCT4HQbc8XNnP",
            "1HjSjE6W99Nce2SXD4NbLV6krtUbuP6fdr",
            "181UsRsGCdWpt8mnLgLpm1Q5d9VPQSe6Y5",
            "13rcyBNk5T3xEAsnmn6en7c8jDMUhHvhys",
            "1F1cdyfvm4toFUubEQGNvsUNj3GgrjyGZQ",
            "15hPDszFqEqpUBovQVJV7wqrQh4xdZronf",
            "1HQhrLHskjuySrojyyndTbYo7AZ5RAzuZ2",
            "1GUuRRMXaGAccov14TxhYPwrpo2iEYYh8s",
            "1MNY7i9QhAMHyi41keUpJYRMSrENSYRCmb",
            "18DfAuMECFR3uvz8mqEuebbDHnqCPXqrzr"
        ]
    },
    "fiat_value": {},
    "frozen_coins": {},
    "invoices": {},
    "keystore": {
        "derivation": "m",
        "pw_hash_version": 1,
        "root_fingerprint": "b4e39103",
        "seed": "minor zone pool apple remain combine scissors claw medal settle grace capable",
        "seed_type": "standard",
        "type": "bip32",
        "xprv": "xprv9s21ZrQH143K3z4CdK5hVDuF8MXz3gtENR7so4TiMVKKGoSjV371KpWRDePQmpDgpGtuQMNekLKLeJZqzTbTsK9cWJJpsuGjWuvWk414DWw",
        "xpub": "xpub661MyMwAqRbcGU8fjLchrMqygPNUT9c5je3UbSsKuprJ9bmt2aRFscpu4wQBRrHCydYufmC6Vf9wP7CyqASxXvG5ghErbn5A8cQ88JKNJ3G"
    },
    "labels": {},
    "payment_requests": {},
    "prevouts_by_scripthash": {},
    "seed_version": 50,
    "spent_outpoints": {},
    "transactions": {},
    "tx_fees": {},
    "txi": {},
    "txo": {},
    "use_encryption": false,
    "verified_tx3": {},
    "wallet_type": "standard"
}