{
    "addr_history": {
        "123t44V8jFYUpqGpstD67FcqXFVUHxPk15": [],
        "12CLdSFrntFKa1RcuN61bDGRYukeDxsuHQ": [],
        "12a8kkcmHNSeLJ4RmZcPwgPxNcuuP9M9Pd": [],
        "13r5imjpPZL52KaUyE4EVPPsspfdXiNY9o": [],
        "13vQVTVWQceDiGkZgmV5XkqxwZhbVYiDu7": [],
        "14aMGii5T2Qj6vDgcDtM2ifcBgPFj7swCy": [],
        "14dt56gmhUXs6eKqWtXMCK9sCwnERP8G2a": [],
        "151onVutSLN3SLZb9vnG3Lzidf8Bk7gXnD": [],
        "175QEmaXkwz2FXGvJBXfqVdbkiHQWhZmhx": [],
        "1A6UHQ4ogteEjHKtXp5Sv4X8T1GyrojCD9": [],
        "1CWbXbBLx9pM2GUCZR8EEnxtejFp2xHuaP": [],
        "1DSHEW9p1M4G3y8qsxDQGetpbj3cVrD1uY": [],
        "1DcbufBsSMAXUFmMV5vSmZRKrhBtkKmnT": [],
        "1EDXpy2RBBmZzzhkQvnrApfdNozbccFvm9": [],
        "1EbvGiTn2Qsk8URAc73QBxRdfzgB7pLUEv": [],
        "1EcELMBGKBcPBgHiThmFtrtHtAQYj3gFU5": [],
        "1EwCkPMPuE2K1DbVA5gtP4PqoBMe4pTTcy": [],
        "1GdXcy9sheKYFdyu6bdviJmCBah6XH1eLx": [],
        "1HTQrNpi8u8jnHpReTZikWacDxYgfnBzfz": [],
        "1J9csqpfX83qDBtMFQnLxKAS7QSCuJd9hw": [],
        "1JTez1MVUtM2ep1mqg8LRgvU7qFyuCjRok": [],
        "1JxbgYFZvQT4BBBisRPaD629A4e4FbcXmn": [],
        "1K1WtGPUVyVHdC2ZoEdMjoQNTDTze5oZ3r": [],
        "1KGQBkWFuRy7xmbtkYFGtoBgFYJ8VGfJfB": [],
        "1LPsiJSgyVTaRG1otHCY5KnpFMwS4NUcB9": [],
        "1LZnnRqkzXJq36ogc5dSHVcLzDkv6b2se": [],
        "1NRfNGpTSHo1Kn4tqNvww3pvqoyQegT1Y5": [],
        "1PEfCKJDq1ydrsDNWQmeSZhdNHGcGcAF6k": [],
        "1PsnJYYbvNgxuSjfdum17u9czzdX7aX9z9": [],
        "1QKw1YtS8EeqDyNkpAe6Z29fneCkrE38hY": []
    },
    "addresses": {
        "change": [
            "1K1WtGPUVyVHdC2ZoEdMjoQNTDTze5oZ3r",
            "1J9csqpfX83qDBtMFQnLxKAS7QSCuJd9hw",
            "1LZnnRqkzXJq36ogc5dSHVcLzDkv6b2se",
            "1EwCkPMPuE2K1DbVA5gtP4PqoBMe4pTTcy",
            "123t44V8jFYUpqGpstD67FcqXFVUHxPk15",
            "1DcbufBsSMAXUFmMV5vSmZRKrhBtkKmnT",
            "1CWbXbBLx9pM2GUCZR8EEnxtejFp2xHuaP",
            "1GdXcy9sheKYFdyu6bdviJmCBah6XH1eLx",
            "1EDXpy2RBBmZzzhkQvnrApfdNozbccFvm9",
            "1HTQrNpi8u8jnHpReTZikWacDxYgfnBzfz"
        ],
        "receiving": [
            "1JxbgYFZvQT4BBBisRPaD629A4e4FbcXmn",
            "13r5imjpPZL52KaUyE4EVPPsspfdXiNY9o",
            "14aMGii5T2Qj6vDgcDtM2ifcBgPFj7swCy",
            "1KGQBkWFuRy7xmbtkYFGtoBgFYJ8VGfJfB",
            "1EcELMBGKBcPBgHiThmFtrtHtAQYj3gFU5",
            "13vQVTVWQceDiGkZgmV5XkqxwZhbVYiDu7",
            "151onVutSLN3SLZb9vnG3Lzidf8Bk7gXnD",
            "1JTez1MVUtM2ep1mqg8LRgvU7qFyuCjRok",
            "1DSHEW9p1M4G3y8qsxDQGetpbj3cVrD1uY",
            "1A6UHQ4ogteEjHKtXp5Sv4X8T1GyrojCD9",
            "1NRfNGpTSHo1Kn4tqNvww3pvqoyQegT1Y5",
            "175QEmaXkwz2FXGvJBXfqVdbkiHQWhZmhx",
            "1PEfCKJDq1ydrsDNWQmeSZhdNHGcGcAF6k",
            "1LPsiJSgyVTaRG1otHCY5KnpFMwS4NUcB9",
            "1EbvGiTn2Qsk8URAc73QBxRdfzgB7pLUEv",
            "14dt56gmhUXs6eKqWtXMCK9sCwnERP8G2a",
            "12a8kkcmHNSeLJ4RmZcPwgPxNcuuP9M9Pd",
            "1QKw1YtS8EeqDyNkpAe6Z29fneCkrE38hY",
            "1PsnJYYbvNgxuSjfdum17u9czzdX7aX9z9",
            "12CLdSFrntFKa1RcuN61bDGRYukeDxsuHQ"
        ]
    },
    "fiat_value": {},
    "frozen_coins": {},
    "invoices": {},
    "keystore": {
        "derivation": "m",
        "pw_hash_version": 1,
        "root_fingerprint": "f6eea907",
        "seed": "minor zone pool banana remain combine key claw medal settle grace capable",
        "seed_type": "standard",
        "type": "bip32",
        "xprv": "xprv9s21ZrQH143K4YVDPcLDcJerN5KNgeNacwN8b34uPgUwxS3aV9HUj8etugAUvHqp2ruCoMEKeLFEn65aG2eScmpbht8qmavfPmmQTq2qoEq",
        "xpub": "xpub661MyMwAqRbcH2ZgVdsDySbav79s676RzAHjPRUWx21vqENj2gbjGvyNkx6ekTN3TMheRzZbHWLFrKBT1GoZ69gtxS6Mz9pF3i7WR42Jo13"
    },
    "labels": {},
    "payment_requests": {},
    "prevouts_by_scripthash": {},
    "seed_version": 50,
    "spent_outpoints": {},
    "transactions": {},
    "tx_fees": {},
    "txi": {},
    "txo": {},
    "use_encryption": false,
    "verified_tx3": {},
    "wallet_type": "standard"
}