{
    "addr_history": {
        "13Eaju9zsMVscgZY3BuWvRsNm8MqdmcnAm": [],
        "13b7oCuUJDj2LGH9n5hCSUfWZ5Snr5R3Y9": [],
        "13nAKZvSBHUDFTHcCQBfFuqZk5WK579rpb": [],
        "16gM89oJEzG5GGPDgXLpkGFrbcv29Jdghy": [],
        "17KRffGdBMEeWpDAkjL1Yhy142trSR6YMZ": [],
        "17xzSKq5LWYn5ZGUuGRL7MSCLGXBPnaPau": [],
        "19HqPkbik9ARC9DM8pwNPxN3T9BYwgLMAv": [],
        "19Jtgw21Hzy1GdFikuJeFxcST5EtzJLsMc": [],
        "19YyWfTx8JfhXSFQL8voiaLZn5Q8DLnd9p": [],
        "1AVixhQatMb1dNvdMxDw8H1G6fYnjntBNJ": [],
        "1AeRXR7sT5oM65AYy5zowUqdqjuXtA5igL": [],
        "1Cs2chWLK4LwkS1EWvDt1HNi4fAHGSRDEg": [],
        "1DZXrmekroF8jBDzznC2ae67bbcZ4JRjAp": [],
        "1EcFV6g9wFhXS4quuBWsEDkUAt2a79com5": [],
        "1Fa2fGtkidiss6ioVckWZsYiHFiyzxbfsq": [],
        "1G19t7jkPbZVXC95nryjtNV1XrveCToc2J": [],
        "1G5CjQi1wMiiZv2KRKozWBwBt3BfXiviLG": [],
        "1H1FP86K3xjbdwVQso7wv5dL1Msu7UbwUe": [],
        "1HQtTd2Dv73o9gg7Wj7MFksUFysy21Ez6C": [],
        "1HnC2qB8qED13iMioD34zQXi4uqAyAPSbw": [],
        "1HywayixRd1ECfHEXkfd9HhsjzDPxTSbkj": [],
        "1J1AMkKQWhNHhmtR3bDUtLqjPaUXi4xvTj": [],
        "1JXHBDcHGcSGL6EpjSPoq3mf2SjJzSB2rz": [],
        "1KMR3fCf6S4j4uDh2hmmAiGpkRY3eVZSmL": [],
        "1KQ8XGLoyhgWVAhFevfiedNwRbe6VfeKbz": [],
        "1KfR4qGPWRUTwnvt7HkrRs7ayXjJSP6sDg": [],
        "1Lk1X5neyhXgfSw75Cp6Q36BqXY6D5itB3": [],
        "1h3vApc1bMJRTzwNaqjvvcgHivURfqkXS": [],
        "1oQvwFscAhVoSbHH7LXehJzaH6hPMCgP6": [],
        "1u3qGnQqiRwyDGJNwU8FMKn5KZhmGmCzc": []
    },
    "addresses": {
        "change": [
            "1KMR3fCf6S4j4uDh2hmmAiGpkRY3eVZSmL",
            "13Eaju9zsMVscgZY3BuWvRsNm8MqdmcnAm",
            "1Lk1X5neyhXgfSw75Cp6Q36BqXY6D5itB3",
            "1G5CjQi1wMiiZv2KRKozWBwBt3BfXiviLG",
            "1AeRXR7sT5oM65AYy5zowUqdqjuXtA5igL",
            "13b7oCuUJDj2LGH9n5hCSUfWZ5Snr5R3Y9",
            "16gM89oJEzG5GGPDgXLpkGFrbcv29Jdghy",
            "1oQvwFscAhVoSbHH7LXehJzaH6hPMCgP6",
            "17KRffGdBMEeWpDAkjL1Yhy142trSR6YMZ",
            "19Jtgw21Hzy1GdFikuJeFxcST5EtzJLsMc"
        ],
        "receiving": [
            "1h3vApc1bMJRTzwNaqjvvcgHivURfqkXS",
            "1H1FP86K3xjbdwVQso7wv5dL1Msu7UbwUe",
            "13nAKZvSBHUDFTHcCQBfFuqZk5WK579rpb",
            "1Fa2fGtkidiss6ioVckWZsYiHFiyzxbfsq",
            "1HywayixRd1ECfHEXkfd9HhsjzDPxTSbkj",
            "1HnC2qB8qED13iMioD34zQXi4uqAyAPSbw",
            "1Cs2chWLK4LwkS1EWvDt1HNi4fAHGSRDEg",
            "1JXHBDcHGcSGL6EpjSPoq3mf2SjJzSB2rz",
            "1J1AMkKQWhNHhmtR3bDUtLqjPaUXi4xvTj",
            "1KfR4qGPWRUTwnvt7HkrRs7ayXjJSP6sDg",
            "1DZXrmekroF8jBDzznC2ae67bbcZ4JRjAp",
            "19YyWfTx8JfhXSFQL8voiaLZn5Q8DLnd9p",
            "1HQtTd2Dv73o9gg7Wj7MFksUFysy21Ez6C",
            "1u3qGnQqiRwyDGJNwU8FMKn5KZhmGmCzc",
            "1EcFV6g9wFhXS4quuBWsEDkUAt2a79com5",
            "1KQ8XGLoyhgWVAhFevfiedNwRbe6VfeKbz",
            "19HqPkbik9ARC9DM8pwNPxN3T9BYwgLMAv",
            "1G19t7jkPbZVXC95nryjtNV1XrveCToc2J",
            "17xzSKq5LWYn5ZGUuGRL7MSCLGXBPnaPau",
            "1AVixhQatMb1dNvdMxDw8H1G6fYnjntBNJ"
        ]
    },
    "fiat_value": {},
    "frozen_coins": {},
    "invoices": {},
    "keystore": {
        "derivation": "m",
        "pw_hash_version": 1,
        "root_fingerprint": "4ce5ad82",
        "seed": "minor zone pool acoustic remain combine sweet claw medal settle grace capable",
        "seed_type": "standard",
        "type": "bip32",
        "xprv": "xprv9s21ZrQH143K2zxaTFGsQU54cQTddcoRo2erF7xxa56nEY1RRDL7qW5RYAs3cQJJ4dfZFDvqy66TqcFNDwbGkqsWD4wVn1jUALXbuewsJHr",
        "xpub": "xpub661MyMwAqRbcFV33ZGosmc1oASJ835XHAFaT3WNa8Qdm7LLZxkeNPJPuPTNRYKnKtemTbgv87bv3PnyyvScP68CJxgpfsgC7By2p9jEmJ1Q"
    },
    "labels": {},
    "payment_requests": {},
    "prevouts_by_scripthash": {},
    "seed_version": 50,
    "spent_outpoints": {},
    "transactions": {},
    "tx_fees": {},
    "txi": {},
    "txo": {},
    "use_encryption": false,
    "verified_tx3": {},
    "wallet_type": "standard"
}