{
    "addr_history": {
        "12t4HaY6kbd1mRnas61gWgJj5QHWF3DECB": [],
        "12zTfwQBarZi3SguyepfyR8vuMKjyMiSFc": [],
        "13PRGMMNchRMJnuuxBkWEYNR7vTGAtpnAS": [],
        "13frBQY1qGMRq1JTKyb9BXiXqqUvQRBccq": [],
        "13vR2Dp87buLrFgyJ3ptMqMLvnFT9UYYHD": [],
        "146XU4fqmz2PJE7wvdJucV5gowLugBNaro": [],
        "148AruLumWNVAoUBRaHYVGQMnTJLRH12TK": [],
        "18XwHYpMQPX2RwuFf5m8yv1SBSMQmDdmBo": [],
        "18cW8R84aufeUeoyWpsZ6iVkspfoRF7G5T": [],
        "19R5L5tK5Pj4k7T2kQnYLkdmQrprdpesc5": [],
        "19momfSroP7c988VDn9TkqFT1mHo5inzjB": [],
        "19trzAVBHbyt5uUZN4UWkmrrAVWEJK2L5D": [],
        "19z4U6MMhjQoB6yFzTURLyqUCLuadpb6bb": [],
        "1ApncS8koECakLTQSVFuBSrcem7BaXRPJM": [],
        "1ArtqCg1N7EBoHcPB951A4EQi3zJGLTiFh": [],
        "1CDBfXGf1Mazrwidwe2a5R5cs2tQcj4eWn": [],
        "1CHxLW3HGvnqxNyJrmp3jgbvXg7U2apJz9": [],
        "1CwohPp96NxPTjSDQcAW7BYU8ip2Wq8NUj": [],
        "1DdzZuBPx5UdwSCNXx6JrjX9d2ivbVn2s2": [],
        "1DfdWGy4uG8U6mnv9rnJMA69fkAJr9eQdN": [],
        "1FsAo6CguBwLWAcroiPQf7DQzsyXxaKCjG": [],
        "1HoBcu5maZRfEWMHWzTVMiGUS7M98eW7o5": [],
        "1Hp26JVKG4ECqNEYiTm4bkuQUwesSTpPdC": [],
        "1KhxMswUFJXr9ve8K59CNyL4Q4HKUFq12d": [],
        "1Li4kQTyrf89DyCM4NFi52XMv5C6JgLJUp": [],
        "1LpdbYp4ro13AwwpFoRHpS8vbXELJM16ou": [],
        "1M5X6rSzdRo5peZC7rE5sSvd6BRMKzfus9": [],
        "1P1yfBWczSNMCKcB6cdW7TfeUg46jSgnCE": [],
        "1PA9ptLXQLmRtgznxD5VFWFAxWgnyhjoys": [],
        "1Q5yAfCzAxPa6f6wTby8k8tRsrkNrnJWgo": []
    },
    "addresses": {
        "change": [
            "12t4HaY6kbd1mRnas61gWgJj5QHWF3DECB",
            "18cW8R84aufeUeoyWpsZ6iVkspfoRF7G5T",
            "19momfSroP7c988VDn9TkqFT1mHo5inzjB",
            "19R5L5tK5Pj4k7T2kQnYLkdmQrprdpesc5",
            "1KhxMswUFJXr9ve8K59CNyL4Q4HKUFq12d",
            "1Q5yAfCzAxPa6f6wTby8k8tRsrkNrnJWgo",
            "13PRGMMNchRMJnuuxBkWEYNR7vTGAtpnAS",
            "1DfdWGy4uG8U6mnv9rnJMA69fkAJr9eQdN",
            "12zTfwQBarZi3SguyepfyR8vuMKjyMiSFc",
            "1ApncS8koECakLTQSVFuBSrcem7BaXRPJM"
        ],
        "receiving": [
            "1FsAo6CguBwLWAcroiPQf7DQzsyXxaKCjG",
            "19z4U6MMhjQoB6yFzTURLyqUCLuadpb6bb",
            "13frBQY1qGMRq1JTKyb9BXiXqqUvQRBccq",
            "1CDBfXGf1Mazrwidwe2a5R5cs2tQcj4eWn",
            "1ArtqCg1N7EBoHcPB951A4EQi3zJGLTiFh",
            "1Hp26JVKG4ECqNEYiTm4bkuQUwesSTpPdC",
            "146XU4fqmz2PJE7wvdJucV5gowLugBNaro",
            "1PA9ptLXQLmRtgznxD5VFWFAxWgnyhjoys",
            "19trzAVBHbyt5uUZN4UWkmrrAVWEJK2L5D",
            "1DdzZuBPx5UdwSCNXx6JrjX9d2ivbVn2s2",
            "1Li4kQTyrf89DyCM4NFi52XMv5C6JgLJUp",
            "1HoBcu5maZRfEWMHWzTVMiGUS7M98eW7o5",
            "1CwohPp96NxPTjSDQcAW7BYU8ip2Wq8NUj",
            "1P1yfBWczSNMCKcB6cdW7TfeUg46jSgnCE",
            "148AruLumWNVAoUBRaHYVGQMnTJLRH12TK",
            "1M5X6rSzdRo5peZC7rE5sSvd6BRMKzfus9",
            "13vR2Dp87buLrFgyJ3ptMqMLvnFT9UYYHD",
            "1CHxLW3HGvnqxNyJrmp3jgbvXg7U2apJz9",
            "18XwHYpMQPX2RwuFf5m8yv1SBSMQmDdmBo",
            "1LpdbYp4ro13AwwpFoRHpS8vbXELJM16ou"
        ]
    },
    "fiat_value": {},
    "frozen_coins": {},
    "invoices": {},
    "keystore": {
        "derivation": "m",
        "pw_hash_version": 1,
        "root_fingerprint": "bfce3cb7",
        "seed": "minor zone pool aim remain combine coconut claw medal settle grace capable",
        "seed_type": "standard",
        "type": "bip32",
        "xprv": "xprv9s21ZrQH143K4QdvKohPxnj8pFrVc6S5VJ8ydjsJP7rwCbF5jNe3FpdWBgcEWufdmRedaekVyNxBAwaGSjjxoJG8aTdcZoAtdY93njZ5Npa",
        "xpub": "xpub661MyMwAqRbcGtiPRqEQKvfsNHgz1Z9vrX4aS8GuwTPv5PaEGuxHocwz2wyuYnJ3jxWV9UprGJtQXoDszTjvcx6ry9RXRp6WhkJtwuYWX9k"
    },
    "labels": {},
    "payment_requests": {},
    "prevouts_by_scripthash": {},
    "seed_version": 50,
    "spent_outpoints": {},
    "transactions": {},
    "tx_fees": {},
    "txi": {},
    "txo": {},
    "use_encryption": false,
    "verified_tx3": {},
    "wallet_type": "standard"
}