{
    "addr_history": {
        "12jzc4M5J8aiS5gFwJkfCiW2wLvzakzXBt": [],
        "12tX4KS1espGxEbD4ExdFysNedRMWmDtmL": [],
        "137pXMJ2Wn7McYxuS8UK1aDatuQ4H5zvgx": [],
        "13ctSD79exGyqXcy7QtxwyAvUrKibD293X": [],
        "13kgiEqD32y8mkZ52NX2tCcZyP9kAxrMLd": [],
        "15xzrfsakhBbxuJ2N7BqNSRGgqvUbGv7zV": [],
        "16A1rg7qB25vzm2gHEsUYAX6BQCUgvQRtf": [],
        "17dH5mjYVW1XfvAXd6M4dzpfCtZwQ6SpZj": [],
        "19uZ8ELRAFyTbnTbFWL79UyQb7CKHXmJBJ": [],
        "1BHHQKQSVZYXP4B9RrGd8A2v8Twsq5m6tf": [],
        "1BwPnYRPq3wt9y1rzKq9gvMP15Grb2UDS9": [],
        "1CJmKNBhxKYvVWnkEE8uwUjab7rVzMa26U": [],
        "1CtnxQU9RRYHsAcF1b2yoPKsqADXh2AL1M": [],
        "1D3WoMhw6Wkh1VVJHbcQNaxKBn2xodcS2x": [],
        "1DQi5Ah879J46AzXoupRrpC5t4dsoX8fwF": [],
        "1Dextfg8SM561dZ751fXEqjf4c4qu8FaNk": [],
        "1E1JmzHpzPpkKg7ETVJ23mY62onJqN6Vs1": [],
        "1EvHw6SXyG9eHAFeLd922cNK6pYa26SKD9": [],
        "1F98D848MeZ32b5dJn6g74dqAGFH2EjDwW": [],
        "1FzsB3odsWuiseNBAHtmq785CkchRyhAzC": [],
        "1Gpifs8pRjSTWAWWRHy5vkUd8PQuhWMQtE": [],
        "1HtGjrvKHECYdkYSyYv6QnUtqy7KUiwFXf": [],
        "1Jc9DVQ554Qz4vXA4kwkQCbfFed5BUhvan": [],
        "1KgHpmH4GbBe833W44z2PKMb5JveqactQy": [],
        "1KhftaK5gb6ixxw9oiusub5HMmtLUMmriY": [],
        "1LE9JR5yWiYnahd8z9aEG9rCoCxUsgGnKG": [],
        "1MPcsjqPBfexjKDJ3UyEzM1wW5jD38CHtG": [],
        "1Mxa8yMxA8shFZLMv7usL3cR5EncYGc47q": [],
        "1NMXPhU9JLpZVxbG2w3N22wzjX14ZWetXs": [],
        "1PUS39wPtW3zmZghHTkPgEnp1KJgFmMu6b": []
    },
    "addresses": {
        "change": [
            "1FzsB3odsWuiseNBAHtmq785CkchRyhAzC",
            "1LE9JR5yWiYnahd8z9aEG9rCoCxUsgGnKG",
            "1PUS39wPtW3zmZghHTkPgEnp1KJgFmMu6b",
            "16A1rg7qB25vzm2gHEsUYAX6BQCUgvQRtf",
            "1CtnxQU9RRYHsAcF1b2yoPKsqADXh2AL1M",
            "1E1JmzHpzPpkKg7ETVJ23mY62onJqN6Vs1",
            "1Dextfg8SM561dZ751fXEqjf4c4qu8FaNk",
            "13kgiEqD32y8mkZ52NX2tCcZyP9kAxrMLd",
            "1Gpifs8pRjSTWAWWRHy5vkUd8PQuhWMQtE",
            "1D3WoMhw6Wkh1VVJHbcQNaxKBn2xodcS2x"
        ],
        "receiving": [
            "1KgHpmH4GbBe833W44z2PKMb5JveqactQy",
            "1HtGjrvKHECYdkYSyYv6QnUtqy7KUiwFXf",
            "137pXMJ2Wn7McYxuS8UK1aDatuQ4H5zvgx",
            "1BwPnYRPq3wt9y1rzKq9gvMP15Grb2UDS9",
            "1F98D848MeZ32b5dJn6g74dqAGFH2EjDwW",
            "1MPcsjqPBfexjKDJ3UyEzM1wW5jD38CHtG",
            "15xzrfsakhBbxuJ2N7BqNSRGgqvUbGv7zV",
            "19uZ8ELRAFyTbnTbFWL79UyQb7CKHXmJBJ",
            "17dH5mjYVW1XfvAXd6M4dzpfCtZwQ6SpZj",
            "12jzc4M5J8aiS5gFwJkfCiW2wLvzakzXBt",
            "13ctSD79exGyqXcy7QtxwyAvUrKibD293X",
            "12tX4KS1espGxEbD4ExdFysNedRMWmDtmL",
            "1DQi5Ah879J46AzXoupRrpC5t4dsoX8fwF",
            "1BHHQKQSVZYXP4B9RrGd8A2v8Twsq5m6tf",
            "1Jc9DVQ554Qz4vXA4kwkQCbfFed5BUhvan",
            "1EvHw6SXyG9eHAFeLd922cNK6pYa26SKD9",
            "1Mxa8yMxA8shFZLMv7usL3cR5EncYGc47q",
            "1KhftaK5gb6ixxw9oiusub5HMmtLUMmriY",
            "1CJmKNBhxKYvVWnkEE8uwUjab7rVzMa26U",
            "1NMXPhU9JLpZVxbG2w3N22wzjX14ZWetXs"
        ]
    },
    "fiat_value": {},
    "frozen_coins": {},
    "invoices": {},
    "keystore": {
        "derivation": "m",
        "pw_hash_version": 1,
        "root_fingerprint": "6fbf9b29",
        "seed": "minor zone pool agent remain combine vanish claw medal settle grace capable",
        "seed_type": "standard",
        "type": "bip32",
        "xprv": "xprv9s21ZrQH143K2bcKYm5tytY23ghQwxRte7i1NCdau1XRUAo77Tsfa1pdvsSHFZVqZkEvZCm38KsfDYJ9WtfgQfiZfV8UeXHLf4vge9ScAUG",
        "xpub": "xpub661MyMwAqRbcF5gnencuM2UkbiXuMR9k1LdcAb3CTM4QLy8Ff1Bv7p97n9wua2pxS29ePtrdup32w6ycwJzsJxLR7Sj3Z1NJb5FnN87ef1b"
    },
    "labels": {},
    "payment_requests": {},
    "prevouts_by_scripthash": {},
    "seed_version": 50,
    "spent_outpoints": {},
    "transactions": {},
    "tx_fees": {},
    "txi": {},
    "txo": {},
    "use_encryption": false,
    "verified_tx3": {},
    "wallet_type": "standard"
}