{
    "addr_history": {
        "12Tm8brKN56zeW6TjGYg2eFo8xp16jy3Ff": [],
        "12reGABHG75it6mFy7VMy8sbyGkY27VsU4": [],
        "12ycT1dkqoXbVkTLFhUVgTrrf3rsCPhi3P": [],
        "13PR9YmDGPLxbajsph4LSxVXGagJuFHAbd": [],
        "13fGHrnWNvvXd15qoqGjEwakQHQqK2zW5E": [],
        "14cVQ2r4Y8x19f8D9zx1WQmuCZJuqTUx2H": [],
        "151NBL4TJUZagWFtJR9pjghCFhprN63pak": [],
        "15duqp2wsyPCwLyFkbydNucACqcTYyg7PK": [],
        "162opupSKkjeVXrR4ExQsUDZZfNVuTZyQM": [],
        "16N7KV9SazwJvncJTQKgtYV8z99NijFX6j": [],
        "16gCecsvyun2Uf7YYkq75xbsh5hmVdELLo": [],
        "17AczmEMHj58oNogc74j7JJvpRrm997FrW": [],
        "17VtSjcnNCJ3u11DWGWidzcSfd4e7gvtvK": [],
        "1A3amDeTo1fdfFT2RpcqS7xPxyrbd6nQvC": [],
        "1AiXcyMrJs1dV1ujzbsgZm3izZqnxKk3ug": [],
        "1B4ACTPY5CcRebwJSRzYhYic7hQocMq549": [],
        "1BRc9M9c3HHrVXA4VgLX2x5Spyu48WuMbx": [],
        "1CFaJENnhCXSapPXUMuvCYGrWAgmD3uwmF": [],
        "1CjWkcpoD2xNFLGoJ5vtUntnhy2k2bkjYD": [],
        "1FQpdaHcUxsqaqqhcGS8Qs6GTrW3QHHFME": [],
        "1FqY1jzet2vFTbJsqHBVM3BcJ9xQVrMUfG": [],
        "1GLt7wtefBqM4Ld1mqrVgwgxzQskV8kdrB": [],
        "1HEhcomXZLVexmx9cPRKt7FJMeTJgZDKfc": [],
        "1JWwy6YDRdtzfsAaKWAEy7fxxzyhQz1Ab2": [],
        "1KFbNL33fittEdjWM9fu6hKFm2AgsdL8qL": [],
        "1Kn414KYQy9krEwZKjy7c1uMA8X1ybTV35": [],
        "1Lqnz7dY7Bb4BQm44Z2vN2PuwGtKzixgmc": [],
        "1NkwAXPfcVYEkTC83qQQhXC8gAmD89tFQS": [],
        "1PzcYg2LvkjdfSoJrpoeZ1rCib75Pzv2DN": [],
        "1bXvBsnJSfra7V8WMGPYHN39mjBQsofkZ": []
    },
    "addresses": {
        "change": [
            "15duqp2wsyPCwLyFkbydNucACqcTYyg7PK",
            "13PR9YmDGPLxbajsph4LSxVXGagJuFHAbd",
            "1NkwAXPfcVYEkTC83qQQhXC8gAmD89tFQS",
            "1PzcYg2LvkjdfSoJrpoeZ1rCib75Pzv2DN",
            "1A3amDeTo1fdfFT2RpcqS7xPxyrbd6nQvC",
            "1FQpdaHcUxsqaqqhcGS8Qs6GTrW3QHHFME",
            "16N7KV9SazwJvncJTQKgtYV8z99NijFX6j",
            "1CjWkcpoD2xNFLGoJ5vtUntnhy2k2bkjYD",
            "1CFaJENnhCXSapPXUMuvCYGrWAgmD3uwmF",
            "12reGABHG75it6mFy7VMy8sbyGkY27VsU4"
        ],
        "receiving": [
            "12ycT1dkqoXbVkTLFhUVgTrrf3rsCPhi3P",
            "162opupSKkjeVXrR4ExQsUDZZfNVuTZyQM",
            "1GLt7wtefBqM4Ld1mqrVgwgxzQskV8kdrB",
            "151NBL4TJUZagWFtJR9pjghCFhprN63pak",
            "1JWwy6YDRdtzfsAaKWAEy7fxxzyhQz1Ab2",
            "16gCecsvyun2Uf7YYkq75xbsh5hmVdELLo",
            "1Lqnz7dY7Bb4BQm44Z2vN2PuwGtKzixgmc",
            "1bXvBsnJSfra7V8WMGPYHN39mjBQsofkZ",
            "1BRc9M9c3HHrVXA4VgLX2x5Spyu48WuMbx",
            "1HEhcomXZLVexmx9cPRKt7FJMeTJgZDKfc",
            "1AiXcyMrJs1dV1ujzbsgZm3izZqnxKk3ug",
            "14cVQ2r4Y8x19f8D9zx1WQmuCZJuqTUx2H",
            "17AczmEMHj58oNogc74j7JJvpRrm997FrW",
            "12Tm8brKN56zeW6TjGYg2eFo8xp16jy3Ff",
            "1B4ACTPY5CcRebwJSRzYhYic7hQocMq549",
            "13fGHrnWNvvXd15qoqGjEwakQHQqK2zW5E",
            "1KFbNL33fittEdjWM9fu6hKFm2AgsdL8qL",
            "17VtSjcnNCJ3u11DWGWidzcSfd4e7gvtvK",
            "1Kn414KYQy9krEwZKjy7c1uMA8X1ybTV35",
            "1FqY1jzet2vFTbJsqHBVM3BcJ9xQVrMUfG"
        ]
    },
    "fiat_value": {},
    "frozen_coins": {},
    "invoices": {},
    "keystore": {
        "derivation": "m",
        "pw_hash_version": 1,
        "root_fingerprint": "527ddfb2",
        "seed": "minor zone pool bamboo remain combine airport claw medal settle grace capable",
        "seed_type": "standard",
        "type": "bip32",
        "xprv": "xprv9s21ZrQH143K3iSkwETcdLTUz3FFzUA7uYZH8n9dSJpiLB1y7zHveDRQou7kuebCre6fd9vA1Q19N3BpWeNt2KstHDrmSEKLBCg76Zr3PBf",
        "xpub": "xpub661MyMwAqRbcGCXE3FzczUQDY55kPvsyGmUswAZEzeMhCyM7fXcBC1jtfAgvxKzrj3iAV9zcBq8Hh81yfMLrFtcPtw7w1KnafE1BNwY6aiU"
    },
    "labels": {},
    "payment_requests": {},
    "prevouts_by_scripthash": {},
    "seed_version": 50,
    "spent_outpoints": {},
    "transactions": {},
    "tx_fees": {},
    "txi": {},
    "txo": {},
    "use_encryption": false,
    "verified_tx3": {},
    "wallet_type": "standard"
}