{
    "addr_history": {
        "122pg6CmbyTmJymoUnUVDHbhXf3izWNYFv": [],
        "12MxEnPw943CtWd58worGb5V7oEnUBBNt6": [],
        "12wVVS1P1g9pqydEtmzwxhskQsfKYzfzvQ": [],
        "13b22nGeNJAHNGA6TNwuZ8iY5UVKNFA7mv": [],
        "155Nu5p9L7gjBrdLD9bKtTHbMLtr7zHdyc": [],
        "16GfeJ5fyeS8YHWwVBD83HuX5XFWq1ZpNY": [],
        "16pErKzQaN2PtcG2EQSxY9WLYD15Wm1xiQ": [],
        "16thhrQsRXgEDkMGXuedm6SGYeunB7oE9P": [],
        "185PDEWVVQKAjstsA9BsXcRxVu4a756cDT": [],
        "18iJDtRHkKeoSvAmQpBA2EE9BLV5n6phWd": [],
        "19SVpnRrkWJB2TEoHtxpnRAAbopSFneNBi": [],
        "19Wr8YS4xYUT3MqHNPVKr2y8D7A8hk5QBU": [],
        "1AGHp61cxDL8Q1HfsqhEh3t5DnvZ1c9CaV": [],
        "1ByiU61y4sbqg83fUkfvVXcCP2RBDa5m3H": [],
        "1CkaBt1rq3tvWLGtapdftrTjU42DDzPXsK": [],
        "1DFLEcYJoEbGaNyZC8mhcfCX9UUQrMw2mz": [],
        "1Dp4ySY6UiNaV6aUii2haCLYGqS82rVGpT": [],
        "1EUnWE7oUopqK2pvQPW4wmwxmPtNTkWU1a": [],
        "1FLTd4tngJC1sgrggFSqxwWskDrT3RFxmt": [],
        "1G46kspFdWTFALP9m63emc6vHDkVpGt6L3": [],
        "1H13kKKRhfbWX3W6W4bMPa1YGdmNXdQcoX": [],
        "1H2cprMgjqpAv9S3FjssVfkb6v5Y5pcvnx": [],
        "1H3ccgPiq6gw7siuyYHnPN2WbEz8XKSMXW": [],
        "1HESBux53MYPw3dHUpdGrcQNxhj27ojsLy": [],
        "1HFy5wYdG7KrY9LuEPmLWXJDgK7iiSG7rf": [],
        "1HKBpDPHSW9U7Qz3hAN49s1zCUYzsEf89g": [],
        "1JTzqgoPfqGGxv6VHv6dFGPBaGfix3tFgr": [],
        "1Jkso6kYvFFsQvqFcLX9EuVv7Et61CUNuy": [],
        "1K45Rrf2MjGM5jVVQrbPmigfqWkYzRdBfH": [],
        "1LUuTcukdeZdqHLufuLdXu8GwCEmcdpVF7": []
    },
    "addresses": {
        "change": [
            "122pg6CmbyTmJymoUnUVDHbhXf3izWNYFv",
            "1G46kspFdWTFALP9m63emc6vHDkVpGt6L3",
            "16pErKzQaN2PtcG2EQSxY9WLYD15Wm1xiQ",
            "16thhrQsRXgEDkMGXuedm6SGYeunB7oE9P",
            "1EUnWE7oUopqK2pvQPW4wmwxmPtNTkWU1a",
            "1HESBux53MYPw3dHUpdGrcQNxhj27ojsLy",
            "1H2cprMgjqpAv9S3FjssVfkb6v5Y5pcvnx",
            "13b22nGeNJAHNGA6TNwuZ8iY5UVKNFA7mv",
            "19SVpnRrkWJB2TEoHtxpnRAAbopSFneNBi",
            "1FLTd4tngJC1sgrggFSqxwWskDrT3RFxmt"
        ],
        "receiving": [
            "1H13kKKRhfbWX3W6W4bMPa1YGdmNXdQcoX",
            "1K45Rrf2MjGM5jVVQrbPmigfqWkYzRdBfH",
            "12MxEnPw943CtWd58worGb5V7oEnUBBNt6",
            "19Wr8YS4xYUT3MqHNPVKr2y8D7A8hk5QBU",
            "12wVVS1P1g9pqydEtmzwxhskQsfKYzfzvQ",
            "1Jkso6kYvFFsQvqFcLX9EuVv7Et61CUNuy",
            "1H3ccgPiq6gw7siuyYHnPN2WbEz8XKSMXW",
            "155Nu5p9L7gjBrdLD9bKtTHbMLtr7zHdyc",
            "1Dp4ySY6UiNaV6aUii2haCLYGqS82rVGpT",
            "1HFy5wYdG7KrY9LuEPmLWXJDgK7iiSG7rf",
            "185PDEWVVQKAjstsA9BsXcRxVu4a756cDT",
            "1AGHp61cxDL8Q1HfsqhEh3t5DnvZ1c9CaV",
            "1DFLEcYJoEbGaNyZC8mhcfCX9UUQrMw2mz",
            "1JTzqgoPfqGGxv6VHv6dFGPBaGfix3tFgr",
            "16GfeJ5fyeS8YHWwVBD83HuX5XFWq1ZpNY",
            "1LUuTcukdeZdqHLufuLdXu8GwCEmcdpVF7",
            "1CkaBt1rq3tvWLGtapdftrTjU42DDzPXsK",
            "1HKBpDPHSW9U7Qz3hAN49s1zCUYzsEf89g",
            "1ByiU61y4sbqg83fUkfvVXcCP2RBDa5m3H",
            "18iJDtRHkKeoSvAmQpBA2EE9BLV5n6phWd"
        ]
    },
    "fiat_value": {},
    "frozen_coins": {},
    "invoices": {},
    "keystore": {
        "derivation": "m",
        "pw_hash_version": 1,
        "root_fingerprint": "f6446d19",
        "seed": "minor zone pool arena remain combine glad claw medal settle grace capable",
        "seed_type": "standard",
        "type": "bip32",
        "xprv": "xprv9s21ZrQH143K2SAZSE3ZPJr9nfx7HU3S1s7x9ZBKkD8iVvZWFCTebL9YdYEzLHmZXb4r7pMvL6rLWhCQTBHFoys5j245ePw9a2f4SA6e3XB",
        "xpub": "xpub661MyMwAqRbcEvF2YFaZkSntLhnbgvmHP63YwwawJYfhNitenjmu98U2UonuaKcu1ddQnoWS5sips5Lq511VoCFWWMTBZev6ccErT1Dwzu9"
    },
    "labels": {},
    "payment_requests": {},
    "prevouts_by_scripthash": {},
    "seed_version": 50,
    "spent_outpoints": {},
    "transactions": {},
    "tx_fees": {},
    "txi": {},
    "txo": {},
    "use_encryption": false,
    "verified_tx3": {},
    "wallet_type": "standard"
}