{
    "addr_history": {
        "14Hfu9eUctf9mW8zwrPQ23LhSC7G3MoVXv": [],
        "14q8aULg2wTspG2VHKHM8c5N5SPQU1ioFQ": [],
        "15ECcp5hwqTGcq37VGAvxiycXwekNse8vZ": [],
        "15t8NyPGJrFeak948ZLN7r69F8CF9L2U2A": [],
        "16nTubMedvLT7GQiQiH4gKDDzYD6W4VQdH": [],
        "17WikD1bfPH3h22YinctXDJLMyTtGb1uEF": [],
        "185yAGQATvCE1sPhgo2bqitK3jDpXoCoq3": [],
        "18o3VFkLco33vyhQZdY4XQT72XV6Z1gbpM": [],
        "18y8npvno7KAAqtHQcRDgPa6sCW6rk11oj": [],
        "19m4jhcKsPDs4KrwqF81TJ5ohHMe4FY7B9": [],
        "1AYf2bmUCpNDmvr88XKYrmsDv5GvZXMSDC": [],
        "1D5BoNBgRjqPjN3eaqtEvkxe5tBoDDsApr": [],
        "1E8CguaaJQSEmUNcnBbm1MbZKkuSRqu1Mb": [],
        "1EFa82tMLsbGskBJFYeRxmtBrsWZpW7WB9": [],
        "1ET46vu7EVQnbUMK6dmEWTgVGp4QwRwdyX": [],
        "1FqBwcTsenrgtncLo26YuAgPDnE2d5gs9N": [],
        "1GWMQ988YE5fn1qBKFaE4sobnwVnU88SEt": [],
        "1GeVSrL3yWSPdK42VmdFDnSCtCB1jpDwe6": [],
        "1GxPwcspNe2LMLBAnWRKD2vkGMpU6jutke": [],
        "1Hetq1zVCgthfQhdTFCGG7uhiWDTy8o4jM": [],
        "1HvtGjBbPLaDtJnbbab5MdUE8P2wndZDRq": [],
        "1L1oahAwazhRLEYMD8H4BhsosNmsEYG5U": [],
        "1Mtm2hnvokTRqAKvt17T1My5b2LV6km2x6": [],
        "1NCux9h4R7mhT6SEjxUEQ4hnNNDJQZe45b": [],
        "1NQhUSmPD4fehvahGXyepoRiTJsYcsdikq": [],
        "1NW5k1VSNfzt9NPDFN7X4DZHiuEyymcRAc": [],
        "1P6gDVpgmvUiHEncEqP3wPTMkjUvkgWtza": [],
        "1QC6LW3TxfgVp7FJp9oEnn3TXcztJJkuYB": [],
        "1QGjzanXLobFUBfCkC9yRVTvszhV6ZzVxM": [],
        "1x1vzBLCyQwLQ8acj6oh1GBcgjpep16vd": []
    },
    "addresses": {
        "change": [
            "15t8NyPGJrFeak948ZLN7r69F8CF9L2U2A",
            "1AYf2bmUCpNDmvr88XKYrmsDv5GvZXMSDC",
            "1HvtGjBbPLaDtJnbbab5MdUE8P2wndZDRq",
            "1NCux9h4R7mhT6SEjxUEQ4hnNNDJQZe45b",
            "1EFa82tMLsbGskBJFYeRxmtBrsWZpW7WB9",
            "18o3VFkLco33vyhQZdY4XQT72XV6Z1gbpM",
            "1P6gDVpgmvUiHEncEqP3wPTMkjUvkgWtza",
            "19m4jhcKsPDs4KrwqF81TJ5ohHMe4FY7B9",
            "1GeVSrL3yWSPdK42VmdFDnSCtCB1jpDwe6",
            "1D5BoNBgRjqPjN3eaqtEvkxe5tBoDDsApr"
        ],
        "receiving": [
            "14Hfu9eUctf9mW8zwrPQ23LhSC7G3MoVXv",
            "1E8CguaaJQSEmUNcnBbm1MbZKkuSRqu1Mb",
            "1ET46vu7EVQnbUMK6dmEWTgVGp4QwRwdyX",
            "1GxPwcspNe2LMLBAnWRKD2vkGMpU6jutke",
            "1Hetq1zVCgthfQhdTFCGG7uhiWDTy8o4jM",
            "1NQhUSmPD4fehvahGXyepoRiTJsYcsdikq",
            "1GWMQ988YE5fn1qBKFaE4sobnwVnU88SEt",
            "14q8aULg2wTspG2VHKHM8c5N5SPQU1ioFQ",
            "16nTubMedvLT7GQiQiH4gKDDzYD6W4VQdH",
            "1x1vzBLCyQwLQ8acj6oh1GBcgjpep16vd",
            "185yAGQATvCE1sPhgo2bqitK3jDpXoCoq3",
            "1QGjzanXLobFUBfCkC9yRVTvszhV6ZzVxM",
            "1QC6LW3TxfgVp7FJp9oEnn3TXcztJJkuYB",
            "1L1oahAwazhRLEYMD8H4BhsosNmsEYG5U",
            "1Mtm2hnvokTRqAKvt17T1My5b2LV6km2x6",
            "17WikD1bfPH3h22YinctXDJLMyTtGb1uEF",
            "1NW5k1VSNfzt9NPDFN7X4DZHiuEyymcRAc",
            "15ECcp5hwqTGcq37VGAvxiycXwekNse8vZ",
            "1FqBwcTsenrgtncLo26YuAgPDnE2d5gs9N",
            "18y8npvno7KAAqtHQcRDgPa6sCW6rk11oj"
        ]
    },
    "fiat_value": {},
    "frozen_coins": {},
    "invoices": {},
    "keystore": {
        "derivation": "m",
        "pw_hash_version": 1,
        "root_fingerprint": "cdbf6d00",
        "seed": "minor zone pool also remain combine detail claw medal settle grace capable",
        "seed_type": "standard",
        "type": "bip32",
        "xprv": "xprv9s21ZrQH143K28b1R3vhteBJ7mo4RoEWBwYqRVYs2xXwurh6oPiJf2TsQV3ftXpkyLJt4oWzZG1v8EBMHeRzf3UpFFBwQEhAgS3fRH3gdFy",
        "xpub": "xpub661MyMwAqRbcEcfUX5TiFn82fodYqFxMZAUSDsxUbJ4vnf2FLw2ZCpnMFnoAbvt32RBkKnVScvi27XJzBLFDvkaTMBn6vbkH4Yj4gzkXeKT"
    },
    "labels": {},
    "payment_requests": {},
    "prevouts_by_scripthash": {},
    "seed_version": 50,
    "spent_outpoints": {},
    "transactions": {},
    "tx_fees": {},
    "txi": {},
    "txo": {},
    "use_encryption": false,
    "verified_tx3": {},
    "wallet_type": "standard"
}