{
    "addr_history": {
        "145fCzYhGGBymWtHYRAjALmkV5DwXeKQqW": [],
        "14Bwpp7KkbHu8pftPJfnbvUoVGN4WsWXaQ": [],
        "14GuxDkbmZmiCpDBbX4LTZeCYdxwwbQauX": [],
        "14UtQMHwWjY3Ag8SY2WCEsEApQL9demVvK": [],
        "16bS1UNunarbRD6hSj7qiy9E8hSVwPupnB": [],
        "16dSxnrmocwLpL16s48UQvQ3GYgkasHpfH": [],
        "18gun8jgqZcWpGAb74EYxaa5w8YDqUmne4": [],
        "19nUzPjKXtv8EWHcWTQ13rdtz7Auwpqehf": [],
        "19o2fRgsDBhG2WPeDdxorHszXyDnQuQ1xf": [],
        "1Ae5AR8cAw5wWGSWMyASLbfFZwJkViYj5P": [],
        "1BiQ196s8p8yprNLVXZz7jf7vSB7rqdHjv": [],
        "1CF5gankzsUtfuHLpm1pd4gEmYBgzUVQsF": [],
        "1CLdU4FvqxwP4XxKx6btLVPZoHgZvg3Ptt": [],
        "1CS6zE2kaLhK61MSMYcMsS1u9KgsagswD8": [],
        "1CnSDz9o8nBLhsP2HLTK4vK8EzdRZDirb8": [],
        "1Cp2AJ5Mn4dcpB9pwBHbq1LVg29zUpaQzc": [],
        "1D2m7Dp1H3MgdufV5f3QDGXMwqhvE829QU": [],
        "1DNtKp18DChW4LDDpNY5euD4Uk13Z2udoa": [],
        "1Dpp7sHHmhJnPJydi4auaV2DoMorasF5Yg": [],
        "1GpXr4P4gSUgZNTyTf37ATnnbjoqwYbwuP": [],
        "1HPVbzVcsmsipB3RDm3WckjKXxJCUbK3JM": [],
        "1HxxsXXMujvhSdwz8na1WSWBGoLxgPVPdB": [],
        "1J3NaferTipwVSD69sFmihESt7Sw2mhNSf": [],
        "1JXFDcPGAzzMsuYbm6mEB7qLmhShNWPKa1": [],
        "1Jj9Pnzqo5G7cDVZKrgRRPQg81Y4ppgec1": [],
        "1L9hV9hbFnWsQ5pm37F7WdpitNfv9BNnSZ": [],
        "1PMzTLL8LNDnGFt5EVw6wg2vN9cHTjC59K": [],
        "1PvRSVdfZPhQ6Sn65szggaYdE7a7hxfZ58": [],
        "1R3X4fD4GahMnufkZ7Qiu8GYL6DWo4ZdS": [],
        "1dHU5E64VkiFetMNHFSUZdx1djYwEQjXn": []
    },
    "addresses": {
        "change": [
            "1Ae5AR8cAw5wWGSWMyASLbfFZwJkViYj5P",
            "1dHU5E64VkiFetMNHFSUZdx1djYwEQjXn",
            "145fCzYhGGBymWtHYRAjALmkV5DwXeKQqW",
            "1GpXr4P4gSUgZNTyTf37ATnnbjoqwYbwuP",
            "1CnSDz9o8nBLhsP2HLTK4vK8EzdRZDirb8",
            "1CS6zE2kaLhK61MSMYcMsS1u9KgsagswD8",
            "1DNtKp18DChW4LDDpNY5euD4Uk13Z2udoa",
            "1L9hV9hbFnWsQ5pm37F7WdpitNfv9BNnSZ",
            "1PvRSVdfZPhQ6Sn65szggaYdE7a7hxfZ58",
            "14UtQMHwWjY3Ag8SY2WCEsEApQL9demVvK"
        ],
        "receiving": [
            "1BiQ196s8p8yprNLVXZz7jf7vSB7rqdHjv",
            "14GuxDkbmZmiCpDBbX4LTZeCYdxwwbQauX",
            "1CLdU4FvqxwP4XxKx6btLVPZoHgZvg3Ptt",
            "14Bwpp7KkbHu8pftPJfnbvUoVGN4WsWXaQ",
            "1HxxsXXMujvhSdwz8na1WSWBGoLxgPVPdB",
            "1Jj9Pnzqo5G7cDVZKrgRRPQg81Y4ppgec1",
            "1JXFDcPGAzzMsuYbm6mEB7qLmhShNWPKa1",
            "16bS1UNunarbRD6hSj7qiy9E8hSVwPupnB",
            "1Dpp7sHHmhJnPJydi4auaV2DoMorasF5Yg",
            "1HPVbzVcsmsipB3RDm3WckjKXxJCUbK3JM",
            "1D2m7Dp1H3MgdufV5f3QDGXMwqhvE829QU",
            "1CF5gankzsUtfuHLpm1pd4gEmYBgzUVQsF",
            "1R3X4fD4GahMnufkZ7Qiu8GYL6DWo4ZdS",
            "18gun8jgqZcWpGAb74EYxaa5w8YDqUmne4",
            "19nUzPjKXtv8EWHcWTQ13rdtz7Auwpqehf",
            "1Cp2AJ5Mn4dcpB9pwBHbq1LVg29zUpaQzc",
            "19o2fRgsDBhG2WPeDdxorHszXyDnQuQ1xf",
            "1J3NaferTipwVSD69sFmihESt7Sw2mhNSf",
            "1PMzTLL8LNDnGFt5EVw6wg2vN9cHTjC59K",
            "16dSxnrmocwLpL16s48UQvQ3GYgkasHpfH"
        ]
    },
    "fiat_value": {},
    "frozen_coins": {},
    "invoices": {},
    "keystore": {
        "derivation": "m",
        "pw_hash_version": 1,
        "root_fingerprint": "f39dc028",
        "seed": "minor zone pool axis remain combine property claw medal settle grace capable",
        "seed_type": "standard",
        "type": "bip32",
        "xprv": "xprv9s21ZrQH143K24pp7vwGGQVbduinCDws64yjP1T2ryjwzpQenVBk13Fv7chkYKPtAkyohJFSQ8RbKPDoHmjACPebUYYjxhRBHVVmCW4erK2",
        "xpub": "xpub661MyMwAqRbcEYuHDxUGdYSLBwZGbgfiTHuLBPreRKGvscjoL2VzYqaPxuejYq2jAoTg9epscgYzVJ85ZmLGNMpSBnjwzemYyw6o4u5uENo"
    },
    "labels": {},
    "payment_requests": {},
    "prevouts_by_scripthash": {},
    "seed_version": 50,
    "spent_outpoints": {},
    "transactions": {},
    "tx_fees": {},
    "txi": {},
    "txo": {},
    "use_encryption": false,
    "verified_tx3": {},
    "wallet_type": "standard"
}