{
    "addr_history": {
        "113MxLMYRCza3sNzBkTP6bawY5paR94o6c": [],
        "12JLbxh7VqZPX8N2SFjdmfRrTv445cBH36": [],
        "12jWuWnn2TcNQrGWzpEJyqkvFiaHjYbYMw": [],
        "1358iq8Cgq7hkyACJNNYwYRwyJN36fyRQJ": [],
        "1372hMxNXfegGuWeH6eVVGRTnfNFE1cQ8P": [],
        "14c8amDoQqxHQB14BioVfxp6P1mazrmPDF": [],
        "16JWNN4Ws5Jq8C7k5xgKVgM9P6pvKZChF8": [],
        "16QF1pmUeKbUyW7VtnkwopFwxvTSVQddUo": [],
        "16hAL2tCXfah4s6ZoBi8kSZdfrmKZL5QWA": [],
        "16nt4xpYmKU2TxkqAeMcikgyJxQgagsBRS": [],
        "17QWZTWDAZC6kWTRP4bmWJJaq3dXUkWcD7": [],
        "17d4VVGYwvNQZ489TsZESqxVmkw63LMnm1": [],
        "1A7jPERW1t3VyAqzCMoBUiJbTUC1GqugzL": [],
        "1BHdGMn8XqqS7we3J1NEfbP8tXbZ9LZXsr": [],
        "1BSkmVhPUtGQfqX4FY3gEQ6pXPST6WGZ9F": [],
        "1C6T2uEaKYhP91btTNsbyW9EthqDpk7pPM": [],
        "1CR7TDdTMyqA1D1eY3DgHZw4ZQoojvFzf5": [],
        "1CuwGxcdGc5VkD1aPKP4wayt2cpw5Hfmfk": [],
        "1EV7NXMPxCXEuKywZzz23nBXgvngnTVaQw": [],
        "1FbCxhevY7jTcBbBUkrmU3V5xd4LcMKoe9": [],
        "1GWRsgKtVj1knvVjBxY39NAKJTd8rgvN3S": [],
        "1HdQxMvpF14BVuKR2PNKNcBRsXbgNPGeYu": [],
        "1JCrxRUwM3Z4B2p748JiEg2RPcoySiDWK7": [],
        "1K1rD66WXPPZ7futxiny5CXuX7tnoQGLy": [],
        "1K3vf7SAN8eakQkVRZJJcUUjuGn77vD8Ts": [],
        "1KFZpPSj8SyUgnWm2irkNBV3J8Xqf3uUSY": [],
        "1KdgFbLabHZ3ociXMnwBxyPooGMjvkyDUz": [],
        "1NkMKFSYjqo8TMmcq86zDqEShQAKFBi3Ze": [],
        "1Nu9TFPbi3x1bDF7M61DBXdfc7KtyYLgC2": [],
        "1PEP6tfofkpdSkBoXZkPmjSC6a7ojzGqsx": []
    },
    "addresses": {
        "change": [
            "1CuwGxcdGc5VkD1aPKP4wayt2cpw5Hfmfk",
            "1EV7NXMPxCXEuKywZzz23nBXgvngnTVaQw",
            "1372hMxNXfegGuWeH6eVVGRTnfNFE1cQ8P",
            "1FbCxhevY7jTcBbBUkrmU3V5xd4LcMKoe9",
            "12JLbxh7VqZPX8N2SFjdmfRrTv445cBH36",
            "16QF1pmUeKbUyW7VtnkwopFwxvTSVQddUo",
            "1Nu9TFPbi3x1bDF7M61DBXdfc7KtyYLgC2",
            "113MxLMYRCza3sNzBkTP6bawY5paR94o6c",
            "17QWZTWDAZC6kWTRP4bmWJJaq3dXUkWcD7",
            "12jWuWnn2TcNQrGWzpEJyqkvFiaHjYbYMw"
        ],
        "receiving": [
            "1BHdGMn8XqqS7we3J1NEfbP8tXbZ9LZXsr",
            "16hAL2tCXfah4s6ZoBi8kSZdfrmKZL5QWA",
            "1JCrxRUwM3Z4B2p748JiEg2RPcoySiDWK7",
            "1HdQxMvpF14BVuKR2PNKNcBRsXbgNPGeYu",
            "1CR7TDdTMyqA1D1eY3DgHZw4ZQoojvFzf5",
            "1C6T2uEaKYhP91btTNsbyW9EthqDpk7pPM",
            "14c8amDoQqxHQB14BioVfxp6P1mazrmPDF",
            "1358iq8Cgq7hkyACJNNYwYRwyJN36fyRQJ",
            "16nt4xpYmKU2TxkqAeMcikgyJxQgagsBRS",
            "1PEP6tfofkpdSkBoXZkPmjSC6a7ojzGqsx",
            "1KdgFbLabHZ3ociXMnwBxyPooGMjvkyDUz",
            "1K1rD66WXPPZ7futxiny5CXuX7tnoQGLy",
            "1BSkmVhPUtGQfqX4FY3gEQ6pXPST6WGZ9F",
            "1NkMKFSYjqo8TMmcq86zDqEShQAKFBi3Ze",
            "1A7jPERW1t3VyAqzCMoBUiJbTUC1GqugzL",
            "16JWNN4Ws5Jq8C7k5xgKVgM9P6pvKZChF8",
            "1GWRsgKtVj1knvVjBxY39NAKJTd8rgvN3S",
            "17d4VVGYwvNQZ489TsZESqxVmkw63LMnm1",
            "1K3vf7SAN8eakQkVRZJJcUUjuGn77vD8Ts",
            "1KFZpPSj8SyUgnWm2irkNBV3J8Xqf3uUSY"
        ]
    },
    "fiat_value": {},
    "frozen_coins": {},
    "invoices": {},
    "keystore": {
        "derivation": "m",
        "pw_hash_version": 1,
        "root_fingerprint": "b4a7af7a",
        "seed": "minor zone pool broken remain combine arrange claw medal settle grace capable",
        "seed_type": "standard",
        "type": "bip32",
        "xprv": "xprv9s21ZrQH143K2eZ13K3mojthiSmWTXfPGSc5aUvsfVGbBdTfkNrVTRrJsYPeVzsPmwrFq6ioQm3egGqXeX7hxBTahxrhmQ7MvzVmQp8RREf",
        "xpub": "xpub661MyMwAqRbcF8dU9LanAsqSGUbzrzPEdfXgNsLVDpoa4RnpHvAk1EAnirQtXC4oRub7GJaQycQpgogmjHrhx3UMQTSFT7gMoWdhpFhKvUv"
    },
    "labels": {},
    "payment_requests": {},
    "prevouts_by_scripthash": {},
    "seed_version": 50,
    "spent_outpoints": {},
    "transactions": {},
    "tx_fees": {},
    "txi": {},
    "txo": {},
    "use_encryption": false,
    "verified_tx3": {},
    "wallet_type": "standard"
}