{
    "addr_history": {
        "123uB8NPgfdNhLYc7KeKtLpQmmhrcj9uxW": [],
        "12WKLZLoZcn3hkVb1D2ttJLP2KVjZkUvuc": [],
        "12upV4dg969DDuHtuACMyjzVqT6g5eMb5v": [],
        "14dZhKnR4CtYYifoGWgLFJrvvrKorAhuSe": [],
        "161p22aFgi3xfVWw3EJ7cw8G869VnvQrLF": [],
        "163Qas9uiM9VoT3iS7BmzmNV88zaodEUyz": [],
        "16Jom6Z5VNPSChJYSrFAqPR1mXPE27TkfS": [],
        "17CpaPMnSKQ5GCZo7ogCKMJhb1C5YD8FcT": [],
        "17D1UMoHwJAe7EaDUPWN5VRLvWrGTjkisS": [],
        "17QLUh6SfJ3Jc3ifsk5vCvKUuSMMiNvFLH": [],
        "17RL3JpuhtnBmQ5DyxcNgfbySE4H8sCXLj": [],
        "193XEdxywp9DuWRCgVddaXkQJqVAFAHcpz": [],
        "19XfpqmFWX5AxjD2ugDvPYStKYUcpPo8hJ": [],
        "19ja8oS3fMtbkWzMaoG7NLpiumC1MyzC52": [],
        "1AFcb3VqRRSCyQ4168Fh9w78ttTJwXdHc3": [],
        "1CoNAr67V8MKsCbwSbAVb5bqvnDCpZ1hNR": [],
        "1D4VDUUF3AhhVPN8eWQSGfEiBVPAZFZzmL": [],
        "1DKpDF2TNb5X8pFu3G7V1GQNJRqiAo5pHN": [],
        "1E16u53FqPvwSFECxYnzpAcK8D5MexQSfk": [],
        "1E25RWHZucVwZjGqpgTWEV5KeyGDCmhtpL": [],
        "1FTsQCMLuLefdVq4MycEYNqRdHykomTuPb": [],
        "1FoV8WgT9fUmAfx35rLNJkzJ7dyaJAiQXM": [],
        "1HYf2EJHeGXS9WrVNeAD3zjjsU86YeRNaZ": [],
        "1HgE7FjavSHudBxgqzPW24Qip5KbUPoZ5J": [],
        "1JKys6b5LKcShfQUhPRCDuDZzAn4eWPxoH": [],
        "1K4jVqYxFHmSPXx6ZRdsZBQGMmpz4L1GQX": [],
        "1LGptcrAgK8gW3dhwxbmtw3WwkwS7zDGkC": [],
        "1LMWYQUn1fUHV9pQwJBx7rrdKnH1o6Ydbf": [],
        "1QK8ZZuUxHmH1M8KiBQGJsuJ6tUVwUk1WE": [],
        "1pkzUrt4v1agcWzEsCbNKCSrvvWB82ZQc": []
    },
    "addresses": {
        "change": [
            "12WKLZLoZcn3hkVb1D2ttJLP2KVjZkUvuc",
            "161p22aFgi3xfVWw3EJ7cw8G869VnvQrLF",
            "123uB8NPgfdNhLYc7KeKtLpQmmhrcj9uxW",
            "1K4jVqYxFHmSPXx6ZRdsZBQGMmpz4L1GQX",
            "1pkzUrt4v1agcWzEsCbNKCSrvvWB82ZQc",
            "19ja8oS3fMtbkWzMaoG7NLpiumC1MyzC52",
            "1QK8ZZuUxHmH1M8KiBQGJsuJ6tUVwUk1WE",
            "1FoV8WgT9fUmAfx35rLNJkzJ7dyaJAiQXM",
            "1D4VDUUF3AhhVPN8eWQSGfEiBVPAZFZzmL",
            "163Qas9uiM9VoT3iS7BmzmNV88zaodEUyz"
        ],
        "receiving": [
            "16Jom6Z5VNPSChJYSrFAqPR1mXPE27TkfS",
            "17CpaPMnSKQ5GCZo7ogCKMJhb1C5YD8FcT",
            "1HgE7FjavSHudBxgqzPW24Qip5KbUPoZ5J",
            "1AFcb3VqRRSCyQ4168Fh9w78ttTJwXdHc3",
            "1LMWYQUn1fUHV9pQwJBx7rrdKnH1o6Ydbf",
            "19XfpqmFWX5AxjD2ugDvPYStKYUcpPo8hJ",
            "1FTsQCMLuLefdVq4MycEYNqRdHykomTuPb",
            "12upV4dg969DDuHtuACMyjzVqT6g5eMb5v",
            "1DKpDF2TNb5X8pFu3G7V1GQNJRqiAo5pHN",
            "17QLUh6SfJ3Jc3ifsk5vCvKUuSMMiNvFLH",
            "1HYf2EJHeGXS9WrVNeAD3zjjsU86YeRNaZ",
            "14dZhKnR4CtYYifoGWgLFJrvvrKorAhuSe",
            "17RL3JpuhtnBmQ5DyxcNgfbySE4H8sCXLj",
            "1LGptcrAgK8gW3dhwxbmtw3WwkwS7zDGkC",
            "17D1UMoHwJAe7EaDUPWN5VRLvWrGTjkisS",
            "1CoNAr67V8MKsCbwSbAVb5bqvnDCpZ1hNR",
            "193XEdxywp9DuWRCgVddaXkQJqVAFAHcpz",
            "1E25RWHZucVwZjGqpgTWEV5KeyGDCmhtpL",
            "1E16u53FqPvwSFECxYnzpAcK8D5MexQSfk",
            "1JKys6b5LKcShfQUhPRCDuDZzAn4eWPxoH"
        ]
    },
    "fiat_value": {},
    "frozen_coins": {},
    "invoices": {},
    "keystore": {
        "derivation": "m",
        "pw_hash_version": 1,
        "root_fingerprint": "f655a3ee",
        "seed": "minor zone pool any remain combine energy claw medal settle grace capable",
        "seed_type": "standard",
        "type": "bip32",
        "xprv": "xprv9s21ZrQH143K3dD8SQLEAEPRFtsEdhduvNacWxpyXtigbXYZ9tQmfYBw32HWJt2tH3nJkyGP6XcZNHrh7FjoZfndJHaXRrkjFcYc9xDDTPU",
        "xpub": "xpub661MyMwAqRbcG7HbYRsEXNL9ovhj3AMmHbWDKMEb6EFfUKshhRj2DLWQtGAoHAo69cAUEeXG7om6iHTX9H34Ph6kWrPU7HbgRtYfkY2QQGd"
    },
    "labels": {},
    "payment_requests": {},
    "prevouts_by_scripthash": {},
    "seed_version": 50,
    "spent_outpoints": {},
    "transactions": {},
    "tx_fees": {},
    "txi": {},
    "txo": {},
    "use_encryption": false,
    "verified_tx3": {},
    "wallet_type": "standard"
}