{
    "addr_history": {
        "121bst8DAb2wy1UVxvdCknbh39YmJSdvpm": [],
        "121dGZMjCG3zSb3oVxTToacbWL7EbChYVM": [],
        "12YPoGZiVdLAksgkMJM17KkEeWabxUoSVV": [],
        "13dTEcNqES8h76FkB5vo1M913bhn4fWCGH": [],
        "15AiJkvrFZsFaJQ6nBATR2hM7Vs31f7Mrw": [],
        "164jGcrKYtF6aFLFUzjRUcUoqMM7zx3yBr": [],
        "17GZJ17KEHLWncpLMzYkoasQM5yxMFVkSV": [],
        "17YjvZKJK8ytSAJYt34XDHdZY4VGwKh9c3": [],
        "17mYuKi79WGaBxPG7CDh5Qo4iS2B7hd7Ef": [],
        "188ua3R9PRgWiSuJtSLJKdpQEuqnXFhykA": [],
        "18jZfXKeNgmx6DhyYoQb8cQNmXQmQd6xQ9": [],
        "1A5QAutbAUMYai4YtGPQCCYppE83AFMSji": [],
        "1AVrbr4rgBTz5VfMeZrj82YhCLQcsFSRz6": [],
        "1CMyvb8AtWKAx3jndu8xeiNhp5HUeV54oW": [],
        "1FTPGYMiKwAugmxuCmSL7SkEXSZUJ9CdZb": [],
        "1GSNMXeu15FKSmQ6b98M4fjuA4nAa8ZU6d": [],
        "1H83uK1GskuEVVxuXMRdfMXRYoGPFGNjQf": [],
        "1HfaBv4T5LLWpp1XrVjmKDMYt9TB58Mkzr": [],
        "1J6TTxD6FhhAKosE8nX6NeKmhVBvQMCTzk": [],
        "1KtJYaxEsniTRTLYKQQMRNogtRfPgT6NXL": [],
        "1L3Ksz9MY3L95N1FXH4HLTatChzH8SwLHK": [],
        "1Lz61pCBeCtxuyNRa7CMxYQeFg5xNGmU2a": [],
        "1M3ZivRfCn6seS5srWinpXCozTnBzoSgq7": [],
        "1MeEtYiXv4L72TtX6AoGiSdDX4cbDh389o": [],
        "1NDY6WJYfbtPAQh7P1jucWdQvEM21EWb4T": [],
        "1NHbghqgvJXaSDMbAPCVxSSjo6VNVqt315": [],
        "1Nov8MtDjkS62K1YPn18KSSvjq7wwUsFTv": [],
        "1Q4NAW84qseuaSxLD9HvtFgUxAtoBTeSLr": [],
        "1cZLYasLcJy8nEF4iBSLeuBgWisJeREDr": [],
        "1f3GvrbosRh31TL72668dvTuMYiu3tPH9": []
    },
    "addresses": {
        "change": [
            "15AiJkvrFZsFaJQ6nBATR2hM7Vs31f7Mrw",
            "164jGcrKYtF6aFLFUzjRUcUoqMM7zx3yBr",
            "12YPoGZiVdLAksgkMJM17KkEeWabxUoSVV",
            "1Lz61pCBeCtxuyNRa7CMxYQeFg5xNGmU2a",
            "1H83uK1GskuEVVxuXMRdfMXRYoGPFGNjQf",
            "1NDY6WJYfbtPAQh7P1jucWdQvEM21EWb4T",
            "188ua3R9PRgWiSuJtSLJKdpQEuqnXFhykA",
            "1J6TTxD6FhhAKosE8nX6NeKmhVBvQMCTzk",
            "13dTEcNqES8h76FkB5vo1M913bhn4fWCGH",
            "1L3Ksz9MY3L95N1FXH4HLTatChzH8SwLHK"
        ],
        "receiving": [
            "1f3GvrbosRh31TL72668dvTuMYiu3tPH9",
            "1Nov8MtDjkS62K1YPn18KSSvjq7wwUsFTv",
            "1CMyvb8AtWKAx3jndu8xeiNhp5HUeV54oW",
            "121dGZMjCG3zSb3oVxTToacbWL7EbChYVM",
            "1Q4NAW84qseuaSxLD9HvtFgUxAtoBTeSLr",
            "1A5QAutbAUMYai4YtGPQCCYppE83AFMSji",
            "1NHbghqgvJXaSDMbAPCVxSSjo6VNVqt315",
            "1M3ZivRfCn6seS5srWinpXCozTnBzoSgq7",
            "17mYuKi79WGaBxPG7CDh5Qo4iS2B7hd7Ef",
            "17YjvZKJK8ytSAJYt34XDHdZY4VGwKh9c3",
            "121bst8DAb2wy1UVxvdCknbh39YmJSdvpm",
            "17GZJ17KEHLWncpLMzYkoasQM5yxMFVkSV",
            "1HfaBv4T5LLWpp1XrVjmKDMYt9TB58Mkzr",
            "1MeEtYiXv4L72TtX6AoGiSdDX4cbDh389o",
            "1cZLYasLcJy8nEF4iBSLeuBgWisJeREDr",
            "18jZfXKeNgmx6DhyYoQb8cQNmXQmQd6xQ9",
            "1FTPGYMiKwAugmxuCmSL7SkEXSZUJ9CdZb",
            "1KtJYaxEsniTRTLYKQQMRNogtRfPgT6NXL",
            "1AVrbr4rgBTz5VfMeZrj82YhCLQcsFSRz6",
            "1GSNMXeu15FKSmQ6b98M4fjuA4nAa8ZU6d"
        ]
    },
    "fiat_value": {},
    "frozen_coins": {},
    "invoices": {},
    "keystore": {
        "derivation": "m",
        "pw_hash_version": 1,
        "root_fingerprint": "53a39a83",
        "seed": "minor zone pool away remain combine lake claw medal settle grace capable",
        "seed_type": "standard",
        "type": "bip32",
        "xprv": "xprv9s21ZrQH143K3poFM3N71d8smTVhvA5WahjaX5Th7etvKPiXimBo1gdZ2epkfrwvF1kVW3iBpKvkj1vmqX3yLmNi8fZmmcXFJQfdYcNN93y",
        "xpub": "xpub661MyMwAqRbcGJsiT4u7Nm5cKVLCKcoMwvfBKTsJfzRuCC3gGJW3ZUx2svGhnjBAHRbLvq9eGvptYvZZPZC9qCWUYtA5zX7UNYXuEmSx82u"
    },
    "labels": {},
    "payment_requests": {},
    "prevouts_by_scripthash": {},
    "seed_version": 50,
    "spent_outpoints": {},
    "transactions": {},
    "tx_fees": {},
    "txi": {},
    "txo": {},
    "use_encryption": false,
    "verified_tx3": {},
    "wallet_type": "standard"
}