{
    "addr_history": {
        "146x2RhfX6NroVvKcyuh3uJpZUorCHAT75": [],
        "148Ldvp1uPDb1Ho334jw2jHaDZLUrCEghP": [],
        "15Xi1J2UJg1hXSSx3Gj1QwVphZ6m2ciKnC": [],
        "16MSDvvyuU1qWHjwoAZaxgourD2gJpxgv4": [],
        "17y27669NJTjLJGy9WRnZDU1xP5UVk37BJ": [],
        "18fhhjAwN2zMbE851SartxGfpEpSCkfRLE": [],
        "18fjAqaVMM5GHBPzCxtNjSMEVh4DH2Qmgk": [],
        "19Yxv6Vsac2g3hq65usaBkYtRrMcTzS5Nt": [],
        "19pLWNBwvgho3UCoT2wjM7iRqtHxnfbNzJ": [],
        "1AHu6XoeHUsuBJUix6cSkNNp2Z5rVsUfU5": [],
        "1Ae6nWu1R7UZrGoG5zfHMkmUrbX1sP83Ff": [],
        "1Aiky9VrNFSMsDV6kiHpYeNdtTaMVTSXKw": [],
        "1AirPzJXr7E5fzQFqQsypozzVzU2vqPFBJ": [],
        "1BcKeZ71kP7YN5HqCUirHZke5umMKawyqC": [],
        "1De9x5HoAZ6JC5ngLKCdE8ZBECaizfB8VK": [],
        "1DhJ6XHx7yYYRwZxDM7FU6crvpUUKLYz7b": [],
        "1DzreM3hCD6vbY6TsQGuNQPcS2ktbPrXWT": [],
        "1FjrPau4CzDEyHMfwYHexq3cYVAZ4cyTB6": [],
        "1GLFmvQGav5Lcg3G5izUDLHddNpiWU4bPB": [],
        "1GdBqFRYfh3az4BVvPN3TGvrBATpeH466Q": [],
        "1GjruX54j4tLeuyuYmmegHxZjEnnz38SDd": [],
        "1HRif1hvm1BDHxeihUXoGuqqhmVKK7tKZW": [],
        "1J4AxAdRfnB8vq16nG2ViTaq8ekCQvxjxx": [],
        "1KTNQD5vnUHAdnzrWYihjhezUpQNJPmeeE": [],
        "1LHpwxY9X4uYfdxRo6QnGfTMyQ98mSvT6q": [],
        "1LoN1undMG83Ps9j3RyUfk2XYDyTqhdhST": [],
        "1Lp4RP7p7h6AJAkxXbu6Zrowj94sznr9AC": [],
        "1NXZFY8B1CJo85SZ2FWAKqDLTG5xJE97iR": [],
        "1NgWGMmxRKMMEuPX6SURLHXYXKiqaM6fTi": [],
        "1PCCFCPbbRXu8w1Ab7cGEDL8nif2kKpVX4": []
    },
    "addresses": {
        "change": [
            "1LHpwxY9X4uYfdxRo6QnGfTMyQ98mSvT6q",
            "1GLFmvQGav5Lcg3G5izUDLHddNpiWU4bPB",
            "1BcKeZ71kP7YN5HqCUirHZke5umMKawyqC",
            "1KTNQD5vnUHAdnzrWYihjhezUpQNJPmeeE",
            "1HRif1hvm1BDHxeihUXoGuqqhmVKK7tKZW",
            "1DzreM3hCD6vbY6TsQGuNQPcS2ktbPrXWT",
            "1FjrPau4CzDEyHMfwYHexq3cYVAZ4cyTB6",
            "146x2RhfX6NroVvKcyuh3uJpZUorCHAT75",
            "17y27669NJTjLJGy9WRnZDU1xP5UVk37BJ",
            "1PCCFCPbbRXu8w1Ab7cGEDL8nif2kKpVX4"
        ],
        "receiving": [
            "1J4AxAdRfnB8vq16nG2ViTaq8ekCQvxjxx",
            "1AHu6XoeHUsuBJUix6cSkNNp2Z5rVsUfU5",
            "1GjruX54j4tLeuyuYmmegHxZjEnnz38SDd",
            "1Ae6nWu1R7UZrGoG5zfHMkmUrbX1sP83Ff",
            "1LoN1undMG83Ps9j3RyUfk2XYDyTqhdhST",
            "1NgWGMmxRKMMEuPX6SURLHXYXKiqaM6fTi",
            "19Yxv6Vsac2g3hq65usaBkYtRrMcTzS5Nt",
            "18fhhjAwN2zMbE851SartxGfpEpSCkfRLE",
            "1De9x5HoAZ6JC5ngLKCdE8ZBECaizfB8VK",
            "1Aiky9VrNFSMsDV6kiHpYeNdtTaMVTSXKw",
            "15Xi1J2UJg1hXSSx3Gj1QwVphZ6m2ciKnC",
            "18fjAqaVMM5GHBPzCxtNjSMEVh4DH2Qmgk",
            "1DhJ6XHx7yYYRwZxDM7FU6crvpUUKLYz7b",
            "1GdBqFRYfh3az4BVvPN3TGvrBATpeH466Q",
            "16MSDvvyuU1qWHjwoAZaxgourD2gJpxgv4",
            "1AirPzJXr7E5fzQFqQsypozzVzU2vqPFBJ",
            "1NXZFY8B1CJo85SZ2FWAKqDLTG5xJE97iR",
            "19pLWNBwvgho3UCoT2wjM7iRqtHxnfbNzJ",
            "148Ldvp1uPDb1Ho334jw2jHaDZLUrCEghP",
            "1Lp4RP7p7h6AJAkxXbu6Zrowj94sznr9AC"
        ]
    },
    "fiat_value": {},
    "frozen_coins": {},
    "invoices": {},
    "keystore": {
        "derivation": "m",
        "pw_hash_version": 1,
        "root_fingerprint": "78a173f0",
        "seed": "minor zone pool awesome remain combine broken claw medal settle grace capable",
        "seed_type": "standard",
        "type": "bip32",
        "xprv": "xprv9s21ZrQH143K3NPKhxrWxMZukkkur7iRpJ6992yRoS2qUmPMXJqtAEYFRxcuKRrNwVijMmMHvb19omJyLSXs2961dTHMjAa4t97iehWLnQc",
        "xpub": "xpub661MyMwAqRbcFrTnozPXKVWeJnbQFaSHBX1jwRP3MmZpMZiW4rA8i2rjHE8LYDnF5k9a2XeCksvvVycraY9SoiHUVfLP6GZrqGcqo3HY75M"
    },
    "labels": {},
    "payment_requests": {},
    "prevouts_by_scripthash": {},
    "seed_version": 50,
    "spent_outpoints": {},
    "transactions": {},
    "tx_fees": {},
    "txi": {},
    "txo": {},
    "use_encryption": false,
    "verified_tx3": {},
    "wallet_type": "standard"
}