{
    "addr_history": {
        "125zSYthMqVTq4iWtDXe7Eg7ULU3rhz6Nk": [],
        "13kfh9bV3PFCMmVEbVkEGjwTuDuE1B7qYd": [],
        "152CzP53DWk9UJ95mJ5quHyX6YcQ1Xm7oR": [],
        "166LhcGqeDWP8jvR9riwcXT3oU57tnsCFJ": [],
        "16KGbwXoaE5oBiGWs5bQVh6Gd4qLzQW89Z": [],
        "17CsVaWXStdypHwsUi2dx2uun2MuHp67ZV": [],
        "18g7Q29tGppvbaESf5B7J9yRyBg5dM2Q3i": [],
        "18jCTsxxZJttxS1DkdabW5X2FsbvbMEgth": [],
        "19gZyG1nX26u4G7MEYn6mYkYd723ak45Kb": [],
        "1B7ZifWEvHskPsyDy6UAr3eN7oaJo7oC6r": [],
        "1BsdXoifPsAqKwAiU4Gvefqnsoz3cjKwpp": [],
        "1CgatV8YPigBpPBbUgPPHoJAZok6Nf8Z6p": [],
        "1D1ToBMYstKPGD3yDKmLkK53xXfv9eDjPx": [],
        "1D8y6yy4mtETSrKXz4esWBXsX6rYoFgaS": [],
        "1FLkbeWjRN9ynL2cAvRFCHAqhy38XCaNop": [],
        "1HNakg6bwEB4hBkMdE7oiHEzJiDmpRodS7": [],
        "1Ha3KJKnE3rSXMjSsGSgvF9i57eCJstKBg": [],
        "1HxNPdCNQXNyXDgQDN5so2VTQo4WwfJTJj": [],
        "1HyA4PMdUVgySqjE4odDngvdRLq1PhoK4W": [],
        "1JL1hVZJgjtoMDftMQYUWnMBJp7BDt8JG4": [],
        "1JygonDN3NvGdiFX6RSGoEa2GR9oGRmRaL": [],
        "1KWaNDRWjXGzTzaLXy3Wmvaga3nooCA9Vf": [],
        "1LGPEe7DZrvNEq2z4Yam8iiCFQin9nE7be": [],
        "1LWzn36fpmBhsohvYkinYjYwhwxjn9roFg": [],
        "1MTVLf8D5o75irkNNHegdhTdoZLkQfFpeq": [],
        "1MZ2b8G7y1jsmJ7ZfiGrajZpngYpFqpobn": [],
        "1MqyjKefigrU2zNrFEeUxqYNGSYDj7Srpa": [],
        "1MzbFzLc5orKp8Tc9mGR8dQkwpAeXGcMmd": [],
        "1N2hnwTAxcLFJo319xWj7d8hbTsqu1vRiz": [],
        "1N6ivRdRuA5vZTeMou6L7CBHVmprKPC6zC": []
    },
    "addresses": {
        "change": [
            "1MzbFzLc5orKp8Tc9mGR8dQkwpAeXGcMmd",
            "152CzP53DWk9UJ95mJ5quHyX6YcQ1Xm7oR",
            "1LWzn36fpmBhsohvYkinYjYwhwxjn9roFg",
            "1Ha3KJKnE3rSXMjSsGSgvF9i57eCJstKBg",
            "1JygonDN3NvGdiFX6RSGoEa2GR9oGRmRaL",
            "1MZ2b8G7y1jsmJ7ZfiGrajZpngYpFqpobn",
            "13kfh9bV3PFCMmVEbVkEGjwTuDuE1B7qYd",
            "1JL1hVZJgjtoMDftMQYUWnMBJp7BDt8JG4",
            "1D1ToBMYstKPGD3yDKmLkK53xXfv9eDjPx",
            "16KGbwXoaE5oBiGWs5bQVh6Gd4qLzQW89Z"
        ],
        "receiving": [
            "1N2hnwTAxcLFJo319xWj7d8hbTsqu1vRiz",
            "1HNakg6bwEB4hBkMdE7oiHEzJiDmpRodS7",
            "125zSYthMqVTq4iWtDXe7Eg7ULU3rhz6Nk",
            "1CgatV8YPigBpPBbUgPPHoJAZok6Nf8Z6p",
            "1LGPEe7DZrvNEq2z4Yam8iiCFQin9nE7be",
            "1HyA4PMdUVgySqjE4odDngvdRLq1PhoK4W",
            "1KWaNDRWjXGzTzaLXy3Wmvaga3nooCA9Vf",
            "18jCTsxxZJttxS1DkdabW5X2FsbvbMEgth",
            "1FLkbeWjRN9ynL2cAvRFCHAqhy38XCaNop",
            "166LhcGqeDWP8jvR9riwcXT3oU57tnsCFJ",
            "1D8y6yy4mtETSrKXz4esWBXsX6rYoFgaS",
            "17CsVaWXStdypHwsUi2dx2uun2MuHp67ZV",
            "1HxNPdCNQXNyXDgQDN5so2VTQo4WwfJTJj",
            "1MTVLf8D5o75irkNNHegdhTdoZLkQfFpeq",
            "1N6ivRdRuA5vZTeMou6L7CBHVmprKPC6zC",
            "1BsdXoifPsAqKwAiU4Gvefqnsoz3cjKwpp",
            "18g7Q29tGppvbaESf5B7J9yRyBg5dM2Q3i",
            "1MqyjKefigrU2zNrFEeUxqYNGSYDj7Srpa",
            "19gZyG1nX26u4G7MEYn6mYkYd723ak45Kb",
            "1B7ZifWEvHskPsyDy6UAr3eN7oaJo7oC6r"
        ]
    },
    "fiat_value": {},
    "frozen_coins": {},
    "invoices": {},
    "keystore": {
        "derivation": "m",
        "pw_hash_version": 1,
        "root_fingerprint": "8689db1d",
        "seed": "minor zone pool balcony remain combine eyebrow claw medal settle grace capable",
        "seed_type": "standard",
        "type": "bip32",
        "xprv": "xprv9s21ZrQH143K2J9YXE6WvFRNQMEcppcjpwC8HBU8G7uBP8kdSmBT8aszQjVVfaNwLqDvAQwZfXpBxXEyQfEjGUDGCbwjKJRE6LcEPXY71Qb",
        "xpub": "xpub661MyMwAqRbcEnE1dFdXHPN6xP57EHLbCA7j5ZsjpTSAFw5mzJVhgPCUFz798YmD3KZps6m8ZKuNr78CQjcbDDWizfKyACtNDnpJTqRc7aG"
    },
    "labels": {},
    "payment_requests": {},
    "prevouts_by_scripthash": {},
    "seed_version": 50,
    "spent_outpoints": {},
    "transactions": {},
    "tx_fees": {},
    "txi": {},
    "txo": {},
    "use_encryption": false,
    "verified_tx3": {},
    "wallet_type": "standard"
}