{
    "addr_history": {
        "12AE6RuGp6rrqyJVZ4YppAgu8gtJM7dPSW": [],
        "12joLH7PBqFdYz2j8Stz1EaeRucv5D4LDF": [],
        "132R8yKPgLvduZiV4Q8UUmFVPdMNwCKpz8": [],
        "141kQkwHv1q7ggLQLwwpHA8vaZkd9suNuV": [],
        "15Kk41kju6bC5YR1zay86UYsZFGzFVar5Y": [],
        "15ggwuWMYtCKM7xhaZLgd4yyxCJstSvenp": [],
        "17KTrLjMJ6DYr171SSSTtrBtRNPqCcJFy2": [],
        "18R3obPqPxQTuXuCPsvWhwKadGxAuWRwb3": [],
        "18fsZ1dmbeCc3bQrkRXjVdDfcs3h3VrvmC": [],
        "1AFaM48wfEXd5wRrAEe24J2B3tJZshaoD2": [],
        "1CHxzUiwi2KrmaUTzYEmXQsFZ9VmsePnw7": [],
        "1CKiWVsr5EQ8ZLan71skAvbHomiKybxGbM": [],
        "1CfFNkEg8qxD2tvhNgcrsypnAQA6Sogcoo": [],
        "1Ck3v89F3xNZPuWEyv3hCvHxiMxZ4Sb5h9": [],
        "1Cqqrqnv2uHP5u5xACnACTL6ASYKDAYG1A": [],
        "1CtSuibHcbZaiundthCNnRK8gsr3wgqnt2": [],
        "1Dek2pPNZwcQNJVyXYZjp69uKcbYD6F8Ke": [],
        "1Ek5odgUim1LKd5rnGaJRoRqNvaDh5sjE3": [],
        "1F4FAf579Q5Pq7MSZabkGgWtcLhmrS146B": [],
        "1FGJvWt9bBFKnQPXy3uKkattDcN5ycjhwx": [],
        "1Fer1w5mQ8WVEq5CwqerCV3PevrktyhQH8": [],
        "1FmC5v7QVZz9Fx1DSCFyokxMRRwveEwpW8": [],
        "1HrY48BES9surEtMsHeSb17v2huBdqY5Lg": [],
        "1Jzc2vMKKKFDpyhgv4imxkPGFPFLeB6hoh": [],
        "1KBDHacmvynuCxKXstnvfs8SuYcjkscZwz": [],
        "1Mi7dUZqZkXuyv94NvgUWwgEGHDEXRvdk6": [],
        "1MihPJfS7hv2j8434W2amYYMDkTUUEt39o": [],
        "1Nq6dK7EQU6mEoqBjiofvxFdHV6oFy5rHG": [],
        "1Pb3mn7Tv5f8LYrLKgBf2wepgViU4f4CW4": [],
        "1Ps587UXmL4qT5yWQnGMFY69CVwj6pVUFG": []
    },
    "addresses": {
        "change": [
            "1Nq6dK7EQU6mEoqBjiofvxFdHV6oFy5rHG",
            "1Fer1w5mQ8WVEq5CwqerCV3PevrktyhQH8",
            "141kQkwHv1q7ggLQLwwpHA8vaZkd9suNuV",
            "1KBDHacmvynuCxKXstnvfs8SuYcjkscZwz",
            "1Mi7dUZqZkXuyv94NvgUWwgEGHDEXRvdk6",
            "1Cqqrqnv2uHP5u5xACnACTL6ASYKDAYG1A",
            "1Dek2pPNZwcQNJVyXYZjp69uKcbYD6F8Ke",
            "1Pb3mn7Tv5f8LYrLKgBf2wepgViU4f4CW4",
            "1CtSuibHcbZaiundthCNnRK8gsr3wgqnt2",
            "1Ek5odgUim1LKd5rnGaJRoRqNvaDh5sjE3"
        ],
        "receiving": [
            "1CHxzUiwi2KrmaUTzYEmXQsFZ9VmsePnw7",
            "1CKiWVsr5EQ8ZLan71skAvbHomiKybxGbM",
            "1F4FAf579Q5Pq7MSZabkGgWtcLhmrS146B",
            "15Kk41kju6bC5YR1zay86UYsZFGzFVar5Y",
            "1Ck3v89F3xNZPuWEyv3hCvHxiMxZ4Sb5h9",
            "12AE6RuGp6rrqyJVZ4YppAgu8gtJM7dPSW",
            "132R8yKPgLvduZiV4Q8UUmFVPdMNwCKpz8",
            "17KTrLjMJ6DYr171SSSTtrBtRNPqCcJFy2",
            "1AFaM48wfEXd5wRrAEe24J2B3tJZshaoD2",
            "18R3obPqPxQTuXuCPsvWhwKadGxAuWRwb3",
            "1HrY48BES9surEtMsHeSb17v2huBdqY5Lg",
            "1MihPJfS7hv2j8434W2amYYMDkTUUEt39o",
            "1Jzc2vMKKKFDpyhgv4imxkPGFPFLeB6hoh",
            "12joLH7PBqFdYz2j8Stz1EaeRucv5D4LDF",
            "1FGJvWt9bBFKnQPXy3uKkattDcN5ycjhwx",
            "15ggwuWMYtCKM7xhaZLgd4yyxCJstSvenp",
            "18fsZ1dmbeCc3bQrkRXjVdDfcs3h3VrvmC",
            "1FmC5v7QVZz9Fx1DSCFyokxMRRwveEwpW8",
            "1Ps587UXmL4qT5yWQnGMFY69CVwj6pVUFG",
            "1CfFNkEg8qxD2tvhNgcrsypnAQA6Sogcoo"
        ]
    },
    "fiat_value": {},
    "frozen_coins": {},
    "invoices": {},
    "keystore": {
        "derivation": "m",
        "pw_hash_version": 1,
        "root_fingerprint": "9e6bae12",
        "seed": "minor zone pool anger remain combine weekend claw medal settle grace capable",
        "seed_type": "standard",
        "type": "bip32",
        "xprv": "xprv9s21ZrQH143K3WvzRU7vyyLkjKbD18bdq27DFpQNBYWzKBYPGTzW8XgQspfZEbkiRt6HrANNQ6uVeGuJdKzMRrQnRkz8gVt2DvJbNMgzKNk",
        "xpub": "xpub661MyMwAqRbcG11TXVewM7HVHMRhQbKVCF2p4Coyjt3yBysXp1JkgKztj74DSiu4fYHZirY8Sci1c771ftqLmFaDHhNk27tJro1YenTcmVN"
    },
    "labels": {},
    "payment_requests": {},
    "prevouts_by_scripthash": {},
    "seed_version": 50,
    "spent_outpoints": {},
    "transactions": {},
    "tx_fees": {},
    "txi": {},
    "txo": {},
    "use_encryption": false,
    "verified_tx3": {},
    "wallet_type": "standard"
}