{
    "addr_history": {
        "12Ahk2Rn8g56FLDngtUiA721Ei9UWbYSSd": [],
        "12LhEHotj2diWnDxX3Q6wdMdEgKbhev4LE": [],
        "137Bx7LmLURZ4jfMkX4KT9B9mTrCwr8LZW": [],
        "13di2WfNBb9aah3DJT8vgd6uW9sRG8Wf3f": [],
        "14F3dz4SusoM5nLh6LqnNpfv8g2uMSsmuW": [],
        "14X2XyhYjt91JBG7QjvBkPXmDjomUhtguT": [],
        "14kjBLYosACRqFKboQPYsnGtthyCpY4dsL": [],
        "158xnK8jeAGFokZE7LdKM2mt1SC67EqPot": [],
        "16kThY6aXMFiFeznHzP86spYWcwsdWVanc": [],
        "188xUzNuE1BvMXLrkmAcFY4We9CvbUKFa6": [],
        "18Mi8Sujhz7E2rNFgYCN8CGaxQJ1bukJMT": [],
        "18Y6HPcvpDZzZWMHFZNs1gNo2KZkqdZHs6": [],
        "18ksRYCyZrSVLKjp3Wc6c11w53zCDr9t5M": [],
        "197GFUptUeKyj6REFKJJEzx5gjWR1YSmQ7": [],
        "19pFnmoBuYmH61NGvLe1ozFiFM2LhLuQ3a": [],
        "1Ah4YaEtaPLvKVmrPTjGg8KwfGr8wir3kp": [],
        "1Auumar8QYB4gjESmtYWgUqn3iVmPWdjJs": [],
        "1DR5ptXUMEMvJsPePwNMiQCmG6yZsxFHCJ": [],
        "1Dt36TyztFDzy9MzxP9ewUxULPVP4MZyiv": [],
        "1EJLk2esfqMYob5dQziroq9CyShjgbshvL": [],
        "1Fu8EbiMsXkpLa3AP9x3qrt9PtcPH1mmLD": [],
        "1GeUDSVdkgcNbbZQtqeNFTJ7rFynWWBQnF": [],
        "1H64Y8FKX5vnJ4Wk8MNa7sB5ViGXwy344": [],
        "1HudMqQJ3YLiLxRVB1LCe5HLkCiXTBcERo": [],
        "1LCQXJEtLXZ7dMyN87uHWuxQknYm9dfm1T": [],
        "1NG9hu61NakssJt76jufWJnywRXwGE9Fks": [],
        "1NMEh5pg8iMvnQzbG3irZdRmds9XBf2VAD": [],
        "1PKuxsUWDJ2nf2FRqUTbP8gNHR2fCwTcvK": [],
        "1PVujJG9BHUN5YcLv8Gnv4qjMRejpgyqLZ": [],
        "1kTjQ4nroasqX4DK95yR1dVgp961HZStB": []
    },
    "addresses": {
        "change": [
            "1Fu8EbiMsXkpLa3AP9x3qrt9PtcPH1mmLD",
            "1kTjQ4nroasqX4DK95yR1dVgp961HZStB",
            "18ksRYCyZrSVLKjp3Wc6c11w53zCDr9t5M",
            "1NMEh5pg8iMvnQzbG3irZdRmds9XBf2VAD",
            "1LCQXJEtLXZ7dMyN87uHWuxQknYm9dfm1T",
            "1DR5ptXUMEMvJsPePwNMiQCmG6yZsxFHCJ",
            "188xUzNuE1BvMXLrkmAcFY4We9CvbUKFa6",
            "13di2WfNBb9aah3DJT8vgd6uW9sRG8Wf3f",
            "1PVujJG9BHUN5YcLv8Gnv4qjMRejpgyqLZ",
            "137Bx7LmLURZ4jfMkX4KT9B9mTrCwr8LZW"
        ],
        "receiving": [
            "1Dt36TyztFDzy9MzxP9ewUxULPVP4MZyiv",
            "1Ah4YaEtaPLvKVmrPTjGg8KwfGr8wir3kp",
            "197GFUptUeKyj6REFKJJEzx5gjWR1YSmQ7",
            "16kThY6aXMFiFeznHzP86spYWcwsdWVanc",
            "1NG9hu61NakssJt76jufWJnywRXwGE9Fks",
            "19pFnmoBuYmH61NGvLe1ozFiFM2LhLuQ3a",
            "12Ahk2Rn8g56FLDngtUiA721Ei9UWbYSSd",
            "14kjBLYosACRqFKboQPYsnGtthyCpY4dsL",
            "1PKuxsUWDJ2nf2FRqUTbP8gNHR2fCwTcvK",
            "18Mi8Sujhz7E2rNFgYCN8CGaxQJ1bukJMT",
            "1Auumar8QYB4gjESmtYWgUqn3iVmPWdjJs",
            "12LhEHotj2diWnDxX3Q6wdMdEgKbhev4LE",
            "1GeUDSVdkgcNbbZQtqeNFTJ7rFynWWBQnF",
            "1H64Y8FKX5vnJ4Wk8MNa7sB5ViGXwy344",
            "18Y6HPcvpDZzZWMHFZNs1gNo2KZkqdZHs6",
            "14X2XyhYjt91JBG7QjvBkPXmDjomUhtguT",
            "1HudMqQJ3YLiLxRVB1LCe5HLkCiXTBcERo",
            "158xnK8jeAGFokZE7LdKM2mt1SC67EqPot",
            "1EJLk2esfqMYob5dQziroq9CyShjgbshvL",
            "14F3dz4SusoM5nLh6LqnNpfv8g2uMSsmuW"
        ]
    },
    "fiat_value": {},
    "frozen_coins": {},
    "invoices": {},
    "keystore": {
        "derivation": "m",
        "pw_hash_version": 1,
        "root_fingerprint": "faee1892",
        "seed": "minor zone pool athlete remain combine miracle claw medal settle grace capable",
        "seed_type": "standard",
        "type": "bip32",
        "xprv": "xprv9s21ZrQH143K2xa5gW7JoWgRKVdEkC11w2NVkb7pd3qq8zUNiFPfyNFXFucyv8NczfvvJWEJShmdh25NjvkVWEXivxRVu8Q6RZdUf65qshC",
        "xpub": "xpub661MyMwAqRbcFSeYnXeKAed9sXTj9eisJFJ6YyXSBPNp1noXFnhvXAa17DdyeTwnW6fMFwP5pxPaZoXADmnuCkbTpbj76KqVFniNc1KBcUT"
    },
    "labels": {},
    "payment_requests": {},
    "prevouts_by_scripthash": {},
    "seed_version": 50,
    "spent_outpoints": {},
    "transactions": {},
    "tx_fees": {},
    "txi": {},
    "txo": {},
    "use_encryption": false,
    "verified_tx3": {},
    "wallet_type": "standard"
}