{
    "addr_history": {
        "12sN2fRGAeZituhFVKKxZBsXeYUdhid7nM": [],
        "137goTa5Ucp56JQaAVs2PWrCNwUtegFAso": [],
        "14KKDysaCWmbyJZ9K2fj48EkDhzaayGLdB": [],
        "14sHcJXybtnvL4jonN4i2UB7WFMxmiS3XU": [],
        "15FxZnXKUwwH8FuTk1rSX3Hqxid4Si2E4J": [],
        "15eEL9h4cGsB4j9iL8n4gdVFBhP2jzUwzm": [],
        "15hgomHCHDYpEvrx1K64URuWHKtwtX5XSo": [],
        "15k35TbyC2eQzrbPDis2uZ2tNPtjwYDf4R": [],
        "15qq74CzrigbZJZmgRem8pqBiqhFk5nWUe": [],
        "18FjBxRf6XHn7atyUgHB1tVQrtPisPVBi6": [],
        "18H7xV24fNsFRWcZpxXTb12F8ozF2s1T4C": [],
        "18ze7JNAbveRkj2FgNrSVJLJxj1jTm68CX": [],
        "19gRwQTU4CmsPpF2GPi3HHXX2UWvVnfWxa": [],
        "19t8MQWwYByyNyaxy6mpUSMjDRWHTn8t8r": [],
        "1AR7BN5ot9y7WUSjhpqMEnBPif7v1LSStg": [],
        "1BYPrhjxvDBHFUnFPyh6qxwvfF1N9T4F1Q": [],
        "1BZDUFYEHJ6DrLLrjBDUCJHjjEzWgPsAPF": [],
        "1BpH7ERuCxoEhe4Rqcu7YzW329LUcsoC9n": [],
        "1C66dRfYk4rnQS4uLb6mGQ2CEbj4zJ3drJ": [],
        "1CMzh4UXSL6xpWw4zjnVTfu3wp9CojjWXz": [],
        "1CjvcNs4sSeDJ17UhTbFVSF4MdV1wu8prd": [],
        "1DtGmhJNTxsXek2KcSWJ9w4tMW8fCxzrmC": [],
        "1EEu5XVuhtknizEkHjQyARTwLjU643SSJo": [],
        "1Foa5jYpYWqWqPg2jppRPsezCQDh6vr7QT": [],
        "1HSkhCA2CboJYf42VnFnKRL4zdqZTehSgH": [],
        "1LL7fJMZgVBTkuoNT5DBpwsuGRqesrFoWo": [],
        "1LfP1bE29VreQQc9WTZkHSUiZfr1qZGjjw": [],
        "1Lgjcqdoz6N1dBB9n7NxWSwEM7RrFWfwnL": [],
        "1MaU59mjXM4FUd6U2oWJCksL6rKagPk7g1": [],
        "1ciMuUuTFZ3AWh62rc5khzk2YXXm517VV": []
    },
    "addresses": {
        "change": [
            "1BpH7ERuCxoEhe4Rqcu7YzW329LUcsoC9n",
            "14KKDysaCWmbyJZ9K2fj48EkDhzaayGLdB",
            "137goTa5Ucp56JQaAVs2PWrCNwUtegFAso",
            "1MaU59mjXM4FUd6U2oWJCksL6rKagPk7g1",
            "1BYPrhjxvDBHFUnFPyh6qxwvfF1N9T4F1Q",
            "1EEu5XVuhtknizEkHjQyARTwLjU643SSJo",
            "1BZDUFYEHJ6DrLLrjBDUCJHjjEzWgPsAPF",
            "15eEL9h4cGsB4j9iL8n4gdVFBhP2jzUwzm",
            "18H7xV24fNsFRWcZpxXTb12F8ozF2s1T4C",
            "15FxZnXKUwwH8FuTk1rSX3Hqxid4Si2E4J"
        ],
        "receiving": [
            "15hgomHCHDYpEvrx1K64URuWHKtwtX5XSo",
            "1LL7fJMZgVBTkuoNT5DBpwsuGRqesrFoWo",
            "1CMzh4UXSL6xpWw4zjnVTfu3wp9CojjWXz",
            "18FjBxRf6XHn7atyUgHB1tVQrtPisPVBi6",
            "19t8MQWwYByyNyaxy6mpUSMjDRWHTn8t8r",
            "1AR7BN5ot9y7WUSjhpqMEnBPif7v1LSStg",
            "1Foa5jYpYWqWqPg2jppRPsezCQDh6vr7QT",
            "19gRwQTU4CmsPpF2GPi3HHXX2UWvVnfWxa",
            "18ze7JNAbveRkj2FgNrSVJLJxj1jTm68CX",
            "15k35TbyC2eQzrbPDis2uZ2tNPtjwYDf4R",
            "1DtGmhJNTxsXek2KcSWJ9w4tMW8fCxzrmC",
            "12sN2fRGAeZituhFVKKxZBsXeYUdhid7nM",
            "1Lgjcqdoz6N1dBB9n7NxWSwEM7RrFWfwnL",
            "1LfP1bE29VreQQc9WTZkHSUiZfr1qZGjjw",
            "1ciMuUuTFZ3AWh62rc5khzk2YXXm517VV",
            "1CjvcNs4sSeDJ17UhTbFVSF4MdV1wu8prd",
            "1HSkhCA2CboJYf42VnFnKRL4zdqZTehSgH",
            "1C66dRfYk4rnQS4uLb6mGQ2CEbj4zJ3drJ",
            "14sHcJXybtnvL4jonN4i2UB7WFMxmiS3XU",
            "15qq74CzrigbZJZmgRem8pqBiqhFk5nWUe"
        ]
    },
    "fiat_value": {},
    "frozen_coins": {},
    "invoices": {},
    "keystore": {
        "derivation": "m",
        "pw_hash_version": 1,
        "root_fingerprint": "cd9eed61",
        "seed": "minor zone pool alpha remain combine trade claw medal settle grace capable",
        "seed_type": "standard",
        "type": "bip32",
        "xprv": "xprv9s21ZrQH143K3WXy8c2btQ1ZkdktbA3x53dFWW4YhmPjqmN4YSxZdEPUUGPGQWS2jqoeh3ZAnMkFERCRQ9tDcUAEt1q4T82izRopPufH7tX",
        "xpub": "xpub661MyMwAqRbcFzcSEdZcFXxJJfbNzcmoSGYrJtUAG6viiZhD5zGpB2hxKYdSXqh1cDJ1NekfiH9B6YfbyHHtWd3z4X7HcgWYxjgbDiKDEuG"
    },
    "labels": {},
    "payment_requests": {},
    "prevouts_by_scripthash": {},
    "seed_version": 50,
    "spent_outpoints": {},
    "transactions": {},
    "tx_fees": {},
    "txi": {},
    "txo": {},
    "use_encryption": false,
    "verified_tx3": {},
    "wallet_type": "standard"
}