{
    "addr_history": {
        "127grhL5RMF83dbrhVcnFocgkhTSLuguPZ": [],
        "13zpFNrKTY4SCv3hiSaoWoR9PcuvnuoSS3": [],
        "144QMtBpjWNNUFiWwQogYfhpHsvTqx6cBG": [],
        "151JfFd5uMk73j8sRM5FMbAvjb4TTVa873": [],
        "15R4afQ9aYvSB8udivrVQGhFUaXkjiMSnK": [],
        "15Wg2MXpWU6xoxtQei7r2R1EooFA4mC8Qi": [],
        "15qVcCTEf4ydMkbrBctaneHAe7RTDnRQot": [],
        "16EWCQyVV3Wgf8Vk9hSanZwob1sD55sqpJ": [],
        "177HrVjoLhGvP1DvnjtPoNykgtcmHTbrK4": [],
        "178kzQbrfRJj9ikUdTZRNf4PP2T1PiZXLL": [],
        "17wUTyiNUeyPotdfxUoEZ7pZ316xEJsDeP": [],
        "17yKeGpw7TFYWSir5TeNJoWfR4XWShDeJz": [],
        "19h7DxTw3paoR3gmwiat296svFuaTSs4id": [],
        "1B8DpwtE4wxRZLiTu81PejmoQrTnTRFwRj": [],
        "1DRXDHLhQNLVBFFYsHifoLCpHq51gwNX3k": [],
        "1EiBxGXx7zgCe2Nc2WfnwVM9pZQxuB824h": [],
        "1F72Y1T1RGuo98vNMyWrUNipZAtJJ48WHi": [],
        "1HKC1EtDvkGV6wtEDJgAvzNd6bH1VnwLhD": [],
        "1HjHxaDaGGpSF7FBwc9GyRVdDS8o4Vovvm": [],
        "1JoaNA3d2N6oDhYHJGrFerGHnobZjCiC4P": [],
        "1Ki5mjYF3uPjbn5Xvk31jzFXwSg3ZFQf7R": [],
        "1L4GDq8RSNkDSByCALy945J6hMU4bgDNDd": [],
        "1LHbemnY6j5jBEiNLXS1AiuspmCepjVyf2": [],
        "1M9kWRSygsVW6paviofV9wyJ4RqPUvVihN": [],
        "1Mxk3kJJSpBnfKvunM7dKHNDW3gzKxDYFy": [],
        "1NkSJMnMRzPHBYpGNJaq8BCEdGrAha77ur": [],
        "1PiGTgkc1sqAiVcnUTH5aFEpUdEnQRCbzD": [],
        "1Py8yG7kEAvFbwSMSAU3Zz2rKbf2seCMa": [],
        "1SVxKWmUi9rYu8HQ946F6DkQj9fsv1c4Y": [],
        "1k4J5QW9DEdadLozFNEhnuSxwvw9u8uCb": []
    },
    "addresses": {
        "change": [
            "1SVxKWmUi9rYu8HQ946F6DkQj9fsv1c4Y",
            "177HrVjoLhGvP1DvnjtPoNykgtcmHTbrK4",
            "151JfFd5uMk73j8sRM5FMbAvjb4TTVa873",
            "127grhL5RMF83dbrhVcnFocgkhTSLuguPZ",
            "1DRXDHLhQNLVBFFYsHifoLCpHq51gwNX3k",
            "1JoaNA3d2N6oDhYHJGrFerGHnobZjCiC4P",
            "13zpFNrKTY4SCv3hiSaoWoR9PcuvnuoSS3",
            "1M9kWRSygsVW6paviofV9wyJ4RqPUvVihN",
            "17yKeGpw7TFYWSir5TeNJoWfR4XWShDeJz",
            "1HjHxaDaGGpSF7FBwc9GyRVdDS8o4Vovvm"
        ],
        "receiving": [
            "1Py8yG7kEAvFbwSMSAU3Zz2rKbf2seCMa",
            "19h7DxTw3paoR3gmwiat296svFuaTSs4id",
            "1LHbemnY6j5jBEiNLXS1AiuspmCepjVyf2",
            "178kzQbrfRJj9ikUdTZRNf4PP2T1PiZXLL",
            "144QMtBpjWNNUFiWwQogYfhpHsvTqx6cBG",
            "1PiGTgkc1sqAiVcnUTH5aFEpUdEnQRCbzD",
            "1Mxk3kJJSpBnfKvunM7dKHNDW3gzKxDYFy",
            "1L4GDq8RSNkDSByCALy945J6hMU4bgDNDd",
            "1B8DpwtE4wxRZLiTu81PejmoQrTnTRFwRj",
            "1k4J5QW9DEdadLozFNEhnuSxwvw9u8uCb",
            "16EWCQyVV3Wgf8Vk9hSanZwob1sD55sqpJ",
            "1HKC1EtDvkGV6wtEDJgAvzNd6bH1VnwLhD",
            "1F72Y1T1RGuo98vNMyWrUNipZAtJJ48WHi",
            "15Wg2MXpWU6xoxtQei7r2R1EooFA4mC8Qi",
            "17wUTyiNUeyPotdfxUoEZ7pZ316xEJsDeP",
            "15R4afQ9aYvSB8udivrVQGhFUaXkjiMSnK",
            "1EiBxGXx7zgCe2Nc2WfnwVM9pZQxuB824h",
            "1Ki5mjYF3uPjbn5Xvk31jzFXwSg3ZFQf7R",
            "15qVcCTEf4ydMkbrBctaneHAe7RTDnRQot",
            "1NkSJMnMRzPHBYpGNJaq8BCEdGrAha77ur"
        ]
    },
    "fiat_value": {},
    "frozen_coins": {},
    "invoices": {},
    "keystore": {
        "derivation": "m",
        "pw_hash_version": 1,
        "root_fingerprint": "6ecc6514",
        "seed": "minor zone pool anchor remain combine spice claw medal settle grace capable",
        "seed_type": "standard",
        "type": "bip32",
        "xprv": "xprv9s21ZrQH143K2PAeN5mYzyEzkPTq7fyRUvRGeTLb4w8wDKTDm1NCMZxXWUGqVdrjaCrrbgwQJRWBjVra5j2ucvguS9oiKWtk3MhhZyr6Ktb",
        "xpub": "xpub661MyMwAqRbcEsF7U7JZN7BjJRJKX8hGr9LsSqkCdGfv67nNJYgSuNH1Mm7FY8NqmU43bgrRHNXgbuCRB74As4FF7kWsqzfzVD82YEygJWD"
    },
    "labels": {},
    "payment_requests": {},
    "prevouts_by_scripthash": {},
    "seed_version": 50,
    "spent_outpoints": {},
    "transactions": {},
    "tx_fees": {},
    "txi": {},
    "txo": {},
    "use_encryption": false,
    "verified_tx3": {},
    "wallet_type": "standard"
}