{
    "addr_history": {
        "13JSC8obX2CtRLk1U69QQq9h9CLxcdZDsf": [],
        "13k96L9EtsNSXNgbfsnCnbihBMWRE75PLa": [],
        "13s3vwjo8SwWvGLP22DSs5pWvA9Vd3ZWFg": [],
        "14Yrpnm9jnKuDE6rWdvkZWM9f8dciveemV": [],
        "159HYWLszxoGzVARyuXB6JMPFJSB4AK6yv": [],
        "15yG2nqR2spbTzHzFmECiMcTwfC4RcTtQp": [],
        "18YpnHjZ1NPG4qUj5ykRCuwCAh84hx7vsC": [],
        "195NFhBuoxJ47oFzmU71jK76QfWpMthMqT": [],
        "1BRrztNzuVkR9SBNAR3NcjPJQ3yRE67BS2": [],
        "1BrPGcoUvwPzTzsWiLV6yWy6YmwgQMs6yz": [],
        "1CnhWdxXAb5CEEJiEfjh8QQhMZ1EwYsXAh": [],
        "1EedZM4kN3frz3HZw1SPqh9CRi1eZT53NY": [],
        "1F79776CiQERdYdMx8fmqzqvqZaFCkyo4j": [],
        "1FEKgCeQRwrgqumueVaGBaGt9g3oSz6iF5": [],
        "1FwUGxSbQyy3hXc6G2JpXvHf6zASGqPff2": [],
        "1Hs1jNYaKdXsqiHUBaTHW8m4RSD53Ug9fV": [],
        "1JH3HYzWF5qRUDyBRZR3gtdP75BPSpwwSJ": [],
        "1JUGAjemJT9pMwFPPwroGbvqDxU4visJ9e": [],
        "1JtWEHzJhoU8nZtLMkgkEvFRL3oV6maB8k": [],
        "1Kq28TkStn29VMicWqYbfSAN3axZeJmnHa": [],
        "1L59Xn6m2r6pRrHiud9TMiL36ou22NLybV": [],
        "1LNbqwzuL7SkBVhU2P37hD7qXacgfzUMw8": [],
        "1LpdWwWDoA5hgu3pgX1rpSKGG9BUTR9QBJ": [],
        "1LpoMQNk7rXwBuHbDbcPwzMyaVD5XVMX9f": [],
        "1NbyXU1SKGKvAAHRKRoqZWYj7nDinNLRiS": [],
        "1NfnEYhHkBmW8zoFeJLFTCxuurKk86yLgX": [],
        "1Nh36QTkcAc1RUbSp8RifXD5eSJTf82hVW": [],
        "1NqA7wD2ZiCJt6bFab9LCrRvGVv46ufEKh": [],
        "1PVWJRfFkEzGTW1fsoevvggFaKvoR23gFa": [],
        "1QJZvC8kyUT8KmPDb6hyHCFXqrpzqqxwE2": []
    },
    "addresses": {
        "change": [
            "1JUGAjemJT9pMwFPPwroGbvqDxU4visJ9e",
            "1JH3HYzWF5qRUDyBRZR3gtdP75BPSpwwSJ",
            "1EedZM4kN3frz3HZw1SPqh9CRi1eZT53NY",
            "1Kq28TkStn29VMicWqYbfSAN3axZeJmnHa",
            "18YpnHjZ1NPG4qUj5ykRCuwCAh84hx7vsC",
            "13s3vwjo8SwWvGLP22DSs5pWvA9Vd3ZWFg",
            "1NqA7wD2ZiCJt6bFab9LCrRvGVv46ufEKh",
            "1LpdWwWDoA5hgu3pgX1rpSKGG9BUTR9QBJ",
            "1NbyXU1SKGKvAAHRKRoqZWYj7nDinNLRiS",
            "1Nh36QTkcAc1RUbSp8RifXD5eSJTf82hVW"
        ],
        "receiving": [
            "1JtWEHzJhoU8nZtLMkgkEvFRL3oV6maB8k",
            "13JSC8obX2CtRLk1U69QQq9h9CLxcdZDsf",
            "195NFhBuoxJ47oFzmU71jK76QfWpMthMqT",
            "1BrPGcoUvwPzTzsWiLV6yWy6YmwgQMs6yz",
            "1Hs1jNYaKdXsqiHUBaTHW8m4RSD53Ug9fV",
            "1L59Xn6m2r6pRrHiud9TMiL36ou22NLybV",
            "14Yrpnm9jnKuDE6rWdvkZWM9f8dciveemV",
            "1LNbqwzuL7SkBVhU2P37hD7qXacgfzUMw8",
            "1NfnEYhHkBmW8zoFeJLFTCxuurKk86yLgX",
            "1PVWJRfFkEzGTW1fsoevvggFaKvoR23gFa",
            "1FEKgCeQRwrgqumueVaGBaGt9g3oSz6iF5",
            "159HYWLszxoGzVARyuXB6JMPFJSB4AK6yv",
            "13k96L9EtsNSXNgbfsnCnbihBMWRE75PLa",
            "1CnhWdxXAb5CEEJiEfjh8QQhMZ1EwYsXAh",
            "1F79776CiQERdYdMx8fmqzqvqZaFCkyo4j",
            "1BRrztNzuVkR9SBNAR3NcjPJQ3yRE67BS2",
            "1FwUGxSbQyy3hXc6G2JpXvHf6zASGqPff2",
            "1QJZvC8kyUT8KmPDb6hyHCFXqrpzqqxwE2",
            "1LpoMQNk7rXwBuHbDbcPwzMyaVD5XVMX9f",
            "15yG2nqR2spbTzHzFmECiMcTwfC4RcTtQp"
        ]
    },
    "fiat_value": {},
    "frozen_coins": {},
    "invoices": {},
    "keystore": {
        "derivation": "m",
        "pw_hash_version": 1,
        "root_fingerprint": "dd902c05",
        "seed": "minor zone pool across remain combine quiz claw medal settle grace capable",
        "seed_type": "standard",
        "type": "bip32",
        "xprv": "xprv9s21ZrQH143K3WLNsDHiwFtPFPoKbPDPapwQpYhghEnqN3c8faG6voq25bj7HcDHcmrWzYB9H48T6wb9ZgsMofNKGjd9UackoBsrXr8hy4B",
        "xpub": "xpub661MyMwAqRbcFzQqyEpjJPq7oRdozqwEx3s1cw7JFaKpEqwHD7aMUc9VvtDe5e2fvZwFdbPWgS5UgFGFQ7mosZQ3DZWT4tK7uZKxJGCS6yr"
    },
    "labels": {},
    "payment_requests": {},
    "prevouts_by_scripthash": {},
    "seed_version": 50,
    "spent_outpoints": {},
    "transactions": {},
    "tx_fees": {},
    "txi": {},
    "txo": {},
    "use_encryption": false,
    "verified_tx3": {},
    "wallet_type": "standard"
}