{
    "addr_history": {
        "12dJbT3KczpMYkAKi6mLn7LP696uu1JKUB": [],
        "12zLnJE5XQunEZ58AS64NVVCZRAa7ot8Bz": [],
        "13ESmnjjEJhW3xk3JnaxNkBUmNtj9XQxc8": [],
        "13T6brJg6njex6eZTZnGGTswaPuu5u84hj": [],
        "13frjHdB5e3PmFYUtZqUTeG7PkgWM3vEmq": [],
        "13hkkiwxnXDe1pz9CCswGuG8ZRTSq9Y5cj": [],
        "14ZGvqhy6yLvby2s49nGmJ4PiX4AnLT52C": [],
        "15b9j7L3uzbVPtxfxWV3UytjHMGRMVhqta": [],
        "15ydZ8HdKUjKd7r4gUxiAvdWHbCPRGUSww": [],
        "16bq4ZyQaj8kY889nyecc3iaZmG1coo4L2": [],
        "16dUJiTYWL55od9L9d2VPpMLtCM6qtanMF": [],
        "16yHyBxvt8UojrENzfHeqbyBLqXsdYQp3v": [],
        "173qnnyEBoZsU2EvkLEBsTwfkh9qfXbcYT": [],
        "18HLk9TgMqSH7kTkHDz71yrgEZ6ku2dPrA": [],
        "1A6uEr51rjE7F7hcPM1NF9FrW2r4JxxDY9": [],
        "1C35ZQ7mJtKugPAphCnabmqmFSXSCabXDf": [],
        "1G6DWh3V32yQ5E9wEgPVLeLsp4z2UZEryz": [],
        "1GZRhacEr2JNRGT14Z1ivkEQVwpaEHc1fk": [],
        "1HpkPx5WWBozv4HkkU8PCWzY6wFND9qLNP": [],
        "1HxMVm8E6EhNtemxtqaC3yTiRcTndNGpHY": [],
        "1JSi2GDpkdwKVfvyCBN7cvHcJABUZpSDZY": [],
        "1Ju5bEDWHbxkrQ133Rbe3dECkRpjM2YRuG": [],
        "1LKMSB8J3uyTWwRT6F9pWTw3nvJhcokLQR": [],
        "1MCi6coAj6YqHxyAZAn4NB4LPAGeKG5ioA": [],
        "1Mnx8EQNexF6TjAmErvgXpC26SH9CmRKDv": [],
        "1MozdjepzCWGpLo439J3CJYQaznTTA37Lw": [],
        "1PSRqVst21fFkcyL4gXosa13jNtrBrai1C": [],
        "1Pu8r3HG3nAgTDmb92e1omCZYKXQt3tUmg": [],
        "1X2BH4noa8Q1RKFuvsKqbTvqHpFTygWHB": [],
        "1Zmje17tKY8UDwV7XKrAKzJRNfCMQhFBs": []
    },
    "addresses": {
        "change": [
            "16bq4ZyQaj8kY889nyecc3iaZmG1coo4L2",
            "15ydZ8HdKUjKd7r4gUxiAvdWHbCPRGUSww",
            "13hkkiwxnXDe1pz9CCswGuG8ZRTSq9Y5cj",
            "18HLk9TgMqSH7kTkHDz71yrgEZ6ku2dPrA",
            "1HpkPx5WWBozv4HkkU8PCWzY6wFND9qLNP",
            "1Ju5bEDWHbxkrQ133Rbe3dECkRpjM2YRuG",
            "13T6brJg6njex6eZTZnGGTswaPuu5u84hj",
            "1G6DWh3V32yQ5E9wEgPVLeLsp4z2UZEryz",
            "1X2BH4noa8Q1RKFuvsKqbTvqHpFTygWHB",
            "1Mnx8EQNexF6TjAmErvgXpC26SH9CmRKDv"
        ],
        "receiving": [
            "1JSi2GDpkdwKVfvyCBN7cvHcJABUZpSDZY",
            "12zLnJE5XQunEZ58AS64NVVCZRAa7ot8Bz",
            "1LKMSB8J3uyTWwRT6F9pWTw3nvJhcokLQR",
            "1MozdjepzCWGpLo439J3CJYQaznTTA37Lw",
            "13frjHdB5e3PmFYUtZqUTeG7PkgWM3vEmq",
            "1GZRhacEr2JNRGT14Z1ivkEQVwpaEHc1fk",
            "12dJbT3KczpMYkAKi6mLn7LP696uu1JKUB",
            "16dUJiTYWL55od9L9d2VPpMLtCM6qtanMF",
            "1PSRqVst21fFkcyL4gXosa13jNtrBrai1C",
            "1C35ZQ7mJtKugPAphCnabmqmFSXSCabXDf",
            "1HxMVm8E6EhNtemxtqaC3yTiRcTndNGpHY",
            "173qnnyEBoZsU2EvkLEBsTwfkh9qfXbcYT",
            "1MCi6coAj6YqHxyAZAn4NB4LPAGeKG5ioA",
            "1A6uEr51rjE7F7hcPM1NF9FrW2r4JxxDY9",
            "15b9j7L3uzbVPtxfxWV3UytjHMGRMVhqta",
            "1Pu8r3HG3nAgTDmb92e1omCZYKXQt3tUmg",
            "14ZGvqhy6yLvby2s49nGmJ4PiX4AnLT52C",
            "16yHyBxvt8UojrENzfHeqbyBLqXsdYQp3v",
            "1Zmje17tKY8UDwV7XKrAKzJRNfCMQhFBs",
            "13ESmnjjEJhW3xk3JnaxNkBUmNtj9XQxc8"
        ]
    },
    "fiat_value": {},
    "frozen_coins": {},
    "invoices": {},
    "keystore": {
        "derivation": "m",
        "pw_hash_version": 1,
        "root_fingerprint": "0e1e7c03",
        "seed": "minor zone pool access remain combine space claw medal settle grace capable",
        "seed_type": "standard",
        "type": "bip32",
        "xprv": "xprv9s21ZrQH143K34PhtevgBGtQdgbQNuzpWJdSXuh4F8pFjy9As2UMCHgg4AU761jjuPLefaMysta6s7JgV4UmbF8vZJ9keMAimsX5p57sz6n",
        "xpub": "xpub661MyMwAqRbcFYUAzgTgYQq9BiRtnNifsXZ3LJ6foUMEcmUKQZnbk619uREMoS7Pe7MP8JAa6Bqw6BVNGJp26ejMVkomMzGzYpteRuXGGTf"
    },
    "labels": {},
    "payment_requests": {},
    "prevouts_by_scripthash": {},
    "seed_version": 50,
    "spent_outpoints": {},
    "transactions": {},
    "tx_fees": {},
    "txi": {},
    "txo": {},
    "use_encryption": false,
    "verified_tx3": {},
    "wallet_type": "standard"
}