{
    "addr_history": {
        "112j4XkdfZnMgZbmCes7rGoQheHGsPHjcL": [],
        "12gmwWHMuGPy1e5oMfqNFF7Q5aRPyzpr89": [],
        "133EHRzp64n4VRuxd9hVUogTNWjRmeiJJc": [],
        "144twi8wa6rEDzwTcvKDKthAfzf2at1wkU": [],
        "14PADjstjoiVeYquu4n4LqDZfEiDxERBYY": [],
        "155fnM5U9Ub877tt2Fhci6B1tMemcB6CBS": [],
        "15AiD58sJn5yrSxR453imNpH9KQVAAzAEY": [],
        "15MtibJo8T7FbWV86do8zaFAfdUrtPdfq8": [],
        "15VGqkXhXE3D8WoGZ8rWngcEnXoaJX3RQ5": [],
        "15ct6E2jNDC4j6rpWAn3SxahsmxqQamR4V": [],
        "15oU1aNLHdrABfav3XFDo2sfjGR5NyXAdh": [],
        "1664ViQTswZWByqhzG54qMDnu7KJ9LP5fC": [],
        "16hgmvUzTH6ZyjGTNv5DJ1zAB5hBbdidpj": [],
        "1ABTZKWoEUPjfD7dfewf4hveM9L3hq3YeW": [],
        "1AFwwH11wBgYCCmwafjkiy65nHV4ytpgAU": [],
        "1BZjVry26Z2oaDqb6r5wuvU7HifX8n96DS": [],
        "1CZFvkRpRxM7TGMeVemJ9oFfaM6H5GBwiB": [],
        "1CjUehi63MGB9qY8qtwFmeQCJodtg924pZ": [],
        "1DH22aU1s1wda6QAqAQLhTfVryRZgWZgsA": [],
        "1EtSupR6oZy8MLYgD8vhHLyWpSAsDnMKBd": [],
        "1GF9VtifmXHtYdtR4QGsebXXq63aaswWjB": [],
        "1GgjcBtTXEaL1jV4iQvVWzvtBv5TJZbHFY": [],
        "1GyWcFYg1TMkRDE4GqTZZW7hA2sjq2RmQN": [],
        "1HUi7b49ewbG11dawUrN5X9L7h2zJoutPS": [],
        "1K31MsaUjWxYGhVAvSLxbMNnC5QQXMoYEN": [],
        "1K4EDFxyscpTr4P6mmjbmktdwLm5GKVcnD": [],
        "1K6mZmMuecWJoqyPX4vgjwqNN4xtHGpffM": [],
        "1LbZMDthHPKqin9H3FiYEMDrppQWVAspSU": [],
        "1PqaA93Me1MzVxG5uMoALapiBRkNX7rsnY": [],
        "1X56nYtBKasxNgQ9Gen1KiQmCBYcFHLEs": []
    },
    "addresses": {
        "change": [
            "1HUi7b49ewbG11dawUrN5X9L7h2zJoutPS",
            "112j4XkdfZnMgZbmCes7rGoQheHGsPHjcL",
            "144twi8wa6rEDzwTcvKDKthAfzf2at1wkU",
            "133EHRzp64n4VRuxd9hVUogTNWjRmeiJJc",
            "1GyWcFYg1TMkRDE4GqTZZW7hA2sjq2RmQN",
            "14PADjstjoiVeYquu4n4LqDZfEiDxERBYY",
            "1GgjcBtTXEaL1jV4iQvVWzvtBv5TJZbHFY",
            "1LbZMDthHPKqin9H3FiYEMDrppQWVAspSU",
            "1PqaA93Me1MzVxG5uMoALapiBRkNX7rsnY",
            "1CZFvkRpRxM7TGMeVemJ9oFfaM6H5GBwiB"
        ],
        "receiving": [
            "1K6mZmMuecWJoqyPX4vgjwqNN4xtHGpffM",
            "1BZjVry26Z2oaDqb6r5wuvU7HifX8n96DS",
            "15MtibJo8T7FbWV86do8zaFAfdUrtPdfq8",
            "1K31MsaUjWxYGhVAvSLxbMNnC5QQXMoYEN",
            "15ct6E2jNDC4j6rpWAn3SxahsmxqQamR4V",
            "1X56nYtBKasxNgQ9Gen1KiQmCBYcFHLEs",
            "1ABTZKWoEUPjfD7dfewf4hveM9L3hq3YeW",
            "12gmwWHMuGPy1e5oMfqNFF7Q5aRPyzpr89",
            "1GF9VtifmXHtYdtR4QGsebXXq63aaswWjB",
            "15VGqkXhXE3D8WoGZ8rWngcEnXoaJX3RQ5",
            "1AFwwH11wBgYCCmwafjkiy65nHV4ytpgAU",
            "1EtSupR6oZy8MLYgD8vhHLyWpSAsDnMKBd",
            "1DH22aU1s1wda6QAqAQLhTfVryRZgWZgsA",
            "1K4EDFxyscpTr4P6mmjbmktdwLm5GKVcnD",
            "15AiD58sJn5yrSxR453imNpH9KQVAAzAEY",
            "15oU1aNLHdrABfav3XFDo2sfjGR5NyXAdh",
            "155fnM5U9Ub877tt2Fhci6B1tMemcB6CBS",
            "16hgmvUzTH6ZyjGTNv5DJ1zAB5hBbdidpj",
            "1664ViQTswZWByqhzG54qMDnu7KJ9LP5fC",
            "1CjUehi63MGB9qY8qtwFmeQCJodtg924pZ"
        ]
    },
    "fiat_value": {},
    "frozen_coins": {},
    "invoices": {},
    "keystore": {
        "derivation": "m",
        "pw_hash_version": 1,
        "root_fingerprint": "186d72cf",
        "seed": "minor zone pool athlete remain combine garden claw medal settle grace capable",
        "seed_type": "standard",
        "type": "bip32",
        "xprv": "xprv9s21ZrQH143K2nGFjQajdrxa5cUSeGRF5CR2rrYhxT7R3qyK8S4dWkzwz5D3yVnQejBZ3mVznhipz1orkaT8rLGYAefVWauUJc4yRCqZoT5",
        "xpub": "xpub661MyMwAqRbcFGLiqS7jzzuJdeJw3j96SRLdfExKWnePveJTfyNt4ZKRqLYyMMcJgmq7NXjJzos78Q2qThxdMJRHhPjUCA4888YsS4cg1Be"
    },
    "labels": {},
    "payment_requests": {},
    "prevouts_by_scripthash": {},
    "seed_version": 50,
    "spent_outpoints": {},
    "transactions": {},
    "tx_fees": {},
    "txi": {},
    "txo": {},
    "use_encryption": false,
    "verified_tx3": {},
    "wallet_type": "standard"
}