{
    "addr_history": {
        "124NtCdvF7999jTGKQkdQyDvbr5PQB9Bxm": [],
        "12GEmNPw592KVfci7Eb2d8JVtPg96NTnBt": [],
        "12K7zuw1rEY9xnVsFT4xco3x8KYceUu2bW": [],
        "13NtD4UxvCsFfrn9mm8ajTGEphqZYDKQbQ": [],
        "13UZBPJepkG1w6Z9vo59irSmHaJ8LFvTWw": [],
        "14XPFCGzZ6f5hcGo4XB64wkLLzRKyHTE6C": [],
        "14uTsq6NfQJWJDMuDRQC8c79YvzB5kmCy5": [],
        "17zPbtqgEsGMDSV2YZxHcJ8T8oS4ym3F9y": [],
        "18pXgtdeyEKP5AYJ9DroDMm12GotqMY3Ge": [],
        "18y1mzQBvzuMupA1tZXf2xL2LrVSD5inH9": [],
        "19NGnRAtreYQkWBN5o2UUXSnWHyRszT1UD": [],
        "1A9HH4BFVquY1nNj21rRnxatT3dDGZe93t": [],
        "1ACTavCQgqNNETwnbSKnwDxaXZeZtVr4c3": [],
        "1AUEsTB6L6BZfW37fiEhGWPvaX42wrc1Ee": [],
        "1B14FFvK72qY5ozxGo44jPHxfdZbxQf9Q5": [],
        "1B3NmEuKdiN8erVRVUMq96Q9avAVmHUugV": [],
        "1F9v1GXzbdjn3pY1Aqbo2qVhjStmRG9egU": [],
        "1GFT93ekqPuZEuxx5euMC42sSaEXdYFWLt": [],
        "1Gwwajx4ZWwFXtiKuZAz9NQ8d8xj2VsXNT": [],
        "1H7KX468F1cpttkMnivVDPtR4kE1YQmYKS": [],
        "1H8vf3kTSyQDJwt13EaahP692fkZmriUC8": [],
        "1HH2iZ29EAWetpMEEF3LUQPDoeJwMVsG2f": [],
        "1JCeuvbMxgqAfD4GeZ8tKg4SjXHUq783vL": [],
        "1KWNE25fc4wSnR5t5PSVhymvRJdvNwLrXm": [],
        "1Ka3pBHzX3dchrph2c41urkjzY2mCMngfs": [],
        "1LNS9pWnpdoQTzoQ1PPaudcXdkV4FZbcAb": [],
        "1MWDwVr4d5uia46F94GXagq6gi4kUYTup1": [],
        "1NS41Zj2kLYEEKLUERstaic4BT589zdeg2": [],
        "1Q5HK9DUm12w4hhwVTAh57Yd2X55Y5mxBT": [],
        "1cLaT63zAAKLd6C66yD3t2BzuyiZgtGWh": []
    },
    "addresses": {
        "change": [
            "1KWNE25fc4wSnR5t5PSVhymvRJdvNwLrXm",
            "13UZBPJepkG1w6Z9vo59irSmHaJ8LFvTWw",
            "19NGnRAtreYQkWBN5o2UUXSnWHyRszT1UD",
            "1A9HH4BFVquY1nNj21rRnxatT3dDGZe93t",
            "1LNS9pWnpdoQTzoQ1PPaudcXdkV4FZbcAb",
            "1F9v1GXzbdjn3pY1Aqbo2qVhjStmRG9egU",
            "1B14FFvK72qY5ozxGo44jPHxfdZbxQf9Q5",
            "1cLaT63zAAKLd6C66yD3t2BzuyiZgtGWh",
            "1MWDwVr4d5uia46F94GXagq6gi4kUYTup1",
            "1JCeuvbMxgqAfD4GeZ8tKg4SjXHUq783vL"
        ],
        "receiving": [
            "12GEmNPw592KVfci7Eb2d8JVtPg96NTnBt",
            "17zPbtqgEsGMDSV2YZxHcJ8T8oS4ym3F9y",
            "1NS41Zj2kLYEEKLUERstaic4BT589zdeg2",
            "14uTsq6NfQJWJDMuDRQC8c79YvzB5kmCy5",
            "12K7zuw1rEY9xnVsFT4xco3x8KYceUu2bW",
            "1B3NmEuKdiN8erVRVUMq96Q9avAVmHUugV",
            "1H8vf3kTSyQDJwt13EaahP692fkZmriUC8",
            "1HH2iZ29EAWetpMEEF3LUQPDoeJwMVsG2f",
            "124NtCdvF7999jTGKQkdQyDvbr5PQB9Bxm",
            "1AUEsTB6L6BZfW37fiEhGWPvaX42wrc1Ee",
            "13NtD4UxvCsFfrn9mm8ajTGEphqZYDKQbQ",
            "1H7KX468F1cpttkMnivVDPtR4kE1YQmYKS",
            "1Gwwajx4ZWwFXtiKuZAz9NQ8d8xj2VsXNT",
            "1ACTavCQgqNNETwnbSKnwDxaXZeZtVr4c3",
            "18y1mzQBvzuMupA1tZXf2xL2LrVSD5inH9",
            "1GFT93ekqPuZEuxx5euMC42sSaEXdYFWLt",
            "1Ka3pBHzX3dchrph2c41urkjzY2mCMngfs",
            "1Q5HK9DUm12w4hhwVTAh57Yd2X55Y5mxBT",
            "14XPFCGzZ6f5hcGo4XB64wkLLzRKyHTE6C",
            "18pXgtdeyEKP5AYJ9DroDMm12GotqMY3Ge"
        ]
    },
    "fiat_value": {},
    "frozen_coins": {},
    "invoices": {},
    "keystore": {
        "derivation": "m",
        "pw_hash_version": 1,
        "root_fingerprint": "30432aaa",
        "seed": "minor zone pool bamboo remain combine tenant claw medal settle grace capable",
        "seed_type": "standard",
        "type": "bip32",
        "xprv": "xprv9s21ZrQH143K47dER7dxdZghNawGtZD3pjvT35ixo4G1q53wN4xDoTgpNfhHPDLPHBhXErohTMwajF1yhXMjE1E3qAVhKeetw5xmhwML4jk",
        "xpub": "xpub661MyMwAqRbcGbhhX9AxzhdRvcmmJ1vuBxr3qU8aMPnzhsP5ucGUMG1JDvjhwfzChBrhb93xX7FJTJbKsuuHDK2jiVBdZjg3h6FSK6hDuHc"
    },
    "labels": {},
    "payment_requests": {},
    "prevouts_by_scripthash": {},
    "seed_version": 50,
    "spent_outpoints": {},
    "transactions": {},
    "tx_fees": {},
    "txi": {},
    "txo": {},
    "use_encryption": false,
    "verified_tx3": {},
    "wallet_type": "standard"
}