{
    "addr_history": {
        "12bgUiDKdqCTUYJyfyC52i7NEj62CtyapU": [],
        "12ibgq1ANPvkJ5cRf2vVubZmh94N7LrMzq": [],
        "13QUfLYwp89YbVE99nRCm5KQR5XsKXiaF3": [],
        "14Q7pLBmxdSFn2hry3hP2cA8heoJTTtvqx": [],
        "14TBiU7seJTqJ4boyV5ztmRBcTn3V6Fiac": [],
        "17tG5QZheEQid1LPBCv2759YqnKMNRcPUB": [],
        "18JFpZs5DcPn5pQYytPjGXoLpT3HLqLJb3": [],
        "194CLEPRTqTkeUAUTas9Tdy42Ss43Thx3P": [],
        "19u3Z6WQ7uSCXo2yk5GpUp67nKm4eNavkm": [],
        "1A3bNpYKH5Xi1VqbrdwhDtxSQuw2Mo4uX6": [],
        "1A77acFyVVJe5Dz4uoKAtvK3VgXCUPqzo1": [],
        "1C4Vi66KiE8cwojEVL1cbKUKtX58tVtVM8": [],
        "1ESyHRsj7f1HUodq9k3fWsaEsiwxyPohK8": [],
        "1EjB1gbZE4fLHnd5NMehdBkqUBretGSkwk": [],
        "1F4jDeRRFGTtvwKZg4dbEHZFQpXGK8eRiv": [],
        "1FXYEuKBCQLvdz4x467Vf54UZB4nA8JTti": [],
        "1FyvvM3zHEW9Wsr9XBukUvwmY5vz18e6gR": [],
        "1Gq4wjEnXkP8d8AAm3DNsFx4vCF7b6KsZs": [],
        "1HGpxgxtSi4aupTzYsDE9PVWSh25oKXNtp": [],
        "1KLK5vuvevj1KSD3dnLisNEfCwR5XoCQRJ": [],
        "1KbGYvHqvdjJpXNXphNDYKpzLr3QMs2WZ7": [],
        "1LT6yE9X4vFH12yPqiqmWY9H5MheQKL9DD": [],
        "1LzncVjccjcAPdJGebL1BfbEe5DHEfHkBd": [],
        "1MLxeUn9XdKpBYgBrGTDNrPKZwyJ2o7VHt": [],
        "1NRf3HgXxsZXYQnruVdEMr1GzW7tuGM3kY": [],
        "1NWk7ECqfy4sZskEeakBW79hTTi3vaSN71": [],
        "1NXrSHBhH98jNCufALUtZ34BaRKQpHXRgW": [],
        "1PgyBG5KSUNVCh9Mt3tfFASx8xBiFj1mJA": [],
        "1PmQZAhCr2PGGjszV537ZzRMbBJeRmFkNg": [],
        "1Ps362LBGS4d5C2zK883i2ugK4Wuj97DM9": []
    },
    "addresses": {
        "change": [
            "1EjB1gbZE4fLHnd5NMehdBkqUBretGSkwk",
            "1Ps362LBGS4d5C2zK883i2ugK4Wuj97DM9",
            "1PmQZAhCr2PGGjszV537ZzRMbBJeRmFkNg",
            "1A77acFyVVJe5Dz4uoKAtvK3VgXCUPqzo1",
            "1A3bNpYKH5Xi1VqbrdwhDtxSQuw2Mo4uX6",
            "1F4jDeRRFGTtvwKZg4dbEHZFQpXGK8eRiv",
            "1NWk7ECqfy4sZskEeakBW79hTTi3vaSN71",
            "1Gq4wjEnXkP8d8AAm3DNsFx4vCF7b6KsZs",
            "1HGpxgxtSi4aupTzYsDE9PVWSh25oKXNtp",
            "14TBiU7seJTqJ4boyV5ztmRBcTn3V6Fiac"
        ],
        "receiving": [
            "13QUfLYwp89YbVE99nRCm5KQR5XsKXiaF3",
            "1ESyHRsj7f1HUodq9k3fWsaEsiwxyPohK8",
            "12ibgq1ANPvkJ5cRf2vVubZmh94N7LrMzq",
            "1LzncVjccjcAPdJGebL1BfbEe5DHEfHkBd",
            "19u3Z6WQ7uSCXo2yk5GpUp67nKm4eNavkm",
            "1FXYEuKBCQLvdz4x467Vf54UZB4nA8JTti",
            "18JFpZs5DcPn5pQYytPjGXoLpT3HLqLJb3",
            "1NRf3HgXxsZXYQnruVdEMr1GzW7tuGM3kY",
            "1FyvvM3zHEW9Wsr9XBukUvwmY5vz18e6gR",
            "1PgyBG5KSUNVCh9Mt3tfFASx8xBiFj1mJA",
            "1C4Vi66KiE8cwojEVL1cbKUKtX58tVtVM8",
            "1NXrSHBhH98jNCufALUtZ34BaRKQpHXRgW",
            "194CLEPRTqTkeUAUTas9Tdy42Ss43Thx3P",
            "1KLK5vuvevj1KSD3dnLisNEfCwR5XoCQRJ",
            "14Q7pLBmxdSFn2hry3hP2cA8heoJTTtvqx",
            "1KbGYvHqvdjJpXNXphNDYKpzLr3QMs2WZ7",
            "1MLxeUn9XdKpBYgBrGTDNrPKZwyJ2o7VHt",
            "17tG5QZheEQid1LPBCv2759YqnKMNRcPUB",
            "1LT6yE9X4vFH12yPqiqmWY9H5MheQKL9DD",
            "12bgUiDKdqCTUYJyfyC52i7NEj62CtyapU"
        ]
    },
    "fiat_value": {},
    "frozen_coins": {},
    "invoices": {},
    "keystore": {
        "derivation": "m",
        "pw_hash_version": 1,
        "root_fingerprint": "34c1dd58",
        "seed": "minor zone pool add remain combine impact claw medal settle grace capable",
        "seed_type": "standard",
        "type": "bip32",
        "xprv": "xprv9s21ZrQH143K3uVBYswyvGzJ5U34F2QwB1WwYgupQ3bFiSugQs8vwhd6q74JuuWzExtgxKK6YdSQ3c6se2Cw2dfLYE9yLZRVrQWoZ1FakFS",
        "xpub": "xpub661MyMwAqRbcGPZeeuUzHQw2dVsYeV8nYESYM5KRxP8EbFEpxQTBVVwagLhvQF2GyaVV4ZzCntoCSSYexF6gGZBiHezDe8wmNmcxGfRhkXW"
    },
    "labels": {},
    "payment_requests": {},
    "prevouts_by_scripthash": {},
    "seed_version": 50,
    "spent_outpoints": {},
    "transactions": {},
    "tx_fees": {},
    "txi": {},
    "txo": {},
    "use_encryption": false,
    "verified_tx3": {},
    "wallet_type": "standard"
}