{
    "addr_history": {
        "12HnLyicynUQxJjta61MEXHQV5SV7m4BQd": [],
        "133BiubrAfpuVStSsCQtgWRGrEWGpQzu7o": [],
        "13eDHqLZTKwc4iAzU8ppy9vfQhmzaQx5DA": [],
        "18EzX654tdhSpoms5mVL6vgittAsbWmNfr": [],
        "18GamzKeF9Wc84uX2eGpj87a2FWEgKDKE1": [],
        "18z8RiDwzHUWNWzeeoUu2xnqYAPCvk5bcs": [],
        "19K5GdTVuRwzyr5Jy7tfhhWNkQKQkBxwAh": [],
        "1Bvo7dyuK2zNuBs82yY29iS1rFmjXt7wDe": [],
        "1C6R8eY8P5FWaV2ptTZh1Zfg3ibfARWufy": [],
        "1DwqKEennaTfyTNLQvbP5mdbKrGJ3NSVyF": [],
        "1EHjkQ3UiRrBNJoWoXU4if3WtDBQc372pm": [],
        "1EwHb5Y3RCDRdWg7TAD2pArFhvs4cAyVSB": [],
        "1FRuFCn1G281UGCp41nwYFHF3aRK7LrhCQ": [],
        "1FnzowWc5roCNoiyicTnRJcUpyJZGHXLUu": [],
        "1FprZjoYpfmQkjJwbqVxr4FVyKMraJLvrr": [],
        "1GAVd55BCJF2tBsSpgFPaGpBLrAh8i6WyW": [],
        "1GD8FWCf3ddDehbNUoA6wCGZbbQ2xBg86v": [],
        "1HqEC3yt3uCm9sRdLYb5tBEP9keXdhHZLe": [],
        "1JTSHXpi7mSdGGGD869okABLKbijZPKYPw": [],
        "1Jxsd5955nevbm6vS6BYvatwKdNqbS7LpD": [],
        "1KDmD2j69xyBQevAZru2rpqtsCD7cpgKfo": [],
        "1LCPwFci6AU8ap4uGTpzttLYKm8FrbuCk6": [],
        "1LUtT7VDGXpUvK4C8XcWsM5iSVg1W1oe6b": [],
        "1LtQYo1PVnyQdwg7t6TpSWkEmk9yMbyqRE": [],
        "1MUasLqHJjeu71ZDV4HDMWai3q6kSRKFx7": [],
        "1P8yoiz2Q6WvAciGDWw1py1DpxHM2Fy8xm": [],
        "1PTdZZSFERDnbY7zDc9tv7wLzPuwLGiNrU": [],
        "1Ppv3EtnWqqyMaVvvzrMr3JGV9CQFkJeFt": [],
        "1Pr9VzDHX7XBoBWX3Aym53Xwecw72xhfRn": [],
        "1RhW6QEsex2exieS3ksFBwWz46SheuEGR": []
    },
    "addresses": {
        "change": [
            "12HnLyicynUQxJjta61MEXHQV5SV7m4BQd",
            "1EwHb5Y3RCDRdWg7TAD2pArFhvs4cAyVSB",
            "1Bvo7dyuK2zNuBs82yY29iS1rFmjXt7wDe",
            "1RhW6QEsex2exieS3ksFBwWz46SheuEGR",
            "1DwqKEennaTfyTNLQvbP5mdbKrGJ3NSVyF",
            "18z8RiDwzHUWNWzeeoUu2xnqYAPCvk5bcs",
            "1PTdZZSFERDnbY7zDc9tv7wLzPuwLGiNrU",
            "1HqEC3yt3uCm9sRdLYb5tBEP9keXdhHZLe",
            "1Pr9VzDHX7XBoBWX3Aym53Xwecw72xhfRn",
            "1C6R8eY8P5FWaV2ptTZh1Zfg3ibfARWufy"
        ],
        "receiving": [
            "1FprZjoYpfmQkjJwbqVxr4FVyKMraJLvrr",
            "1KDmD2j69xyBQevAZru2rpqtsCD7cpgKfo",
            "1GD8FWCf3ddDehbNUoA6wCGZbbQ2xBg86v",
            "1P8yoiz2Q6WvAciGDWw1py1DpxHM2Fy8xm",
            "1LCPwFci6AU8ap4uGTpzttLYKm8FrbuCk6",
            "18EzX654tdhSpoms5mVL6vgittAsbWmNfr",
            "1EHjkQ3UiRrBNJoWoXU4if3WtDBQc372pm",
            "1JTSHXpi7mSdGGGD869okABLKbijZPKYPw",
            "1LtQYo1PVnyQdwg7t6TpSWkEmk9yMbyqRE",
            "18GamzKeF9Wc84uX2eGpj87a2FWEgKDKE1",
            "1Ppv3EtnWqqyMaVvvzrMr3JGV9CQFkJeFt",
            "1MUasLqHJjeu71ZDV4HDMWai3q6kSRKFx7",
            "1GAVd55BCJF2tBsSpgFPaGpBLrAh8i6WyW",
            "1Jxsd5955nevbm6vS6BYvatwKdNqbS7LpD",
            "1FRuFCn1G281UGCp41nwYFHF3aRK7LrhCQ",
            "13eDHqLZTKwc4iAzU8ppy9vfQhmzaQx5DA",
            "19K5GdTVuRwzyr5Jy7tfhhWNkQKQkBxwAh",
            "133BiubrAfpuVStSsCQtgWRGrEWGpQzu7o",
            "1LUtT7VDGXpUvK4C8XcWsM5iSVg1W1oe6b",
            "1FnzowWc5roCNoiyicTnRJcUpyJZGHXLUu"
        ]
    },
    "fiat_value": {},
    "frozen_coins": {},
    "invoices": {},
    "keystore": {
        "derivation": "m",
        "pw_hash_version": 1,
        "root_fingerprint": "dcdf13d6",
        "seed": "minor zone pool arrive remain combine shoot claw medal settle grace capable",
        "seed_type": "standard",
        "type": "bip32",
        "xprv": "xprv9s21ZrQH143K4PsQMdigjvEPkPr5s9K74kSCmUz5v17YRznJe4vMeqeUDeSH6iQ7Wffkk78KM4gxmefw28eNazcTn4HJc4rEqXDAfuzE92C",
        "xpub": "xpub661MyMwAqRbcGswsTfFh74B8JRgaGc2xRyMoZsPhULeXJo7TBcEcCdxx4uygfAitJ3KegDTV4Gn9PZVmmDhPxAu26Lv6PSbfCCkcjExapVD"
    },
    "labels": {},
    "payment_requests": {},
    "prevouts_by_scripthash": {},
    "seed_version": 50,
    "spent_outpoints": {},
    "transactions": {},
    "tx_fees": {},
    "txi": {},
    "txo": {},
    "use_encryption": false,
    "verified_tx3": {},
    "wallet_type": "standard"
}