{
    "addr_history": {
        "128dd37ojQKWsTNWybytgYp4ycDu2uxZME": [],
        "12UZhf57hAtv2xPnU749PEoEu6tMFt3aUd": [],
        "12Wx7FR32sGX5Q2rmvdPAx7oPagVa3GaqM": [],
        "13Ju7xKpkZTJdPUWehsmKVTPSfoWyYAFY4": [],
        "14A5qN7ZYcozSAkKKUuQqmLAK6wgM9QA5D": [],
        "14htEkc8vx1qnZ9smweQm9jLP3kUEnZPsp": [],
        "14vEQchCuXJDrrdJ8PiCg91H4NPJwbrfnF": [],
        "15A2stiphDgQh3v7MSWGXhRZro2uoMhkSj": [],
        "15avwVSt8oqZcX6g7RJj5BHeGabZfJHzRD": [],
        "163fbU1xiAPDFTCTVz7eQyy4ei7AecVwoe": [],
        "16wPKFQLqrQZow82j2PQ5BSW26nHZ71rDd": [],
        "16zx5aTw5Ym5pQKjKj5mHTD1nQafdBMf8f": [],
        "17Gj238fTMzLqzTvDfXruVYruVEJcwDs15": [],
        "18QeZenRhjQCWGbu3EWMhDzjCpsGWcgLnq": [],
        "18gMtTAbwMrLpmAErdTgU8dM6GmSUnMRAR": [],
        "19C4Ei9xUT4m9RTQ77JXUL97V77TmoL6EC": [],
        "19G6mciTZLhBzjc7M9bQ7Fbtcs5346mPa6": [],
        "1ACfLLjChajLymWZ22JdfDZBQb1cQkryia": [],
        "1BGgnfUcJZqxDi647LbVhCToBXd4XgLhTA": [],
        "1BjiCCn7d6ResM7sEQsj6WYEE8nDKCNKFK": [],
        "1By4wyMXvFw9HZqfGyUNfdb6nVoEAa42b3": [],
        "1CJ2y8Suumq2jtbjJbuLPcgxhAqzTBhhAX": [],
        "1JGfDonCNiRjewB6tDMCzdrWZ5iQLkhKQ2": [],
        "1JSWdj1HjHcDPyt3ipAMoz5vGm8AS9nXE2": [],
        "1KaoKi1k3iaETHx6mapugK4AtQgx1ZVFBv": [],
        "1KcZfSXHsnaoe2GccftQNXYB2G8RQnTTdq": [],
        "1MmyBPiMdV3EZkgjfRP1JyXugGPgsnTWtd": [],
        "1NBQksAQ4E6uNC56aW6k6hDaC4BunLRSmC": [],
        "1Pw6hxuiFbqEc3AfkufSZrY1XVKBzZEhjJ": [],
        "1QCwrEX7ZF8WjygNwhteGaoQgnGxGnbNaT": []
    },
    "addresses": {
        "change": [
            "1BjiCCn7d6ResM7sEQsj6WYEE8nDKCNKFK",
            "1CJ2y8Suumq2jtbjJbuLPcgxhAqzTBhhAX",
            "15A2stiphDgQh3v7MSWGXhRZro2uoMhkSj",
            "1JGfDonCNiRjewB6tDMCzdrWZ5iQLkhKQ2",
            "1BGgnfUcJZqxDi647LbVhCToBXd4XgLhTA",
            "17Gj238fTMzLqzTvDfXruVYruVEJcwDs15",
            "1JSWdj1HjHcDPyt3ipAMoz5vGm8AS9nXE2",
            "1KaoKi1k3iaETHx6mapugK4AtQgx1ZVFBv",
            "14A5qN7ZYcozSAkKKUuQqmLAK6wgM9QA5D",
            "14htEkc8vx1qnZ9smweQm9jLP3kUEnZPsp"
        ],
        "receiving": [
            "19G6mciTZLhBzjc7M9bQ7Fbtcs5346mPa6",
            "12UZhf57hAtv2xPnU749PEoEu6tMFt3aUd",
            "1KcZfSXHsnaoe2GccftQNXYB2G8RQnTTdq",
            "1QCwrEX7ZF8WjygNwhteGaoQgnGxGnbNaT",
            "1MmyBPiMdV3EZkgjfRP1JyXugGPgsnTWtd",
            "1Pw6hxuiFbqEc3AfkufSZrY1XVKBzZEhjJ",
            "18gMtTAbwMrLpmAErdTgU8dM6GmSUnMRAR",
            "14vEQchCuXJDrrdJ8PiCg91H4NPJwbrfnF",
            "1NBQksAQ4E6uNC56aW6k6hDaC4BunLRSmC",
            "163fbU1xiAPDFTCTVz7eQyy4ei7AecVwoe",
            "16zx5aTw5Ym5pQKjKj5mHTD1nQafdBMf8f",
            "1By4wyMXvFw9HZqfGyUNfdb6nVoEAa42b3",
            "15avwVSt8oqZcX6g7RJj5BHeGabZfJHzRD",
            "1ACfLLjChajLymWZ22JdfDZBQb1cQkryia",
            "12Wx7FR32sGX5Q2rmvdPAx7oPagVa3GaqM",
            "16wPKFQLqrQZow82j2PQ5BSW26nHZ71rDd",
            "19C4Ei9xUT4m9RTQ77JXUL97V77TmoL6EC",
            "13Ju7xKpkZTJdPUWehsmKVTPSfoWyYAFY4",
            "128dd37ojQKWsTNWybytgYp4ycDu2uxZME",
            "18QeZenRhjQCWGbu3EWMhDzjCpsGWcgLnq"
        ]
    },
    "fiat_value": {},
    "frozen_coins": {},
    "invoices": {},
    "keystore": {
        "derivation": "m",
        "pw_hash_version": 1,
        "root_fingerprint": "abb2afa9",
        "seed": "minor zone pool anxiety remain combine balcony claw medal settle grace capable",
        "seed_type": "standard",
        "type": "bip32",
        "xprv": "xprv9s21ZrQH143K4KyfuhqxcZpx5uvqnShm1stAE5vxKE8bT1fxtkJJdw1cefTiU7gLFST44BND8GV6mBo3UsNfeZTmNmNz2pGYmvmXRKt648z",
        "xpub": "xpub661MyMwAqRbcGp491jNxyhmgdwmLBuRcP6om2ULZsZfaKp17SHcZBjL6Vx1YJeQYMCEenz8aPNH9CUfibQW6rJs9SnkmeCFeavgV1KnNTcm"
    },
    "labels": {},
    "payment_requests": {},
    "prevouts_by_scripthash": {},
    "seed_version": 50,
    "spent_outpoints": {},
    "transactions": {},
    "tx_fees": {},
    "txi": {},
    "txo": {},
    "use_encryption": false,
    "verified_tx3": {},
    "wallet_type": "standard"
}