{
    "addr_history": {
        "122tr5mutTkmq9fJVM1PmjXUe7KiCieq1Z": [],
        "12KoT2qhCzzXUyxHzCQ6S8NCEBFXEoFei8": [],
        "14SZDFzWC27zAhGuBPsZJ6kXusw5g2n9Wx": [],
        "14Sah98qTNVQmBiaweuZhkqzxx6dYg9uZL": [],
        "14WGXnyYP6YJsBh9ati66PkJcViXMjDhJP": [],
        "151DrimPe3HXKBahtt4bj7Ev1LMg1mYNxE": [],
        "15o9M9UX1XYm81Y49BvwmF2S2t83ebmigG": [],
        "164oR8pZeYdjBaRBwj4PLFUx9HcqnNEc1p": [],
        "16uMteTHak3NC2MMozzy9vxAT2rdnkuoFQ": [],
        "174Mp2QK1gauoab8FD9KcsjYqybWzVsZDS": [],
        "18NhzwqsoBpCSeQLPYbJeAiBTiwKb1rWnW": [],
        "18irPcP9nC52LSf5PFN8TefuYNerixfday": [],
        "18zmVzu86sXMzYRhmAei3U7Nt1DGUpvGu2": [],
        "19xNiSEiu7955x7yHvN5YHmMnDbVDue5a2": [],
        "1A2wREniXySy2xVgLfAAEN1ZUU6zQBQuER": [],
        "1Aw7GfHf7RW35FDhJCGYZWSm4De1wGT6yV": [],
        "1B1jw98VHRi55NUY8Cp7ZL6DxQCQoq4nHu": [],
        "1B5zrX5zMiM5858YsK68Hn9XbES4N3yqPZ": [],
        "1Bc7nNAa53Ln4iBmiZCtnrPyvxhWU3b8Vj": [],
        "1CeazzZrjAKVy2HmAQ1fj4MFmHDhfmDsoz": [],
        "1D6PKt8gfdzm8UW5jJmGbzVZP38s2NTWRd": [],
        "1EkzcR3WZq2xA65g7eSztkteH4PAE38fig": [],
        "1FugruRJbcHNBa4hwh7EYtKAQTn92vEsko": [],
        "1GCKoAokPU5UZNbcVPZZk24Aiaucv3Kqm7": [],
        "1Gje9A229kK48vEhL4yEVWVZWG5t1vxtN5": [],
        "1K5tG7o4EdHjixBT3M5LvaK7wkWzeXsW5u": [],
        "1L9hfTbYvqCZq6j9dxyXY6AbbWF1LJRm7p": [],
        "1LWPzsFQVL6Evuq6CmCtXD1rKz67PeL65": [],
        "1MsMGK6Ujc3C6oTbkZh5Yn55JzmHxCaEUM": [],
        "1Pv9Z9f4AcfM31XR5Uh1JJovigk522XycH": []
    },
    "addresses": {
        "change": [
            "164oR8pZeYdjBaRBwj4PLFUx9HcqnNEc1p",
            "151DrimPe3HXKBahtt4bj7Ev1LMg1mYNxE",
            "1Bc7nNAa53Ln4iBmiZCtnrPyvxhWU3b8Vj",
            "1GCKoAokPU5UZNbcVPZZk24Aiaucv3Kqm7",
            "1A2wREniXySy2xVgLfAAEN1ZUU6zQBQuER",
            "1Gje9A229kK48vEhL4yEVWVZWG5t1vxtN5",
            "14SZDFzWC27zAhGuBPsZJ6kXusw5g2n9Wx",
            "1L9hfTbYvqCZq6j9dxyXY6AbbWF1LJRm7p",
            "18NhzwqsoBpCSeQLPYbJeAiBTiwKb1rWnW",
            "1EkzcR3WZq2xA65g7eSztkteH4PAE38fig"
        ],
        "receiving": [
            "19xNiSEiu7955x7yHvN5YHmMnDbVDue5a2",
            "1B1jw98VHRi55NUY8Cp7ZL6DxQCQoq4nHu",
            "14WGXnyYP6YJsBh9ati66PkJcViXMjDhJP",
            "1CeazzZrjAKVy2HmAQ1fj4MFmHDhfmDsoz",
            "15o9M9UX1XYm81Y49BvwmF2S2t83ebmigG",
            "14Sah98qTNVQmBiaweuZhkqzxx6dYg9uZL",
            "1MsMGK6Ujc3C6oTbkZh5Yn55JzmHxCaEUM",
            "1FugruRJbcHNBa4hwh7EYtKAQTn92vEsko",
            "1Pv9Z9f4AcfM31XR5Uh1JJovigk522XycH",
            "1D6PKt8gfdzm8UW5jJmGbzVZP38s2NTWRd",
            "16uMteTHak3NC2MMozzy9vxAT2rdnkuoFQ",
            "18zmVzu86sXMzYRhmAei3U7Nt1DGUpvGu2",
            "12KoT2qhCzzXUyxHzCQ6S8NCEBFXEoFei8",
            "122tr5mutTkmq9fJVM1PmjXUe7KiCieq1Z",
            "18irPcP9nC52LSf5PFN8TefuYNerixfday",
            "174Mp2QK1gauoab8FD9KcsjYqybWzVsZDS",
            "1K5tG7o4EdHjixBT3M5LvaK7wkWzeXsW5u",
            "1Aw7GfHf7RW35FDhJCGYZWSm4De1wGT6yV",
            "1B5zrX5zMiM5858YsK68Hn9XbES4N3yqPZ",
            "1LWPzsFQVL6Evuq6CmCtXD1rKz67PeL65"
        ]
    },
    "fiat_value": {},
    "frozen_coins": {},
    "invoices": {},
    "keystore": {
        "derivation": "m",
        "pw_hash_version": 1,
        "root_fingerprint": "2f25f204",
        "seed": "minor zone pool arrest remain combine exhibit claw medal settle grace capable",
        "seed_type": "standard",
        "type": "bip32",
        "xprv": "xprv9s21ZrQH143K3jrVqUQsSnauWnMxwsq6hEEN3UKU4Nhp5293w99pWL8h175MfN8hBmQnuqiEsGqXMCUMVSiYuVXxmkF831PFwBbJgJak5HT",
        "xpub": "xpub661MyMwAqRbcGDvxwVwsovXe4pCTMLYx4T9xqrj5ciEnwpUCUgU548TArQbMBYKZNBz9FdZerWdZKet7GA4sjPn1K3ahr8DnMmVWt4mprCr"
    },
    "labels": {},
    "payment_requests": {},
    "prevouts_by_scripthash": {},
    "seed_version": 50,
    "spent_outpoints": {},
    "transactions": {},
    "tx_fees": {},
    "txi": {},
    "txo": {},
    "use_encryption": false,
    "verified_tx3": {},
    "wallet_type": "standard"
}