{
    "addr_history": {
        "13tgE6XqhVu95PAw35JQQKgL7bkN7pB3e3": [],
        "153DRGPqauhzsGuHnjaJkKbYSahzUEEecM": [],
        "15JP3mGMQT58N9j4EQPdZ8L45997ZM4Ghj": [],
        "16Y47RKwSZYSXcKjaxMUUmauhs6Jn7tYrL": [],
        "16qNrBRJEQrd2NrkUt8auC58mJSRGefVtu": [],
        "17FFPYKYgGsGDKbqprakXbY9uvFH6E5uoR": [],
        "17cRMoV5UCi4GCXU1RoTvggYGG9BcwUc7q": [],
        "18JPeanJoKme328uwGybnDUvygvYH3VYeq": [],
        "1951cuaFneR9GbUY1hhcQFjtivXeaVjvtd": [],
        "1989b5gbMeV7qMukDxhSkxgdmmJK59ZhDa": [],
        "19PCEmNPDySJt6Qiy5CBwNP5K4N7bq1ZYg": [],
        "1BSGJ3H9YzUbaB4Z9MmmcdxZg3PVpetDCP": [],
        "1Bn5e92RVdJn5BvrFxhxijX86t6PDQQkmj": [],
        "1DFz2835dpivg3awPkh29i2woa9U25QD9v": [],
        "1Dba8s6gVm2bVzhXUgUzZ4vvCX4CRW8bTY": [],
        "1DcU6W2Qc7TqoxdaToYvGK8vi3rqb2jmf4": [],
        "1EHBGPaZtUgDWcA1cJRwTWWhQRekyhHdj": [],
        "1EgmtVcw6Cj88zkCmfJQLauzK22dtUhwNg": [],
        "1Epjxo5o9cfF2u5LiPt5GwTgMZ9i9okRV4": [],
        "1G1YmeTBkSfMCqQtwmbB4z8KvXinNWhNc4": [],
        "1H8xHwJ4qKQKhkn2tS6KE3CotG5ueJvKUb": [],
        "1HhUBUeDvC1CY1SgoCtNj6Yif2vmEdq3vu": [],
        "1Jdap3ECJrv96X8ynVmUgpEoFMZVhgpqr2": [],
        "1JjgBv6ngcPmU2rwVEKEFXCBSM9irFKWH": [],
        "1K8ptYWbWq7c9uFwJPKdmntv7PaStKBXRa": [],
        "1KWkFJepwfH8pZN47Kz6NwgsdshT3sGFKz": [],
        "1KqeaPWBYqssg7acVmw4GgCfXmCDmteWfX": [],
        "1LNaLwon3JxgHSvytR6foqqeFty2dHy3Bq": [],
        "1NHMXnmqaMnnw4qxRXG3832iAe1shw5B3Q": [],
        "1Q6CbNrsaAd62mvrXgFSbeUCtoYa312zBn": []
    },
    "addresses": {
        "change": [
            "13tgE6XqhVu95PAw35JQQKgL7bkN7pB3e3",
            "153DRGPqauhzsGuHnjaJkKbYSahzUEEecM",
            "1989b5gbMeV7qMukDxhSkxgdmmJK59ZhDa",
            "17FFPYKYgGsGDKbqprakXbY9uvFH6E5uoR",
            "1Dba8s6gVm2bVzhXUgUzZ4vvCX4CRW8bTY",
            "19PCEmNPDySJt6Qiy5CBwNP5K4N7bq1ZYg",
            "1LNaLwon3JxgHSvytR6foqqeFty2dHy3Bq",
            "1KqeaPWBYqssg7acVmw4GgCfXmCDmteWfX",
            "1DFz2835dpivg3awPkh29i2woa9U25QD9v",
            "1Epjxo5o9cfF2u5LiPt5GwTgMZ9i9okRV4"
        ],
        "receiving": [
            "1HhUBUeDvC1CY1SgoCtNj6Yif2vmEdq3vu",
            "1K8ptYWbWq7c9uFwJPKdmntv7PaStKBXRa",
            "1BSGJ3H9YzUbaB4Z9MmmcdxZg3PVpetDCP",
            "1G1YmeTBkSfMCqQtwmbB4z8KvXinNWhNc4",
            "1EHBGPaZtUgDWcA1cJRwTWWhQRekyhHdj",
            "18JPeanJoKme328uwGybnDUvygvYH3VYeq",
            "16Y47RKwSZYSXcKjaxMUUmauhs6Jn7tYrL",
            "1NHMXnmqaMnnw4qxRXG3832iAe1shw5B3Q",
            "15JP3mGMQT58N9j4EQPdZ8L45997ZM4Ghj",
            "1H8xHwJ4qKQKhkn2tS6KE3CotG5ueJvKUb",
            "1Q6CbNrsaAd62mvrXgFSbeUCtoYa312zBn",
            "1951cuaFneR9GbUY1hhcQFjtivXeaVjvtd",
            "1DcU6W2Qc7TqoxdaToYvGK8vi3rqb2jmf4",
            "1EgmtVcw6Cj88zkCmfJQLauzK22dtUhwNg",
            "1Jdap3ECJrv96X8ynVmUgpEoFMZVhgpqr2",
            "17cRMoV5UCi4GCXU1RoTvggYGG9BcwUc7q",
            "16qNrBRJEQrd2NrkUt8auC58mJSRGefVtu",
            "1Bn5e92RVdJn5BvrFxhxijX86t6PDQQkmj",
            "1JjgBv6ngcPmU2rwVEKEFXCBSM9irFKWH",
            "1KWkFJepwfH8pZN47Kz6NwgsdshT3sGFKz"
        ]
    },
    "fiat_value": {},
    "frozen_coins": {},
    "invoices": {},
    "keystore": {
        "derivation": "m",
        "pw_hash_version": 1,
        "root_fingerprint": "08de54f9",
        "seed": "minor zone pool advice remain combine diagram claw medal settle grace capable",
        "seed_type": "standard",
        "type": "bip32",
        "xprv": "xprv9s21ZrQH143K3RH12UG1nkJnA8kAXqr5zsLQ1JcuvuDzxSHqmqQjCzUWyeybx7g5uAks7Aaf9VCsJSLU7UYU4QtBgAsxJfBMr1SpCnyvnqg",
        "xpub": "xpub661MyMwAqRbcFuMU8Vo29tFWiAaewJZwN6Fzoh2XVEkyqEczKNiyknnzpxdPhP7vJQd9Fi6zgsLA8bJkcqLHkyVVSvkqZNU11Bgm1rkUU4g"
    },
    "labels": {},
    "payment_requests": {},
    "prevouts_by_scripthash": {},
    "seed_version": 50,
    "spent_outpoints": {},
    "transactions": {},
    "tx_fees": {},
    "txi": {},
    "txo": {},
    "use_encryption": false,
    "verified_tx3": {},
    "wallet_type": "standard"
}