{
    "addr_history": {
        "15NFj6yKNXmJVDDJ63DGaSmjiEhji5aHZD": [],
        "15fzv9w1z2HWFcpAzWfSyDrmzCHJisXKcd": [],
        "15oKs9LjtD1bwKp36HcAtASp7sMsJ1wcec": [],
        "16bpUTNAcswiC5tZGHv5hfQex2eHg4D9V5": [],
        "188dbsQF28oRg5B32dApUogpXE6xJiKPXL": [],
        "18AgpWS1zS7vbERdsv88dw2Y7UtLHKYqRa": [],
        "1A91veDzGsivsScQpmU33xhqZYfr4tKu8P": [],
        "1AL9tGTvNaT9Gs9KqqxbFFHS4opvf5XBKJ": [],
        "1Bd1z8kphKHZPTm3wuWLELcGXM8ZGXRHKF": [],
        "1BkstcV4fLGH6sprWE6FsNzuvjQ6dtaUG1": [],
        "1CXmWQRMfKH3FbuX2NF9tcf6JHnt4zmL1o": [],
        "1CumUTcGWQLEdRNrahJhwKkU9Y5hezJ3nK": [],
        "1E4PKJP5hiUmEyrcMvweUrBevJ9SshTkg8": [],
        "1Ei6BxNjZDHiDyTpGXxzkd1VBge7YoCDg6": [],
        "1En2nfVkF3z8BiReKyAdsBJxPk9LPTwdfs": [],
        "1FEDLhWNgY18yofQNjf274zcg3oio2tw2o": [],
        "1Fgv6CcQVUHC69TUZXKPpGjnamKYvBXG64": [],
        "1GwSXLYwuRbhV4qtezUqrfRYDfs2rvBmWc": [],
        "1HzCnMhHTDtcav4QVRZP8vdP5B65mvHHCm": [],
        "1J4YmGLSU3JTUd79ZYPkfYyoeeAWSZV1q3": [],
        "1JiUuaCE1vJ3gKKZmVerPJs83bbnJgGpcg": [],
        "1JjqHoadcmBvK5pXA5SVZqfJCLoNXcWmUt": [],
        "1JpkKxxmrVL2vtJimXoCPvjfR1kE13vApU": [],
        "1LZaPQKGxo452mc2zqYw6KbC77HCwXCgcE": [],
        "1LfKc7dbg3xnQbWtWDQJ1iKemwWcRmeRaX": [],
        "1MAeibMuL1MmCGRn6PKyLHhCfVkhspPDW9": [],
        "1Mn2tpNks7RK2ZPvEmgixf3Ygr5bUKRZhB": [],
        "1NBkfDGp6tDppihdqw6VRLpVzqRuKK7Dz": [],
        "1NTynEBnxCN6bfpbCKG7bszsMR17tASPAv": [],
        "1PTcn9uSqZ69C1uwFwbskV6TjwL1DG1Wiv": []
    },
    "addresses": {
        "change": [
            "1GwSXLYwuRbhV4qtezUqrfRYDfs2rvBmWc",
            "15fzv9w1z2HWFcpAzWfSyDrmzCHJisXKcd",
            "1Mn2tpNks7RK2ZPvEmgixf3Ygr5bUKRZhB",
            "1MAeibMuL1MmCGRn6PKyLHhCfVkhspPDW9",
            "16bpUTNAcswiC5tZGHv5hfQex2eHg4D9V5",
            "15NFj6yKNXmJVDDJ63DGaSmjiEhji5aHZD",
            "1A91veDzGsivsScQpmU33xhqZYfr4tKu8P",
            "1Ei6BxNjZDHiDyTpGXxzkd1VBge7YoCDg6",
            "1J4YmGLSU3JTUd79ZYPkfYyoeeAWSZV1q3",
            "188dbsQF28oRg5B32dApUogpXE6xJiKPXL"
        ],
        "receiving": [
            "1JjqHoadcmBvK5pXA5SVZqfJCLoNXcWmUt",
            "1LZaPQKGxo452mc2zqYw6KbC77HCwXCgcE",
            "1Fgv6CcQVUHC69TUZXKPpGjnamKYvBXG64",
            "1JiUuaCE1vJ3gKKZmVerPJs83bbnJgGpcg",
            "1AL9tGTvNaT9Gs9KqqxbFFHS4opvf5XBKJ",
            "1CumUTcGWQLEdRNrahJhwKkU9Y5hezJ3nK",
            "1E4PKJP5hiUmEyrcMvweUrBevJ9SshTkg8",
            "1Bd1z8kphKHZPTm3wuWLELcGXM8ZGXRHKF",
            "1HzCnMhHTDtcav4QVRZP8vdP5B65mvHHCm",
            "1NTynEBnxCN6bfpbCKG7bszsMR17tASPAv",
            "1JpkKxxmrVL2vtJimXoCPvjfR1kE13vApU",
            "15oKs9LjtD1bwKp36HcAtASp7sMsJ1wcec",
            "1NBkfDGp6tDppihdqw6VRLpVzqRuKK7Dz",
            "1En2nfVkF3z8BiReKyAdsBJxPk9LPTwdfs",
            "1LfKc7dbg3xnQbWtWDQJ1iKemwWcRmeRaX",
            "1PTcn9uSqZ69C1uwFwbskV6TjwL1DG1Wiv",
            "1CXmWQRMfKH3FbuX2NF9tcf6JHnt4zmL1o",
            "1FEDLhWNgY18yofQNjf274zcg3oio2tw2o",
            "18AgpWS1zS7vbERdsv88dw2Y7UtLHKYqRa",
            "1BkstcV4fLGH6sprWE6FsNzuvjQ6dtaUG1"
        ]
    },
    "fiat_value": {},
    "frozen_coins": {},
    "invoices": {},
    "keystore": {
        "derivation": "m",
        "pw_hash_version": 1,
        "root_fingerprint": "f171d41e",
        "seed": "minor zone pool bachelor remain combine matter claw medal settle grace capable",
        "seed_type": "standard",
        "type": "bip32",
        "xprv": "xprv9s21ZrQH143K3ihePsSrmD6wBFQ2XKA2BXHeP98hDTxGkf8u1Uc5VycHb8kk6ss6Pctv6MTNikxSDKwPBTGowicZjiFfaE2dr7nWdG5GWe1",
        "xpub": "xpub661MyMwAqRbcGCn7Vtys8M3fjHEWvmssYkDFBXYJmoVFdTU3Z1vL3mvmSPijTnrtR6Lh1yDZkoAdkaJhiDb88t1eFzgN4UFpk1o38UHB916"
    },
    "labels": {},
    "payment_requests": {},
    "prevouts_by_scripthash": {},
    "seed_version": 50,
    "spent_outpoints": {},
    "transactions": {},
    "tx_fees": {},
    "txi": {},
    "txo": {},
    "use_encryption": false,
    "verified_tx3": {},
    "wallet_type": "standard"
}