{
    "addr_history": {
        "122UQS2AHdX2mZfqrw91jXoJ46LVSNxTXQ": [],
        "12vm4FDtHxMzpRxmkyETJMQncnN7qNUMPJ": [],
        "13ANunR3ef6YHekUL7YpSqccJd39svs5LQ": [],
        "13PaHHgwVimXwH6NkDKvLoBKpi52Egg8Am": [],
        "14af5ohKzdKj314z7gscEdhk9mgxQiE25J": [],
        "14bjsUePS9oQJ9WMxzqu4nAJTpH9jgm2ev": [],
        "14bvJj7Sb6FmxfGWsMifpiXbMikzbuPWaZ": [],
        "15XXMtZQigetrfeqdG4HtKqGkgJ39ee16g": [],
        "16pPt1DibP4Yx7vGeZFiBAzmRUu1kZyjQX": [],
        "16sUZgUdVuWz5ey8kKd9hXZF5Ws7mXm62a": [],
        "18ypDiHqQF6Ne8mYdGYkfCkD14QnNYMo1z": [],
        "19G9YwCXpJz8pJf5xXbHFKpMTLGFPpgg9H": [],
        "1BDXwYqFbki7FwsnYbp9h2mxtpyXVyE2qB": [],
        "1DoRBDTPajPQUQwMLit6p34mbS55jcy2Uw": [],
        "1GKj3SMGGiW6cCycWPEgL71vnLYLuNfrti": [],
        "1Gn2A5xBA4NjcZNUGtfNu2qNRu4TkwNguC": [],
        "1H2nxeEDrTDJ3QmwPxHjqi1KUATpj9eE6": [],
        "1HNFZphaKaZmtDQXfBv83dHws4jDW6ut96": [],
        "1HtBLHUxUJxsfeMLjoepX4KKkbMYWgWSix": [],
        "1J5q12f77Pz9PchYjjNd7idn9oUUVXty6v": [],
        "1JoRttcwpUWmExQWqWovH19Ma4LU2fVAw3": [],
        "1JzC2X1xKnGbJuDP77DtRYU1EV7TLB7aCq": [],
        "1L4U7vr6Lz9e87G6YSyYuCj9258cndQd3W": [],
        "1LYu9MYiQ2aoifFbmFBbGpcsZVCVppHnh5": [],
        "1MXRMFKoQtVYkqf6ZAaVGGoTtvCjazUUwQ": [],
        "1NAx72bJMitPPTSRwwAguDuDcmYMVVzwRB": [],
        "1NSVmf7iVzzrYGppCw1dwBG5sieQk36rps": [],
        "1Pdz7CtYg4MoMUNiii3KuHUL94no1fXXFS": [],
        "1Q19GugEKnZvMgF5Lejm1weUZYxVfwu7pw": [],
        "1njD34GHm8k2YEbh4ZF77Hn7MtDsnEjfe": []
    },
    "addresses": {
        "change": [
            "1BDXwYqFbki7FwsnYbp9h2mxtpyXVyE2qB",
            "18ypDiHqQF6Ne8mYdGYkfCkD14QnNYMo1z",
            "14bvJj7Sb6FmxfGWsMifpiXbMikzbuPWaZ",
            "122UQS2AHdX2mZfqrw91jXoJ46LVSNxTXQ",
            "1DoRBDTPajPQUQwMLit6p34mbS55jcy2Uw",
            "1HNFZphaKaZmtDQXfBv83dHws4jDW6ut96",
            "13ANunR3ef6YHekUL7YpSqccJd39svs5LQ",
            "1Pdz7CtYg4MoMUNiii3KuHUL94no1fXXFS",
            "1LYu9MYiQ2aoifFbmFBbGpcsZVCVppHnh5",
            "1njD34GHm8k2YEbh4ZF77Hn7MtDsnEjfe"
        ],
        "receiving": [
            "16pPt1DibP4Yx7vGeZFiBAzmRUu1kZyjQX",
            "1L4U7vr6Lz9e87G6YSyYuCj9258cndQd3W",
            "1H2nxeEDrTDJ3QmwPxHjqi1KUATpj9eE6",
            "13PaHHgwVimXwH6NkDKvLoBKpi52Egg8Am",
            "1GKj3SMGGiW6cCycWPEgL71vnLYLuNfrti",
            "12vm4FDtHxMzpRxmkyETJMQncnN7qNUMPJ",
            "1NAx72bJMitPPTSRwwAguDuDcmYMVVzwRB",
            "14bjsUePS9oQJ9WMxzqu4nAJTpH9jgm2ev",
            "19G9YwCXpJz8pJf5xXbHFKpMTLGFPpgg9H",
            "1HtBLHUxUJxsfeMLjoepX4KKkbMYWgWSix",
            "1NSVmf7iVzzrYGppCw1dwBG5sieQk36rps",
            "15XXMtZQigetrfeqdG4HtKqGkgJ39ee16g",
            "1Q19GugEKnZvMgF5Lejm1weUZYxVfwu7pw",
            "14af5ohKzdKj314z7gscEdhk9mgxQiE25J",
            "16sUZgUdVuWz5ey8kKd9hXZF5Ws7mXm62a",
            "1J5q12f77Pz9PchYjjNd7idn9oUUVXty6v",
            "1Gn2A5xBA4NjcZNUGtfNu2qNRu4TkwNguC",
            "1MXRMFKoQtVYkqf6ZAaVGGoTtvCjazUUwQ",
            "1JoRttcwpUWmExQWqWovH19Ma4LU2fVAw3",
            "1JzC2X1xKnGbJuDP77DtRYU1EV7TLB7aCq"
        ]
    },
    "fiat_value": {},
    "frozen_coins": {},
    "invoices": {},
    "keystore": {
        "derivation": "m",
        "pw_hash_version": 1,
        "root_fingerprint": "034fa3c4",
        "seed": "minor zone pool attitude remain combine brown claw medal settle grace capable",
        "seed_type": "standard",
        "type": "bip32",
        "xprv": "xprv9s21ZrQH143K3TSu2jStQp1ykN846obkGoNcxV4rs4d2WzoGyPx7gEXd4M6r2mRrzvc8WeJTp28jpTjb82oYNgLeG3MkShvjXPiLpzyPV4q",
        "xpub": "xpub661MyMwAqRbcFwXN8kytmwxiJPxYWGKbe2JDksUURQA1Po8RWwGNE2r6ud2rjbEAiJiiEDuumDrp3NezSWzXruizUHpniYhJcvueah7DwuP"
    },
    "labels": {},
    "payment_requests": {},
    "prevouts_by_scripthash": {},
    "seed_version": 50,
    "spent_outpoints": {},
    "transactions": {},
    "tx_fees": {},
    "txi": {},
    "txo": {},
    "use_encryption": false,
    "verified_tx3": {},
    "wallet_type": "standard"
}