{
    "addr_history": {
        "1217MP1z6oBnqjNgzKPaC5uT84SU4U5cB9": [],
        "12C754zBVPJh51bPThApaMEwPTTzpZe8Yi": [],
        "12XvBEhyfvdC7hQwd47uDeRbPWDVzznxz6": [],
        "12xgXLRnxBkek36i7nhUMkFA1LhN5jNLm8": [],
        "12zSMG2Dvkj6HW2qaY6tAeFAFK9hrzRd8t": [],
        "13fAN3yuujbPLAPtQC7YHStzciw9M6qsch": [],
        "13oxjdDqeg9fBqLaAPoiAeeTuBoURXyTjh": [],
        "14vy91DH9ZV2KbdWrVGSnA1aJELhgp146n": [],
        "15AxbjKRXQ2HfVpJhyJmwSmcMMPDV5hZna": [],
        "15nxaYE6quYb6L82xoAP4BGWyriPqjahY6": [],
        "18ZxHxcUJBaEgNnqgsvF8cHRh6Lk2thLYP": [],
        "18pYxmqKZAQ6gRKEronygJWYJDgkdXxpov": [],
        "1983JWTaQiPSvGR7baKdr5bjUZXfCdmfbv": [],
        "1AhaY7DPHq3fDdG879eaB9VhbVCN65My3u": [],
        "1AsVfTNzX3ewfNbjmDwCjSGQJoDPKE2oLY": [],
        "1BWmQoRhgTitJMwKPfyvM5WPTr4sQdY6Z": [],
        "1DQWaCHxGs9A8vZFoxF5rHB87xX5FB3eXD": [],
        "1E9CiJ3drpmLLyUU216MH7yHQGAb4x2q69": [],
        "1EBvjSFkjXrDq3VqQyyB63fQLSiiFJ9kXr": [],
        "1F447utiB3wWK3asSazdWwUCrmJCBsbwm5": [],
        "1FPivxMQEvekfrDL5uwfiCFfPqhCJGG4tz": [],
        "1GFYLJCsfkMxck9YmGFrdcYjqjzUeJ5EBn": [],
        "1JxUbJeetVXyNDtvSK4vYyt45NCt3ckHYG": [],
        "1KyZxPqApgaCUA3yRxnMkJe2muFb7NtyiK": [],
        "1Lo8jyyDT9JxzpgScsr8MSCtykP5YJ2QST": [],
        "1MWSnPxdBFqP9NPMNFHH1NHzE2HaHjCRw2": [],
        "1MnM5MTNxoZHm1AEsiPyBoZvv2qVWVhfwP": [],
        "1N2m8Bkcg3qijRDswbJMhGi8wqDnsr7c5b": [],
        "1NNm9SGZm1QEBcfQsWkirmiD7d27RGUvfW": [],
        "1PQhcmwNJCVaR425QdUGy5TuFKTeJcCkGE": []
    },
    "addresses": {
        "change": [
            "15AxbjKRXQ2HfVpJhyJmwSmcMMPDV5hZna",
            "12XvBEhyfvdC7hQwd47uDeRbPWDVzznxz6",
            "1DQWaCHxGs9A8vZFoxF5rHB87xX5FB3eXD",
            "1FPivxMQEvekfrDL5uwfiCFfPqhCJGG4tz",
            "12zSMG2Dvkj6HW2qaY6tAeFAFK9hrzRd8t",
            "1BWmQoRhgTitJMwKPfyvM5WPTr4sQdY6Z",
            "1AhaY7DPHq3fDdG879eaB9VhbVCN65My3u",
            "1MnM5MTNxoZHm1AEsiPyBoZvv2qVWVhfwP",
            "1KyZxPqApgaCUA3yRxnMkJe2muFb7NtyiK",
            "1EBvjSFkjXrDq3VqQyyB63fQLSiiFJ9kXr"
        ],
        "receiving": [
            "15nxaYE6quYb6L82xoAP4BGWyriPqjahY6",
            "1F447utiB3wWK3asSazdWwUCrmJCBsbwm5",
            "12xgXLRnxBkek36i7nhUMkFA1LhN5jNLm8",
            "1N2m8Bkcg3qijRDswbJMhGi8wqDnsr7c5b",
            "18pYxmqKZAQ6gRKEronygJWYJDgkdXxpov",
            "14vy91DH9ZV2KbdWrVGSnA1aJELhgp146n",
            "18ZxHxcUJBaEgNnqgsvF8cHRh6Lk2thLYP",
            "1217MP1z6oBnqjNgzKPaC5uT84SU4U5cB9",
            "1GFYLJCsfkMxck9YmGFrdcYjqjzUeJ5EBn",
            "13fAN3yuujbPLAPtQC7YHStzciw9M6qsch",
            "12C754zBVPJh51bPThApaMEwPTTzpZe8Yi",
            "13oxjdDqeg9fBqLaAPoiAeeTuBoURXyTjh",
            "1MWSnPxdBFqP9NPMNFHH1NHzE2HaHjCRw2",
            "1NNm9SGZm1QEBcfQsWkirmiD7d27RGUvfW",
            "1AsVfTNzX3ewfNbjmDwCjSGQJoDPKE2oLY",
            "1983JWTaQiPSvGR7baKdr5bjUZXfCdmfbv",
            "1E9CiJ3drpmLLyUU216MH7yHQGAb4x2q69",
            "1PQhcmwNJCVaR425QdUGy5TuFKTeJcCkGE",
            "1JxUbJeetVXyNDtvSK4vYyt45NCt3ckHYG",
            "1Lo8jyyDT9JxzpgScsr8MSCtykP5YJ2QST"
        ]
    },
    "fiat_value": {},
    "frozen_coins": {},
    "invoices": {},
    "keystore": {
        "derivation": "m",
        "pw_hash_version": 1,
        "root_fingerprint": "873b3288",
        "seed": "minor zone pool above remain combine team claw medal settle grace capable",
        "seed_type": "standard",
        "type": "bip32",
        "xprv": "xprv9s21ZrQH143K3jooLqtvtf2Z92JedWunDjMxixnK42j4tEhS49iGDhc4bsAV674rXLsE5JFFKZbVbHYwUcPdV3wMsVqf5F9fYPMU8KGZFde",
        "xpub": "xpub661MyMwAqRbcGDtGSsRwFnyHh4992yddaxHZXMBvcNG3m32abh2WmVvYTAu1bBwzd5GUWoFNnthv8YVeWSWZbpohZUeubvpMsDuDnQ7JBPP"
    },
    "labels": {},
    "payment_requests": {},
    "prevouts_by_scripthash": {},
    "seed_version": 50,
    "spent_outpoints": {},
    "transactions": {},
    "tx_fees": {},
    "txi": {},
    "txo": {},
    "use_encryption": false,
    "verified_tx3": {},
    "wallet_type": "standard"
}