{
    "addr_history": {
        "138vfhxDVkWY144PESxZxU6PXGWtALnK3p": [],
        "13KXZYX2q6CA93c2v7CFJ8MFTDtiwBjAng": [],
        "15dzv1C27KUaANAvu3WJviyuHTL96tLLSq": [],
        "16brWxfbN4kCJHq898JRdsEhZhXfiyd31E": [],
        "17Qzat5JHGD2986SWPtk1dAPjckErkZeqk": [],
        "17uXMKYaEReHBnb1GBpT4AH5VAryUk9jxF": [],
        "18AUauYcsRf25FjzahABbFzFDDexgckT6K": [],
        "19Du4xYn5KdxyVivqcFAGu4QaWjnFQNGta": [],
        "19Q8uFUgnJpMkJRqQWPw2XLYLQxkQAEatH": [],
        "1AwvHu4ovMRUQx3LX8WYr8BwUYHbVenShv": [],
        "1BSa8uB2PU2pBsg65SbFpfa6P2yXk41m5V": [],
        "1BTTc67U54ioE6wtsckizoY36VX7Y4XKQV": [],
        "1DX1DCSu3BGPrZJRb4FTSHgo6FR6eRJ6NF": [],
        "1DfuFsSKHLbwkkbTL6fChS2Nh54QpFn1Ai": [],
        "1DkzBQbz6jxXvKs8ywm51ThCFtmDq5xREH": [],
        "1EFTLkEyUDjB3U4aKxNMMhBkRpGd9hdsUQ": [],
        "1EaBaFvLpPzgtVhreNPuzDGRjpoGFLxTkc": [],
        "1Gb7b5M4wwi4W6Rc3UWevi3yMHskEWFBLT": [],
        "1HaKS6WzwcscwQHU7EqERCkeorCNYssTdL": [],
        "1JJuzWWNxKZ7fRMLvNghbwbsPA13Q8EumN": [],
        "1KxHS2S7BLdUiJ5rcghFidbUyHKESE1onQ": [],
        "1LCELKkBuFUyR2Xd8faQqtbCAEG41vi89i": [],
        "1MNeVmkkaGrQa3YHwSRogRktkyacLaew6q": [],
        "1MNgAPSF68i3yWnyxkxR2keNRojjNjTemu": [],
        "1MZkHGQbwNQS1YBt1fp6J16P9cKWYRkuUX": [],
        "1NYF7r1MyGeSTbtzsnyn4g2WyMNVJ4sW2Z": [],
        "1P46kirGd66koMPPGtCrpZP5BYtc1C27vS": [],
        "1PKezRXKQrW3A9PsckGetRvGGYe2ZQbUor": [],
        "1Q1dY4MUF5gLEHbgFkqRF3PNesp8EzKB4h": [],
        "1m1f7m3BEpq918CPATzU8fDepVNdgF4Kv": []
    },
    "addresses": {
        "change": [
            "1NYF7r1MyGeSTbtzsnyn4g2WyMNVJ4sW2Z",
            "1EaBaFvLpPzgtVhreNPuzDGRjpoGFLxTkc",
            "1EFTLkEyUDjB3U4aKxNMMhBkRpGd9hdsUQ",
            "1KxHS2S7BLdUiJ5rcghFidbUyHKESE1onQ",
            "19Q8uFUgnJpMkJRqQWPw2XLYLQxkQAEatH",
            "1LCELKkBuFUyR2Xd8faQqtbCAEG41vi89i",
            "1Gb7b5M4wwi4W6Rc3UWevi3yMHskEWFBLT",
            "1MNgAPSF68i3yWnyxkxR2keNRojjNjTemu",
            "1MZkHGQbwNQS1YBt1fp6J16P9cKWYRkuUX",
            "17uXMKYaEReHBnb1GBpT4AH5VAryUk9jxF"
        ],
        "receiving": [
            "1m1f7m3BEpq918CPATzU8fDepVNdgF4Kv",
            "138vfhxDVkWY144PESxZxU6PXGWtALnK3p",
            "18AUauYcsRf25FjzahABbFzFDDexgckT6K",
            "1BTTc67U54ioE6wtsckizoY36VX7Y4XKQV",
            "1P46kirGd66koMPPGtCrpZP5BYtc1C27vS",
            "1PKezRXKQrW3A9PsckGetRvGGYe2ZQbUor",
            "1JJuzWWNxKZ7fRMLvNghbwbsPA13Q8EumN",
            "16brWxfbN4kCJHq898JRdsEhZhXfiyd31E",
            "1HaKS6WzwcscwQHU7EqERCkeorCNYssTdL",
            "15dzv1C27KUaANAvu3WJviyuHTL96tLLSq",
            "17Qzat5JHGD2986SWPtk1dAPjckErkZeqk",
            "1DfuFsSKHLbwkkbTL6fChS2Nh54QpFn1Ai",
            "1Q1dY4MUF5gLEHbgFkqRF3PNesp8EzKB4h",
            "1DX1DCSu3BGPrZJRb4FTSHgo6FR6eRJ6NF",
            "1BSa8uB2PU2pBsg65SbFpfa6P2yXk41m5V",
            "19Du4xYn5KdxyVivqcFAGu4QaWjnFQNGta",
            "1AwvHu4ovMRUQx3LX8WYr8BwUYHbVenShv",
            "13KXZYX2q6CA93c2v7CFJ8MFTDtiwBjAng",
            "1MNeVmkkaGrQa3YHwSRogRktkyacLaew6q",
            "1DkzBQbz6jxXvKs8ywm51ThCFtmDq5xREH"
        ]
    },
    "fiat_value": {},
    "frozen_coins": {},
    "invoices": {},
    "keystore": {
        "derivation": "m",
        "pw_hash_version": 1,
        "root_fingerprint": "369486ea",
        "seed": "minor zone pool abuse remain combine choice claw medal settle grace capable",
        "seed_type": "standard",
        "type": "bip32",
        "xprv": "xprv9s21ZrQH143K4ZRnMHJqD8ziVWVna2aajaazJ8qcUwr65qSfqFFJz9iAFczv8pT6amerMZw3JL34sGq87SqSdKTbdcmBNd89qWz6SVBKad2",
        "xpub": "xpub661MyMwAqRbcH3WFTJqqaGwT3YLGyVJS6oWb6XFE3HP4xdmpNnZZXx2e6w6Pp4Tn6k42UNM3byzQys7ecBSmYEekqmTWZMYd47J1q8QYrnU"
    },
    "labels": {},
    "payment_requests": {},
    "prevouts_by_scripthash": {},
    "seed_version": 50,
    "spent_outpoints": {},
    "transactions": {},
    "tx_fees": {},
    "txi": {},
    "txo": {},
    "use_encryption": false,
    "verified_tx3": {},
    "wallet_type": "standard"
}