{
    "addr_history": {
        "12Csbj4kzvSwEd1QyZ9fU9XHBAXawHVt7M": [],
        "135fnGEs4ntNmQs5CX8SAAoXAuwMwyi8TN": [],
        "13ErfTWapjtoBAx1AS94SJSJv6WMEa2dTY": [],
        "14MAERRecwiqWUizsvGaRmCTnq3aV4XztT": [],
        "15fVxAa4mq6VWgioswTCqKDjX3VCtVM8M9": [],
        "15j5HWdSFenMfZsmkYvNQ4H3uPDf3HZV3Y": [],
        "177mRjs4pS61Jerv8orKGmhtn9AQQvffd3": [],
        "17KxRUqGSZHsx1MisGV5CvEbeGZ5syge3T": [],
        "18EASNpZigwDFURsNPkso7dos1eHJYWFiu": [],
        "19XXxLnU7MGti2ZD5FPPcpnrufX6xDyEkZ": [],
        "1AEQvrBky14CVt3aBToBP7bN3w5euZ5UC8": [],
        "1AEuDQ1kxqNo42RoLXf4MFEy3ZLRgXNz32": [],
        "1AJSLS4sLNvM92wsVzXNkabJUi8cwktPaL": [],
        "1ALSbGuq2xnCqZjmXxuuKh5MNpvFD8Qw11": [],
        "1Aqr2GPtmTZiwYJF3azTY3ig6t5jvgHqhN": [],
        "1AsoGEStPcAHV2pq37T9q4GQR72UtAhM3X": [],
        "1BXzooLkXKXYVf7MH3jBf9SMZuqbrKE5Ev": [],
        "1BagTgRtDpKj6T7ZVDz4xmLXp7BApPfseR": [],
        "1CShH4CkMKnQjyGfdHZSpoPJpjkBuUs3Nh": [],
        "1CXfjLQpFxQatTo3Cny7aVNJxkbAFiT2eg": [],
        "1EL2fQ9RsSeRqNPjQVMbo3xHvxqqbnxoSJ": [],
        "1Evr1dYrjBtMdKpzHbPjVGxRzRykxMHMEU": [],
        "1HexYwQia3fQ4jPMPCdPDmLLewBFpV6pVt": [],
        "1KWqh9vHA5wFwuesiXuNmVPwuJyir7zfR7": [],
        "1M65XWAyrDpq8x6wvpCs79f9YabJrqN7eN": [],
        "1MhNGh2xtMTHQKQ5nG5CqMnGmzy56iScwM": [],
        "1NG6EpT9KUqtAoCP4VJQPf51M3NPMtHefT": [],
        "1NgeqSSREu4yStjZHTz3brgkfv92zDTxUW": [],
        "1NnzaSAea5snA9n2MUzBSmLcR8sYkmDRxq": [],
        "1PEgkdpZaHA9H43PuLit1jHFXsPTFA4JgH": []
    },
    "addresses": {
        "change": [
            "1ALSbGuq2xnCqZjmXxuuKh5MNpvFD8Qw11",
            "18EASNpZigwDFURsNPkso7dos1eHJYWFiu",
            "1PEgkdpZaHA9H43PuLit1jHFXsPTFA4JgH",
            "1M65XWAyrDpq8x6wvpCs79f9YabJrqN7eN",
            "1EL2fQ9RsSeRqNPjQVMbo3xHvxqqbnxoSJ",
            "1CShH4CkMKnQjyGfdHZSpoPJpjkBuUs3Nh",
            "1Aqr2GPtmTZiwYJF3azTY3ig6t5jvgHqhN",
            "1KWqh9vHA5wFwuesiXuNmVPwuJyir7zfR7",
            "12Csbj4kzvSwEd1QyZ9fU9XHBAXawHVt7M",
            "15fVxAa4mq6VWgioswTCqKDjX3VCtVM8M9"
        ],
        "receiving": [
            "1Evr1dYrjBtMdKpzHbPjVGxRzRykxMHMEU",
            "1AJSLS4sLNvM92wsVzXNkabJUi8cwktPaL",
            "1NG6EpT9KUqtAoCP4VJQPf51M3NPMtHefT",
            "177mRjs4pS61Jerv8orKGmhtn9AQQvffd3",
            "15j5HWdSFenMfZsmkYvNQ4H3uPDf3HZV3Y",
            "14MAERRecwiqWUizsvGaRmCTnq3aV4XztT",
            "1AsoGEStPcAHV2pq37T9q4GQR72UtAhM3X",
            "1BXzooLkXKXYVf7MH3jBf9SMZuqbrKE5Ev",
            "19XXxLnU7MGti2ZD5FPPcpnrufX6xDyEkZ",
            "13ErfTWapjtoBAx1AS94SJSJv6WMEa2dTY",
            "1AEuDQ1kxqNo42RoLXf4MFEy3ZLRgXNz32",
            "1BagTgRtDpKj6T7ZVDz4xmLXp7BApPfseR",
            "1AEQvrBky14CVt3aBToBP7bN3w5euZ5UC8",
            "17KxRUqGSZHsx1MisGV5CvEbeGZ5syge3T",
            "1CXfjLQpFxQatTo3Cny7aVNJxkbAFiT2eg",
            "135fnGEs4ntNmQs5CX8SAAoXAuwMwyi8TN",
            "1HexYwQia3fQ4jPMPCdPDmLLewBFpV6pVt",
            "1MhNGh2xtMTHQKQ5nG5CqMnGmzy56iScwM",
            "1NgeqSSREu4yStjZHTz3brgkfv92zDTxUW",
            "1NnzaSAea5snA9n2MUzBSmLcR8sYkmDRxq"
        ]
    },
    "fiat_value": {},
    "frozen_coins": {},
    "invoices": {},
    "keystore": {
        "derivation": "m",
        "pw_hash_version": 1,
        "root_fingerprint": "486dda37",
        "seed": "minor zone pool ask remain combine table claw medal settle grace capable",
        "seed_type": "standard",
        "type": "bip32",
        "xprv": "xprv9s21ZrQH143K2mV4ytg574xtpvcqqyryePi9jrHjmXYbpoPXCCBi9SUdUmyZvHtP9BDFTzM1SLKh8WAMiTXcZnx6QHkteAZxiumEtZgP4dc",
        "xpub": "xpub661MyMwAqRbcFFZY5vD5UCudNxTLFSaq1cdkYEhMKs5ahbifjjVxhEo7L2hUsPfmnDqd1oc1jcaw6A2QNe6fM446SCTuMPWKvqTw2194FFe"
    },
    "labels": {},
    "payment_requests": {},
    "prevouts_by_scripthash": {},
    "seed_version": 50,
    "spent_outpoints": {},
    "transactions": {},
    "tx_fees": {},
    "txi": {},
    "txo": {},
    "use_encryption": false,
    "verified_tx3": {},
    "wallet_type": "standard"
}