{
    "addr_history": {
        "12bmMtsnv7kwNsRrmXGoW3SwRbbUVG4dD5": [],
        "13avG3Qdgzh77y5Z4XX68TR94XdoZcSbFv": [],
        "13muXn5zABVWUutxAoQ8QrAxKfVAfdtjsX": [],
        "14Ag7QQ5M4tGdcdo5oGEKxPRtpe9wiikje": [],
        "15dWbfUBSAtWrAESnQsWMhHmLyKvM9bJ9D": [],
        "18CeoZiQnMPreKTRUYjQc1kbGnRWioa3io": [],
        "196SBB8qfzMFw7dtVuEG1zmvqgU4pozqvD": [],
        "19APFvHu7k7Pfp1MR7Zt3c8gZ4877vtvMb": [],
        "19ci2WpRVNL5FMU75gyApLdbaxeyZpJytq": [],
        "19vp39FVYC4TnhfBJ3iZFMMXZVXfPn2pX": [],
        "1D7Mkw6yrzeB3pffKVifZZDKDLm4RVpZWU": [],
        "1DT9Lt5uLHmgH1mi5BUPkGU6nt7543e8XW": [],
        "1DZVSfjoJzSJ8taahpNyuu7ipLwHxujXuA": [],
        "1EzoXM5Xa7W1yfFHPwrGKXudFwi3eTTYq": [],
        "1HCGREAosB9n8TDKBbpFn2NWGdvmHhvCxK": [],
        "1Hq4cAWsZevYCcQh4z8iY7q2E6hAoBNAp1": [],
        "1Hto3NSDpfj98GLYzYSLwmtvVoKtepCh3F": [],
        "1JM8RmWojU92HRE6tgXA4Sj8sdMfXtPFFT": [],
        "1JM9W2LhbecTKpua7943n5icCaMsQr9HYp": [],
        "1JQfHyGGcWbMJCVgkyt9KTYLao3pedGB3T": [],
        "1JzWa1jo7FNgWU6xkfnWDDUCe2Rk5NT1xv": [],
        "1KGhCfenbfAaws6UHPuAjPFVgpRTTpU3LG": [],
        "1La2pT1sbXsy43Z8Uu7aWPAgeiqb5HTztT": [],
        "1M4c3xxhobiYnQZB8Ep3WJAipuXnVSWKv9": [],
        "1Mu7j5tMoXYgER95Z11QPwYRXt7rVNjB4Q": [],
        "1Nx5K3DQRaQJ2uW8vb8aqqg4USkRKoHN2o": [],
        "1P863wBj2YkSf2acTn9gd3GXXXw1JAGBwV": [],
        "1PEvfJm7qXR2N5UJzCtYY6wUiXrQuDvvgT": [],
        "1PLY2MdUmvtcdr5gtPZPDLGGXvPfHB9675": [],
        "1PV3sFDcrsa8bFAACmjz1Z8jNZ5Ph6496S": []
    },
    "addresses": {
        "change": [
            "1JM8RmWojU92HRE6tgXA4Sj8sdMfXtPFFT",
            "1D7Mkw6yrzeB3pffKVifZZDKDLm4RVpZWU",
            "13muXn5zABVWUutxAoQ8QrAxKfVAfdtjsX",
            "18CeoZiQnMPreKTRUYjQc1kbGnRWioa3io",
            "196SBB8qfzMFw7dtVuEG1zmvqgU4pozqvD",
            "1Hq4cAWsZevYCcQh4z8iY7q2E6hAoBNAp1",
            "1Nx5K3DQRaQJ2uW8vb8aqqg4USkRKoHN2o",
            "19ci2WpRVNL5FMU75gyApLdbaxeyZpJytq",
            "19vp39FVYC4TnhfBJ3iZFMMXZVXfPn2pX",
            "1Hto3NSDpfj98GLYzYSLwmtvVoKtepCh3F"
        ],
        "receiving": [
            "1PEvfJm7qXR2N5UJzCtYY6wUiXrQuDvvgT",
            "1Mu7j5tMoXYgER95Z11QPwYRXt7rVNjB4Q",
            "12bmMtsnv7kwNsRrmXGoW3SwRbbUVG4dD5",
            "1DZVSfjoJzSJ8taahpNyuu7ipLwHxujXuA",
            "1JM9W2LhbecTKpua7943n5icCaMsQr9HYp",
            "1KGhCfenbfAaws6UHPuAjPFVgpRTTpU3LG",
            "1M4c3xxhobiYnQZB8Ep3WJAipuXnVSWKv9",
            "15dWbfUBSAtWrAESnQsWMhHmLyKvM9bJ9D",
            "1JQfHyGGcWbMJCVgkyt9KTYLao3pedGB3T",
            "1La2pT1sbXsy43Z8Uu7aWPAgeiqb5HTztT",
            "13avG3Qdgzh77y5Z4XX68TR94XdoZcSbFv",
            "1PV3sFDcrsa8bFAACmjz1Z8jNZ5Ph6496S",
            "14Ag7QQ5M4tGdcdo5oGEKxPRtpe9wiikje",
            "1PLY2MdUmvtcdr5gtPZPDLGGXvPfHB9675",
            "1HCGREAosB9n8TDKBbpFn2NWGdvmHhvCxK",
            "1EzoXM5Xa7W1yfFHPwrGKXudFwi3eTTYq",
            "19APFvHu7k7Pfp1MR7Zt3c8gZ4877vtvMb",
            "1JzWa1jo7FNgWU6xkfnWDDUCe2Rk5NT1xv",
            "1P863wBj2YkSf2acTn9gd3GXXXw1JAGBwV",
            "1DT9Lt5uLHmgH1mi5BUPkGU6nt7543e8XW"
        ]
    },
    "fiat_value": {},
    "frozen_coins": {},
    "invoices": {},
    "keystore": {
        "derivation": "m",
        "pw_hash_version": 1,
        "root_fingerprint": "af7edd2c",
        "seed": "minor zone pool attract remain combine news claw medal settle grace capable",
        "seed_type": "standard",
        "type": "bip32",
        "xprv": "xprv9s21ZrQH143K2yCdN53YTs2ZNRFfgSypy8jAPTqJ8kmSt8fmk4bawgPJb2HyiSiGmhxkvi7KE8ZCWaF8RKsMn2Z13Zc7TTcW6F6iHEPuBru",
        "xpub": "xpub661MyMwAqRbcFTH6U6aYpzyHvT6A5uhgLMemBrEuh6JRkvzvHbuqVUhnSJ3gBt88joP1vgzx2y2eNqakT64NcVqFMkAhaQjZJggnzTmB5W5"
    },
    "labels": {},
    "payment_requests": {},
    "prevouts_by_scripthash": {},
    "seed_version": 50,
    "spent_outpoints": {},
    "transactions": {},
    "tx_fees": {},
    "txi": {},
    "txo": {},
    "use_encryption": false,
    "verified_tx3": {},
    "wallet_type": "standard"
}