{
    "addr_history": {
        "12hPhH3QkmLQ9Didkqm4WDzwPQnDJFNnBG": [],
        "132w3rHQBhwoW4jZgnitn5mioYiP4F34ko": [],
        "13NhmQZcCh41UZpVvpwpKtLEMSDypxPLcG": [],
        "13qKb8z3mgNvrjyEWrzYK8p9iwVeersGVx": [],
        "15LJTv8riMPysokkH24vwgQEZbYLT4sBar": [],
        "15gfGedS3oxrCJ8umaNoCgDFV3uQu6Anah": [],
        "168cixJj9k8vcLevVGcH6FfRryXbWHEuCb": [],
        "16yvBL4T7F6vC4ez9sPDhFuJg3Hnij4K9m": [],
        "17UVLTvZ84vCJ9LzH63d8PtPcY613NRLzf": [],
        "17UrUu5kZX5y3tzdMVAKCHNfpbSAYW284F": [],
        "17gTs2gvWzRskMaK5juLvqFj2af3k3TeMm": [],
        "17q2ECpNHQsWQzzp26BeT3A953nGV7BLbq": [],
        "17vtG5tGxaSTSNZLzCeXFFVbFtRJAxX5uM": [],
        "18VbpDH1m8keqn275pgTLVicGtCghCvqnG": [],
        "18Xx6Mrw9iSCUWQNjoYDnN1PujxAFQhkWM": [],
        "19opxGTVEL1Xyyib6mHFx4GxpKbBLBTxdN": [],
        "1AHV4rK17DL8nnHGxNCZhJb8yB26yYPeES": [],
        "1ArwKtoYiE4n3bQvmApLAmMFRN9bJNyX7y": [],
        "1BnbaJRe1j631zQZKFyTzdHgK4FE9GPNNj": [],
        "1CP84wASVjLCafeRg5tarxXwezfaKRnCTN": [],
        "1DSZxZcNN27ZXGvnF3iMyfVanSZ3R4kSoV": [],
        "1DarhjRTd6uLDDRpz7kPsJVSDsGRnRnYbm": [],
        "1Ffd5UaAZyoqdXAkgspgWdvswksv9iNGb9": [],
        "1HKcbcmnWzgBFKFpfHc4FVdJj3k1GEfWYn": [],
        "1K9tgCZZCYWpd46s5V12YbhqnGk7EdYXUg": [],
        "1KLzL8esHJddKneV1ZoFYrqRZyBkWdUVVP": [],
        "1M1mbKpgPCrQGm7mrvR2koS15mrtYPr58o": [],
        "1PJouEAGVrEgcXVnsU7QsQ8JGXNckZYZcY": [],
        "1PTgy6bZVk4DS8vkd91teTgCqs2rGX9vjG": [],
        "1pxPeiKBWSrKwe8b8Nde1AmDwcwXWL52a": []
    },
    "addresses": {
        "change": [
            "1DarhjRTd6uLDDRpz7kPsJVSDsGRnRnYbm",
            "1K9tgCZZCYWpd46s5V12YbhqnGk7EdYXUg",
            "132w3rHQBhwoW4jZgnitn5mioYiP4F34ko",
            "168cixJj9k8vcLevVGcH6FfRryXbWHEuCb",
            "1DSZxZcNN27ZXGvnF3iMyfVanSZ3R4kSoV",
            "1M1mbKpgPCrQGm7mrvR2koS15mrtYPr58o",
            "17gTs2gvWzRskMaK5juLvqFj2af3k3TeMm",
            "17UrUu5kZX5y3tzdMVAKCHNfpbSAYW284F",
            "17UVLTvZ84vCJ9LzH63d8PtPcY613NRLzf",
            "1PTgy6bZVk4DS8vkd91teTgCqs2rGX9vjG"
        ],
        "receiving": [
            "13NhmQZcCh41UZpVvpwpKtLEMSDypxPLcG",
            "1BnbaJRe1j631zQZKFyTzdHgK4FE9GPNNj",
            "1CP84wASVjLCafeRg5tarxXwezfaKRnCTN",
            "18VbpDH1m8keqn275pgTLVicGtCghCvqnG",
            "1KLzL8esHJddKneV1ZoFYrqRZyBkWdUVVP",
            "16yvBL4T7F6vC4ez9sPDhFuJg3Hnij4K9m",
            "12hPhH3QkmLQ9Didkqm4WDzwPQnDJFNnBG",
            "15gfGedS3oxrCJ8umaNoCgDFV3uQu6Anah",
            "13qKb8z3mgNvrjyEWrzYK8p9iwVeersGVx",
            "17q2ECpNHQsWQzzp26BeT3A953nGV7BLbq",
            "1HKcbcmnWzgBFKFpfHc4FVdJj3k1GEfWYn",
            "1Ffd5UaAZyoqdXAkgspgWdvswksv9iNGb9",
            "1pxPeiKBWSrKwe8b8Nde1AmDwcwXWL52a",
            "19opxGTVEL1Xyyib6mHFx4GxpKbBLBTxdN",
            "18Xx6Mrw9iSCUWQNjoYDnN1PujxAFQhkWM",
            "15LJTv8riMPysokkH24vwgQEZbYLT4sBar",
            "17vtG5tGxaSTSNZLzCeXFFVbFtRJAxX5uM",
            "1AHV4rK17DL8nnHGxNCZhJb8yB26yYPeES",
            "1PJouEAGVrEgcXVnsU7QsQ8JGXNckZYZcY",
            "1ArwKtoYiE4n3bQvmApLAmMFRN9bJNyX7y"
        ]
    },
    "fiat_value": {},
    "frozen_coins": {},
    "invoices": {},
    "keystore": {
        "derivation": "m",
        "pw_hash_version": 1,
        "root_fingerprint": "33921d93",
        "seed": "minor zone pool actual remain combine provide claw medal settle grace capable",
        "seed_type": "standard",
        "type": "bip32",
        "xprv": "xprv9s21ZrQH143K4AHsVMrBi3CtyA1GnQWqniq1p5TbdWhnYXxfTvP5LGnW861rr2pHdt5RneJZpENJTYfWij7rHsDr2s15mMSZz4KuQLvouye",
        "xpub": "xpub661MyMwAqRbcGeNLbPPC5B9dXBqmBsEh9wkccTsDBrEmRLHp1ThKt56yyNm4ZNztYcjJs8QjVV9uA3GG25h2nr8SuHm4nduz9mHeALCuLCQ"
    },
    "labels": {},
    "payment_requests": {},
    "prevouts_by_scripthash": {},
    "seed_version": 50,
    "spent_outpoints": {},
    "transactions": {},
    "tx_fees": {},
    "txi": {},
    "txo": {},
    "use_encryption": false,
    "verified_tx3": {},
    "wallet_type": "standard"
}