{
    "addr_history": {
        "12Gv7Wo3EacEwakXFWTkA3Vc2PbmLMPb9V": [],
        "12PCwBUtQbi7SAjPxR2SMNLH5PdY99buob": [],
        "133JBm3Y3XHtrWQgX9e52USkhg4GPfohnE": [],
        "13ZSiA9yAKCXy7QPRhDwfiXL57YpFZFCB5": [],
        "14qRXUTqRbtw15oaGmxErKcRFdXRDYc3cR": [],
        "15HdxbgHppMKbnYbPHc5e5L2PsbrXvsVaQ": [],
        "16KWieAcAZvbc5TvyVAmW6Yg8B7HkaQM24": [],
        "16aHK5YDzzgDaRCG4RosKGF183uGE95N9t": [],
        "17Yw4qfVzywM1YpWaKMiL6wSCz5z6UsGrB": [],
        "19Kx4HMRbDogUbQCoTmAVkH3jgPCBXMKvp": [],
        "1A7QiPxXc9y8xwugQugHFEhGCZNY53SL7E": [],
        "1BWtXL7hATehHwT7psrZuggwPYFtJcFr5W": [],
        "1CBmDTNvk2jAHq7B8rbFErfSU6ejbuWabE": [],
        "1CPC1ER7DZxtSgymkcWeotghvr8gCrvoxh": [],
        "1E6a7MbETX7c6EsxVMNvQAb6FtXXfG2vdY": [],
        "1EdKx94w5TtmN1ZiB6Md5BwhujVsHVLEVp": [],
        "1FCNkUoV2wUA8uGGvH53QCJpqzYPV994Zh": [],
        "1GB5bPZ4rZsVjqmCVA45NngpxBp2iSCrQs": [],
        "1GY3KpzjhFBBtsmgpeWMExvCcjGgQYGzaU": [],
        "1J3G9nmyi1yZ8Y8NzpzxirDvCm8SpFKWe4": [],
        "1JJN8iEp5M8cH83YYhxHKQkaS78dZcbZmp": [],
        "1KDFhhnEAnxSPaCSrMoueCuKKYdPNxv1Ln": [],
        "1KLSXzcx9eAEoyrwy33JzSxJz8pjKPZN78": [],
        "1LCQFqEjF83JtMVMvpmxhdbXF2qqs8euJd": [],
        "1Lc99KNBQJ4qzAsfVPuQyEkuX6mxEW1xyD": [],
        "1LcYZXjVXzzdfk4WxLoLeTg6R2GdVYuxGA": [],
        "1LiZcKxPDBDQfQZdzq1gBUaJyyTQ8hiWVi": [],
        "1N4TyW6FTvMuDJVnQdXF7onE14Y9aomkUe": [],
        "1P7xDgxypDM6sGt5en8rgopnskjPsDUUYx": [],
        "1PVuF2FyLAnwqqC3zNEhghfY6TyUVSVzfo": []
    },
    "addresses": {
        "change": [
            "1GB5bPZ4rZsVjqmCVA45NngpxBp2iSCrQs",
            "133JBm3Y3XHtrWQgX9e52USkhg4GPfohnE",
            "1P7xDgxypDM6sGt5en8rgopnskjPsDUUYx",
            "1LCQFqEjF83JtMVMvpmxhdbXF2qqs8euJd",
            "1KLSXzcx9eAEoyrwy33JzSxJz8pjKPZN78",
            "12PCwBUtQbi7SAjPxR2SMNLH5PdY99buob",
            "1LcYZXjVXzzdfk4WxLoLeTg6R2GdVYuxGA",
            "1E6a7MbETX7c6EsxVMNvQAb6FtXXfG2vdY",
            "1KDFhhnEAnxSPaCSrMoueCuKKYdPNxv1Ln",
            "1N4TyW6FTvMuDJVnQdXF7onE14Y9aomkUe"
        ],
        "receiving": [
            "1CBmDTNvk2jAHq7B8rbFErfSU6ejbuWabE",
            "14qRXUTqRbtw15oaGmxErKcRFdXRDYc3cR",
            "12Gv7Wo3EacEwakXFWTkA3Vc2PbmLMPb9V",
            "1FCNkUoV2wUA8uGGvH53QCJpqzYPV994Zh",
            "17Yw4qfVzywM1YpWaKMiL6wSCz5z6UsGrB",
            "1CPC1ER7DZxtSgymkcWeotghvr8gCrvoxh",
            "1LiZcKxPDBDQfQZdzq1gBUaJyyTQ8hiWVi",
            "1GY3KpzjhFBBtsmgpeWMExvCcjGgQYGzaU",
            "13ZSiA9yAKCXy7QPRhDwfiXL57YpFZFCB5",
            "1Lc99KNBQJ4qzAsfVPuQyEkuX6mxEW1xyD",
            "1PVuF2FyLAnwqqC3zNEhghfY6TyUVSVzfo",
            "15HdxbgHppMKbnYbPHc5e5L2PsbrXvsVaQ",
            "19Kx4HMRbDogUbQCoTmAVkH3jgPCBXMKvp",
            "1A7QiPxXc9y8xwugQugHFEhGCZNY53SL7E",
            "16KWieAcAZvbc5TvyVAmW6Yg8B7HkaQM24",
            "1EdKx94w5TtmN1ZiB6Md5BwhujVsHVLEVp",
            "1BWtXL7hATehHwT7psrZuggwPYFtJcFr5W",
            "1JJN8iEp5M8cH83YYhxHKQkaS78dZcbZmp",
            "1J3G9nmyi1yZ8Y8NzpzxirDvCm8SpFKWe4",
            "16aHK5YDzzgDaRCG4RosKGF183uGE95N9t"
        ]
    },
    "fiat_value": {},
    "frozen_coins": {},
    "invoices": {},
    "keystore": {
        "derivation": "m",
        "pw_hash_version": 1,
        "root_fingerprint": "11dccccd",
        "seed": "minor zone pool address remain combine chapter claw medal settle grace capable",
        "seed_type": "standard",
        "type": "bip32",
        "xprv": "xprv9s21ZrQH143K2M4DD8KxP79qW1zusWXs8bs3FfDJUyadUASutF2kypdK8YSfqFWjW3pakKTQfJsEmiQa8KBYFqCUREt5dod8FZJHvHxmpkH",
        "xpub": "xpub661MyMwAqRbcEq8gK9rxkF6a43qQGyFiVpne43cv3K7cLxn4RnM1XcwnyqHdmCEPQVuvEYZp3PELFvbqt4CPeby7dyaTdQT58Ve8JN9nriC"
    },
    "labels": {},
    "payment_requests": {},
    "prevouts_by_scripthash": {},
    "seed_version": 50,
    "spent_outpoints": {},
    "transactions": {},
    "tx_fees": {},
    "txi": {},
    "txo": {},
    "use_encryption": false,
    "verified_tx3": {},
    "wallet_type": "standard"
}