{
    "addr_history": {
        "13Rkv1y9t2jzhsmWxsP9DvPGeWfqX6ghCv": [],
        "13WxFkrVavJdMq1mm3G4gYRBvdpJsKHWA2": [],
        "13bMsbKk2q85LPqVtUz5dMBVUDui3pFUUM": [],
        "13mXb28yL8aFWBZKJ29F5wHfeBCWDZvpX6": [],
        "14aJGSzfuUtfhGZjFkQoJjAPnwTPvnVmRw": [],
        "14j7BZ3rATmAzdXuxwTYqYcCbsdKogz2hR": [],
        "155Fg6jy7xcuhpjFcPX2dUtfqTiQRKctRp": [],
        "15PBZaX2tqemYTLXGfrwcvtJi1KxVdfN1w": [],
        "16Cq2iAAvNEyshYWTPUeYEQryVsymgqtEo": [],
        "17PYad8iEbtAGoqdCRC63GQKsGxfuwTcds": [],
        "18C36oGQUc25LhKR6DoemQ8dfVrsW2rMMX": [],
        "19zjzYbNXQ6Ed7FhctoPkn3HMFHdFrfrZQ": [],
        "1A4nFGaAyQZm9MDEUrYn43K5pzX2Aiveqe": [],
        "1CMvJ33aFcw2DVTn5mVz7atjeCHg272Pf3": [],
        "1DUiJjtzJQ3GJ79zyN48z5Q3yWY1Vx7w6N": [],
        "1DZw9imGTKZUwtaokZhErZMbFCdHqQkZ2G": [],
        "1EbWuQvvqD2cWfXx8xopSnfUeUxMjGZHai": [],
        "1Ebj93V7tbrUVuv54mGNdverC8heX6QJXk": [],
        "1EyUMMj146pQpF1kXUJfeoWw9fqUYPiPSG": [],
        "1FhcSvCpFBCdXD8MSsNrd6AoNVKdhyBnak": [],
        "1KcyMCGdNPBMcaBHyvAKPmCm7cAzbviBY6": [],
        "1KdzsrLvCD7GzF3hJHzpV9jPEkw1Ct7RHV": [],
        "1KrigvmhxCRsi92hDHzywPjXvvMCoW9VRe": [],
        "1LZCz1Yd5GLuYXQEcUgPfPx9aMrP3oDmym": [],
        "1LorgrJEWaLFs7ooWZTfWsBKMRk3o9dGS2": [],
        "1M652d1axdCLfqvaYSY9aZg5Ta3QdHrCZ3": [],
        "1NbNViaMRGag1gxXv1GjoDBPufZLqZXTGu": [],
        "1Q4gWnTBHDouYRdVMKYCYaihMRfv1ZtYvk": [],
        "1Q8w7wT5GwhaQgsiNRdHQWziTwsa92rsT2": [],
        "1XKvMTKYZH7r29hzkddDk9ezLBiEXcUrd": []
    },
    "addresses": {
        "change": [
            "1A4nFGaAyQZm9MDEUrYn43K5pzX2Aiveqe",
            "13WxFkrVavJdMq1mm3G4gYRBvdpJsKHWA2",
            "1XKvMTKYZH7r29hzkddDk9ezLBiEXcUrd",
            "155Fg6jy7xcuhpjFcPX2dUtfqTiQRKctRp",
            "1Q4gWnTBHDouYRdVMKYCYaihMRfv1ZtYvk",
            "14aJGSzfuUtfhGZjFkQoJjAPnwTPvnVmRw",
            "1FhcSvCpFBCdXD8MSsNrd6AoNVKdhyBnak",
            "13mXb28yL8aFWBZKJ29F5wHfeBCWDZvpX6",
            "1KrigvmhxCRsi92hDHzywPjXvvMCoW9VRe",
            "1EbWuQvvqD2cWfXx8xopSnfUeUxMjGZHai"
        ],
        "receiving": [
            "1LZCz1Yd5GLuYXQEcUgPfPx9aMrP3oDmym",
            "1DZw9imGTKZUwtaokZhErZMbFCdHqQkZ2G",
            "15PBZaX2tqemYTLXGfrwcvtJi1KxVdfN1w",
            "1DUiJjtzJQ3GJ79zyN48z5Q3yWY1Vx7w6N",
            "16Cq2iAAvNEyshYWTPUeYEQryVsymgqtEo",
            "1KdzsrLvCD7GzF3hJHzpV9jPEkw1Ct7RHV",
            "1M652d1axdCLfqvaYSY9aZg5Ta3QdHrCZ3",
            "14j7BZ3rATmAzdXuxwTYqYcCbsdKogz2hR",
            "1LorgrJEWaLFs7ooWZTfWsBKMRk3o9dGS2",
            "18C36oGQUc25LhKR6DoemQ8dfVrsW2rMMX",
            "1KcyMCGdNPBMcaBHyvAKPmCm7cAzbviBY6",
            "1NbNViaMRGag1gxXv1GjoDBPufZLqZXTGu",
            "19zjzYbNXQ6Ed7FhctoPkn3HMFHdFrfrZQ",
            "17PYad8iEbtAGoqdCRC63GQKsGxfuwTcds",
            "13bMsbKk2q85LPqVtUz5dMBVUDui3pFUUM",
            "13Rkv1y9t2jzhsmWxsP9DvPGeWfqX6ghCv",
            "1Q8w7wT5GwhaQgsiNRdHQWziTwsa92rsT2",
            "1Ebj93V7tbrUVuv54mGNdverC8heX6QJXk",
            "1CMvJ33aFcw2DVTn5mVz7atjeCHg272Pf3",
            "1EyUMMj146pQpF1kXUJfeoWw9fqUYPiPSG"
        ]
    },
    "fiat_value": {},
    "frozen_coins": {},
    "invoices": {},
    "keystore": {
        "derivation": "m",
        "pw_hash_version": 1,
        "root_fingerprint": "b9f34168",
        "seed": "minor zone pool balcony remain combine gloom claw medal settle grace capable",
        "seed_type": "standard",
        "type": "bip32",
        "xprv": "xprv9s21ZrQH143K4ZhvELew2chTRNrhmnrhiv3UjEiKNH5zHpJ1mdD955gFLYF4qwuLjJH2StFCDZYHo9KJvtv4Y6HGNyYDahYJZ6bp2V63uww",
        "xpub": "xpub661MyMwAqRbcH3nPLNBwPkeByQhCBFaZ68y5Xd7vvccyAcdAKAXPcszjBrFbJEWhDw3FtEFf4vLjqV2E1dBfFbRZZPzM9t69gPedRMT7aAC"
    },
    "labels": {},
    "payment_requests": {},
    "prevouts_by_scripthash": {},
    "seed_version": 50,
    "spent_outpoints": {},
    "transactions": {},
    "tx_fees": {},
    "txi": {},
    "txo": {},
    "use_encryption": false,
    "verified_tx3": {},
    "wallet_type": "standard"
}