{
    "addr_history": {
        "131ABBqL5DkpcSVbLu9pTWPN9rp5CEYwno": [],
        "138WDMPHQqmkDYmC12bmzcyNajJB9bLsUd": [],
        "145zCTKGwmBs5mZCCymiHTUmGFhJzSDQF8": [],
        "15ra5hXpAXxSriF2qc2Eceg9N2Q4wW2T5x": [],
        "15wyaSMMf4AZP6AvJ1TCDL4Qk38QxiDXca": [],
        "17Q7obDpAXVP16PVkMCR6d75X6GomoiADZ": [],
        "17xs4f9BYnJkA7V5gUf4LeywVS1N49BjcX": [],
        "18EcztRhdRMfczMsi42UGzyBVpFyC1WDEX": [],
        "18KqzxzqnzpMZycRENGJMuYwxt6rUXLZJM": [],
        "1AMxbWzMezTJX8iwnxpryTCtsML6djQnfV": [],
        "1AU6VAntnh63wx2ZPPSKG3vC43NUS68o2s": [],
        "1BFQjDqxG5st7No4L9v42SZ7PwYuanvTho": [],
        "1Cbas3Z7eHXTCoLgzPVA3zs5xZt7dob2jo": [],
        "1DHWahJFHU87Gcjavj7GoeaDy33TB9KmUE": [],
        "1E2hojXoiTzjbGWoogknpWWZZsR2J5nEdj": [],
        "1EjbTdRMYtUyFiRYV7T8FSadktMeM9ecSg": [],
        "1F5NstsT7KVpwmyd9ivtChYX1GCdbQovp4": [],
        "1FnNrDePTA9AgU2Jy24JQm7ggG4vTUpoCx": [],
        "1G7kc5Qx9ckwWKixMxV3YqfSS56RRuApQa": [],
        "1GoS3eGWqv8yR1sJE9o5WJQkL8VfqsbASX": [],
        "1HyoZNKiqX9SjrruZnthVYyKgReFJhVBec": [],
        "1K5bH2fLmjzxfuadJg1YNKyhU51x8AaqbS": [],
        "1KNhowmMBM8xBFkfhvguitA55WmKZsiK97": [],
        "1KQNsKZyUzmMzeQ4MDNc5J242y2gq1i3Bq": [],
        "1LeMh1p11j8CkPHFg644fPdonL7hm4n5Jx": [],
        "1MaWK7gLMQotZpG455ZjPFvbyvk9uCADJ3": [],
        "1N8D8qwTk7tCrEswmNHnjf3kzAAyKfWpGS": [],
        "1PGsbyXWLzC4kVJQ1hCwC6GhqUjYKAP2XB": [],
        "1PUyVZejfW4iroaQE1TsCFCP5ZTDgfwpMN": [],
        "1Pnv3L8Y1LamyJ53Yb5miUAfqj68RE5MAm": []
    },
    "addresses": {
        "change": [
            "1KNhowmMBM8xBFkfhvguitA55WmKZsiK97",
            "1K5bH2fLmjzxfuadJg1YNKyhU51x8AaqbS",
            "1F5NstsT7KVpwmyd9ivtChYX1GCdbQovp4",
            "17xs4f9BYnJkA7V5gUf4LeywVS1N49BjcX",
            "1BFQjDqxG5st7No4L9v42SZ7PwYuanvTho",
            "1GoS3eGWqv8yR1sJE9o5WJQkL8VfqsbASX",
            "1Pnv3L8Y1LamyJ53Yb5miUAfqj68RE5MAm",
            "1E2hojXoiTzjbGWoogknpWWZZsR2J5nEdj",
            "1Cbas3Z7eHXTCoLgzPVA3zs5xZt7dob2jo",
            "1MaWK7gLMQotZpG455ZjPFvbyvk9uCADJ3"
        ],
        "receiving": [
            "1PGsbyXWLzC4kVJQ1hCwC6GhqUjYKAP2XB",
            "1AU6VAntnh63wx2ZPPSKG3vC43NUS68o2s",
            "18KqzxzqnzpMZycRENGJMuYwxt6rUXLZJM",
            "1EjbTdRMYtUyFiRYV7T8FSadktMeM9ecSg",
            "18EcztRhdRMfczMsi42UGzyBVpFyC1WDEX",
            "145zCTKGwmBs5mZCCymiHTUmGFhJzSDQF8",
            "17Q7obDpAXVP16PVkMCR6d75X6GomoiADZ",
            "1G7kc5Qx9ckwWKixMxV3YqfSS56RRuApQa",
            "131ABBqL5DkpcSVbLu9pTWPN9rp5CEYwno",
            "138WDMPHQqmkDYmC12bmzcyNajJB9bLsUd",
            "1N8D8qwTk7tCrEswmNHnjf3kzAAyKfWpGS",
            "15wyaSMMf4AZP6AvJ1TCDL4Qk38QxiDXca",
            "1KQNsKZyUzmMzeQ4MDNc5J242y2gq1i3Bq",
            "1FnNrDePTA9AgU2Jy24JQm7ggG4vTUpoCx",
            "1DHWahJFHU87Gcjavj7GoeaDy33TB9KmUE",
            "15ra5hXpAXxSriF2qc2Eceg9N2Q4wW2T5x",
            "1PUyVZejfW4iroaQE1TsCFCP5ZTDgfwpMN",
            "1LeMh1p11j8CkPHFg644fPdonL7hm4n5Jx",
            "1HyoZNKiqX9SjrruZnthVYyKgReFJhVBec",
            "1AMxbWzMezTJX8iwnxpryTCtsML6djQnfV"
        ]
    },
    "fiat_value": {},
    "frozen_coins": {},
    "invoices": {},
    "keystore": {
        "derivation": "m",
        "pw_hash_version": 1,
        "root_fingerprint": "5e262ba6",
        "seed": "minor zone pool advance remain combine what claw medal settle grace capable",
        "seed_type": "standard",
        "type": "bip32",
        "xprv": "xprv9s21ZrQH143K42rnLvG1cduTtdbZQNYKB1hdgkUzs6UpRWa7ibX6NtTx2o2gxGMbEYtUCiVJypMrCb4VLS4CGHuRU6gHNNqLjhMudnmutNU",
        "xpub": "xpub661MyMwAqRbcGWwFSwo1ymrCSfS3oqGAYEdEV8tcRS1oJJuGG8qLvgnRt4G6tHWJ2veVaBn4m7YZWhkYDb3xXPZVcxuMSjyaQBwP3bcssxk"
    },
    "labels": {},
    "payment_requests": {},
    "prevouts_by_scripthash": {},
    "seed_version": 50,
    "spent_outpoints": {},
    "transactions": {},
    "tx_fees": {},
    "txi": {},
    "txo": {},
    "use_encryption": false,
    "verified_tx3": {},
    "wallet_type": "standard"
}