{
    "addr_history": {
        "12hX9RsTpWTeWNUmDjFk2Z5bCiz4NLCVPL": [],
        "133FxBNY56C88KAUwdm2F5LaV7j3ShS3HY": [],
        "13KRGos2MjCCzrnM2c3xmvFyjzCD1wVSCe": [],
        "13e7VvFjzrFtgAgdTr6oX9jfq7ES69FFsY": [],
        "14SXKwcxYcCJo6QbZwKSc2KmgDZCKRysL7": [],
        "14YwWo33dbj18zBtfBYijYDSYp55t1cLAB": [],
        "18MEH4CGkAVbzV5aySoc5w3BZDNtxywa6T": [],
        "18bpvXNQFKR6Ff3aX7UYehrL6G3LZy1RuT": [],
        "18xHUCkKwW7qdEpWMwbXYEbSVqTU7Jqzbu": [],
        "1A3H9L4LhfixJhi4fzYg1y4KgMXevuit5t": [],
        "1Abj6UNGxnhgD7NE2esDMddTp4uNKrznf2": [],
        "1C3cQyYpoqFri4ubwSWbFJQbfsbMttUAwJ": [],
        "1C7CTGzwJtxLhVWtGdfTXejrtV3Un7E4vU": [],
        "1D4jG9G6UVEUjYSe2g2t3oAab5dBCBN3C6": [],
        "1DAad9Lz7dSBxcJ25aqgombxCkVZKtiLkr": [],
        "1FTmRLXovSwU4g7M6uXCM8ufXTHrwbS1TC": [],
        "1GBrinCwQDJJZXHnxPhYZTxmxdUZbfD26k": [],
        "1H8gFBRwnsG6nN1KjdKoUEgxbANPRSkTZT": [],
        "1HbnenRDcUYmuN5qw9UfrYvJrDVry4DgD2": [],
        "1K5YmF3mAWCeoP1Y22y5W8BeSdWJwJ24R6": [],
        "1LoPQPcpdWVhwrditEGzw6TKUukDuWhhiv": [],
        "1LqRiz4ayq8stxXSdbic6VNaAY7YK9EEBA": [],
        "1Mrxf1Gi97WRddevw49vx2HXMSF42RWYUs": [],
        "1Mu7N4h2vPjX1DhTNskZvCSbdkKxZf6bvP": [],
        "1NhsnQkE6NPq89mGtw1Jq8n5cdvmgHQtx3": [],
        "1NmrE9XzreEdZPoAzNCU7nc8DbWHpxTauq": [],
        "1PSFV3ndBPPKeKXihDUgVSS2wifpXm2cqa": [],
        "1Q65cB6K29BZC7w1ExJ9Tdq7oZW98z1Z5M": [],
        "1kML2jmcFG6QjUhmL9cyCwY8QB5fXVLjS": [],
        "1oEnC81T916ivQjmNcZbpHeFt1Mq7qLY8": []
    },
    "addresses": {
        "change": [
            "14SXKwcxYcCJo6QbZwKSc2KmgDZCKRysL7",
            "1Q65cB6K29BZC7w1ExJ9Tdq7oZW98z1Z5M",
            "1Mu7N4h2vPjX1DhTNskZvCSbdkKxZf6bvP",
            "1C7CTGzwJtxLhVWtGdfTXejrtV3Un7E4vU",
            "1C3cQyYpoqFri4ubwSWbFJQbfsbMttUAwJ",
            "1Mrxf1Gi97WRddevw49vx2HXMSF42RWYUs",
            "1LoPQPcpdWVhwrditEGzw6TKUukDuWhhiv",
            "1A3H9L4LhfixJhi4fzYg1y4KgMXevuit5t",
            "1H8gFBRwnsG6nN1KjdKoUEgxbANPRSkTZT",
            "18xHUCkKwW7qdEpWMwbXYEbSVqTU7Jqzbu"
        ],
        "receiving": [
            "1DAad9Lz7dSBxcJ25aqgombxCkVZKtiLkr",
            "1K5YmF3mAWCeoP1Y22y5W8BeSdWJwJ24R6",
            "14YwWo33dbj18zBtfBYijYDSYp55t1cLAB",
            "1Abj6UNGxnhgD7NE2esDMddTp4uNKrznf2",
            "1NhsnQkE6NPq89mGtw1Jq8n5cdvmgHQtx3",
            "1oEnC81T916ivQjmNcZbpHeFt1Mq7qLY8",
            "133FxBNY56C88KAUwdm2F5LaV7j3ShS3HY",
            "1NmrE9XzreEdZPoAzNCU7nc8DbWHpxTauq",
            "1D4jG9G6UVEUjYSe2g2t3oAab5dBCBN3C6",
            "13e7VvFjzrFtgAgdTr6oX9jfq7ES69FFsY",
            "1LqRiz4ayq8stxXSdbic6VNaAY7YK9EEBA",
            "1PSFV3ndBPPKeKXihDUgVSS2wifpXm2cqa",
            "1FTmRLXovSwU4g7M6uXCM8ufXTHrwbS1TC",
            "18MEH4CGkAVbzV5aySoc5w3BZDNtxywa6T",
            "13KRGos2MjCCzrnM2c3xmvFyjzCD1wVSCe",
            "18bpvXNQFKR6Ff3aX7UYehrL6G3LZy1RuT",
            "1kML2jmcFG6QjUhmL9cyCwY8QB5fXVLjS",
            "12hX9RsTpWTeWNUmDjFk2Z5bCiz4NLCVPL",
            "1GBrinCwQDJJZXHnxPhYZTxmxdUZbfD26k",
            "1HbnenRDcUYmuN5qw9UfrYvJrDVry4DgD2"
        ]
    },
    "fiat_value": {},
    "frozen_coins": {},
    "invoices": {},
    "keystore": {
        "derivation": "m",
        "pw_hash_version": 1,
        "root_fingerprint": "373785ef",
        "seed": "minor zone pool advice remain combine comfort claw medal settle grace capable",
        "seed_type": "standard",
        "type": "bip32",
        "xprv": "xprv9s21ZrQH143K3i2bTVt2J7LsY21NKUFKx27zQTzAMK9eKRqVtqEFpwjMJcj8bSGNwV2NPqCNkTYCSK4QCrjedUimS6eFnhPWPJa5S2VgcWx",
        "xpub": "xpub661MyMwAqRbcGC74ZXR2fFHc63qrivyBKF3bCrPmuegdCEAeSNYWNk3q9ud1Z7LUYoYA8bX8BHpRZFJTPdYzC2AiYZtpg42AqM1pZn7o5A4"
    },
    "labels": {},
    "payment_requests": {},
    "prevouts_by_scripthash": {},
    "seed_version": 50,
    "spent_outpoints": {},
    "transactions": {},
    "tx_fees": {},
    "txi": {},
    "txo": {},
    "use_encryption": false,
    "verified_tx3": {},
    "wallet_type": "standard"
}