{
    "addr_history": {
        "12mus5Rp5unG5mTRCjVp85tXN28tTiH4gv": [],
        "13B1SB8wRRXfDSFGJvLodweFZBhVVkVyFW": [],
        "144rJKDnktYybYjngW931bwvLC3oXdioUg": [],
        "14TkQ3CWyLnCQMrFM7d9z9tQZ2yYVpWZwC": [],
        "17Lsp4qyWNS7LgRSGZko9v4C9UsPi4Gtzf": [],
        "1895ofdgRZdzxxaWERaC7JdA7y9bYfLRe5": [],
        "18J5ZWvWSJYV6u2bas6EwYdMRYN2WsFH7f": [],
        "18JKJsnWZ7XEpzRc6DwSWmpYHsiP5U1HVD": [],
        "19KHBdHSuzPKTiUAAp3rMMYAVp18uWNpP6": [],
        "19sWQUMQYSY7Esu2avtsdWXqrxp9SMbSUo": [],
        "1ABYoL9JNn3cBjLw6VLJ3o7q3e8VDXF2dL": [],
        "1BC6jF4pZhwns8XYqSUSbKJ5sB68XTgaZ": [],
        "1C3PdTTGgLJ9nJqPXEpCBaMNoqk7geqFNh": [],
        "1C5LgBuNKGvCxq5vabVeehwvuQGu27o4gU": [],
        "1CKsYXdK7eciFSLRxaV3PoQVBcrhnHvTgt": [],
        "1D81nmscwXWZag575zB2qd9673NaXJEuKr": [],
        "1DKfRa9aqAMB5XJBdUTZ276STv3wWe38iL": [],
        "1EX4LGU9CQSYrs4k7FxhCJmgLHRVQGrm2x": [],
        "1GqN4uVSkBW4qTRFtYAz1jzNzE9RbrQH3k": [],
        "1GqtpKy8wxBdzYExgoPPchrTgijcP8HPK": [],
        "1HQTvqpCz3ntAZPsUAyiByQ4x41KCS373T": [],
        "1HR5XwHXvFua5arPPKogr4e1iCwuDMjz6t": [],
        "1K7gDcha1EevALeJgkH3GUt9aZHgV5SEHx": [],
        "1MevHXbQ3kJRQRKdETwi7yEJTKgM2ReC72": [],
        "1NWybGL74qVhcLLYw3zKG7YdSXvaex5HkC": [],
        "1NwBskQXKdXcycJww4WQ1iKLyQfFJFT1e7": [],
        "1Phr7h3Fb8WxdjCtjzZ1ZTBMHvFANDq163": [],
        "1Piz7rrznLjYpAg8W2sCachWmuKDaLWR2e": [],
        "1Prwk6DeEDuGuQcNYUhQQVct2FkktDL33u": [],
        "1QJDpKX2b2eu4uBhMQxg7iXQqA7khVTCtu": []
    },
    "addresses": {
        "change": [
            "1ABYoL9JNn3cBjLw6VLJ3o7q3e8VDXF2dL",
            "1CKsYXdK7eciFSLRxaV3PoQVBcrhnHvTgt",
            "1HR5XwHXvFua5arPPKogr4e1iCwuDMjz6t",
            "13B1SB8wRRXfDSFGJvLodweFZBhVVkVyFW",
            "18J5ZWvWSJYV6u2bas6EwYdMRYN2WsFH7f",
            "1GqtpKy8wxBdzYExgoPPchrTgijcP8HPK",
            "14TkQ3CWyLnCQMrFM7d9z9tQZ2yYVpWZwC",
            "1895ofdgRZdzxxaWERaC7JdA7y9bYfLRe5",
            "1GqN4uVSkBW4qTRFtYAz1jzNzE9RbrQH3k",
            "12mus5Rp5unG5mTRCjVp85tXN28tTiH4gv"
        ],
        "receiving": [
            "1QJDpKX2b2eu4uBhMQxg7iXQqA7khVTCtu",
            "1C3PdTTGgLJ9nJqPXEpCBaMNoqk7geqFNh",
            "1HQTvqpCz3ntAZPsUAyiByQ4x41KCS373T",
            "144rJKDnktYybYjngW931bwvLC3oXdioUg",
            "1DKfRa9aqAMB5XJBdUTZ276STv3wWe38iL",
            "17Lsp4qyWNS7LgRSGZko9v4C9UsPi4Gtzf",
            "19KHBdHSuzPKTiUAAp3rMMYAVp18uWNpP6",
            "1Piz7rrznLjYpAg8W2sCachWmuKDaLWR2e",
            "1K7gDcha1EevALeJgkH3GUt9aZHgV5SEHx",
            "1D81nmscwXWZag575zB2qd9673NaXJEuKr",
            "1NwBskQXKdXcycJww4WQ1iKLyQfFJFT1e7",
            "1C5LgBuNKGvCxq5vabVeehwvuQGu27o4gU",
            "1BC6jF4pZhwns8XYqSUSbKJ5sB68XTgaZ",
            "1MevHXbQ3kJRQRKdETwi7yEJTKgM2ReC72",
            "1Prwk6DeEDuGuQcNYUhQQVct2FkktDL33u",
            "1EX4LGU9CQSYrs4k7FxhCJmgLHRVQGrm2x",
            "1NWybGL74qVhcLLYw3zKG7YdSXvaex5HkC",
            "19sWQUMQYSY7Esu2avtsdWXqrxp9SMbSUo",
            "1Phr7h3Fb8WxdjCtjzZ1ZTBMHvFANDq163",
            "18JKJsnWZ7XEpzRc6DwSWmpYHsiP5U1HVD"
        ]
    },
    "fiat_value": {},
    "frozen_coins": {},
    "invoices": {},
    "keystore": {
        "derivation": "m",
        "pw_hash_version": 1,
        "root_fingerprint": "ab284e20",
        "seed": "minor zone pool absorb remain combine range claw medal settle grace capable",
        "seed_type": "standard",
        "type": "bip32",
        "xprv": "xprv9s21ZrQH143K2cUuqA93Fq8gDMf96qYEqV9711JXSPBuwupSFCXPWVGgVomndX4Ro22tRaEUU64v6RXMrUFL9mVVr1EPZvLtnxsQFEEZFQ6",
        "xpub": "xpub661MyMwAqRbcF6ZNwBg3cy5QmPVdWJG6Ci4hoPi8ziitpi9anjqe4HbAM5LgVdKRepvcMq3PPzkSt42UxgN1C6xFG7MyUThzj8L1XuDAKVL"
    },
    "labels": {},
    "payment_requests": {},
    "prevouts_by_scripthash": {},
    "seed_version": 50,
    "spent_outpoints": {},
    "transactions": {},
    "tx_fees": {},
    "txi": {},
    "txo": {},
    "use_encryption": false,
    "verified_tx3": {},
    "wallet_type": "standard"
}