{
    "addr_history": {
        "13RfrLibXuz9kKFtdtoYwUnhNXewrpPGsM": [],
        "14GvgfhizT6jWwhWtxNBYsTAxSFFSctiG4": [],
        "14qTrV85pe5n67hkDKffFVQdcJGxAMufeN": [],
        "15qSHsBFCaS4t3oEUn7JwJ9ZTLBWHZ3GB7": [],
        "165rUrdzRKG9gaWptL8w1BSNuGrRfYymr7": [],
        "18BcnQ796CEoeckmmUWcq8uXB34ZQiLrkv": [],
        "18dFzeZweukfJVeQPrYS6La739h4VR7aqX": [],
        "19S46ubu6EDcDqRvQcYTQ2ANw5fMznbqzH": [],
        "19gfeAB1zDRYrKEJAkG2wXBXxJJXqeVzLc": [],
        "1BA82CyXJe2EY2dnuHrXizXEvDj5XdBaJd": [],
        "1BPBxyv7cMefp7BTaS66h6pUEoJTri4ANr": [],
        "1Bkey6jkb2rGuJTf4UjgeojCdf1urFU4F2": [],
        "1CoeiuwRFuNMdqw9GvxbuZvDQX8TtL44V3": [],
        "1DH79TuHgDXZjF1qUXyj4mhnhrigCj71Pu": [],
        "1EMBuFgcLRfqeRAYg2wnScXRyqcYhrdPQg": [],
        "1HaVWWHmAWAHUsKnd8mNuHn5SU9vz3bVTk": [],
        "1HgrBqrzANSfEuhVEw5Y5E4qrMEzYSp2TU": [],
        "1HnRSaZ7y6BdnPyn2FUbaCS4fXoc6WwyaM": [],
        "1JgaE3wxdRjVmQBoQCzHpSHpzxykHmar8Z": [],
        "1Jkcz5YKiznKTGT53B5BrMUdfMRWtPW5QH": [],
        "1K6xoDLPSEC62W3iunv9gmjm1WAH1Fd52N": [],
        "1K7asS2x66sogiQfdqmtjGKYMSQXWa6iG9": [],
        "1KjiFfpKTjWpuzxe4xWECaExLY6idBt8qU": [],
        "1L6TLxohnEjMExBYDitrCHX4abr4z8s4jL": [],
        "1M7K1CWKeHDXvjiZy588SzVsA7wXvwef8X": [],
        "1P5qRqDnYBthVcNYUwgvAbWyQCLHhCAiUe": [],
        "1PLus9oasPCZCXiWw3Bh1kJcJgEmC9BfYy": [],
        "1PXAA68vmPgQRMjeVyJse7qoZ7Ad8w2Loj": [],
        "1dC7BTfARLf1ebzNDyQgzQEKEyENzCS1Q": [],
        "1wkZqi9o176KVeTe41w2hbtPtVL2aaSnd": []
    },
    "addresses": {
        "change": [
            "19gfeAB1zDRYrKEJAkG2wXBXxJJXqeVzLc",
            "18dFzeZweukfJVeQPrYS6La739h4VR7aqX",
            "165rUrdzRKG9gaWptL8w1BSNuGrRfYymr7",
            "1P5qRqDnYBthVcNYUwgvAbWyQCLHhCAiUe",
            "1EMBuFgcLRfqeRAYg2wnScXRyqcYhrdPQg",
            "1wkZqi9o176KVeTe41w2hbtPtVL2aaSnd",
            "1Jkcz5YKiznKTGT53B5BrMUdfMRWtPW5QH",
            "1DH79TuHgDXZjF1qUXyj4mhnhrigCj71Pu",
            "1K7asS2x66sogiQfdqmtjGKYMSQXWa6iG9",
            "14GvgfhizT6jWwhWtxNBYsTAxSFFSctiG4"
        ],
        "receiving": [
            "1HnRSaZ7y6BdnPyn2FUbaCS4fXoc6WwyaM",
            "13RfrLibXuz9kKFtdtoYwUnhNXewrpPGsM",
            "1K6xoDLPSEC62W3iunv9gmjm1WAH1Fd52N",
            "15qSHsBFCaS4t3oEUn7JwJ9ZTLBWHZ3GB7",
            "1L6TLxohnEjMExBYDitrCHX4abr4z8s4jL",
            "1PLus9oasPCZCXiWw3Bh1kJcJgEmC9BfYy",
            "1BA82CyXJe2EY2dnuHrXizXEvDj5XdBaJd",
            "19S46ubu6EDcDqRvQcYTQ2ANw5fMznbqzH",
            "1dC7BTfARLf1ebzNDyQgzQEKEyENzCS1Q",
            "1CoeiuwRFuNMdqw9GvxbuZvDQX8TtL44V3",
            "1HaVWWHmAWAHUsKnd8mNuHn5SU9vz3bVTk",
            "14qTrV85pe5n67hkDKffFVQdcJGxAMufeN",
            "1HgrBqrzANSfEuhVEw5Y5E4qrMEzYSp2TU",
            "1M7K1CWKeHDXvjiZy588SzVsA7wXvwef8X",
            "18BcnQ796CEoeckmmUWcq8uXB34ZQiLrkv",
            "1Bkey6jkb2rGuJTf4UjgeojCdf1urFU4F2",
            "1BPBxyv7cMefp7BTaS66h6pUEoJTri4ANr",
            "1PXAA68vmPgQRMjeVyJse7qoZ7Ad8w2Loj",
            "1KjiFfpKTjWpuzxe4xWECaExLY6idBt8qU",
            "1JgaE3wxdRjVmQBoQCzHpSHpzxykHmar8Z"
        ]
    },
    "fiat_value": {},
    "frozen_coins": {},
    "invoices": {},
    "keystore": {
        "derivation": "m",
        "pw_hash_version": 1,
        "root_fingerprint": "15c6ba45",
        "seed": "minor zone pool asset remain combine drink claw medal settle grace capable",
        "seed_type": "standard",
        "type": "bip32",
        "xprv": "xprv9s21ZrQH143K3mMGjjThJZVJjZFzHJZuqXKfD4WV6GrbfRn7s5QWwf7rMYb2UPM1Ub8DCUkG7eq6i1Z1dUA4xLJebtPRZ3bEwSgGoHQdZox",
        "xpub": "xpub661MyMwAqRbcGFRjqkzhfhS3Hb6UgmHmCkFG1Sv6ecPaYE7GQcimVTSLCqb5R171wPh4qM5xCLTyBZgMBuERMmfnA8414AyGwiRPJQBtnau"
    },
    "labels": {},
    "payment_requests": {},
    "prevouts_by_scripthash": {},
    "seed_version": 50,
    "spent_outpoints": {},
    "transactions": {},
    "tx_fees": {},
    "txi": {},
    "txo": {},
    "use_encryption": false,
    "verified_tx3": {},
    "wallet_type": "standard"
}