{
    "addr_history": {
        "12wydHrGbAbMMcFJyaEByWejd3bbiVr2t9": [],
        "132iDHAhgJeR1SkbPtiT1nZbWgWMrw81Ga": [],
        "133Da6SkphNgQqgGdjJ3soNbYtrQRwtmiX": [],
        "142PtwQWPKzDQAkN5zJDPQ61WxEaViNvDf": [],
        "14xxCSnbqKQhPA3yBckGwfgjUZ7zTATDgR": [],
        "16aWDRzeEyP6Erh3gcmDCNXb799wLhDFjg": [],
        "18DdmPsN5AEWw4Sj6cxaknsYxRomagRpZZ": [],
        "18PYh8fqHc3jXUKz8mVz6gTnesvWb8zjDA": [],
        "18o7YwUEk771vMx2cEJDSDQn75itHX4Awm": [],
        "1Cmb31DwXSz1ponW3qP3mA7y1GGHzepB8W": [],
        "1DWN7u9gufTjDhHRJuwMcjyWzUVZszzrji": [],
        "1Dk74fMEbbrCaUZtVwMvmjXT7argGG4o79": [],
        "1Dq2PDBS2UbdNKDkgd7ApLhEedwiCykpH2": [],
        "1Ef9qa5Duejcu2uoEW5vzx4pdCFk5auQm7": [],
        "1F7dpdiDffiR4chNuCtg652iYTcunEivKL": [],
        "1GRZCdSrrZwwcSXar6if5b8uTPirxCQw2M": [],
        "1GcwZyhPreKwQNWCd3bhFn52WsoiT5JRdT": [],
        "1GxtDLDdegrC9t14NAo2dyM9HWxSrCRjmF": [],
        "1H9QrJCDCSW4DRX4YeWk2jVyWNRHJmga81": [],
        "1Hzzns3HF1nq1Jq3BgWZnXYuCKNpVJybYy": [],
        "1KLYWNJg3RitJqseme1QgAcHqdTPQajzML": [],
        "1L3EjW4dFx3DNvuRR6PsGuDYVQGrZidCpS": [],
        "1M4CqKDzZvH5h9UdN3hD9U4HCvt17EmkHS": [],
        "1NoR7Fjm2wAiJwHHiA8JPESqXAReCtDh8B": [],
        "1P8RrCAQxUSY86yqEGE5muDGMHLtuiuc2m": [],
        "1Pc7easB9MwEuJkGxi2qaq5unRKV5WapXR": [],
        "1Q3nch58GM4bUeNis2o4UqufWovXta4C2D": [],
        "1QGvuraE8U65nFMUTuHJ93x3KHvBYv2HQf": [],
        "1hyboEN9mMG89DNryX7MVaCNUVcMG8cW3": [],
        "1og6LLjMjhrGD728Mgj8xC725DVWDJKcR": []
    },
    "addresses": {
        "change": [
            "1P8RrCAQxUSY86yqEGE5muDGMHLtuiuc2m",
            "1GcwZyhPreKwQNWCd3bhFn52WsoiT5JRdT",
            "1hyboEN9mMG89DNryX7MVaCNUVcMG8cW3",
            "1Dk74fMEbbrCaUZtVwMvmjXT7argGG4o79",
            "1F7dpdiDffiR4chNuCtg652iYTcunEivKL",
            "1GxtDLDdegrC9t14NAo2dyM9HWxSrCRjmF",
            "142PtwQWPKzDQAkN5zJDPQ61WxEaViNvDf",
            "1M4CqKDzZvH5h9UdN3hD9U4HCvt17EmkHS",
            "1DWN7u9gufTjDhHRJuwMcjyWzUVZszzrji",
            "1KLYWNJg3RitJqseme1QgAcHqdTPQajzML"
        ],
        "receiving": [
            "1Hzzns3HF1nq1Jq3BgWZnXYuCKNpVJybYy",
            "1H9QrJCDCSW4DRX4YeWk2jVyWNRHJmga81",
            "14xxCSnbqKQhPA3yBckGwfgjUZ7zTATDgR",
            "1Q3nch58GM4bUeNis2o4UqufWovXta4C2D",
            "1Ef9qa5Duejcu2uoEW5vzx4pdCFk5auQm7",
            "1og6LLjMjhrGD728Mgj8xC725DVWDJKcR",
            "132iDHAhgJeR1SkbPtiT1nZbWgWMrw81Ga",
            "18PYh8fqHc3jXUKz8mVz6gTnesvWb8zjDA",
            "1QGvuraE8U65nFMUTuHJ93x3KHvBYv2HQf",
            "1GRZCdSrrZwwcSXar6if5b8uTPirxCQw2M",
            "1Cmb31DwXSz1ponW3qP3mA7y1GGHzepB8W",
            "18o7YwUEk771vMx2cEJDSDQn75itHX4Awm",
            "1Dq2PDBS2UbdNKDkgd7ApLhEedwiCykpH2",
            "16aWDRzeEyP6Erh3gcmDCNXb799wLhDFjg",
            "1L3EjW4dFx3DNvuRR6PsGuDYVQGrZidCpS",
            "1NoR7Fjm2wAiJwHHiA8JPESqXAReCtDh8B",
            "12wydHrGbAbMMcFJyaEByWejd3bbiVr2t9",
            "1Pc7easB9MwEuJkGxi2qaq5unRKV5WapXR",
            "18DdmPsN5AEWw4Sj6cxaknsYxRomagRpZZ",
            "133Da6SkphNgQqgGdjJ3soNbYtrQRwtmiX"
        ]
    },
    "fiat_value": {},
    "frozen_coins": {},
    "invoices": {},
    "keystore": {
        "derivation": "m",
        "pw_hash_version": 1,
        "root_fingerprint": "0495b9a3",
        "seed": "minor zone pool absent remain combine balance claw medal settle grace capable",
        "seed_type": "standard",
        "type": "bip32",
        "xprv": "xprv9s21ZrQH143K2NsNgL6jsXFmpYgq1K32yxGZRSG7AvsFQ6ZiJNVfRY24Qk4FZEeosxjj6YXKYuKUwLtEHEC52yhUVV6UTpv2KY9fFYsfGYc",
        "xpub": "xpub661MyMwAqRbcErwqnMdkEfCWNaXKQmktMBCADpfijGQEGttrquouyLLYG1rqQJ3bWnEz8gqKtwE73boTrtsDtctowvQ27uUMPBkm8qAHr5S"
    },
    "labels": {},
    "payment_requests": {},
    "prevouts_by_scripthash": {},
    "seed_version": 50,
    "spent_outpoints": {},
    "transactions": {},
    "tx_fees": {},
    "txi": {},
    "txo": {},
    "use_encryption": false,
    "verified_tx3": {},
    "wallet_type": "standard"
}