{
    "addr_history": {
        "12U3RjgmaZhFCSLMP1erKC32Kg79bT4PNc": [],
        "12v7y87nf5pF27HTC9TdWdrczz2k2fbPgG": [],
        "1363TNBusuNm2pR71Uaw5epJMAoU3DfYDK": [],
        "138BRR9bunLgx7CfETxNLeDXSZKYaoviJM": [],
        "13emyfSW1UVphXkREcLrzXHcmsaFaaEebr": [],
        "14hdRvBBT5wd7X8sAVaUMxVCKTjn1m9nuH": [],
        "158yU3bhr1Csi3qN1yneJTcFQ1TzkpcLWK": [],
        "15gk1Xy57QK1Xrpq3Z9wYfp4j8682iyixg": [],
        "16JWnTVeRVxqvfRZFCTv48ngWc6sf3U7f8": [],
        "19DWCaFtM9NEAa3WEQgEfaWHYovz5KuoTx": [],
        "19cgSSE2N1HGzHCRpYvF87n8BCBcbF7MJx": [],
        "19h2662R9yAf5eyj6nMmpVTRukiRacdtdT": [],
        "1AGtoLZNyZLqbn68Zxq86tkpeuQcpVS8xN": [],
        "1AzBWnXytnNm1ZssKoZzCztNH93nQtSthA": [],
        "1Bi52DW9ShShrxUAia8D49TKPBA7N2r66z": [],
        "1CvFxYujwAC2Pi5qhAQL37SrrDC3PMNZix": [],
        "1D62PDDCfJfKbHiwspoR6NgQGGW1dFRifz": [],
        "1E3LuzFVjqL2XaQcFiY2ZQvSuyMYTUmvgU": [],
        "1G6pEKp4rGytmjqiqZrgiAJXCLaESun8WX": [],
        "1GKicmYBEZJkZyogRXrudtbbwLhvod91Bx": [],
        "1HAPkeexDTEj6FehfsZNyCZkrazn1itjDx": [],
        "1HeErxHzQns9tdqna7Z7tNyUimngbbSaxS": [],
        "1HgEctzwrwtGdXQ2UpY1mnBiiJETuFimS9": [],
        "1J6YDi4PjLuqeRpGjUDSUL67XFdErRC6xA": [],
        "1K367vsbKvbJ4zXt8dCJz1s2swpNTQ8bqQ": [],
        "1KLXArFtPW1WwiCR4uocMnCXzLTZzcT73y": [],
        "1KXRLbfpES9QcKKdgfsrVe81MEjkCKu7T3": [],
        "1NtFrMwufJzGGj1rrqALb8KLou3iSaZyiP": [],
        "1Nu8a4Rk7K127EsAJCD2AVTaSsQMBwBBUC": [],
        "1PvuuKGkuv7ZQPu7cz65EgTEhv4PBhsbbW": []
    },
    "addresses": {
        "change": [
            "1HeErxHzQns9tdqna7Z7tNyUimngbbSaxS",
            "1J6YDi4PjLuqeRpGjUDSUL67XFdErRC6xA",
            "1KLXArFtPW1WwiCR4uocMnCXzLTZzcT73y",
            "14hdRvBBT5wd7X8sAVaUMxVCKTjn1m9nuH",
            "13emyfSW1UVphXkREcLrzXHcmsaFaaEebr",
            "19DWCaFtM9NEAa3WEQgEfaWHYovz5KuoTx",
            "1AGtoLZNyZLqbn68Zxq86tkpeuQcpVS8xN",
            "19cgSSE2N1HGzHCRpYvF87n8BCBcbF7MJx",
            "1GKicmYBEZJkZyogRXrudtbbwLhvod91Bx",
            "1NtFrMwufJzGGj1rrqALb8KLou3iSaZyiP"
        ],
        "receiving": [
            "1G6pEKp4rGytmjqiqZrgiAJXCLaESun8WX",
            "1363TNBusuNm2pR71Uaw5epJMAoU3DfYDK",
            "1E3LuzFVjqL2XaQcFiY2ZQvSuyMYTUmvgU",
            "1Nu8a4Rk7K127EsAJCD2AVTaSsQMBwBBUC",
            "1PvuuKGkuv7ZQPu7cz65EgTEhv4PBhsbbW",
            "16JWnTVeRVxqvfRZFCTv48ngWc6sf3U7f8",
            "15gk1Xy57QK1Xrpq3Z9wYfp4j8682iyixg",
            "1Bi52DW9ShShrxUAia8D49TKPBA7N2r66z",
            "19h2662R9yAf5eyj6nMmpVTRukiRacdtdT",
            "1KXRLbfpES9QcKKdgfsrVe81MEjkCKu7T3",
            "138BRR9bunLgx7CfETxNLeDXSZKYaoviJM",
            "12U3RjgmaZhFCSLMP1erKC32Kg79bT4PNc",
            "158yU3bhr1Csi3qN1yneJTcFQ1TzkpcLWK",
            "1HgEctzwrwtGdXQ2UpY1mnBiiJETuFimS9",
            "1K367vsbKvbJ4zXt8dCJz1s2swpNTQ8bqQ",
            "1HAPkeexDTEj6FehfsZNyCZkrazn1itjDx",
            "1D62PDDCfJfKbHiwspoR6NgQGGW1dFRifz",
            "12v7y87nf5pF27HTC9TdWdrczz2k2fbPgG",
            "1CvFxYujwAC2Pi5qhAQL37SrrDC3PMNZix",
            "1AzBWnXytnNm1ZssKoZzCztNH93nQtSthA"
        ]
    },
    "fiat_value": {},
    "frozen_coins": {},
    "invoices": {},
    "keystore": {
        "derivation": "m",
        "pw_hash_version": 1,
        "root_fingerprint": "2c1987a3",
        "seed": "minor zone pool amount remain combine physical claw medal settle grace capable",
        "seed_type": "standard",
        "type": "bip32",
        "xprv": "xprv9s21ZrQH143K2LviuqLnV4NMeYhG5wir3Ft7Y8zqWkegSYg7VzfWo5XHLNhb9Q5bRDaihjWMan7hbm3ijUvkKqni9CyYAQAYYqPSHG5ChdC",
        "xpub": "xpub661MyMwAqRbcEq1C1rsnrCK6CaXkVQShQUoiLXQT56BfKM1G3XymLsqmBdV7szqqtXWRaot4weUKQnRbCowHJ9vFpRdLfwS4kCmqFapbMvU"
    },
    "labels": {},
    "payment_requests": {},
    "prevouts_by_scripthash": {},
    "seed_version": 50,
    "spent_outpoints": {},
    "transactions": {},
    "tx_fees": {},
    "txi": {},
    "txo": {},
    "use_encryption": false,
    "verified_tx3": {},
    "wallet_type": "standard"
}