{
    "addr_history": {
        "148nXGpGRCNPzpcyg98rNB7HTWuyBqvqu7": [],
        "148zHG8YWCociuyd1fXDyV6e4ri4nsrwza": [],
        "14fMx6SMxBK2PkuzsGtnccoXCuV53DNWQM": [],
        "15fD9AHcPBRK6uaUzTEryrZQn3xd42vZUR": [],
        "16Y5zJgAhdRp3epEHNCxn7ZHwtTJAfV8TV": [],
        "16vqoiKXYRMJr5f3maGQgrHveD4ycUGzmJ": [],
        "17QBUMub5GZct8nghMXraDxhkaofUXf6tz": [],
        "19KAKmapzomuQSpB5yNhWLdkBAGnxgvDsc": [],
        "19a8cLYmwhukCfWQsvQ41Pphgombo7fgXc": [],
        "19tV4hj6xm2kEBGm2SjwB55GtR9zjjoupn": [],
        "1CyzC3Dhr8NL3HWPiCaS69a6LwAEitgc3L": [],
        "1DC4qcrDoueJX5m647YaAdLz1pbpzDBWNj": [],
        "1Dg2Lotsyg8wULB8JkkMAt5jVJVv61jRq3": [],
        "1Duyxz5hUe6auEijpvqXV7pBt6Mh4ymZQG": [],
        "1EjWaUMrax9EvgrWrVXEsuqmEvEexezKM2": [],
        "1H4BRgaMzvtYJRy3UTBCi1WsnoSRacnYEd": [],
        "1HTAj9oFEJxPcPfa4e7vNhU8ZosjeiCtwG": [],
        "1J4RDWkkAbCTYdgjFYF4V8Kc2U3J9YTuhS": [],
        "1M7Jpt38B48CLA2aPWzAZJR4DgDHqmzSQy": [],
        "1NJR6mxna3CTpUiJpzBSRyf3GSCpvvjjBU": [],
        "1NVrEvK6pbeqaWbDs1fheuXUacjjjHHBX6": [],
        "1NhX55w8iQxHPJwTi1CjpxJWbDG2KtEQbc": [],
        "1PT2Hujk6EqTAuDqNTZ7Sdy3SiXq1Ma7dL": [],
        "1PwkUNUTqgVca7PpN8stnsjJNMzRRyRTHS": [],
        "1PyU92EwzjV6omRWN4jn7NCDJjgMBUBP9T": [],
        "1RKeqFtLK3DD1Wee4uGG33n65MopvAC3h": [],
        "1YDtCGyG6bTfVEG4w2K5K6b6dbsf2A2Ro": [],
        "1bit7KvRqUNaPw3R3gwUoefTwBZ8aBd9R": [],
        "1mcPJWq7oNHaeogfn9R8qwxGoFXy74h9h": [],
        "1prxP8t2RQtzDn1LQ8SLfXj2LRjWkAQ17": []
    },
    "addresses": {
        "change": [
            "1NhX55w8iQxHPJwTi1CjpxJWbDG2KtEQbc",
            "1PwkUNUTqgVca7PpN8stnsjJNMzRRyRTHS",
            "1mcPJWq7oNHaeogfn9R8qwxGoFXy74h9h",
            "1DC4qcrDoueJX5m647YaAdLz1pbpzDBWNj",
            "16vqoiKXYRMJr5f3maGQgrHveD4ycUGzmJ",
            "1H4BRgaMzvtYJRy3UTBCi1WsnoSRacnYEd",
            "1PT2Hujk6EqTAuDqNTZ7Sdy3SiXq1Ma7dL",
            "1HTAj9oFEJxPcPfa4e7vNhU8ZosjeiCtwG",
            "1M7Jpt38B48CLA2aPWzAZJR4DgDHqmzSQy",
            "1prxP8t2RQtzDn1LQ8SLfXj2LRjWkAQ17"
        ],
        "receiving": [
            "1RKeqFtLK3DD1Wee4uGG33n65MopvAC3h",
            "1bit7KvRqUNaPw3R3gwUoefTwBZ8aBd9R",
            "148nXGpGRCNPzpcyg98rNB7HTWuyBqvqu7",
            "1J4RDWkkAbCTYdgjFYF4V8Kc2U3J9YTuhS",
            "1YDtCGyG6bTfVEG4w2K5K6b6dbsf2A2Ro",
            "1PyU92EwzjV6omRWN4jn7NCDJjgMBUBP9T",
            "19tV4hj6xm2kEBGm2SjwB55GtR9zjjoupn",
            "1EjWaUMrax9EvgrWrVXEsuqmEvEexezKM2",
            "19KAKmapzomuQSpB5yNhWLdkBAGnxgvDsc",
            "1NVrEvK6pbeqaWbDs1fheuXUacjjjHHBX6",
            "14fMx6SMxBK2PkuzsGtnccoXCuV53DNWQM",
            "15fD9AHcPBRK6uaUzTEryrZQn3xd42vZUR",
            "148zHG8YWCociuyd1fXDyV6e4ri4nsrwza",
            "16Y5zJgAhdRp3epEHNCxn7ZHwtTJAfV8TV",
            "17QBUMub5GZct8nghMXraDxhkaofUXf6tz",
            "1CyzC3Dhr8NL3HWPiCaS69a6LwAEitgc3L",
            "19a8cLYmwhukCfWQsvQ41Pphgombo7fgXc",
            "1Duyxz5hUe6auEijpvqXV7pBt6Mh4ymZQG",
            "1Dg2Lotsyg8wULB8JkkMAt5jVJVv61jRq3",
            "1NJR6mxna3CTpUiJpzBSRyf3GSCpvvjjBU"
        ]
    },
    "fiat_value": {},
    "frozen_coins": {},
    "invoices": {},
    "keystore": {
        "derivation": "m",
        "pw_hash_version": 1,
        "root_fingerprint": "c0e48890",
        "seed": "minor zone pool apple remain combine addict claw medal settle grace capable",
        "seed_type": "standard",
        "type": "bip32",
        "xprv": "xprv9s21ZrQH143K2b5o2XWauYqRceQFpHGNuLL8eUYpgwFmYaKv7LAwKYgHrhFZMyyCBFgCw318fSNjTkFUaJUMs6unLVuoc8kQqtSVhMC5gGb",
        "xpub": "xpub661MyMwAqRbcF5AG8Z3bGgnAAgEkDjzEGZFjSrxSFGnkRNf4esVBsLzmhxP2iNgWrvPLNQ2FNkFZfDeAqcEys1yj6rmEz2A59aVfWcgrwWX"
    },
    "labels": {},
    "payment_requests": {},
    "prevouts_by_scripthash": {},
    "seed_version": 50,
    "spent_outpoints": {},
    "transactions": {},
    "tx_fees": {},
    "txi": {},
    "txo": {},
    "use_encryption": false,
    "verified_tx3": {},
    "wallet_type": "standard"
}