{
    "addr_history": {
        "129bzt8Rzs9ue9FkNhziDrJBUvDqNDtdoq": [],
        "12BA8i6QZFiz9Qgae2HJEMmC4cZ7Xkm4yg": [],
        "12RUY8xFZ8AtDemMwkdfLpSUQm34eA5mpx": [],
        "13VKsm1ovGeiYTGChMZ9Qtd55aAHANoVAm": [],
        "15yFp2cqBFMTPHb2QNdm16zK2ssBTaAqBU": [],
        "16JgcHgGuCV7V5vLUPuUGyugKKWbNjcGRS": [],
        "16JtCcLzcszyQFoUQKP6GQQs5Hg47J7D93": [],
        "16mRjDbGR42FXxgensn1zGh6AMDbxtwshZ": [],
        "17xSXFTVr7Ppx96At63Sn2tS8pvhw74uv3": [],
        "18wX8oi3qVwSEv3TCcAQvAFjT1ugsBf49z": [],
        "19CtsAscwWK17NZ115evxQQqdHVgc5jsht": [],
        "19KAtRoSfm1sdvE6sDDJhuvfmntJdYSVao": [],
        "19rNP7KSjCDkwmfg5dVLgcETzVgEto7qQ6": [],
        "1EgwtG3wCZVTmKUHfg1osFRsZUiCUXfWcs": [],
        "1HfB3F8uNCrHqdbxLHizmA4rApFPEiD1Dz": [],
        "1HkSrvXCoD6S17CRjmYCSPwXxLvY7SLrPE": [],
        "1JMKYcB7NFA9MEky2LK5iAxc2B42CpPaZo": [],
        "1Jdmk6iaH8ExkkXLcgg5kZE8Y9yphPKuWK": [],
        "1Jt2bBtdbw3z3wNrZvwEzU11GF73wZiCUE": [],
        "1KJwMUUdvoEA7jfxUU33KT49ZXTQKA9vLj": [],
        "1LaE7iWCBkGPucQY9Q8VvxzNUzfVYdNoJe": [],
        "1M4GLqfyhTAhqmfaWh2c6fZxipPXA3ADXP": [],
        "1MCfcxcLzdAh3rw6YpK4ya5jkRDbqZ3ZWR": [],
        "1MDXjiDVd5kgT8qvDsoQtwAABfepyA8mWi": [],
        "1MUHGqpjP1GXGmNbsjt3DDXANCi5ALZMRp": [],
        "1NMfVruaTbUvifUnxLbhWdhgiDS81papbi": [],
        "1Ningog2RQ3eZfdyk7qstNRokvDMxzuNEG": [],
        "1PCPAqYxgPzugkcS7LFZXZi88QM17rFnrc": [],
        "1PqyCwUQdjhZKaEJaX4BfDhr91LnyPaAs7": [],
        "1Q5kp4Dm5dNhg1kkz6PFPxhydKjTTwUVoQ": []
    },
    "addresses": {
        "change": [
            "1MDXjiDVd5kgT8qvDsoQtwAABfepyA8mWi",
            "1M4GLqfyhTAhqmfaWh2c6fZxipPXA3ADXP",
            "19rNP7KSjCDkwmfg5dVLgcETzVgEto7qQ6",
            "1LaE7iWCBkGPucQY9Q8VvxzNUzfVYdNoJe",
            "19CtsAscwWK17NZ115evxQQqdHVgc5jsht",
            "17xSXFTVr7Ppx96At63Sn2tS8pvhw74uv3",
            "1Ningog2RQ3eZfdyk7qstNRokvDMxzuNEG",
            "129bzt8Rzs9ue9FkNhziDrJBUvDqNDtdoq",
            "16mRjDbGR42FXxgensn1zGh6AMDbxtwshZ",
            "1NMfVruaTbUvifUnxLbhWdhgiDS81papbi"
        ],
        "receiving": [
            "1Jt2bBtdbw3z3wNrZvwEzU11GF73wZiCUE",
            "15yFp2cqBFMTPHb2QNdm16zK2ssBTaAqBU",
            "1MUHGqpjP1GXGmNbsjt3DDXANCi5ALZMRp",
            "1EgwtG3wCZVTmKUHfg1osFRsZUiCUXfWcs",
            "1MCfcxcLzdAh3rw6YpK4ya5jkRDbqZ3ZWR",
            "1HkSrvXCoD6S17CRjmYCSPwXxLvY7SLrPE",
            "1PqyCwUQdjhZKaEJaX4BfDhr91LnyPaAs7",
            "12BA8i6QZFiz9Qgae2HJEMmC4cZ7Xkm4yg",
            "16JtCcLzcszyQFoUQKP6GQQs5Hg47J7D93",
            "1PCPAqYxgPzugkcS7LFZXZi88QM17rFnrc",
            "18wX8oi3qVwSEv3TCcAQvAFjT1ugsBf49z",
            "19KAtRoSfm1sdvE6sDDJhuvfmntJdYSVao",
            "1Q5kp4Dm5dNhg1kkz6PFPxhydKjTTwUVoQ",
            "1Jdmk6iaH8ExkkXLcgg5kZE8Y9yphPKuWK",
            "16JgcHgGuCV7V5vLUPuUGyugKKWbNjcGRS",
            "1JMKYcB7NFA9MEky2LK5iAxc2B42CpPaZo",
            "13VKsm1ovGeiYTGChMZ9Qtd55aAHANoVAm",
            "1HfB3F8uNCrHqdbxLHizmA4rApFPEiD1Dz",
            "1KJwMUUdvoEA7jfxUU33KT49ZXTQKA9vLj",
            "12RUY8xFZ8AtDemMwkdfLpSUQm34eA5mpx"
        ]
    },
    "fiat_value": {},
    "frozen_coins": {},
    "invoices": {},
    "keystore": {
        "derivation": "m",
        "pw_hash_version": 1,
        "root_fingerprint": "dcb9a986",
        "seed": "minor zone pool bachelor remain combine fringe claw medal settle grace capable",
        "seed_type": "standard",
        "type": "bip32",
        "xprv": "xprv9s21ZrQH143K3nLYsqJXtGG8DuxBN7z3rhqDbqWn3qZyhXaQSnYZPgNuVWBKxCEhoQ1KgEwrX9pek3GBotWRom6i1SssfRxcHQqPZi1g3iv",
        "xpub": "xpub661MyMwAqRbcGGR1yrqYFQCrmwnfmahuDvkpQDvPcB6xaKuYzKrowUhPLmoxVNRuZBrnaSxAxfhYspzUXdXfJzpLAGje9WBvgDLL3uHzaK6"
    },
    "labels": {},
    "payment_requests": {},
    "prevouts_by_scripthash": {},
    "seed_version": 50,
    "spent_outpoints": {},
    "transactions": {},
    "tx_fees": {},
    "txi": {},
    "txo": {},
    "use_encryption": false,
    "verified_tx3": {},
    "wallet_type": "standard"
}