{
    "addr_history": {
        "13Uo3DnYaJ2CvvNmLdXB35inDiMsyUTRFf": [],
        "146L3kt8yMPpF6GXb74LZc23jHLsX7XBgW": [],
        "14LkBCRuCrxXCbJekusLCpXSRNPiKzs94o": [],
        "14jW91jaEXirTXy4tq2jdwKetB6Y38riyL": [],
        "14oYtXEHVigpQsCTZoYmPRj8kn4vedwU7F": [],
        "15W9itGCDCZEnAwuYZ3EX4m7k8nmCmvCkG": [],
        "15a3gn58AB3XEYomFVCo3iF3dNxEsMKSxv": [],
        "17ZLvXAFGZMVkF51WtLtJkN6SuUZcpQw63": [],
        "182bFYAsJRxQUZds96wuYY8qNEv5HsboYz": [],
        "18qmQDnqmAfDWXdv9XWWPCymE4bhp5veLd": [],
        "18qnMGNFXNHjsQ1hHLfhDNQ7KkBBA1MsvW": [],
        "193Q2VBFUJYVmBqGbB7KZt5U3kogpoEogC": [],
        "198jeYDm3bai6BQm4RiPZxdmGzLqkp1A49": [],
        "19MtTeK8DKjByXLo5Fomx5i1xwgHSRw44H": [],
        "1BqYj1KhENd4G3c2A95ENgRYrbzydhHs2A": [],
        "1CJk6wFAxUtSLfHFE29yfQfBeSQN5nLnbf": [],
        "1CaKzzCKCtia3yBTt5kcU9EumRQrktj1SP": [],
        "1DYcKcdciQmo3pKL1vyPPnCiJPBuqX7ieW": [],
        "1GPL5PouY1WWx6kDTe2bGvEgemq7ViH9tt": [],
        "1JSKYG4Xn7m9XMwi4bsiZ3DjgKJqjHvPob": [],
        "1JUU9QgZk3JHi5bGLoA5DzWkgLpqpUbhrJ": [],
        "1L2ADvRJtqhfFxZ6cE1tZJu3ay7iPKNX4n": [],
        "1LRZjSKFnw3rqNTcEbb9V6fb74zyARRBmi": [],
        "1MCaHfpzC8p2V9nUVWPVEh7wnxuMxh5M8v": [],
        "1MnjSJh81T8JBATCGJsuyJwab1N351RZUz": [],
        "1Nnmt4TA94fgVFpRVxWU3XHa6s4e37Hipn": [],
        "1P9LCT4Lxcid8GsGp12zhVJ6AfB2tnGRvF": [],
        "1Q1o6EMAA5omNUGP6reobFCYZyC8iEjP8n": [],
        "1dynokn4fDT7YBcvCyduYDKFuRF6fSgSQ": [],
        "1xJwwWvVZyuBYvvJWtaaJQmFexxRL3AUs": []
    },
    "addresses": {
        "change": [
            "1L2ADvRJtqhfFxZ6cE1tZJu3ay7iPKNX4n",
            "17ZLvXAFGZMVkF51WtLtJkN6SuUZcpQw63",
            "1JUU9QgZk3JHi5bGLoA5DzWkgLpqpUbhrJ",
            "18qnMGNFXNHjsQ1hHLfhDNQ7KkBBA1MsvW",
            "15W9itGCDCZEnAwuYZ3EX4m7k8nmCmvCkG",
            "1DYcKcdciQmo3pKL1vyPPnCiJPBuqX7ieW",
            "1P9LCT4Lxcid8GsGp12zhVJ6AfB2tnGRvF",
            "1BqYj1KhENd4G3c2A95ENgRYrbzydhHs2A",
            "146L3kt8yMPpF6GXb74LZc23jHLsX7XBgW",
            "1GPL5PouY1WWx6kDTe2bGvEgemq7ViH9tt"
        ],
        "receiving": [
            "14oYtXEHVigpQsCTZoYmPRj8kn4vedwU7F",
            "14LkBCRuCrxXCbJekusLCpXSRNPiKzs94o",
            "15a3gn58AB3XEYomFVCo3iF3dNxEsMKSxv",
            "182bFYAsJRxQUZds96wuYY8qNEv5HsboYz",
            "1dynokn4fDT7YBcvCyduYDKFuRF6fSgSQ",
            "19MtTeK8DKjByXLo5Fomx5i1xwgHSRw44H",
            "198jeYDm3bai6BQm4RiPZxdmGzLqkp1A49",
            "14jW91jaEXirTXy4tq2jdwKetB6Y38riyL",
            "1CJk6wFAxUtSLfHFE29yfQfBeSQN5nLnbf",
            "13Uo3DnYaJ2CvvNmLdXB35inDiMsyUTRFf",
            "1JSKYG4Xn7m9XMwi4bsiZ3DjgKJqjHvPob",
            "1MCaHfpzC8p2V9nUVWPVEh7wnxuMxh5M8v",
            "1xJwwWvVZyuBYvvJWtaaJQmFexxRL3AUs",
            "1Nnmt4TA94fgVFpRVxWU3XHa6s4e37Hipn",
            "1Q1o6EMAA5omNUGP6reobFCYZyC8iEjP8n",
            "1CaKzzCKCtia3yBTt5kcU9EumRQrktj1SP",
            "193Q2VBFUJYVmBqGbB7KZt5U3kogpoEogC",
            "18qmQDnqmAfDWXdv9XWWPCymE4bhp5veLd",
            "1LRZjSKFnw3rqNTcEbb9V6fb74zyARRBmi",
            "1MnjSJh81T8JBATCGJsuyJwab1N351RZUz"
        ]
    },
    "fiat_value": {},
    "frozen_coins": {},
    "invoices": {},
    "keystore": {
        "derivation": "m",
        "pw_hash_version": 1,
        "root_fingerprint": "9304f649",
        "seed": "minor zone pool ball remain combine athlete claw medal settle grace capable",
        "seed_type": "standard",
        "type": "bip32",
        "xprv": "xprv9s21ZrQH143K2uKUNhY6pgkb81wzaNDE1V1bsptmQgjR6hepJsAbabrsct9oak1TKUAdGjSt52g8HKk7y7K8QmQ5iwHJy4jqw1aqZeZ1SdM",
        "xpub": "xpub661MyMwAqRbcFPPwUj57BphKg3nUypw5NhwCgDJNy2GPyVyxrQUr8QBMUBQE1oYP9ZMcdbUqt1yqeivCoYn46m4j3pLuiyencTeZhzgWgGt"
    },
    "labels": {},
    "payment_requests": {},
    "prevouts_by_scripthash": {},
    "seed_version": 50,
    "spent_outpoints": {},
    "transactions": {},
    "tx_fees": {},
    "txi": {},
    "txo": {},
    "use_encryption": false,
    "verified_tx3": {},
    "wallet_type": "standard"
}