{
    "addr_history": {
        "112daAg1H4mwaxdDxjGEcY9PMJCjCm9aLD": [],
        "15LRPqoYUoM9iD6d4RkFmTh6RqhhP6KnDu": [],
        "169veQjF4ZrTon7nuPVBE73xyREbTryRgJ": [],
        "16CbDK2GXFXhFbujZLYV9oyY4Mn4quYdr1": [],
        "16oUWPAViYUEMdQSR71mgdeMGVgPTUPoK4": [],
        "1A4spqR2XxT5qtCPp1a4FZXpYYAxV1sKds": [],
        "1BVFWZQkYHnR31kX5W4awjqKGkwKNP1zn1": [],
        "1CCsudiVMWgnWGTzkdLk2gGSe7gf7TbdvH": [],
        "1CQd4H5tidDTKb3fvNNCS67RQhV9mNEFsZ": [],
        "1DN8chmUwUpjkvtUzHkidy5edA24k42t3Q": [],
        "1DSewrng8PhK2VCUHaP8paodPu2njpMwcB": [],
        "1EZpJV3NaqaeJKGBtuz34LSxi2QXXvktEY": [],
        "1Eu9Npffx6SWyrAU6cBcjicyN6HoSVjSvc": [],
        "1FSmdZLQSa9kt3XfbgwcSZwnzC9FwHbfwU": [],
        "1Fppv7zeyMgiTacboAmogUFkCdKgNaVQns": [],
        "1G7ByfVHf5R4GQSuVBcEUCaxA8pSLU5Lx6": [],
        "1HeoczGZNvirc63G5t6FkJPiWVkQGYPxjN": [],
        "1J8T1Do4n1mZaK6woaVqrbz2XXu2ieUGvH": [],
        "1JgTNSgzKkuFZ68PJTTrkCQbCxBLehXmRb": [],
        "1Jw17GSHs9YvACA2nLTquTxMyEUziTBL7P": [],
        "1K9QPCU2VaAvnhXaLMFqxJwSN6jt6y4CH2": [],
        "1KJaZLtDUC4PtcWSxgdW2fskXNF3CzG5no": [],
        "1KkxBuo4wg5vGDypVi7ytjfS2Zcw62Sqh9": [],
        "1LZWPuokq4X8BJt3A3pe8LRLWwPtvXY3Nr": [],
        "1Lhb2bonaCSciRagGVguSPT1GZHsRkQN54": [],
        "1MNTpS2CtWGis7UZ7voVpc5Cw5aYdv5awv": [],
        "1NJVHSgubmZ5Pztga1SUHah7EvCedJDbBb": [],
        "1NKjvE1g3RRc3NdcJ61bKryz55HCHjv5vu": [],
        "1P2yzDaPMAub3hxCXniTU5TbnXcB6PL181": [],
        "1PPq93RsfpqaU3fSkWJuD26PqAX7vY78iq": []
    },
    "addresses": {
        "change": [
            "1Jw17GSHs9YvACA2nLTquTxMyEUziTBL7P",
            "15LRPqoYUoM9iD6d4RkFmTh6RqhhP6KnDu",
            "16oUWPAViYUEMdQSR71mgdeMGVgPTUPoK4",
            "1MNTpS2CtWGis7UZ7voVpc5Cw5aYdv5awv",
            "1DSewrng8PhK2VCUHaP8paodPu2njpMwcB",
            "1EZpJV3NaqaeJKGBtuz34LSxi2QXXvktEY",
            "1NJVHSgubmZ5Pztga1SUHah7EvCedJDbBb",
            "1PPq93RsfpqaU3fSkWJuD26PqAX7vY78iq",
            "1Lhb2bonaCSciRagGVguSPT1GZHsRkQN54",
            "1JgTNSgzKkuFZ68PJTTrkCQbCxBLehXmRb"
        ],
        "receiving": [
            "1NKjvE1g3RRc3NdcJ61bKryz55HCHjv5vu",
            "1LZWPuokq4X8BJt3A3pe8LRLWwPtvXY3Nr",
            "169veQjF4ZrTon7nuPVBE73xyREbTryRgJ",
            "1A4spqR2XxT5qtCPp1a4FZXpYYAxV1sKds",
            "1KkxBuo4wg5vGDypVi7ytjfS2Zcw62Sqh9",
            "1DN8chmUwUpjkvtUzHkidy5edA24k42t3Q",
            "1HeoczGZNvirc63G5t6FkJPiWVkQGYPxjN",
            "1K9QPCU2VaAvnhXaLMFqxJwSN6jt6y4CH2",
            "1Eu9Npffx6SWyrAU6cBcjicyN6HoSVjSvc",
            "1BVFWZQkYHnR31kX5W4awjqKGkwKNP1zn1",
            "1Fppv7zeyMgiTacboAmogUFkCdKgNaVQns",
            "16CbDK2GXFXhFbujZLYV9oyY4Mn4quYdr1",
            "1CCsudiVMWgnWGTzkdLk2gGSe7gf7TbdvH",
            "1KJaZLtDUC4PtcWSxgdW2fskXNF3CzG5no",
            "1CQd4H5tidDTKb3fvNNCS67RQhV9mNEFsZ",
            "1J8T1Do4n1mZaK6woaVqrbz2XXu2ieUGvH",
            "1FSmdZLQSa9kt3XfbgwcSZwnzC9FwHbfwU",
            "112daAg1H4mwaxdDxjGEcY9PMJCjCm9aLD",
            "1P2yzDaPMAub3hxCXniTU5TbnXcB6PL181",
            "1G7ByfVHf5R4GQSuVBcEUCaxA8pSLU5Lx6"
        ]
    },
    "fiat_value": {},
    "frozen_coins": {},
    "invoices": {},
    "keystore": {
        "derivation": "m",
        "pw_hash_version": 1,
        "root_fingerprint": "dbb4a307",
        "seed": "minor zone pool bacon remain combine stove claw medal settle grace capable",
        "seed_type": "standard",
        "type": "bip32",
        "xprv": "xprv9s21ZrQH143K2wQCqrNU7MvTgDJvJscdzy4jgLNsCo89YDUeY3Hjz9siiujdd6VkpXbSA9LKkD4Lu8rehP3ZLFR7w2oPh8CC2Er9cJPaQxS",
        "xpub": "xpub661MyMwAqRbcFRUfwsuUUVsCEF9QiLLVNBzLUinUm8f8R1oo5abzXxCCaBbLHQqjV9AriGJs5iuUdo8B9bHr3V2dHNEeFWjbbNz2A1q6t7V"
    },
    "labels": {},
    "payment_requests": {},
    "prevouts_by_scripthash": {},
    "seed_version": 50,
    "spent_outpoints": {},
    "transactions": {},
    "tx_fees": {},
    "txi": {},
    "txo": {},
    "use_encryption": false,
    "verified_tx3": {},
    "wallet_type": "standard"
}