{
    "addr_history": {
        "12t47yZQdtCn8miMwrGE7sRPqSVGkSut1P": [],
        "13zTiy4TxXu6oasvtfFVctJaudAnodwKE2": [],
        "15TJTd1rk2UXof65g2Lmv9DjZbv63KUJhd": [],
        "16ZcRd8CGZFpf3rzJmaUZ8bfuSdKs7e21P": [],
        "174nJeAxDZgeE3uPqtHzr7pf9mbX8WyeNs": [],
        "19DQnrLEZzszCFqr17xSwvGkba2UV4idP1": [],
        "19DXk7EywzdM1rV4N8F7ck5Dy3iKWP7hAS": [],
        "19NCmuTtfv5wAoUp2cGT8iki6RHQSLsNf6": [],
        "1AR6TJkLxWE3YMMGo9r2RXq5eb6V8A8Yog": [],
        "1ATt4TRpjeVYGoMppe6YkvdAAz2XQNaHbp": [],
        "1AnZe7VcR5BELnGjjkxBNbSJ5hZn2u7KmJ": [],
        "1D3LSa68chScB9bwicV9ztocb8i9jK7Vye": [],
        "1EDkFtSPJgx9gHu6sZY6EgrsrAEcM948Ab": [],
        "1EPumGqCyDZEzMFZvLTSZJx2ZcD8p9oX6Q": [],
        "1GKCRZXEh3m3FcZwUTy5uYpTqAwhsSkv7b": [],
        "1Hjuw3xmSKwQ1sSh84Zgjv2vAQ9J3m92X5": [],
        "1HoMNWgJxpXLZsh8Wu7j9XDSq6jURyGLSN": [],
        "1JFgAU48sJrrwCeaaW5TLD4u4YJsUgsojy": [],
        "1JdRaN9pNU1M7PuxSXA23j5qcgGxRBdN2U": [],
        "1L99CNXt45xAKLZR1bbmvqHbibRXmUD2CZ": [],
        "1Lx2Mh7peoLNTpFeS8HxFqGfVwqYVYMozG": [],
        "1MAoHeuADTPwDQ7Rdj53o5RmTGEid93yAV": [],
        "1MEisks2sEDNRg4DsCng6n9qatmyRvbE4y": [],
        "1NxzMbYUayT7m9RxBi7ZMh2vCcB272ggHR": [],
        "1P2try86QR8M5nLrqgVk95ZkcTzocMhBMY": [],
        "1PkqtokugTv8FJKWDBWxCeoLdjVe1dWMFK": [],
        "1PpFQU6qvkHMSG1EWJStuQpWgQv1VyRhor": [],
        "1PxhcZvoNRrkiFSstvMprnZUAtkvXihLpr": [],
        "1Q5YKS9mCfXc8gefDdpabB46GbsQJ6Dc8m": [],
        "1eQAsPKxEVJUHRqm8NVvqRLwb51BsW99J": []
    },
    "addresses": {
        "change": [
            "1PxhcZvoNRrkiFSstvMprnZUAtkvXihLpr",
            "1NxzMbYUayT7m9RxBi7ZMh2vCcB272ggHR",
            "174nJeAxDZgeE3uPqtHzr7pf9mbX8WyeNs",
            "16ZcRd8CGZFpf3rzJmaUZ8bfuSdKs7e21P",
            "13zTiy4TxXu6oasvtfFVctJaudAnodwKE2",
            "19DXk7EywzdM1rV4N8F7ck5Dy3iKWP7hAS",
            "1ATt4TRpjeVYGoMppe6YkvdAAz2XQNaHbp",
            "1D3LSa68chScB9bwicV9ztocb8i9jK7Vye",
            "12t47yZQdtCn8miMwrGE7sRPqSVGkSut1P",
            "1EDkFtSPJgx9gHu6sZY6EgrsrAEcM948Ab"
        ],
        "receiving": [
            "1Q5YKS9mCfXc8gefDdpabB46GbsQJ6Dc8m",
            "19NCmuTtfv5wAoUp2cGT8iki6RHQSLsNf6",
            "15TJTd1rk2UXof65g2Lmv9DjZbv63KUJhd",
            "1MEisks2sEDNRg4DsCng6n9qatmyRvbE4y",
            "1HoMNWgJxpXLZsh8Wu7j9XDSq6jURyGLSN",
            "1Lx2Mh7peoLNTpFeS8HxFqGfVwqYVYMozG",
            "1eQAsPKxEVJUHRqm8NVvqRLwb51BsW99J",
            "1AR6TJkLxWE3YMMGo9r2RXq5eb6V8A8Yog",
            "1GKCRZXEh3m3FcZwUTy5uYpTqAwhsSkv7b",
            "1PpFQU6qvkHMSG1EWJStuQpWgQv1VyRhor",
            "19DQnrLEZzszCFqr17xSwvGkba2UV4idP1",
            "1MAoHeuADTPwDQ7Rdj53o5RmTGEid93yAV",
            "1P2try86QR8M5nLrqgVk95ZkcTzocMhBMY",
            "1JFgAU48sJrrwCeaaW5TLD4u4YJsUgsojy",
            "1L99CNXt45xAKLZR1bbmvqHbibRXmUD2CZ",
            "1EPumGqCyDZEzMFZvLTSZJx2ZcD8p9oX6Q",
            "1PkqtokugTv8FJKWDBWxCeoLdjVe1dWMFK",
            "1AnZe7VcR5BELnGjjkxBNbSJ5hZn2u7KmJ",
            "1JdRaN9pNU1M7PuxSXA23j5qcgGxRBdN2U",
            "1Hjuw3xmSKwQ1sSh84Zgjv2vAQ9J3m92X5"
        ]
    },
    "fiat_value": {},
    "frozen_coins": {},
    "invoices": {},
    "keystore": {
        "derivation": "m",
        "pw_hash_version": 1,
        "root_fingerprint": "f1bf0d35",
        "seed": "minor zone pool agent remain combine minor claw medal settle grace capable",
        "seed_type": "standard",
        "type": "bip32",
        "xprv": "xprv9s21ZrQH143K3w7FnmDcjrsLf6rBkBhuyu5Tbj9co5Tg3BPzUxNgoB4qU6cFVbd2dWguMrWHfHUGGJGYrtbazwyo25cDD1wkbPXdqPF4qCx",
        "xpub": "xpub661MyMwAqRbcGRBitnkd6zp5D8gg9eRmM814Q7ZEMQzeuyj92VgwLyPKKNyvAHTN9EfCygUxFFgDS4thxQ5bvz24bTs3oDAKKT5mcyqMy6n"
    },
    "labels": {},
    "payment_requests": {},
    "prevouts_by_scripthash": {},
    "seed_version": 50,
    "spent_outpoints": {},
    "transactions": {},
    "tx_fees": {},
    "txi": {},
    "txo": {},
    "use_encryption": false,
    "verified_tx3": {},
    "wallet_type": "standard"
}