{
    "addr_history": {
        "131mqcAqHAaDJ3cWYsA3mST4udCbCTx7uu": [],
        "13F6fNq5tDdfWeBookdCS7fktfgS26tfvg": [],
        "13JUnj2RprTEk38GZrvP7yQv92K7j8iVuC": [],
        "13gvjdSBtbnZM2L6gJUhSBsveZmjaqA7TP": [],
        "13xUgC6BwsPhLfdmimu54g7JoSNwAp2V2D": [],
        "14Tptcn1w1jQE4EBS8yxTLR3PRJqdhjLLp": [],
        "15TUrC3SreAN8Pha2DsdhF8bVWwhpGtBiT": [],
        "16ma92bN3gXYDBxLWmqezvLwxJuatto7dQ": [],
        "17zeNkK61Piiux6idwHwTUxV1RvRGUCJBA": [],
        "19nRogoFtweXgSKSGMb9qmFAJDYLtntE9X": [],
        "1AJL8mrf29syUZLTMQbbTtAt5wnmTATdBr": [],
        "1ANqdPcKk8tsTqq6JJfHBGMqF3yjnSVZty": [],
        "1DLFYxrkPSvGxe7tN8RSRYKYjMxVSmhCTn": [],
        "1DUyiQ8qaA6VGNgvM9UTz6MgYoeu81vTTw": [],
        "1DfSoZDPDP7Wi4Q3ppu3gHRg7J6a8ps7j3": [],
        "1GNFqwccTreJRkSPDWCwgdtuhBGKRxsBsy": [],
        "1GReJRaMoc5WFTqMGzGQSBDmF3PwtdG7ia": [],
        "1GSJSiwVhujnvtUHi1ERBWK5knuG91a4vF": [],
        "1GfhXXR6j7jy2oCeXFPWwGvu6pQybUd7aR": [],
        "1GofJLgoPCQq7UpeXESrcdsEXbDpr1AqZp": [],
        "1HejEmfpN2riZ5yvF1aCQkhrprS9Ly7yEu": [],
        "1HjaEVLTExQLoJbNMdAdAXdbk3Efe73KLJ": [],
        "1HwqtwFgTbXK2PegH8ww975uicaoxJZkPF": [],
        "1JjAGPND8a54fWdAbBKhG3mJh2C6SnUVg8": [],
        "1K99wJdC6cHwRtiBJ24iUk5HAfUDaeDZXo": [],
        "1LKz3AB46QFh1xjiVFDndxSdm67iTAsnfu": [],
        "1MLEof1tt87S1hXrYJpBseb6WrmfTnL5JR": [],
        "1MhFUWtrEsLk7Nyz7BjRkNsbo2aL28c2Vw": [],
        "1Mnhj3UKW2CW5mPJh5MnFAWQqsbhjTvMrg": [],
        "1NkMtPpwDkaP6Z2aoq3y4WoXwrcaNmjkNX": []
    },
    "addresses": {
        "change": [
            "19nRogoFtweXgSKSGMb9qmFAJDYLtntE9X",
            "131mqcAqHAaDJ3cWYsA3mST4udCbCTx7uu",
            "13gvjdSBtbnZM2L6gJUhSBsveZmjaqA7TP",
            "1GSJSiwVhujnvtUHi1ERBWK5knuG91a4vF",
            "15TUrC3SreAN8Pha2DsdhF8bVWwhpGtBiT",
            "1HejEmfpN2riZ5yvF1aCQkhrprS9Ly7yEu",
            "1NkMtPpwDkaP6Z2aoq3y4WoXwrcaNmjkNX",
            "1HjaEVLTExQLoJbNMdAdAXdbk3Efe73KLJ",
            "1DUyiQ8qaA6VGNgvM9UTz6MgYoeu81vTTw",
            "1Mnhj3UKW2CW5mPJh5MnFAWQqsbhjTvMrg"
        ],
        "receiving": [
            "14Tptcn1w1jQE4EBS8yxTLR3PRJqdhjLLp",
            "1GReJRaMoc5WFTqMGzGQSBDmF3PwtdG7ia",
            "1GfhXXR6j7jy2oCeXFPWwGvu6pQybUd7aR",
            "1GNFqwccTreJRkSPDWCwgdtuhBGKRxsBsy",
            "13F6fNq5tDdfWeBookdCS7fktfgS26tfvg",
            "1ANqdPcKk8tsTqq6JJfHBGMqF3yjnSVZty",
            "1LKz3AB46QFh1xjiVFDndxSdm67iTAsnfu",
            "1GofJLgoPCQq7UpeXESrcdsEXbDpr1AqZp",
            "1DfSoZDPDP7Wi4Q3ppu3gHRg7J6a8ps7j3",
            "16ma92bN3gXYDBxLWmqezvLwxJuatto7dQ",
            "13xUgC6BwsPhLfdmimu54g7JoSNwAp2V2D",
            "1MLEof1tt87S1hXrYJpBseb6WrmfTnL5JR",
            "1JjAGPND8a54fWdAbBKhG3mJh2C6SnUVg8",
            "1DLFYxrkPSvGxe7tN8RSRYKYjMxVSmhCTn",
            "1AJL8mrf29syUZLTMQbbTtAt5wnmTATdBr",
            "1K99wJdC6cHwRtiBJ24iUk5HAfUDaeDZXo",
            "17zeNkK61Piiux6idwHwTUxV1RvRGUCJBA",
            "13JUnj2RprTEk38GZrvP7yQv92K7j8iVuC",
            "1MhFUWtrEsLk7Nyz7BjRkNsbo2aL28c2Vw",
            "1HwqtwFgTbXK2PegH8ww975uicaoxJZkPF"
        ]
    },
    "fiat_value": {},
    "frozen_coins": {},
    "invoices": {},
    "keystore": {
        "derivation": "m",
        "pw_hash_version": 1,
        "root_fingerprint": "a99860ea",
        "seed": "minor zone pool adjust remain combine embody claw medal settle grace capable",
        "seed_type": "standard",
        "type": "bip32",
        "xprv": "xprv9s21ZrQH143K39p3tEc9ByfNgWSu5yjrRoZn3ioKswAqG3eysK5HRDEHxiFom6daBF8g1mM4hJB32mD25pmWihW9GTaKVNgevZWCumnxm1x",
        "xpub": "xpub661MyMwAqRbcFdtWzG99Z7c7EYHPVSTho2VNr7CwSGhp8qz8QrPXy1Ymoz44v25FmgL6MS7K456DFEFKSr4rSaGAeTMTGws8CMBPTweHx7a"
    },
    "labels": {},
    "payment_requests": {},
    "prevouts_by_scripthash": {},
    "seed_version": 50,
    "spent_outpoints": {},
    "transactions": {},
    "tx_fees": {},
    "txi": {},
    "txo": {},
    "use_encryption": false,
    "verified_tx3": {},
    "wallet_type": "standard"
}