{
    "addr_history": {
        "bc1q0p0c3gme7763qmqzyg83jaruhlfd7g9wted0dn": [],
        "bc1q0xc0ywqznydtqjtsgtajrehv36gtwlh2225nep": [],
        "bc1q2c5qz5urf4ldhg5gzvhvutpdlawthrt3akj983": [],
        "bc1q4s8dsxsydtfxd9ppf7uy24h3jn39arqgxcqgrv": [],
        "bc1q4sza5sj3pemm7qvjmjgrywgcdt2jlg52luuyze": [],
        "bc1q53hw9tw3fwwjnlacm4edq0augap4zyrtrmhfay": [],
        "bc1q5lhyra8hfaf7mffwn9scnfdreaq0f8pq9u333d": [],
        "bc1q67uzkt9z3293k7yyx8qfewajgvzfafmmqtn557": [],
        "bc1q8fa6guarjupkqcvw0gtlncslj3ru3pktv45623": [],
        "bc1q8lc885a4nl2hxyucrvd40wfg7p9eyd25rez3vt": [],
        "bc1qa7pnn0kzqxjyhf7hm4y5xhds0skl5zdcq5zx6q": [],
        "bc1qc3nsx8yqezmveeezdraw835wphxakeqpv4g9ct": [],
        "bc1qdsqzk9mqc864j42wpmdtkgghwwec3rw5du5xgz": [],
        "bc1qdtusrznlh9tsf3gwwl0qlddnusjwfskqhncclf": [],
        "bc1qe7anp3z927s3vevvnadeqzlas4wzluauhw2pax": [],
        "bc1qedgzspjqw42qsu0qulegypqa25ugzr3vn3dqwx": [],
        "bc1qhn3japv895lv5z2er2p94csfu7gsq6vlln7kzl": [],
        "bc1ql8gkv99rrwgxc5am67yyft0q22jwgvdr0qeny0": [],
        "bc1qlgtwl4287jvtv4va02j00fph7klnxql89sfr54": [],
        "bc1qmprxnnm7kgz3yy28zl8tnr0yc03gfgd7tr3jjy": [],
        "bc1qp5328rtatcs5kh8ghrhhy6d59wry3f6xgky3q2": [],
        "bc1qpsdv43tgu0fjptjzh2f6aw5vwj7gzn87nlydnh": [],
        "bc1qq7yxy0gpan522ex8j67cren8se4k2raayghp0h": [],
        "bc1qqqdzlk8sf73mkwpuyqt43lgx2ysl7q0wzar036": [],
        "bc1qs0nldezu88j8lje37rvyep3nurul2f6nk3p89s": [],
        "bc1qy6e7hpjzd6yjcjahsnun70eg70guwd2s5kjgjp": [],
        "bc1qyrfnelry3fgung6ljrye3h4lp536hn0vmkrsmh": [],
        "bc1qyvlqxy7qfr99hudlgnw3rkuxj7w90ayd3sjkvt": [],
        "bc1qzj245t60teh2fhnhhdqnslqxeqa425sqajhg53": [],
        "bc1qzl6ujx2hadzk8d2wv6dm2vz2r3nzjds9328myh": []
    },
    "addresses": {
        "change": [
            "bc1qyvlqxy7qfr99hudlgnw3rkuxj7w90ayd3sjkvt",
            "bc1qedgzspjqw42qsu0qulegypqa25ugzr3vn3dqwx",
            "bc1q8fa6guarjupkqcvw0gtlncslj3ru3pktv45623",
            "bc1q4sza5sj3pemm7qvjmjgrywgcdt2jlg52luuyze",
            "bc1qdtusrznlh9tsf3gwwl0qlddnusjwfskqhncclf",
            "bc1qc3nsx8yqezmveeezdraw835wphxakeqpv4g9ct",
            "bc1qq7yxy0gpan522ex8j67cren8se4k2raayghp0h",
            "bc1q8lc885a4nl2hxyucrvd40wfg7p9eyd25rez3vt",
            "bc1q4s8dsxsydtfxd9ppf7uy24h3jn39arqgxcqgrv",
            "bc1qpsdv43tgu0fjptjzh2f6aw5vwj7gzn87nlydnh"
        ],
        "receiving": [
            "bc1qe7anp3z927s3vevvnadeqzlas4wzluauhw2pax",
            "bc1qa7pnn0kzqxjyhf7hm4y5xhds0skl5zdcq5zx6q",
            "bc1qyrfnelry3fgung6ljrye3h4lp536hn0vmkrsmh",
            "bc1qlgtwl4287jvtv4va02j00fph7klnxql89sfr54",
            "bc1q2c5qz5urf4ldhg5gzvhvutpdlawthrt3akj983",
            "bc1q53hw9tw3fwwjnlacm4edq0augap4zyrtrmhfay",
            "bc1q0xc0ywqznydtqjtsgtajrehv36gtwlh2225nep",
            "bc1q0p0c3gme7763qmqzyg83jaruhlfd7g9wted0dn",
            "bc1qs0nldezu88j8lje37rvyep3nurul2f6nk3p89s",
            "bc1q5lhyra8hfaf7mffwn9scnfdreaq0f8pq9u333d",
            "bc1qmprxnnm7kgz3yy28zl8tnr0yc03gfgd7tr3jjy",
            "bc1qp5328rtatcs5kh8ghrhhy6d59wry3f6xgky3q2",
            "bc1qqqdzlk8sf73mkwpuyqt43lgx2ysl7q0wzar036",
            "bc1qhn3japv895lv5z2er2p94csfu7gsq6vlln7kzl",
            "bc1qy6e7hpjzd6yjcjahsnun70eg70guwd2s5kjgjp",
            "bc1q67uzkt9z3293k7yyx8qfewajgvzfafmmqtn557",
            "bc1ql8gkv99rrwgxc5am67yyft0q22jwgvdr0qeny0",
            "bc1qzj245t60teh2fhnhhdqnslqxeqa425sqajhg53",
            "bc1qdsqzk9mqc864j42wpmdtkgghwwec3rw5du5xgz",
            "bc1qzl6ujx2hadzk8d2wv6dm2vz2r3nzjds9328myh"
        ]
    },
    "channels": {},
    "fiat_value": {},
    "frozen_coins": {},
    "imported_channel_backups": {},
    "invoices": {},
    "keystore": {
        "derivation": "m/0'",
        "pw_hash_version": 1,
        "root_fingerprint": "00ef9813",
        "seed": "minor zone pool aware remain combine rival claw medal settle grace capable",
        "seed_type": "segwit",
        "type": "bip32",
        "xprv": "zprvAYa5BB1iJmNSrs8UwiyhrSmwXT6jYQszoDGr8UQCfXVdREU3iG66cNWUumMKKYWpNihHq2bzrkTgRBr7df4U1CQdvZUir7taPGNgxzCvsiz",
        "xpub": "zpub6mZRagYc98vk5MCx3kWiDaig5UwDwsbrASCSvropDs2cJ2oCFoQMAApxm2CdPb52nDJhN1BmK8ZU5jcJn6e9PUBjvk6bEb7VoaAyXuPYYJ8"
    },
    "labels": {},
    "lightning_payments": {},
    "lightning_preimages": {},
    "lightning_xprv": "zprvAbG2ok6NcjzPTPcLFMG7TCq4hKUgMYQ5283rdf4rifBMcDKQpaEB9amEeJWbsnfrjD6LUuedd3zxafuHQY53WPAeNHGVqkiGjfUHKAiwyC9",
    "onchain_channel_backups": {},
    "payment_requests": {},
    "prevouts_by_scripthash": {},
    "seed_version": 50,
    "spent_outpoints": {},
    "submarine_swaps": {},
    "transactions": {},
    "tx_fees": {},
    "txi": {},
    "txo": {},
    "use_encryption": false,
    "verified_tx3": {},
    "wallet_type": "standard"
}