{
    "addr_history": {
        "12LARNC4aTkLwNjigwBk2XNBNsVWvrL2N3": [],
        "12LvKBUGCfFsWZgKLbe6M88i8YFm7HcCbi": [],
        "12rdK59rhLMic9s9bDvzBeN1MiAVgm2cfZ": [],
        "148TpXjGmysmJRKy1UgMUyUwGHw4V8tjsW": [],
        "15AXaMupxPUjhD5DVGNPghasFJH76aYduc": [],
        "163Y7ht3GYWCpcWMfEoxhpgBxz2FWETK8M": [],
        "16ddr9eVrPct7VuAr3XppNBGWGPKDqBiJ": [],
        "17WDJr4JBUeTeswJMHgiYdaCfkcjPQZAN9": [],
        "17d3RqPkb5XZwEXVd9jk1ibL9crVJ3cyFV": [],
        "18LWA1aPDfbevUa53ozFP2jogkLNSzkmiB": [],
        "198WkV1ASkM3S1HC6k2GjgP3Yne5dNzPwa": [],
        "1AyWQV4MiJZsxCBJEy8M18Szgv6KsXtUnd": [],
        "1BYN1KrB3UcjUoqfuVVDCKBuoXjAgtGjZZ": [],
        "1Bm5CXDXQcco8HZXF9pCjcxaz2riNDcSgY": [],
        "1CnDK8PbVYKEmePcgCpMNTJsWJFRjbAb2A": [],
        "1D7mVvE9dqPRHkJLFygsBCNPiMMfa1kWqy": [],
        "1ETduyGdSwaK2W4kT8NVEQQBhbhMxU9n7M": [],
        "1J5duXpYK9aA25X9tMQj741mPD1Pc2ok5c": [],
        "1JLwsoGpt4gMXd6VRaBWxFhgKvgvXoZm7": [],
        "1JeRQDKzfzVVSVn7hGaPzdi2utkosuhZNb": [],
        "1JnoVRr7XX9azuNweKM1fjrzXrkj34G2tS": [],
        "1KbLGrmV3ZQQVzRjmvqurN2beeZnwRjVdW": [],
        "1Kdgcyjpo8d21A6EbgKePXB799Zn4sFyo9": [],
        "1LknXqyUc1DYz9L4RD9q313JHiUcVvPczB": [],
        "1M8gAmzv2cE6GY9VYhmwFYXoWUBe1Z1tEJ": [],
        "1MtrVi6BzoAE7zW4AqqovjpfPoYJd9acPM": [],
        "1N5bcY1iuBToWYw8zqLx5nSJqG9WDkM9ck": [],
        "1PVT1596ZXBMYtKRX5WSdEv3FxeUrJ9Ziq": [],
        "1PePVorbMVGzA81EsWx95eSaZQKemkeMZx": [],
        "1wE4QT898NQV6b65uZ3ZTY2pck5gfaihE": []
    },
    "addresses": {
        "change": [
            "17d3RqPkb5XZwEXVd9jk1ibL9crVJ3cyFV",
            "1wE4QT898NQV6b65uZ3ZTY2pck5gfaihE",
            "1Bm5CXDXQcco8HZXF9pCjcxaz2riNDcSgY",
            "1ETduyGdSwaK2W4kT8NVEQQBhbhMxU9n7M",
            "1D7mVvE9dqPRHkJLFygsBCNPiMMfa1kWqy",
            "1M8gAmzv2cE6GY9VYhmwFYXoWUBe1Z1tEJ",
            "1BYN1KrB3UcjUoqfuVVDCKBuoXjAgtGjZZ",
            "1KbLGrmV3ZQQVzRjmvqurN2beeZnwRjVdW",
            "12LARNC4aTkLwNjigwBk2XNBNsVWvrL2N3",
            "15AXaMupxPUjhD5DVGNPghasFJH76aYduc"
        ],
        "receiving": [
            "1JLwsoGpt4gMXd6VRaBWxFhgKvgvXoZm7",
            "1LknXqyUc1DYz9L4RD9q313JHiUcVvPczB",
            "18LWA1aPDfbevUa53ozFP2jogkLNSzkmiB",
            "1Kdgcyjpo8d21A6EbgKePXB799Zn4sFyo9",
            "1CnDK8PbVYKEmePcgCpMNTJsWJFRjbAb2A",
            "1AyWQV4MiJZsxCBJEy8M18Szgv6KsXtUnd",
            "17WDJr4JBUeTeswJMHgiYdaCfkcjPQZAN9",
            "198WkV1ASkM3S1HC6k2GjgP3Yne5dNzPwa",
            "16ddr9eVrPct7VuAr3XppNBGWGPKDqBiJ",
            "1J5duXpYK9aA25X9tMQj741mPD1Pc2ok5c",
            "12rdK59rhLMic9s9bDvzBeN1MiAVgm2cfZ",
            "12LvKBUGCfFsWZgKLbe6M88i8YFm7HcCbi",
            "1JnoVRr7XX9azuNweKM1fjrzXrkj34G2tS",
            "1JeRQDKzfzVVSVn7hGaPzdi2utkosuhZNb",
            "163Y7ht3GYWCpcWMfEoxhpgBxz2FWETK8M",
            "1PePVorbMVGzA81EsWx95eSaZQKemkeMZx",
            "1MtrVi6BzoAE7zW4AqqovjpfPoYJd9acPM",
            "148TpXjGmysmJRKy1UgMUyUwGHw4V8tjsW",
            "1N5bcY1iuBToWYw8zqLx5nSJqG9WDkM9ck",
            "1PVT1596ZXBMYtKRX5WSdEv3FxeUrJ9Ziq"
        ]
    },
    "fiat_value": {},
    "frozen_coins": {},
    "invoices": {},
    "keystore": {
        "derivation": "m",
        "pw_hash_version": 1,
        "root_fingerprint": "ea9be76d",
        "seed": "minor zone pool agree remain combine tray claw medal settle grace capable",
        "seed_type": "standard",
        "type": "bip32",
        "xprv": "xprv9s21ZrQH143K29x8WHWifaroEc9u3tgUz2foyN5Bdr8tADQLdr59Ztagfr8Bo1SLUPfkG1iSmhDbdE8NaQsW7cYnJCCk6axFMcAC52B8kTe",
        "xpub": "xpub661MyMwAqRbcEe2bcK3j2ioXndzPTMQLMFbQmkUoCBfs31jVBPPQ7guAX7Ten1Zbrc63z4m8rBo5zfz4xUg2f3xMe5bpqYPFLRtp2kiMEmF"
    },
    "labels": {},
    "payment_requests": {},
    "prevouts_by_scripthash": {},
    "seed_version": 50,
    "spent_outpoints": {},
    "transactions": {},
    "tx_fees": {},
    "txi": {},
    "txo": {},
    "use_encryption": false,
    "verified_tx3": {},
    "wallet_type": "standard"
}