{
    "addr_history": {
        "12sNdgyKunPWNoEbbk9dEQoG8ezAKkLJQE": [],
        "14H2Rou28bEffctZPQJyjMnDsujGrUmatJ": [],
        "14HSp9pYy2oeecmUR9Hw4HQKtpTc5h4ZXv": [],
        "14Zie4iqpPxTKe6yy6e9W1Wg7PLTPRiUit": [],
        "14gUv9erofGNNtgccndCg7P2xVDEeaTSiQ": [],
        "14jq23hU7tzM6Ya7dY4sdVyqGNrJWgBaw8": [],
        "14sUsj2Bikr42Amgwg4r2a7wiHrHWzjN4L": [],
        "15BX8b9mUiYBQPjPXTJNaRPedac5tt5kyC": [],
        "166rYwmxrfoSwEACcsN3RVz7Gjfh4J9oGy": [],
        "16BEaCTz3R7tgwzZXN3j6HYGh5AnAz8aRZ": [],
        "17itviL7pu8SrkssYgoMpR9Xsi6yHhmFQw": [],
        "18zomHoBphE1AZ4LpihEPX4gFMmNA1EVan": [],
        "19o2adZ6qN2RoeT4r2H9nSGy3vEXKtXf2e": [],
        "1AS5ox8ZqWQwwY3BnAWJgPnxrLDHd1pGks": [],
        "1AgmCR66EQHnaKptosE9xNF69AetKbsGwp": [],
        "1Aw6doDJaNmHKpVrszsC8mMsQxyjZCr5vn": [],
        "1C1jhQmqNFPSpXEpLtXFQnk4HQ5UjD3PV2": [],
        "1C9Yz7mfemmcTosUVcijAfRJWpVcQmiC7e": [],
        "1CPpFbJoyJGd2maDRJYSqZthgEpFrdnHsF": [],
        "1CvkSqub6s9TKfn5iZkAnvJFZofCpash2L": [],
        "1EU3cakf2ZkAGnWUKB2hi34SQEpqcXUibt": [],
        "1FWNxspPxsNT5FJccW8WH41WZnJpiJDE7A": [],
        "1FovSh79B4dVVYB2UAfKbYBMG698NkHK53": [],
        "1G2UFRiWsDDmRBjbghE32GREW3NAZo4tbJ": [],
        "1GZXR48Rkti2HVKfxXU3TViniRHQpSG21z": [],
        "1JTg889JV8vkWpSFBn9tvoLupGF5gcMu21": [],
        "1JVNF6Qydhn6dFcZkD4yAAaSbVisVRvs7h": [],
        "1MECbb6b8VRvQK9TuhA12YGFvwjx27kaVK": [],
        "1MJ1DX6sq4kTG5t54HunaH2uVpju5B7sVz": [],
        "1Njjku6JpxTkYqC6aBGognzV6hdFLJe2iJ": []
    },
    "addresses": {
        "change": [
            "14Zie4iqpPxTKe6yy6e9W1Wg7PLTPRiUit",
            "1FWNxspPxsNT5FJccW8WH41WZnJpiJDE7A",
            "1G2UFRiWsDDmRBjbghE32GREW3NAZo4tbJ",
            "1MJ1DX6sq4kTG5t54HunaH2uVpju5B7sVz",
            "14gUv9erofGNNtgccndCg7P2xVDEeaTSiQ",
            "1Njjku6JpxTkYqC6aBGognzV6hdFLJe2iJ",
            "1Aw6doDJaNmHKpVrszsC8mMsQxyjZCr5vn",
            "19o2adZ6qN2RoeT4r2H9nSGy3vEXKtXf2e",
            "1C9Yz7mfemmcTosUVcijAfRJWpVcQmiC7e",
            "166rYwmxrfoSwEACcsN3RVz7Gjfh4J9oGy"
        ],
        "receiving": [
            "1FovSh79B4dVVYB2UAfKbYBMG698NkHK53",
            "1JVNF6Qydhn6dFcZkD4yAAaSbVisVRvs7h",
            "17itviL7pu8SrkssYgoMpR9Xsi6yHhmFQw",
            "1AgmCR66EQHnaKptosE9xNF69AetKbsGwp",
            "14sUsj2Bikr42Amgwg4r2a7wiHrHWzjN4L",
            "1AS5ox8ZqWQwwY3BnAWJgPnxrLDHd1pGks",
            "1JTg889JV8vkWpSFBn9tvoLupGF5gcMu21",
            "18zomHoBphE1AZ4LpihEPX4gFMmNA1EVan",
            "1CPpFbJoyJGd2maDRJYSqZthgEpFrdnHsF",
            "14H2Rou28bEffctZPQJyjMnDsujGrUmatJ",
            "1EU3cakf2ZkAGnWUKB2hi34SQEpqcXUibt",
            "1MECbb6b8VRvQK9TuhA12YGFvwjx27kaVK",
            "15BX8b9mUiYBQPjPXTJNaRPedac5tt5kyC",
            "1GZXR48Rkti2HVKfxXU3TViniRHQpSG21z",
            "14jq23hU7tzM6Ya7dY4sdVyqGNrJWgBaw8",
            "16BEaCTz3R7tgwzZXN3j6HYGh5AnAz8aRZ",
            "12sNdgyKunPWNoEbbk9dEQoG8ezAKkLJQE",
            "14HSp9pYy2oeecmUR9Hw4HQKtpTc5h4ZXv",
            "1CvkSqub6s9TKfn5iZkAnvJFZofCpash2L",
            "1C1jhQmqNFPSpXEpLtXFQnk4HQ5UjD3PV2"
        ]
    },
    "fiat_value": {},
    "frozen_coins": {},
    "invoices": {},
    "keystore": {
        "derivation": "m",
        "pw_hash_version": 1,
        "root_fingerprint": "d9109473",
        "seed": "minor zone pool bacon remain combine blossom claw medal settle grace capable",
        "seed_type": "standard",
        "type": "bip32",
        "xprv": "xprv9s21ZrQH143K2XnNfijAGzJDKmvN1PNywgGUA4YiHQiy3gZsMCprUUk7EX3xPmB9Gr2v58qAtRwiqsw6GRR9xoPEEg2usRWpaUaS4Ki3gi5",
        "xpub": "xpub661MyMwAqRbcF1rqmkGAe8EwsokrQr6qJuC4xSxKqkFwvUu1tk972H4b5naagF1x34X6n4dKzLVbf2R7mR7nKDdo842kmfb5Zck2JvbGsEb"
    },
    "labels": {},
    "payment_requests": {},
    "prevouts_by_scripthash": {},
    "seed_version": 50,
    "spent_outpoints": {},
    "transactions": {},
    "tx_fees": {},
    "txi": {},
    "txo": {},
    "use_encryption": false,
    "verified_tx3": {},
    "wallet_type": "standard"
}