{
    "addr_history": {
        "12xttuVYeiJsjAZWB9hEJvop2XrgPYcJ9P": [],
        "13F8G4zxVtbiPJAbE9hTQ24kcMz4Fn6trK": [],
        "15Yt2JJHVkruJPqRy3WKEFFTNgAUaZTkxN": [],
        "15peZnDLYbctGPEFo7kqxu9L7kwTeCrYTg": [],
        "16TBJiSAAADgDpSy5zDaeUBpUnSf9uUezs": [],
        "17v1yVyyBeX8bfkjs2SZ2wzCU8Q1qQuC64": [],
        "1AAvpCmnetahYW2EhwWUPp4vcdsHySgxc1": [],
        "1AW4oYBqCbN699vubrVMRhqF4DfC57XXAi": [],
        "1AdZGwinSZbVc2hBBVvXqhQwFYG1NjF3wU": [],
        "1BMqmjwLkfm4NnpWQSR6brktjrHKg9vT3o": [],
        "1CSanFgM8hXAayBbQWjrenoP1n7qzf3aMs": [],
        "1E6e6YdirZvo9L1bDiqnJDGhQVGmVakR5P": [],
        "1ELi4jXZSp9gD4tKNPHDjiXr8Wmyzpgq9z": [],
        "1ESR5eU16eoqzNvehnY9Rg6WHRjrfi3WmJ": [],
        "1F6uydNJ9yHHb3uh7uUHcgnSbEjj8P2dwb": [],
        "1FRK5Vp8vW8qiCZWWN55y9dB7DSgtsmcD3": [],
        "1G5bSNjmj2Ur8cgv8DMgjPseBmqtZxKjkY": [],
        "1GfNRHCeoYpyszQ5BFnwtuV8kXUzo6P7f1": [],
        "1K8XYu7jDZxwpcjTawrGxG8hPEeJ9zR1th": [],
        "1KxiMYZFShNeC5FM2XYotoEqsfwJhmw216": [],
        "1L1PuowyFtvub2DASMDE5pSrXVkgxMz5Cz": [],
        "1LiDQdiLbyUUgGJtNHjBpWtdLACbNM6o6F": [],
        "1LvgFEcm1vAbCSZwUZ2DVek5foiyr7TM1e": [],
        "1NH8Ti8R2dS1SJyQsFw3ifK2tFG9BRutgM": [],
        "1NcGxKo5m5i3eHuC4F6gshw8xf3mfc3yS4": [],
        "1PawMEvBdgG6iYJgMY65EWyVcmHwAFRmcG": [],
        "1Pn9TbchzwbcWDV5Y1qTAM8ExuVKyj5ZLf": [],
        "1Q1AQfVyahSSmrYeDs8cV8SVAYxJuvLDkQ": [],
        "1gXrdgxEPLF3QVn63PQWg7ZSPUNYT1DPF": [],
        "1oCrZ3BypxsT1aWCHpChW2qNJnK7jdazo": []
    },
    "addresses": {
        "change": [
            "1NcGxKo5m5i3eHuC4F6gshw8xf3mfc3yS4",
            "1ELi4jXZSp9gD4tKNPHDjiXr8Wmyzpgq9z",
            "1G5bSNjmj2Ur8cgv8DMgjPseBmqtZxKjkY",
            "1FRK5Vp8vW8qiCZWWN55y9dB7DSgtsmcD3",
            "1K8XYu7jDZxwpcjTawrGxG8hPEeJ9zR1th",
            "1GfNRHCeoYpyszQ5BFnwtuV8kXUzo6P7f1",
            "1NH8Ti8R2dS1SJyQsFw3ifK2tFG9BRutgM",
            "1Pn9TbchzwbcWDV5Y1qTAM8ExuVKyj5ZLf",
            "1oCrZ3BypxsT1aWCHpChW2qNJnK7jdazo",
            "15Yt2JJHVkruJPqRy3WKEFFTNgAUaZTkxN"
        ],
        "receiving": [
            "17v1yVyyBeX8bfkjs2SZ2wzCU8Q1qQuC64",
            "1BMqmjwLkfm4NnpWQSR6brktjrHKg9vT3o",
            "16TBJiSAAADgDpSy5zDaeUBpUnSf9uUezs",
            "1PawMEvBdgG6iYJgMY65EWyVcmHwAFRmcG",
            "1F6uydNJ9yHHb3uh7uUHcgnSbEjj8P2dwb",
            "1L1PuowyFtvub2DASMDE5pSrXVkgxMz5Cz",
            "1gXrdgxEPLF3QVn63PQWg7ZSPUNYT1DPF",
            "1CSanFgM8hXAayBbQWjrenoP1n7qzf3aMs",
            "1AdZGwinSZbVc2hBBVvXqhQwFYG1NjF3wU",
            "15peZnDLYbctGPEFo7kqxu9L7kwTeCrYTg",
            "1AAvpCmnetahYW2EhwWUPp4vcdsHySgxc1",
            "1Q1AQfVyahSSmrYeDs8cV8SVAYxJuvLDkQ",
            "1ESR5eU16eoqzNvehnY9Rg6WHRjrfi3WmJ",
            "1KxiMYZFShNeC5FM2XYotoEqsfwJhmw216",
            "1E6e6YdirZvo9L1bDiqnJDGhQVGmVakR5P",
            "1LvgFEcm1vAbCSZwUZ2DVek5foiyr7TM1e",
            "1AW4oYBqCbN699vubrVMRhqF4DfC57XXAi",
            "12xttuVYeiJsjAZWB9hEJvop2XrgPYcJ9P",
            "1LiDQdiLbyUUgGJtNHjBpWtdLACbNM6o6F",
            "13F8G4zxVtbiPJAbE9hTQ24kcMz4Fn6trK"
        ]
    },
    "fiat_value": {},
    "frozen_coins": {},
    "invoices": {},
    "keystore": {
        "derivation": "m",
        "pw_hash_version": 1,
        "root_fingerprint": "82671da0",
        "seed": "minor zone pool aisle remain combine radar claw medal settle grace capable",
        "seed_type": "standard",
        "type": "bip32",
        "xprv": "xprv9s21ZrQH143K2spBRR2RpdPb6HaaPmZDB3N3fXa6JoSds3qyFT9Xevemeqr9rnVHRQbgKUzqSs2pzHxV1V8EWUwgZrRr4xN75nDFaaWpjbu",
        "xpub": "xpub661MyMwAqRbcFMteXSZSBmLKeKR4oEH4YGHeTuyhs8ycjrB7nzTnCiyFW6WmQbNgkZPNkv396zPhq7GL8TgPonqm9TquERzFV1NqoaiXVcU"
    },
    "labels": {},
    "payment_requests": {},
    "prevouts_by_scripthash": {},
    "seed_version": 50,
    "spent_outpoints": {},
    "transactions": {},
    "tx_fees": {},
    "txi": {},
    "txo": {},
    "use_encryption": false,
    "verified_tx3": {},
    "wallet_type": "standard"
}