{
    "addr_history": {
        "12hEhwDBy4zqH2kE3GV3FR4Phgi7Ctg6Uk": [],
        "13cw6tz5vrcwnDFTKmniQgpx9MWWDJPvYT": [],
        "13pMkUqVp3yuHEdrigq8mjFLv1sA5V1yng": [],
        "145UfHQR7BTX9rqZZAsZGj9gMaYCk3EeDG": [],
        "1723rKbWY7sjtUo45YvpZu2ZuobUxHh7Jg": [],
        "17wXbWKKNockjm1UXU7v38nMdZUJqBSqS8": [],
        "19TSgktTgWFHvnZpAVAsaBpu1MAfqxZ8yp": [],
        "1BMwMxe9SuHCrr4MPWHgpyaWqzhGcuZ5w4": [],
        "1BUfyY7LgfkGH6k8CY26j8BhsVmi4dC94W": [],
        "1ChpG1RdYpXSQqtBDyAbA261muq6L1Qm8L": [],
        "1CwCxXuN2VtbZ11YpA9iao5cxHiB1NQi1H": [],
        "1Dd8UM8ryeDHN1BWsvCng1Up1cC1SLDtqL": [],
        "1DjscoCnZJAX2LR5xiZqHXTPwWEXYjHXGX": [],
        "1EXchbFDFXn9vFYtPfY6wNFD6RtTrDiRzb": [],
        "1Eq8bVf72rkBJhDRkFpfw5tFC2oBQhfSsv": [],
        "1GV1h9qU6oNf3KCRgMXWwvVU34DCgmo95a": [],
        "1GiE3nHUKMbnQgFJnj1yqt4i9PBabHwARF": [],
        "1HDo6qp1vrg9JBXKf4knFm9H5DpEDaKzi2": [],
        "1HPerpse2zjJz25TR6q27zDMbixp7PsFUm": [],
        "1HbpZ2dX97snMK25mqPZVudcHEekJjN1Se": [],
        "1L3ygQzPcykbUybgsStR6A9hnYPAoKVyai": [],
        "1L7rkpJcZCFsfFkivk3LVFRwBkDmW7G2og": [],
        "1LDavABEwDdjoQXFiE8aWAspHqycpzs8An": [],
        "1LbSnrP2qTEHzPpVbC4iLuixzpHGzifvUd": [],
        "1MDEaSrwWuK4UhMLPuT5GPg1tBRPa7536Y": [],
        "1NbXueaLtPPZdq6yLyo9m52dtKqZgK31Ye": [],
        "1NoAg8jTUpg4beGJ1RmkdSvEfqv3Uqv2od": [],
        "1Q2m9XEeYQA5DypLDexJekqgvuVt7eptk3": [],
        "1k873QxX7TuuVHxZEtrdZeXfVgeTTJhcs": [],
        "1xrrqiFrxPQQViqJNseEhfzcMy5am88yz": []
    },
    "addresses": {
        "change": [
            "1GV1h9qU6oNf3KCRgMXWwvVU34DCgmo95a",
            "1DjscoCnZJAX2LR5xiZqHXTPwWEXYjHXGX",
            "13pMkUqVp3yuHEdrigq8mjFLv1sA5V1yng",
            "1LDavABEwDdjoQXFiE8aWAspHqycpzs8An",
            "13cw6tz5vrcwnDFTKmniQgpx9MWWDJPvYT",
            "1CwCxXuN2VtbZ11YpA9iao5cxHiB1NQi1H",
            "145UfHQR7BTX9rqZZAsZGj9gMaYCk3EeDG",
            "1BUfyY7LgfkGH6k8CY26j8BhsVmi4dC94W",
            "1723rKbWY7sjtUo45YvpZu2ZuobUxHh7Jg",
            "1HPerpse2zjJz25TR6q27zDMbixp7PsFUm"
        ],
        "receiving": [
            "1Eq8bVf72rkBJhDRkFpfw5tFC2oBQhfSsv",
            "1BMwMxe9SuHCrr4MPWHgpyaWqzhGcuZ5w4",
            "1L7rkpJcZCFsfFkivk3LVFRwBkDmW7G2og",
            "1ChpG1RdYpXSQqtBDyAbA261muq6L1Qm8L",
            "1xrrqiFrxPQQViqJNseEhfzcMy5am88yz",
            "1Dd8UM8ryeDHN1BWsvCng1Up1cC1SLDtqL",
            "1NbXueaLtPPZdq6yLyo9m52dtKqZgK31Ye",
            "1MDEaSrwWuK4UhMLPuT5GPg1tBRPa7536Y",
            "1Q2m9XEeYQA5DypLDexJekqgvuVt7eptk3",
            "1GiE3nHUKMbnQgFJnj1yqt4i9PBabHwARF",
            "1L3ygQzPcykbUybgsStR6A9hnYPAoKVyai",
            "1LbSnrP2qTEHzPpVbC4iLuixzpHGzifvUd",
            "17wXbWKKNockjm1UXU7v38nMdZUJqBSqS8",
            "1HDo6qp1vrg9JBXKf4knFm9H5DpEDaKzi2",
            "1NoAg8jTUpg4beGJ1RmkdSvEfqv3Uqv2od",
            "12hEhwDBy4zqH2kE3GV3FR4Phgi7Ctg6Uk",
            "19TSgktTgWFHvnZpAVAsaBpu1MAfqxZ8yp",
            "1k873QxX7TuuVHxZEtrdZeXfVgeTTJhcs",
            "1EXchbFDFXn9vFYtPfY6wNFD6RtTrDiRzb",
            "1HbpZ2dX97snMK25mqPZVudcHEekJjN1Se"
        ]
    },
    "fiat_value": {},
    "frozen_coins": {},
    "invoices": {},
    "keystore": {
        "derivation": "m",
        "pw_hash_version": 1,
        "root_fingerprint": "87169fca",
        "seed": "minor zone pool advance remain combine enlist claw medal settle grace capable",
        "seed_type": "standard",
        "type": "bip32",
        "xprv": "xprv9s21ZrQH143K3ZQ6JwzACMzwCMB4eWAuneRjxDbR4CQKhwxbDTxASKGHdUyApUsHPzPpfrFgHNhNuJdZQWjQmaMQ68XTBmBNaoxbjBQdB4U",
        "xpub": "xpub661MyMwAqRbcG3UZQyXAZVwfkP1Z3xtm9sMLkc12cXwJakHjm1GQz7amUmbkUAN29vLwFe3EsB8V2Y5jnNE31wmqcYYA2cxFoTZSh7Brpfe"
    },
    "labels": {},
    "payment_requests": {},
    "prevouts_by_scripthash": {},
    "seed_version": 50,
    "spent_outpoints": {},
    "transactions": {},
    "tx_fees": {},
    "txi": {},
    "txo": {},
    "use_encryption": false,
    "verified_tx3": {},
    "wallet_type": "standard"
}