{
    "addr_history": {
        "bc1q280ta9nrkhzrc6uxfqcr43hd6ll3vngn8wxj0f": [],
        "bc1q29fz7p6uafveec8st6avz6j9t598f2f0aecjmq": [],
        "bc1q2xaf9q5ks6mfhqnul0tryfr6cpf9aar82ztl7q": [],
        "bc1q2ydv50fwtwgm32tfvdu09fgjddpy5vujg7n834": [],
        "bc1q43p2g3l6r3xezxynegd04fer4xzqm2xxzcayph": [],
        "bc1qadk0xx69e493xnexw6tuvp0el6tct7h7j9fpsr": [],
        "bc1qah6zrkkqxq2xu36vmwszkhcja4ku6hmm2kyrz9": [],
        "bc1qc2uhkt0sm85c4fd6psdjh22hh6jhv4jpfftdl2": [],
        "bc1qc9zzyc96jx05t68nh9tlkw09tnt3e5xjsnk2vt": [],
        "bc1qcw2pgyfss2h7wa8v7td7tftu8g5vka87hl3mhk": [],
        "bc1qdf3r5294xughp2y46rmrxug2qehee4qjh7fwfm": [],
        "bc1qf73r7nvvd7lgw56pph26p5rynvgvzgpkkak4jw": [],
        "bc1qh4hnltkg3m4phvljljcm707fqmej2ha9d3txna": [],
        "bc1qhq2xchn8uanve8furlgnkujejfup7wlvsa8qjx": [],
        "bc1qjvjan3mlrkle2d9qjn529cum4890euf4anuur2": [],
        "bc1qmvm0dm98srsfeuc85rjhdzl4kenzrfagkcqzm9": [],
        "bc1qn3ynh2g6pp8hedjxztkv9j8eu28a0fezslrzm6": [],
        "bc1qnlgceallhtc5stkgka55x8wlvn4zsehg4kvd3y": [],
        "bc1qphunxdqt0xxde8g6vwfcvmsk5lusxxx3p3gwzj": [],
        "bc1qqru39q28785rg35cjh8q99u7f4wweuvednwk4y": [],
        "bc1qrdjd69uy32cnap45sdhv554euula3qu3plful7": [],
        "bc1qrrxjxv3l93m8r5psy83s5wqeg02jx0hgml08wy": [],
        "bc1qryavucenc6qq5j3cx7pw3t42d34fm7kk6g7tlv": [],
        "bc1qt9aquryhlldn8e7gvfkyeerqfv6cjghjy6tr02": [],
        "bc1qug8n7g9skjut7plas5ftsnwu5na244mzrs6099": [],
        "bc1quvnd6vgkekn9ephqnjv5ygqkzk7cafmsmfezya": [],
        "bc1qvsxlrj4dhju3j4cxd8xuackx87s4zd5hfw7p8r": [],
        "bc1qx2wvpmqvdezv8ffs80l6gtrm6j6lsslqncw4wq": [],
        "bc1qzls8la3sm8n08hvmyxam88f50lferkwufpwzes": [],
        "bc1qzrte08amwpyypvgt34jq7pezp8hqn3mqg0jjjt": []
    },
    "addresses": {
        "change": [
            "bc1qhq2xchn8uanve8furlgnkujejfup7wlvsa8qjx",
            "bc1q29fz7p6uafveec8st6avz6j9t598f2f0aecjmq",
            "bc1q280ta9nrkhzrc6uxfqcr43hd6ll3vngn8wxj0f",
            "bc1q2xaf9q5ks6mfhqnul0tryfr6cpf9aar82ztl7q",
            "bc1qh4hnltkg3m4phvljljcm707fqmej2ha9d3txna",
            "bc1qc2uhkt0sm85c4fd6psdjh22hh6jhv4jpfftdl2",
            "bc1q2ydv50fwtwgm32tfvdu09fgjddpy5vujg7n834",
            "bc1qnlgceallhtc5stkgka55x8wlvn4zsehg4kvd3y",
            "bc1qc9zzyc96jx05t68nh9tlkw09tnt3e5xjsnk2vt",
            "bc1qrdjd69uy32cnap45sdhv554euula3qu3plful7"
        ],
        "receiving": [
            "bc1qn3ynh2g6pp8hedjxztkv9j8eu28a0fezslrzm6",
            "bc1qmvm0dm98srsfeuc85rjhdzl4kenzrfagkcqzm9",
            "bc1qjvjan3mlrkle2d9qjn529cum4890euf4anuur2",
            "bc1qadk0xx69e493xnexw6tuvp0el6tct7h7j9fpsr",
            "bc1qvsxlrj4dhju3j4cxd8xuackx87s4zd5hfw7p8r",
            "bc1qzrte08amwpyypvgt34jq7pezp8hqn3mqg0jjjt",
            "bc1qryavucenc6qq5j3cx7pw3t42d34fm7kk6g7tlv",
            "bc1quvnd6vgkekn9ephqnjv5ygqkzk7cafmsmfezya",
            "bc1qah6zrkkqxq2xu36vmwszkhcja4ku6hmm2kyrz9",
            "bc1qdf3r5294xughp2y46rmrxug2qehee4qjh7fwfm",
            "bc1qqru39q28785rg35cjh8q99u7f4wweuvednwk4y",
            "bc1qx2wvpmqvdezv8ffs80l6gtrm6j6lsslqncw4wq",
            "bc1qphunxdqt0xxde8g6vwfcvmsk5lusxxx3p3gwzj",
            "bc1qf73r7nvvd7lgw56pph26p5rynvgvzgpkkak4jw",
            "bc1qrrxjxv3l93m8r5psy83s5wqeg02jx0hgml08wy",
            "bc1qzls8la3sm8n08hvmyxam88f50lferkwufpwzes",
            "bc1qcw2pgyfss2h7wa8v7td7tftu8g5vka87hl3mhk",
            "bc1qt9aquryhlldn8e7gvfkyeerqfv6cjghjy6tr02",
            "bc1q43p2g3l6r3xezxynegd04fer4xzqm2xxzcayph",
            "bc1qug8n7g9skjut7plas5ftsnwu5na244mzrs6099"
        ]
    },
    "channels": {},
    "fiat_value": {},
    "frozen_coins": {},
    "imported_channel_backups": {},
    "invoices": {},
    "keystore": {
        "derivation": "m/0'",
        "pw_hash_version": 1,
        "root_fingerprint": "ce5e46d9",
        "seed": "minor zone pool attitude remain combine prize claw medal settle grace capable",
        "seed_type": "segwit",
        "type": "bip32",
        "xprv": "zprvAa5ehTyvaYDHQcdG64yxBq77gEUPcYUR8YkagaPDLAQ49e6Jdobsx5WrSDQTAs15Eqknc2TF2DyEUMismrqoESNJJC5yr3bX8hgiDvZ73dn",
        "xpub": "zpub6o516yWpQumad6hjC6WxYy3rEGJt21CGVmgBUxnptVw32SRTBLv8VsqLHW3FCxtr55QGzUDRSyk2xZRnne4uRU1KAR8RvWnF4JHR2nQ2EEL"
    },
    "labels": {},
    "lightning_payments": {},
    "lightning_preimages": {},
    "lightning_xprv": "zprvAaiPg6Fbjcr8JH2skMsBvQEqdyN9MhdimaDzuuj8Vhwrd6mTKh1mKvMcqx4rSnDqRv4HHqfVJ57mFP7DtL96JWCkWDaKbqkgWRQCTE8CDpn",
    "onchain_channel_backups": {},
    "payment_requests": {},
    "prevouts_by_scripthash": {},
    "seed_version": 50,
    "spent_outpoints": {},
    "submarine_swaps": {},
    "transactions": {},
    "tx_fees": {},
    "txi": {},
    "txo": {},
    "use_encryption": false,
    "verified_tx3": {},
    "wallet_type": "standard"
}