{
    "addr_history": {
        "128cmbZM1UBnSrkX2j9pHPSerfPSYT1PKe": [],
        "14pPS2T5HV2iL4acq6xmiUmdrmSv7csHWF": [],
        "15WGhWPKyANmuvvQuVENxWXY61A2FNLxs9": [],
        "15dE14y1M8wqmQqjP2HHrUxDThjhjQq7RK": [],
        "15i3vRhh4yxLMpcezc8NL9nqxoESgRCnZU": [],
        "16SRKpFjNUErKzzRhjD98mSAqaWmdWKXT7": [],
        "16vCgrtsRhQARAXwqAv1LHZ5wJkju875vo": [],
        "17tegeefdF8ttiZegmBqjPhe6DFKFetkN5": [],
        "18AWBH6y4dXs3bWY3gcar1exEsUx8yePRW": [],
        "19ZGCqymX4AqtiSiZo1oBEMRpSrHnxydyB": [],
        "19cErKWEMZGmM4mmz8ZLHvL4H8Xcrh6BZY": [],
        "1AuKGRHCJwSx5nK1FEXvVHayC86EJ958bL": [],
        "1C6wvwK83zfbYdZytpmEiEd8c3wLXseTCJ": [],
        "1CxReghx6sU455gbwyqcwafg5Dz9G9P9BZ": [],
        "1D5K84PoFtehWrALarewXUkTq49QxrpNov": [],
        "1EGDMJaDq9eKKFvJuwRTPA6m28SA7XYzwD": [],
        "1EM5vA4pouu6Hvpu2C9GktXVAdhSznVk54": [],
        "1Ekp1P8ojVh6fHFookgqpLgXc6nnQqxd1Z": [],
        "1GBbiXkoYjixf1GAnEGCzr6G2tHCSU1rYC": [],
        "1GGzSH3r2VUHPFytqQw6cDd15mfekNFuRB": [],
        "1GZNmq527Y3aYs3faSVprpVVLVPapCQsX9": [],
        "1HL9xuA3AK24RNJTKE8Htba5dCpnSRFxux": [],
        "1HugfZuhL17fKP7nGHVoyi5gLtLjdGrYzE": [],
        "1JpkRQncCf1bmcBfyjVdq3R8fsoLZ4MjdT": [],
        "1KB7UqA6FysyXiD5g7pYgCrT8eSiav77NU": [],
        "1KkPXfHt44vY8U13vqiRBQMFq6wQvmQago": [],
        "1LcrP2tjeZmVcEPdma1KGzS8KsxWQoVD9g": [],
        "1MyjnmH9V9AGRy9QZpt92ezET2wbQbaLPY": [],
        "1N6R5EPnZwJPxUk3yPSkdP5ALPJ9ynwKpN": [],
        "1zi7Zyx2zADniVZy4mf2LHwgdx4QFfAeh": []
    },
    "addresses": {
        "change": [
            "18AWBH6y4dXs3bWY3gcar1exEsUx8yePRW",
            "19ZGCqymX4AqtiSiZo1oBEMRpSrHnxydyB",
            "1GGzSH3r2VUHPFytqQw6cDd15mfekNFuRB",
            "1LcrP2tjeZmVcEPdma1KGzS8KsxWQoVD9g",
            "1HugfZuhL17fKP7nGHVoyi5gLtLjdGrYzE",
            "1D5K84PoFtehWrALarewXUkTq49QxrpNov",
            "1zi7Zyx2zADniVZy4mf2LHwgdx4QFfAeh",
            "1MyjnmH9V9AGRy9QZpt92ezET2wbQbaLPY",
            "1KB7UqA6FysyXiD5g7pYgCrT8eSiav77NU",
            "1CxReghx6sU455gbwyqcwafg5Dz9G9P9BZ"
        ],
        "receiving": [
            "1GZNmq527Y3aYs3faSVprpVVLVPapCQsX9",
            "16SRKpFjNUErKzzRhjD98mSAqaWmdWKXT7",
            "1Ekp1P8ojVh6fHFookgqpLgXc6nnQqxd1Z",
            "1C6wvwK83zfbYdZytpmEiEd8c3wLXseTCJ",
            "15dE14y1M8wqmQqjP2HHrUxDThjhjQq7RK",
            "16vCgrtsRhQARAXwqAv1LHZ5wJkju875vo",
            "1EGDMJaDq9eKKFvJuwRTPA6m28SA7XYzwD",
            "1JpkRQncCf1bmcBfyjVdq3R8fsoLZ4MjdT",
            "1N6R5EPnZwJPxUk3yPSkdP5ALPJ9ynwKpN",
            "1HL9xuA3AK24RNJTKE8Htba5dCpnSRFxux",
            "1GBbiXkoYjixf1GAnEGCzr6G2tHCSU1rYC",
            "1AuKGRHCJwSx5nK1FEXvVHayC86EJ958bL",
            "128cmbZM1UBnSrkX2j9pHPSerfPSYT1PKe",
            "1KkPXfHt44vY8U13vqiRBQMFq6wQvmQago",
            "19cErKWEMZGmM4mmz8ZLHvL4H8Xcrh6BZY",
            "17tegeefdF8ttiZegmBqjPhe6DFKFetkN5",
            "15WGhWPKyANmuvvQuVENxWXY61A2FNLxs9",
            "14pPS2T5HV2iL4acq6xmiUmdrmSv7csHWF",
            "15i3vRhh4yxLMpcezc8NL9nqxoESgRCnZU",
            "1EM5vA4pouu6Hvpu2C9GktXVAdhSznVk54"
        ]
    },
    "fiat_value": {},
    "frozen_coins": {},
    "invoices": {},
    "keystore": {
        "derivation": "m",
        "pw_hash_version": 1,
        "root_fingerprint": "1f6a2fd8",
        "seed": "minor zone pool asset remain combine arrow claw medal settle grace capable",
        "seed_type": "standard",
        "type": "bip32",
        "xprv": "xprv9s21ZrQH143K3jY4iyBj4X4J6cXwbVqzbUvrisoLJLTY7heCthZi3jZMtN8csHXeEBFxotN8XqYdy3HhcmE7dBea5gNy4QTiH9VKsE8hRZ5",
        "xpub": "xpub661MyMwAqRbcGDcXpzijRf12eeNRzxZqxhrTXGCwrfzWzVyMSEsxbXsqjdo9CR6i63TwC64dPueV1LACybsvVbarMCZRddGVdha4qk5TAig"
    },
    "labels": {},
    "payment_requests": {},
    "prevouts_by_scripthash": {},
    "seed_version": 50,
    "spent_outpoints": {},
    "transactions": {},
    "tx_fees": {},
    "txi": {},
    "txo": {},
    "use_encryption": false,
    "verified_tx3": {},
    "wallet_type": "standard"
}