{
    "addr_history": {
        "147HcKjdWfuJis6VLziBGrPx3Mr9eJqzAe": [],
        "168aoSVea7MG2XjXTLg85qMM57CgV37x2o": [],
        "16yeL4RVXhrN5qBDtHyQ15h9jRpsNrzfij": [],
        "172R21r4M6NrvS2cwFynMn7j4VJkgLNUrX": [],
        "181kDt6qQi6y7VxKgdENSB2U5igFftBe1y": [],
        "18RfcoQz2GTujiXjdwm4fr8Y3DaH6VKaPL": [],
        "19356LUXidL7gPu9W5toRiVeqV2ekHkE2t": [],
        "19h66j4msJMv2VMnfo7GcqSDRgHzqEKpmL": [],
        "1AjskSn1vLGwd1kWtiLwpyWdFcfYcbs8vw": [],
        "1Bftg1tygkgJmima4A8e4585GRxUPhS5mK": [],
        "1CzuBAPYDjiJyHi1ZCqfwAQ1ACaonXYJ6v": [],
        "1E5CPDDxZCshsRVn7LCnsdWXk6nW81mYd5": [],
        "1ERRY4UHDJ1eGS8QqUGtMJpYwWuby2VMh5": [],
        "1ERotZWktmBZ4w6taTAMXJrkkUiXYPTBNH": [],
        "1EqoNjcYGjPtNoxNn5ofSJHN7CnTxJPx4e": [],
        "1HjLQ3wNiDdxfrw2NvX3cwr7wzMYnJvkbj": [],
        "1Jotdisub6a1sNfP3LdSu8TH5e2pV8UPEu": [],
        "1KW7gHjcZEKVmKkeqDcFM4yrUuY3b3qpg3": [],
        "1KikJeHnos23brJRntxyrrLTkTxduKBdYq": [],
        "1KiyQxa5dAULMpx4BzX1dxqN6mMGAX52ds": [],
        "1LBWwMWDEihSocbLmjdDpUqzGn82AZuLh6": [],
        "1LBYiBNy9HNUSJyA3TNJzWqb5WeCffNsh2": [],
        "1LFtoVHbuxaEaV1XbyS3vXE8m9FFfCPC2Q": [],
        "1LNYc8P9to6YGwWkzyXqi6mN8EFEHBEbyK": [],
        "1M3aS3SsF82eNYuqZFUvweVj1JKLPBRYRs": [],
        "1M7GrDLDNmMDwYDaMELbFbXmGqBhWRywZD": [],
        "1MHAT1mJECgGAzeMFDzxUMAGURrGxTxe8B": [],
        "1MLDpjwc3j9ujTZGySQ5XiDSuG2VumXKJi": [],
        "1P5Bnqwe1aNmmRR2nAtwNj9aiwj1ihp5em": [],
        "1PaHUSc1W53s8JxkXDspNbkuHjcik15SLo": []
    },
    "addresses": {
        "change": [
            "19h66j4msJMv2VMnfo7GcqSDRgHzqEKpmL",
            "1CzuBAPYDjiJyHi1ZCqfwAQ1ACaonXYJ6v",
            "16yeL4RVXhrN5qBDtHyQ15h9jRpsNrzfij",
            "1ERotZWktmBZ4w6taTAMXJrkkUiXYPTBNH",
            "1LNYc8P9to6YGwWkzyXqi6mN8EFEHBEbyK",
            "1Jotdisub6a1sNfP3LdSu8TH5e2pV8UPEu",
            "1Bftg1tygkgJmima4A8e4585GRxUPhS5mK",
            "1PaHUSc1W53s8JxkXDspNbkuHjcik15SLo",
            "18RfcoQz2GTujiXjdwm4fr8Y3DaH6VKaPL",
            "1M3aS3SsF82eNYuqZFUvweVj1JKLPBRYRs"
        ],
        "receiving": [
            "1P5Bnqwe1aNmmRR2nAtwNj9aiwj1ihp5em",
            "1HjLQ3wNiDdxfrw2NvX3cwr7wzMYnJvkbj",
            "1AjskSn1vLGwd1kWtiLwpyWdFcfYcbs8vw",
            "19356LUXidL7gPu9W5toRiVeqV2ekHkE2t",
            "1ERRY4UHDJ1eGS8QqUGtMJpYwWuby2VMh5",
            "1E5CPDDxZCshsRVn7LCnsdWXk6nW81mYd5",
            "1KW7gHjcZEKVmKkeqDcFM4yrUuY3b3qpg3",
            "168aoSVea7MG2XjXTLg85qMM57CgV37x2o",
            "181kDt6qQi6y7VxKgdENSB2U5igFftBe1y",
            "172R21r4M6NrvS2cwFynMn7j4VJkgLNUrX",
            "1MHAT1mJECgGAzeMFDzxUMAGURrGxTxe8B",
            "1LFtoVHbuxaEaV1XbyS3vXE8m9FFfCPC2Q",
            "1LBYiBNy9HNUSJyA3TNJzWqb5WeCffNsh2",
            "1M7GrDLDNmMDwYDaMELbFbXmGqBhWRywZD",
            "147HcKjdWfuJis6VLziBGrPx3Mr9eJqzAe",
            "1MLDpjwc3j9ujTZGySQ5XiDSuG2VumXKJi",
            "1EqoNjcYGjPtNoxNn5ofSJHN7CnTxJPx4e",
            "1LBWwMWDEihSocbLmjdDpUqzGn82AZuLh6",
            "1KikJeHnos23brJRntxyrrLTkTxduKBdYq",
            "1KiyQxa5dAULMpx4BzX1dxqN6mMGAX52ds"
        ]
    },
    "fiat_value": {},
    "frozen_coins": {},
    "invoices": {},
    "keystore": {
        "derivation": "m",
        "pw_hash_version": 1,
        "root_fingerprint": "37218c0f",
        "seed": "minor zone pool asset remain combine drama claw medal settle grace capable",
        "seed_type": "standard",
        "type": "bip32",
        "xprv": "xprv9s21ZrQH143K3UQFtWYLaPAUHfcZmnDs73XsuA5B5sqigZsMUa7QyxtFYcyhr3vT7sTKQF2zx9avSfs96sa2U4kozZkYLqw4VsEZpH3FygG",
        "xpub": "xpub661MyMwAqRbcFxUizY5LwX7CqhT4BEwiUGTUhYUneDNhZNCW27RfXmCjPvqi8Fs1YchZTTAu3T2kVJxM5JcJfUZJxhqck9n9dbo4XiDp8Fv"
    },
    "labels": {},
    "payment_requests": {},
    "prevouts_by_scripthash": {},
    "seed_version": 50,
    "spent_outpoints": {},
    "transactions": {},
    "tx_fees": {},
    "txi": {},
    "txo": {},
    "use_encryption": false,
    "verified_tx3": {},
    "wallet_type": "standard"
}