{
    "addr_history": {
        "1225rA9Ldwto3VA1kTLR6dnxt7KwgL8AkH": [],
        "12F7s8VsLdPXyNyE3Ffz1rLqSja4U8jgft": [],
        "12TBUQLfux4xPDApXPdhxKge3TE97B8WRq": [],
        "13YTZqYcTLme8sTRWNbnRERfMTB2MogkQc": [],
        "143J4VTdPeMPBM8GqPuAefJktp8jJu9ubH": [],
        "14wkvEaFv2ykNqZdBnhTrh8NXXyYUpA9vN": [],
        "15sX8rK6PB64mFMVCc9zQFtMYLHBaDDETH": [],
        "15ujNpAGYzCKkXr8boLZntsHPbFGUMdQbd": [],
        "179dgcHFvwkiLwraDNPxrouY5LVZaGiBiC": [],
        "18EbFVxyEma6asZQqFzzpZm3V6vXzePG8V": [],
        "18Ss3qMFufGXEtMKgR2ktWCyrZ7Wbd11x1": [],
        "18fYz9Nv3uvtNLgNrPKdsKpwqSAAApjZem": [],
        "19a7tDcYoFaVR8YN2RAVJAqpeJq3zzhCzD": [],
        "19asq4qsLJWktcnWPF21JYcqpTBxSh9bK4": [],
        "19oGfZUwLECMzcK5E6NUxA8vjxceTKksKo": [],
        "19wfbxbnAotJDsKeX2KrCT8W7rRkKDECDG": [],
        "1A68Zt3yPAiGySEg8ryB7AnqzP7vqYgyK7": [],
        "1AYQJcHMVXjnq5uvCC6Z7MrZzgKxBedWfo": [],
        "1B5GUxtmKJs5R2uVKg6iLAiExkSjYrBGLj": [],
        "1BCySZWteUGndDcLiwg1oUieJA4Rb1oyg4": [],
        "1BXDTorkwPG7quHdQzo1NBc6suwJnuLYt": [],
        "1DsGo9w8JEybKjhya4dPGeX5KuDjtZY9Wt": [],
        "1G6Gnk7JuMX8hYzfanBtyLkwxUgDmG19xL": [],
        "1GR2UVTXeY7E7ArpLE9WFGEjG1Fn4J8oFu": [],
        "1GV4qMEP7tkLWCXTQwFK7jvXD3pGMniqLA": [],
        "1HL5Xa4hgYpGS4vNnMm4KemarprmJ5q2SA": [],
        "1K9qSeF4R97oETzfJRkEowuURQAfDL8J8d": [],
        "1LmVwq8sLvSTgNz4jtezBs99RjbzjSVxZa": [],
        "1MiqDFfgWKJAFz11VKtnZFAgPtoykSqk17": [],
        "1NeWvvvv8uPqgLKadyo468FA9hN8BG6vxF": []
    },
    "addresses": {
        "change": [
            "19oGfZUwLECMzcK5E6NUxA8vjxceTKksKo",
            "19a7tDcYoFaVR8YN2RAVJAqpeJq3zzhCzD",
            "14wkvEaFv2ykNqZdBnhTrh8NXXyYUpA9vN",
            "18fYz9Nv3uvtNLgNrPKdsKpwqSAAApjZem",
            "19asq4qsLJWktcnWPF21JYcqpTBxSh9bK4",
            "1BCySZWteUGndDcLiwg1oUieJA4Rb1oyg4",
            "15sX8rK6PB64mFMVCc9zQFtMYLHBaDDETH",
            "1225rA9Ldwto3VA1kTLR6dnxt7KwgL8AkH",
            "1A68Zt3yPAiGySEg8ryB7AnqzP7vqYgyK7",
            "12TBUQLfux4xPDApXPdhxKge3TE97B8WRq"
        ],
        "receiving": [
            "1BXDTorkwPG7quHdQzo1NBc6suwJnuLYt",
            "18EbFVxyEma6asZQqFzzpZm3V6vXzePG8V",
            "13YTZqYcTLme8sTRWNbnRERfMTB2MogkQc",
            "1GV4qMEP7tkLWCXTQwFK7jvXD3pGMniqLA",
            "143J4VTdPeMPBM8GqPuAefJktp8jJu9ubH",
            "1NeWvvvv8uPqgLKadyo468FA9hN8BG6vxF",
            "15ujNpAGYzCKkXr8boLZntsHPbFGUMdQbd",
            "1DsGo9w8JEybKjhya4dPGeX5KuDjtZY9Wt",
            "1K9qSeF4R97oETzfJRkEowuURQAfDL8J8d",
            "1MiqDFfgWKJAFz11VKtnZFAgPtoykSqk17",
            "1B5GUxtmKJs5R2uVKg6iLAiExkSjYrBGLj",
            "1GR2UVTXeY7E7ArpLE9WFGEjG1Fn4J8oFu",
            "19wfbxbnAotJDsKeX2KrCT8W7rRkKDECDG",
            "12F7s8VsLdPXyNyE3Ffz1rLqSja4U8jgft",
            "18Ss3qMFufGXEtMKgR2ktWCyrZ7Wbd11x1",
            "1HL5Xa4hgYpGS4vNnMm4KemarprmJ5q2SA",
            "1LmVwq8sLvSTgNz4jtezBs99RjbzjSVxZa",
            "1AYQJcHMVXjnq5uvCC6Z7MrZzgKxBedWfo",
            "1G6Gnk7JuMX8hYzfanBtyLkwxUgDmG19xL",
            "179dgcHFvwkiLwraDNPxrouY5LVZaGiBiC"
        ]
    },
    "fiat_value": {},
    "frozen_coins": {},
    "invoices": {},
    "keystore": {
        "derivation": "m",
        "pw_hash_version": 1,
        "root_fingerprint": "2b904fb3",
        "seed": "minor zone pool awkward remain combine sibling claw medal settle grace capable",
        "seed_type": "standard",
        "type": "bip32",
        "xprv": "xprv9s21ZrQH143K2qR5t4MwEDhA7rVZj4uQ1PLAm5Xzu1VuwCDyMbD6w4tKG4AbMAUpQfxBh72MRfkGXHxHnYxPuSdxMDHDcf1RztwWbCe1eS2",
        "xpub": "xpub661MyMwAqRbcFKVYz5twbMdtftL48XdFNcFmZTwcTM2tozZ7u8XMUsCo7Jq8dkERUW4wgfBnc71Mmdt1THnWdE36WVxVdGnqesfqmKTEkTz"
    },
    "labels": {},
    "payment_requests": {},
    "prevouts_by_scripthash": {},
    "seed_version": 50,
    "spent_outpoints": {},
    "transactions": {},
    "tx_fees": {},
    "txi": {},
    "txo": {},
    "use_encryption": false,
    "verified_tx3": {},
    "wallet_type": "standard"
}