{
    "addr_history": {
        "12C367SmRiJeWWqCUKBfJzRzZhLdT15RXP": [],
        "12xZRmxYhTkuWhNbCdFgFewLfcwhktgF5M": [],
        "13xLLAfePvmKkFmDEBrTLSwF4CWjjTu8yf": [],
        "14XrhMAVEX2kDNN6odUYQyPUkEn33UnoT9": [],
        "163VDobkSwud5dFqSocyAK7bprY21LoXTZ": [],
        "16Ye2aYtX2tynGNWrRsTHDMsBsraQZjQgK": [],
        "17gXGMPWJxfNsYYCDHkPs7jcQhcQSyQt51": [],
        "17u4VFKcFV1FCdiiK174Ui8b8oahbpRhJJ": [],
        "18CshB1uueCuBxxLYhtWLeTXEiakwzqoi5": [],
        "19zUCzsrWb247oU2oLvmmbd9Lx3kxKiguH": [],
        "1AwUH96WWEDox4RryacTxPqErZMundNajG": [],
        "1BRYn1GdkRoNhYS2DxTJ81Xf3BdiNdb2Ez": [],
        "1BX28N3t6E3CY4bjUXQsMWicc6j21VpxMo": [],
        "1CXES4dmwTZiC5AsZKpPkDqjFZfjF2Equj": [],
        "1Cj7U2c4KckBuCH6zxb2Qss5tJbbb1YwQJ": [],
        "1Dvp8bNCDATz6PPASGtX66mDk4Bpe2Eg2y": [],
        "1EyyKA8GA5YdmHiWc3x9EpmK1KaYqGcCca": [],
        "1Fxebg4fHMvrCWt8XrHj9xyYLs2J72DbAn": [],
        "1GMXngjY5e6pic8werzp5XemMbRB6fHfZb": [],
        "1GzQncA8ErCUHpLyhbHEdLfXQXZcJv7VfC": [],
        "1K6SEgTtdd8ZiZcAsV5haW8Zr2gRcirq3X": [],
        "1KKY5uqwcfiiuE6U67xBr885s8BKRirQ4L": [],
        "1Kxv2LgPcN3BzWRCZd8kt6sWLSzVh3cZQc": [],
        "1LCqVzD8WtfAcYHXfrc2pFr13RtMWC49c6": [],
        "1MRTWoMQLnq2xm9b4CXVqvi4YTaxFniQL1": [],
        "1NsjtdYmFjVP4NKfFG517hrba4fmiCTG2E": [],
        "1PpiWPD1bmZGwkLYEQPei2pHs8FoBCgjNR": [],
        "1PvDEzSh9Ro5Q8PrfGptYb8PApwJtQ7b31": [],
        "1PzcJovNBG9rQKRu9wHtxUoTK6sWDi9W7Q": [],
        "1Q9oVqHxRdeLfH4sdz55zRNeDm2MXiKRm4": []
    },
    "addresses": {
        "change": [
            "17gXGMPWJxfNsYYCDHkPs7jcQhcQSyQt51",
            "163VDobkSwud5dFqSocyAK7bprY21LoXTZ",
            "1Q9oVqHxRdeLfH4sdz55zRNeDm2MXiKRm4",
            "1Fxebg4fHMvrCWt8XrHj9xyYLs2J72DbAn",
            "1PzcJovNBG9rQKRu9wHtxUoTK6sWDi9W7Q",
            "1BX28N3t6E3CY4bjUXQsMWicc6j21VpxMo",
            "1PvDEzSh9Ro5Q8PrfGptYb8PApwJtQ7b31",
            "1KKY5uqwcfiiuE6U67xBr885s8BKRirQ4L",
            "1EyyKA8GA5YdmHiWc3x9EpmK1KaYqGcCca",
            "1CXES4dmwTZiC5AsZKpPkDqjFZfjF2Equj"
        ],
        "receiving": [
            "1MRTWoMQLnq2xm9b4CXVqvi4YTaxFniQL1",
            "1NsjtdYmFjVP4NKfFG517hrba4fmiCTG2E",
            "19zUCzsrWb247oU2oLvmmbd9Lx3kxKiguH",
            "1LCqVzD8WtfAcYHXfrc2pFr13RtMWC49c6",
            "1PpiWPD1bmZGwkLYEQPei2pHs8FoBCgjNR",
            "1AwUH96WWEDox4RryacTxPqErZMundNajG",
            "18CshB1uueCuBxxLYhtWLeTXEiakwzqoi5",
            "12xZRmxYhTkuWhNbCdFgFewLfcwhktgF5M",
            "12C367SmRiJeWWqCUKBfJzRzZhLdT15RXP",
            "17u4VFKcFV1FCdiiK174Ui8b8oahbpRhJJ",
            "1BRYn1GdkRoNhYS2DxTJ81Xf3BdiNdb2Ez",
            "1Cj7U2c4KckBuCH6zxb2Qss5tJbbb1YwQJ",
            "13xLLAfePvmKkFmDEBrTLSwF4CWjjTu8yf",
            "16Ye2aYtX2tynGNWrRsTHDMsBsraQZjQgK",
            "14XrhMAVEX2kDNN6odUYQyPUkEn33UnoT9",
            "1Kxv2LgPcN3BzWRCZd8kt6sWLSzVh3cZQc",
            "1GzQncA8ErCUHpLyhbHEdLfXQXZcJv7VfC",
            "1GMXngjY5e6pic8werzp5XemMbRB6fHfZb",
            "1Dvp8bNCDATz6PPASGtX66mDk4Bpe2Eg2y",
            "1K6SEgTtdd8ZiZcAsV5haW8Zr2gRcirq3X"
        ]
    },
    "fiat_value": {},
    "frozen_coins": {},
    "invoices": {},
    "keystore": {
        "derivation": "m",
        "pw_hash_version": 1,
        "root_fingerprint": "98f02972",
        "seed": "minor zone pool awake remain combine when claw medal settle grace capable",
        "seed_type": "standard",
        "type": "bip32",
        "xprv": "xprv9s21ZrQH143K25KqYwZopJzegTgZEeYEeNAshd5W3uWMoyzkGXa87fsrQnpKLZkLRkfvdMyWruKzT1QkptJ8711352YkdzyCxopwGfB5D16",
        "xpub": "xpub661MyMwAqRbcEZQJey6pBSwPEVX3e7G61b6UW1V7cF3LgnKtp4tNfUCLG4oNcniDTG5cwg73aCYzcjQeQk5WXVcLbSC6tcodeWigXhMGDd2"
    },
    "labels": {},
    "payment_requests": {},
    "prevouts_by_scripthash": {},
    "seed_version": 50,
    "spent_outpoints": {},
    "transactions": {},
    "tx_fees": {},
    "txi": {},
    "txo": {},
    "use_encryption": false,
    "verified_tx3": {},
    "wallet_type": "standard"
}