{
    "addr_history": {
        "129Kv8VhRhj858S2vX1BvmeWcnxaxSvRv5": [],
        "12UVTEsjxB8Mr8GWcgQS5XR2Pg9Brv6C4H": [],
        "13672iVEix6qHGY4mvVdvB11he6ua4JnX4": [],
        "13EPBZEW9T7GBZ2wNwRpi1kC9h65BErcNb": [],
        "154BjfChN93G4qtBDivbSRGvomGQTTcBKX": [],
        "15rbLRkAcFFRjD4mFoyG9xxMFSP2WMBeuS": [],
        "15u8KNYmTSSHjrRfNge6UcaFBFvLavGZbH": [],
        "16EkF9di67qdb4WyT8enjN3BRypzRsdSX6": [],
        "16bxSrZTKCBPXzTRixwymP2Wd5Ba5BTjxx": [],
        "16cYi8zUazkXh5baQaWYhgV8N2BHdQWmJs": [],
        "17Ytu48S1WG6yReErryij2g7KWfTrASWYz": [],
        "1ADYqtC9MzbieXChrmPPWAZbbW8Y9uJTHQ": [],
        "1B3gMusdZ11UVE5FMeV6guQ1jAjAz4gVNw": [],
        "1BkB7pLF4YV4gjDthPSyYoQP5pShJNdFvw": [],
        "1C591admqUGTqpxknjv7DKnTMtX7jtoHnq": [],
        "1CKssBq8WKC2LBKYpVuX5cHhDYdYQPbX3p": [],
        "1EsQJgfypiq7V971sbXHL8r2v5WEiaRWrg": [],
        "1ExqXhVaGaf5VjGykQr5VEvfXfTW7XaTit": [],
        "1F1GWKYqgBTJ5veeWg7E7vNLtBkmYfUxLp": [],
        "1Fu5tbWBhrtFpg932sR8D3sCgUp2J1eVuL": [],
        "1GhXkVDkSTJzpB37YTJEPH5rDVBZ3vtYQW": [],
        "1HhwGVHM3bkmUxwfWw3pot4CBztFdXf7LS": [],
        "1KM7gY4wCR2nAQFsoouWPU69qaG2ct2kj6": [],
        "1LJ8sWgPKTDZsRTBs1ikowMWR3NvcFcC1A": [],
        "1LLggbYRY14Mq3e9MmySHqa6quwNSxEQCh": [],
        "1MELdTN9i1EjM5Qay9qwF6g9S4qYm7svp5": [],
        "1MnX1dF2ZTwAwmmbkkuJvBEZKCdg5pnifS": [],
        "1PecL6RDt4Jg1PsMN9JPfdDjLB7CxUCu8n": [],
        "1Pqey2LwSFXynN53avsXD3ZNidN2MehjR2": [],
        "1mVpXDFTuYxAmBPkANk3aLfqfhi9EtRbc": []
    },
    "addresses": {
        "change": [
            "17Ytu48S1WG6yReErryij2g7KWfTrASWYz",
            "16EkF9di67qdb4WyT8enjN3BRypzRsdSX6",
            "154BjfChN93G4qtBDivbSRGvomGQTTcBKX",
            "1GhXkVDkSTJzpB37YTJEPH5rDVBZ3vtYQW",
            "1MnX1dF2ZTwAwmmbkkuJvBEZKCdg5pnifS",
            "1ExqXhVaGaf5VjGykQr5VEvfXfTW7XaTit",
            "1EsQJgfypiq7V971sbXHL8r2v5WEiaRWrg",
            "13672iVEix6qHGY4mvVdvB11he6ua4JnX4",
            "1Fu5tbWBhrtFpg932sR8D3sCgUp2J1eVuL",
            "1CKssBq8WKC2LBKYpVuX5cHhDYdYQPbX3p"
        ],
        "receiving": [
            "1Pqey2LwSFXynN53avsXD3ZNidN2MehjR2",
            "1PecL6RDt4Jg1PsMN9JPfdDjLB7CxUCu8n",
            "15u8KNYmTSSHjrRfNge6UcaFBFvLavGZbH",
            "16cYi8zUazkXh5baQaWYhgV8N2BHdQWmJs",
            "1C591admqUGTqpxknjv7DKnTMtX7jtoHnq",
            "1mVpXDFTuYxAmBPkANk3aLfqfhi9EtRbc",
            "1HhwGVHM3bkmUxwfWw3pot4CBztFdXf7LS",
            "1MELdTN9i1EjM5Qay9qwF6g9S4qYm7svp5",
            "1ADYqtC9MzbieXChrmPPWAZbbW8Y9uJTHQ",
            "15rbLRkAcFFRjD4mFoyG9xxMFSP2WMBeuS",
            "1LJ8sWgPKTDZsRTBs1ikowMWR3NvcFcC1A",
            "12UVTEsjxB8Mr8GWcgQS5XR2Pg9Brv6C4H",
            "1B3gMusdZ11UVE5FMeV6guQ1jAjAz4gVNw",
            "1LLggbYRY14Mq3e9MmySHqa6quwNSxEQCh",
            "1KM7gY4wCR2nAQFsoouWPU69qaG2ct2kj6",
            "16bxSrZTKCBPXzTRixwymP2Wd5Ba5BTjxx",
            "1F1GWKYqgBTJ5veeWg7E7vNLtBkmYfUxLp",
            "13EPBZEW9T7GBZ2wNwRpi1kC9h65BErcNb",
            "129Kv8VhRhj858S2vX1BvmeWcnxaxSvRv5",
            "1BkB7pLF4YV4gjDthPSyYoQP5pShJNdFvw"
        ]
    },
    "fiat_value": {},
    "frozen_coins": {},
    "invoices": {},
    "keystore": {
        "derivation": "m",
        "pw_hash_version": 1,
        "root_fingerprint": "7f4c612c",
        "seed": "minor zone pool awake remain combine tumble claw medal settle grace capable",
        "seed_type": "standard",
        "type": "bip32",
        "xprv": "xprv9s21ZrQH143K4Jg6uNYiJzLYUfR8Xhdd1kiMg7qMnqcctY8nrD8AQtcXvrhxaY2tC5Qxjtbxp9WTH69rWvnnFoPLnoqTU6sFqKxk1GRC8ph",
        "xpub": "xpub661MyMwAqRbcGnka1Q5ig8HH2hFcwAMUNydxUWEyMB9bmLTwPkSQxgw1n7ogWU1QmSWTZw6ZR4AAscATLSAriNA6bk8eousDe7uzsP5DPGy"
    },
    "labels": {},
    "payment_requests": {},
    "prevouts_by_scripthash": {},
    "seed_version": 50,
    "spent_outpoints": {},
    "transactions": {},
    "tx_fees": {},
    "txi": {},
    "txo": {},
    "use_encryption": false,
    "verified_tx3": {},
    "wallet_type": "standard"
}