{
    "addr_history": {
        "12VGZwgffH72XsgBkSQbXCqrkf8goMujQK": [],
        "14EaHd2Y2M5oJNT4CV8syiUBTdeCkpVmgx": [],
        "15BdmwWqpDwuz1A71joNCbGQZqzdNgEThg": [],
        "15Vxn94CZqwmXWHL9bpZwkrncszBb6TwHp": [],
        "15yHt7SVrf2EHq9ApuqLuk938yM3z2gkR7": [],
        "18v4obZU2m7d7NpFmzYXPagy93PZtA4Auy": [],
        "18yamLfVtuDg9Y2Wq2oZqXzpKTnxNsvPoq": [],
        "19AeivNzRohRu3FoyCBsZw8ZiUqZobaGrV": [],
        "19pLwMuFHuo6AAZR7DSnP1NQZyQhMJENRN": [],
        "1ACQtgLDNmmCX1HLtRHtq6jZERgV2Rc8GA": [],
        "1AhB1Qjk2XuqoehbrE8MHxrURbBRUTmr5": [],
        "1BU6riAbvhjSH1wKkRMfGJSmUCf1Fmbevp": [],
        "1C7nU7CHsEnVvN3V9BVbQY9d5qiWkuMcth": [],
        "1Ce6Qn6DdeYPDRTKzQ8C6Gfz5LsGurhzs2": [],
        "1D4bFrcx2sa1WdFXKrFdcqGjCXi4icNLjF": [],
        "1E4w7Sx8xfQsv2rE7UNRNDJ9AdebB4oVZQ": [],
        "1FS5QnuJbaiF5EXnBvycosg2fbouT6bLz4": [],
        "1JT2XPn499p4yd9GWWmG5v9eyZtoNoZB5M": [],
        "1K4pPEh6jt574vuzYgvLse7f49BHzMe6Yq": [],
        "1KHHf5uSfQLVvtrAVXFLKF5JhRx9RQwkHz": [],
        "1LHUQuB9CXm2kGT9ChhLejf52RwjhGt2YK": [],
        "1LqMvBajwuEAh99fo5xtrNsi5KoAj8TfM9": [],
        "1MfpHttZaSsVPq9nkCK1sFYXXELmFANK6T": [],
        "1MxmnEahtG4m8RyUet79cPQqeRF56WQTAh": [],
        "1NVsP9zVGCEbVHyMs6p7Qxt9Fjpkwd7Pjm": [],
        "1PLmeJPUMNFRjSZdEh4ySSciAKykmFP6Yu": [],
        "1PdkJ3vxBaQ68itt1ts2e4SHH7WSvvCpcV": [],
        "1Q8bJ4ncYtCiT6YXdgt1QQR3YuETv6mXyE": [],
        "1QCWZJ7REFGchonmQb1UTemBxAdGo5xUxn": [],
        "1QF9Tp19WFpivY6XzjNeneaTm5cPqm3sU5": []
    },
    "addresses": {
        "change": [
            "1MfpHttZaSsVPq9nkCK1sFYXXELmFANK6T",
            "1D4bFrcx2sa1WdFXKrFdcqGjCXi4icNLjF",
            "19pLwMuFHuo6AAZR7DSnP1NQZyQhMJENRN",
            "1MxmnEahtG4m8RyUet79cPQqeRF56WQTAh",
            "1K4pPEh6jt574vuzYgvLse7f49BHzMe6Yq",
            "1Q8bJ4ncYtCiT6YXdgt1QQR3YuETv6mXyE",
            "1C7nU7CHsEnVvN3V9BVbQY9d5qiWkuMcth",
            "1PLmeJPUMNFRjSZdEh4ySSciAKykmFP6Yu",
            "14EaHd2Y2M5oJNT4CV8syiUBTdeCkpVmgx",
            "19AeivNzRohRu3FoyCBsZw8ZiUqZobaGrV"
        ],
        "receiving": [
            "1PdkJ3vxBaQ68itt1ts2e4SHH7WSvvCpcV",
            "1QCWZJ7REFGchonmQb1UTemBxAdGo5xUxn",
            "15yHt7SVrf2EHq9ApuqLuk938yM3z2gkR7",
            "15BdmwWqpDwuz1A71joNCbGQZqzdNgEThg",
            "15Vxn94CZqwmXWHL9bpZwkrncszBb6TwHp",
            "1E4w7Sx8xfQsv2rE7UNRNDJ9AdebB4oVZQ",
            "1BU6riAbvhjSH1wKkRMfGJSmUCf1Fmbevp",
            "1ACQtgLDNmmCX1HLtRHtq6jZERgV2Rc8GA",
            "1QF9Tp19WFpivY6XzjNeneaTm5cPqm3sU5",
            "1LHUQuB9CXm2kGT9ChhLejf52RwjhGt2YK",
            "1JT2XPn499p4yd9GWWmG5v9eyZtoNoZB5M",
            "18v4obZU2m7d7NpFmzYXPagy93PZtA4Auy",
            "1LqMvBajwuEAh99fo5xtrNsi5KoAj8TfM9",
            "18yamLfVtuDg9Y2Wq2oZqXzpKTnxNsvPoq",
            "1FS5QnuJbaiF5EXnBvycosg2fbouT6bLz4",
            "1AhB1Qjk2XuqoehbrE8MHxrURbBRUTmr5",
            "1Ce6Qn6DdeYPDRTKzQ8C6Gfz5LsGurhzs2",
            "1NVsP9zVGCEbVHyMs6p7Qxt9Fjpkwd7Pjm",
            "12VGZwgffH72XsgBkSQbXCqrkf8goMujQK",
            "1KHHf5uSfQLVvtrAVXFLKF5JhRx9RQwkHz"
        ]
    },
    "fiat_value": {},
    "frozen_coins": {},
    "invoices": {},
    "keystore": {
        "derivation": "m",
        "pw_hash_version": 1,
        "root_fingerprint": "4bb2806a",
        "seed": "minor zone pool avoid remain combine manage claw medal settle grace capable",
        "seed_type": "standard",
        "type": "bip32",
        "xprv": "xprv9s21ZrQH143K4awKW9DtSG5PUNuXzdTbmPxHask5hoh7B5oUq6zvndSECne98ngUC3xHhefKWoWbRrnHHxjjVLWuJbd9Qr86Aoqe6tRGPDY",
        "xpub": "xpub661MyMwAqRbcH51ncAktoQ282Qk2Q6BT8cstPG9hG9E63t8dNeKBLRki45BDFkyA4yyxZRUraXRqgE6aamjvWEfmMka66bditG2TE6hzsd6"
    },
    "labels": {},
    "payment_requests": {},
    "prevouts_by_scripthash": {},
    "seed_version": 50,
    "spent_outpoints": {},
    "transactions": {},
    "tx_fees": {},
    "txi": {},
    "txo": {},
    "use_encryption": false,
    "verified_tx3": {},
    "wallet_type": "standard"
}