{
    "addr_history": {
        "12hcqFRsBxeUMHu9LyAasDa7a6C7kqAzes": [],
        "15ZBjrRfYk1kT7e74TBPLrKTcHYusoqUda": [],
        "15iUb2MWpwUVoQbPKCvC7uBBnHLmbYQS6Z": [],
        "164VBhjn9n7GiCYTYXsztHgApKPnmFWRcC": [],
        "16ymwxLA8etASPqGEWnJzt6t298kycJHzg": [],
        "172ZSYjoPpi8SWyUR4m5VLVcN34eFzLYYS": [],
        "175aQg21Pve3NPAhEfoSGefMUc2W6imVJQ": [],
        "17yxQ37TdBxDmZhaEU8tsW2LVzXDH6sdyv": [],
        "19EMQHWjdJChPsXUhFvSuXmEJUeBMNsc51": [],
        "19Nd7YiM4U7bmQbwSuG8ifqUod7KXBupeS": [],
        "19p5GQmPphifeapTzFrsy4V1ESr5Y29eNS": [],
        "19zxP5UsfSypsXfVQz6aL1ExsVszSrhbsP": [],
        "1A3iEJh86ku5fAjLQG84LMYDs2z8orBjgo": [],
        "1AKEnYXbPR1ff6L69ZaP3aq9q7Va9QzVoG": [],
        "1Aj8FQ5yRU4WtJdLdVyM58Q5nyaK6958c7": [],
        "1BhkbWCkgq2TpTRgjBq52uNtQcauLBVLAA": [],
        "1CxA2MzrVu6tPfmQfaJZs8TLBw4bUv9M3A": [],
        "1Dvd63GCaRCu5hSxEhAyhNP6naGhFp95Zz": [],
        "1EMifd7tsutgRZnPPisXiK3sgqJ7gNX38U": [],
        "1JsNSENNLydywcafftrhAkCwhnjzbu6d7X": [],
        "1KpNj42zNToXeS52Pf9WsAiLMzUYMAzGT4": [],
        "1KtEQv75z9Ni13qTXZd6SF2dMVm63yCx2n": [],
        "1L2APRJAZR1vQPwz3CnEexSzFbZn5ac1xt": [],
        "1Ldqng8jGPY1PxvgeXF8XVG82X6yx8fv61": [],
        "1LwN2NueGoYNzn4vbZz8BCZVck2PK5nR6f": [],
        "1P3rib6duLU1AfUp8oUCMcrQsQmDtWtAbD": [],
        "1PAJ8FGTxrNqouoivUYnNaSjmgQrkkVGsi": [],
        "1Px173Luc9D2xouqJqWefupD2UKmi8jeix": [],
        "1Q8ncMzjRTunfUwYYkatUKbyf7Foz1sqgZ": [],
        "1Xop6Z4uWJNc4PBjwouXB14SzkwXzEakr": []
    },
    "addresses": {
        "change": [
            "1AKEnYXbPR1ff6L69ZaP3aq9q7Va9QzVoG",
            "1PAJ8FGTxrNqouoivUYnNaSjmgQrkkVGsi",
            "164VBhjn9n7GiCYTYXsztHgApKPnmFWRcC",
            "15ZBjrRfYk1kT7e74TBPLrKTcHYusoqUda",
            "1Px173Luc9D2xouqJqWefupD2UKmi8jeix",
            "1LwN2NueGoYNzn4vbZz8BCZVck2PK5nR6f",
            "1Q8ncMzjRTunfUwYYkatUKbyf7Foz1sqgZ",
            "16ymwxLA8etASPqGEWnJzt6t298kycJHzg",
            "1L2APRJAZR1vQPwz3CnEexSzFbZn5ac1xt",
            "1Dvd63GCaRCu5hSxEhAyhNP6naGhFp95Zz"
        ],
        "receiving": [
            "12hcqFRsBxeUMHu9LyAasDa7a6C7kqAzes",
            "19p5GQmPphifeapTzFrsy4V1ESr5Y29eNS",
            "1Aj8FQ5yRU4WtJdLdVyM58Q5nyaK6958c7",
            "1A3iEJh86ku5fAjLQG84LMYDs2z8orBjgo",
            "15iUb2MWpwUVoQbPKCvC7uBBnHLmbYQS6Z",
            "1P3rib6duLU1AfUp8oUCMcrQsQmDtWtAbD",
            "17yxQ37TdBxDmZhaEU8tsW2LVzXDH6sdyv",
            "19zxP5UsfSypsXfVQz6aL1ExsVszSrhbsP",
            "1CxA2MzrVu6tPfmQfaJZs8TLBw4bUv9M3A",
            "1Xop6Z4uWJNc4PBjwouXB14SzkwXzEakr",
            "175aQg21Pve3NPAhEfoSGefMUc2W6imVJQ",
            "1Ldqng8jGPY1PxvgeXF8XVG82X6yx8fv61",
            "1BhkbWCkgq2TpTRgjBq52uNtQcauLBVLAA",
            "1KpNj42zNToXeS52Pf9WsAiLMzUYMAzGT4",
            "1JsNSENNLydywcafftrhAkCwhnjzbu6d7X",
            "172ZSYjoPpi8SWyUR4m5VLVcN34eFzLYYS",
            "19EMQHWjdJChPsXUhFvSuXmEJUeBMNsc51",
            "1EMifd7tsutgRZnPPisXiK3sgqJ7gNX38U",
            "19Nd7YiM4U7bmQbwSuG8ifqUod7KXBupeS",
            "1KtEQv75z9Ni13qTXZd6SF2dMVm63yCx2n"
        ]
    },
    "fiat_value": {},
    "frozen_coins": {},
    "invoices": {},
    "keystore": {
        "derivation": "m",
        "pw_hash_version": 1,
        "root_fingerprint": "f2c8b13a",
        "seed": "minor zone pool ankle remain combine speak claw medal settle grace capable",
        "seed_type": "standard",
        "type": "bip32",
        "xprv": "xprv9s21ZrQH143K2STW2vF31hp3aYV3LE9HPT7nVsxpHpvY5ME5kRScJDQudNfNztFQRD3eQ5SXfc148ZJDH8CMY4QzPoE7jgoP2JnJHF4LyQL",
        "xpub": "xpub661MyMwAqRbcEvXy8wn3Nqkn8aKXjgs8kg3PJGNRrATWx9ZEHxkrr1jPUfzrBntcSyU4bkSGzTy9LMzctdwGUgFmaBCJqFvjMA4bh3f3qwo"
    },
    "labels": {},
    "payment_requests": {},
    "prevouts_by_scripthash": {},
    "seed_version": 50,
    "spent_outpoints": {},
    "transactions": {},
    "tx_fees": {},
    "txi": {},
    "txo": {},
    "use_encryption": false,
    "verified_tx3": {},
    "wallet_type": "standard"
}