{
    "addr_history": {
        "12CkFV2LadXt7PBasNFJdx4qmH1j9LsJ2h": [],
        "142isTMJ8MnKDiZYJYDv1vUg6yyQYWDeuw": [],
        "14XEUdV8kwga885WKN1dpN9D5QJv9xtTe5": [],
        "14pizG7QmA4ELeYZU8LW4jXHxxbyKSqs5G": [],
        "15g2qiy7SBVZfyFeJzD5jk8WfAGZ1sj38Q": [],
        "177ukjKu7H9L1xJ8ZMStj7gkjLGTA2smL6": [],
        "17HcYXFWpq8zxr96PikJQw3vEVnQrq5BvG": [],
        "1844NBADigH8tdgP9DewNYjo87JHrgHcxq": [],
        "18AsAeBjJV7jpGiXvaVR28xCnvHtqMjdEQ": [],
        "19D7dEw6tiNVebUTGcaVfioLVZ7VezGCyT": [],
        "19JoP9Noyof4MuyqjRjadGPaBCdUAQPJ99": [],
        "19ZR1RMq2FhyY1z7X5cHU6HfKNqAkQPTgC": [],
        "19ho695pMrJAg5XCmizjrXqZzHyEhPT77Z": [],
        "19zXVfn82m3nz8wXjKHDaxrLx7tWRh7Lk2": [],
        "1Ak2cXC6x15b2nKfNGg5zCUW9ZAf5mPMSN": [],
        "1BGy2c6b4KGbeFCs7TGSYj6WpE35DLgxNQ": [],
        "1CBZaagoWyvF9ksn6GHTwyf6MNnbjDRHrG": [],
        "1F6MLJ4SwkuGTwDYjJN8Xek4FAMvfZh33n": [],
        "1GFN754zgF5m9Yozmja6Yg7iU2tDFjPMbM": [],
        "1Gb4YdrLAD9n9h5A3rAyXNT8stHQWvbGQc": [],
        "1HxM4KjH6tJakCz4PRvCqwAmS8vYtrvX1A": [],
        "1J5sjCQsQAMXWak38JyvdKZeJwyrGr6qXZ": [],
        "1MN7xmomN2UpY8g8s3PnyuH23rJ34HWC4h": [],
        "1Me8Ysq73hKq2Ye8tB3bHZC8vpnFtJMuMn": [],
        "1MzEP1Q6BUECmwcAWHJAi5q2rLTiPbs54x": [],
        "1N4CzsGYRUiicJyfKSBdPQ56kmFMTiM2V": [],
        "1NZQGK8BVxWZeex8DLri6ntww5FuKAfPRv": [],
        "1PA5LZsoCz1BKZgKy7CjNb2DEMPDVWVvDY": [],
        "1Pqw7nGAx7VqXN5AKw1H3XYqANfeLGy8tY": [],
        "1Q6z3oyE5bwEeyArxCaJ1GjPzDRkshagQY": []
    },
    "addresses": {
        "change": [
            "18AsAeBjJV7jpGiXvaVR28xCnvHtqMjdEQ",
            "1844NBADigH8tdgP9DewNYjo87JHrgHcxq",
            "1Me8Ysq73hKq2Ye8tB3bHZC8vpnFtJMuMn",
            "1Pqw7nGAx7VqXN5AKw1H3XYqANfeLGy8tY",
            "14pizG7QmA4ELeYZU8LW4jXHxxbyKSqs5G",
            "19ho695pMrJAg5XCmizjrXqZzHyEhPT77Z",
            "1HxM4KjH6tJakCz4PRvCqwAmS8vYtrvX1A",
            "1J5sjCQsQAMXWak38JyvdKZeJwyrGr6qXZ",
            "19JoP9Noyof4MuyqjRjadGPaBCdUAQPJ99",
            "1PA5LZsoCz1BKZgKy7CjNb2DEMPDVWVvDY"
        ],
        "receiving": [
            "177ukjKu7H9L1xJ8ZMStj7gkjLGTA2smL6",
            "1NZQGK8BVxWZeex8DLri6ntww5FuKAfPRv",
            "1Q6z3oyE5bwEeyArxCaJ1GjPzDRkshagQY",
            "19D7dEw6tiNVebUTGcaVfioLVZ7VezGCyT",
            "15g2qiy7SBVZfyFeJzD5jk8WfAGZ1sj38Q",
            "19zXVfn82m3nz8wXjKHDaxrLx7tWRh7Lk2",
            "12CkFV2LadXt7PBasNFJdx4qmH1j9LsJ2h",
            "1MzEP1Q6BUECmwcAWHJAi5q2rLTiPbs54x",
            "1BGy2c6b4KGbeFCs7TGSYj6WpE35DLgxNQ",
            "1N4CzsGYRUiicJyfKSBdPQ56kmFMTiM2V",
            "19ZR1RMq2FhyY1z7X5cHU6HfKNqAkQPTgC",
            "1CBZaagoWyvF9ksn6GHTwyf6MNnbjDRHrG",
            "1Gb4YdrLAD9n9h5A3rAyXNT8stHQWvbGQc",
            "142isTMJ8MnKDiZYJYDv1vUg6yyQYWDeuw",
            "1Ak2cXC6x15b2nKfNGg5zCUW9ZAf5mPMSN",
            "1GFN754zgF5m9Yozmja6Yg7iU2tDFjPMbM",
            "1F6MLJ4SwkuGTwDYjJN8Xek4FAMvfZh33n",
            "14XEUdV8kwga885WKN1dpN9D5QJv9xtTe5",
            "17HcYXFWpq8zxr96PikJQw3vEVnQrq5BvG",
            "1MN7xmomN2UpY8g8s3PnyuH23rJ34HWC4h"
        ]
    },
    "fiat_value": {},
    "frozen_coins": {},
    "invoices": {},
    "keystore": {
        "derivation": "m",
        "pw_hash_version": 1,
        "root_fingerprint": "be029dbd",
        "seed": "minor zone pool auction remain combine treat claw medal settle grace capable",
        "seed_type": "standard",
        "type": "bip32",
        "xprv": "xprv9s21ZrQH143K4a2iThVaGbebVZuMsMjtkb8nobrKJdGTzR2pv3sfEShXwD5zvpdwa1SccuaJRVZYyrRoP63vGp2oJ23eSPbLsJQPabptvuz",
        "xpub": "xpub661MyMwAqRbcH47BZj2adjbL3bjrGpTk7p4PbzFvrxoSsDMyTbBunF21nUkJcUJS2Pa31HWXqiySA7FZ4CxAx8Gg9bvrYUFmc6PhDdSZM8j"
    },
    "labels": {},
    "payment_requests": {},
    "prevouts_by_scripthash": {},
    "seed_version": 50,
    "spent_outpoints": {},
    "transactions": {},
    "tx_fees": {},
    "txi": {},
    "txo": {},
    "use_encryption": false,
    "verified_tx3": {},
    "wallet_type": "standard"
}