{
    "addr_history": {
        "13WaUzVuynH7Cg1ZDSvk9CuadL7QSrdCea": [],
        "13brrqRGrCmjnrtEAHjAX58KBpoWj6DQyi": [],
        "143rLzQMCqgjkrYZgtBCdtHwmB9g5MGxqg": [],
        "14bvKn62auqWKV6SzSMfYy9iDmYgwPr1TZ": [],
        "14uq8RCfQw3xjBqr1fNxBgRkm4YVpyssNV": [],
        "16Tq4m8rkYTd8kkhjoyNgd3vJBs3t4Qq55": [],
        "17tffVGQsi4WQfYic8xfTbk1i1sZGqohsF": [],
        "18VdqCDUmknReRGfX6cK98yzrQcwAcK7tY": [],
        "18rX7p4dPyrS44V7r3abPZyDKXNGh6yn75": [],
        "18xvRn7mh8MjHMksAE2UzQwfsWd1B8aMs7": [],
        "192tTCsZSNThLBFVktycmLyAqfSFLo9iib": [],
        "19HSPRsshPsoSzCSoQ26MQ3vJouTFimAKQ": [],
        "1A5JGjxzcsa8TDCMLNLZYMb1UUVUC3Qp95": [],
        "1AuqQjVv7oxj6oa5XmztJ9Nahmp95sdRJw": [],
        "1BGdXnwCBBG5vs5wcdPNtcEtPXiUpCEWzi": [],
        "1CjgJSD7gmi3UwXjcSJqHF1995EYq2AzBu": [],
        "1D3Bv8aNpz8rZtTwhzVXv3w6aPPSoqovcn": [],
        "1EiEBiTFw25hNH9WunEDRVVh4RSGdn2nZ8": [],
        "1EraL1mP4K7NFBQK2UJisKUq7ACW4AKnLK": [],
        "1F3qN5hG5Hxoo4PhvycQp6injECYDRMVmP": [],
        "1GyYCzCkbJFo983XbTkZC4jivzt41sf2A7": [],
        "1H6k5ADpHsKooXsg5v5c1DADwxFtbaTBA8": [],
        "1HGSvrBBkg3y8HdLYufEWdr2yjBQYpPE3n": [],
        "1HVt3JX9VKAKmpxh8q8C5LUHDiRswnb823": [],
        "1LVTEp6brn1ERaSC7HnZNmrUvfNNes19gX": [],
        "1LuWbeagTsotVQf7h3bvZQMPRuL5tSaWc": [],
        "1N45SuYo9v8Y1eKZvucS9sUdcGZSY8Zo8d": [],
        "1TCsNzPZ2kzkjj9t1u8qUE3K56c9PtWCJ": [],
        "1dN5uUwANVqqNUPnJQxzbd9gPFFQQDkUt": [],
        "1eX3Ebj3mHpYZus3DvTicGhFgqHnmG35k": []
    },
    "addresses": {
        "change": [
            "1TCsNzPZ2kzkjj9t1u8qUE3K56c9PtWCJ",
            "1dN5uUwANVqqNUPnJQxzbd9gPFFQQDkUt",
            "1F3qN5hG5Hxoo4PhvycQp6injECYDRMVmP",
            "16Tq4m8rkYTd8kkhjoyNgd3vJBs3t4Qq55",
            "1N45SuYo9v8Y1eKZvucS9sUdcGZSY8Zo8d",
            "1GyYCzCkbJFo983XbTkZC4jivzt41sf2A7",
            "1LVTEp6brn1ERaSC7HnZNmrUvfNNes19gX",
            "1HGSvrBBkg3y8HdLYufEWdr2yjBQYpPE3n",
            "1HVt3JX9VKAKmpxh8q8C5LUHDiRswnb823",
            "1H6k5ADpHsKooXsg5v5c1DADwxFtbaTBA8"
        ],
        "receiving": [
            "19HSPRsshPsoSzCSoQ26MQ3vJouTFimAKQ",
            "1eX3Ebj3mHpYZus3DvTicGhFgqHnmG35k",
            "14uq8RCfQw3xjBqr1fNxBgRkm4YVpyssNV",
            "1LuWbeagTsotVQf7h3bvZQMPRuL5tSaWc",
            "1AuqQjVv7oxj6oa5XmztJ9Nahmp95sdRJw",
            "1A5JGjxzcsa8TDCMLNLZYMb1UUVUC3Qp95",
            "17tffVGQsi4WQfYic8xfTbk1i1sZGqohsF",
            "1EiEBiTFw25hNH9WunEDRVVh4RSGdn2nZ8",
            "1EraL1mP4K7NFBQK2UJisKUq7ACW4AKnLK",
            "192tTCsZSNThLBFVktycmLyAqfSFLo9iib",
            "1CjgJSD7gmi3UwXjcSJqHF1995EYq2AzBu",
            "18xvRn7mh8MjHMksAE2UzQwfsWd1B8aMs7",
            "13WaUzVuynH7Cg1ZDSvk9CuadL7QSrdCea",
            "18rX7p4dPyrS44V7r3abPZyDKXNGh6yn75",
            "14bvKn62auqWKV6SzSMfYy9iDmYgwPr1TZ",
            "18VdqCDUmknReRGfX6cK98yzrQcwAcK7tY",
            "1BGdXnwCBBG5vs5wcdPNtcEtPXiUpCEWzi",
            "1D3Bv8aNpz8rZtTwhzVXv3w6aPPSoqovcn",
            "143rLzQMCqgjkrYZgtBCdtHwmB9g5MGxqg",
            "13brrqRGrCmjnrtEAHjAX58KBpoWj6DQyi"
        ]
    },
    "fiat_value": {},
    "frozen_coins": {},
    "invoices": {},
    "keystore": {
        "derivation": "m",
        "pw_hash_version": 1,
        "root_fingerprint": "82299393",
        "seed": "minor zone pool account remain combine illegal claw medal settle grace capable",
        "seed_type": "standard",
        "type": "bip32",
        "xprv": "xprv9s21ZrQH143K2dtYvPJATK8SMG6DG5wxSia4GzJVKj9dsedJs6qZXWmWr1eApSCApPueYV6uHTBLM1qw9TfDoQW9BwdBVmso26TpvNxqK4x",
        "xpub": "xpub661MyMwAqRbcF7y22QqApT5AuHvhfYfoowVf5Ni6t4gckSxTQe9p5K5zhFnnnabhnkvZVYk59N67Ek4MSCxc8aPEp3vdVZb8JZF9y2hfrJj"
    },
    "labels": {},
    "payment_requests": {},
    "prevouts_by_scripthash": {},
    "seed_version": 50,
    "spent_outpoints": {},
    "transactions": {},
    "tx_fees": {},
    "txi": {},
    "txo": {},
    "use_encryption": false,
    "verified_tx3": {},
    "wallet_type": "standard"
}