{
    "addr_history": {
        "bc1q2fpmj3ttalk88c8autu5t8efdxx0cslheuru6w": [],
        "bc1q36zspp4czulsmll987kyv28rqkn9mn35ccjmph": [],
        "bc1q39fnmn2h2vawtkslx35w705s6duy6ag72x357u": [],
        "bc1q48wpa58dqs20pmr7a8t435mtpeme7gacy2ujfj": [],
        "bc1q8mald567ntqx6860k6pt9ktdhxq7mg8hydvhxx": [],
        "bc1qa8asp37jseyl7at5d2rec4vj76rwcp0qpef47s": [],
        "bc1qce4r5yaph32ryl7qp4d8fyfkut02p24cl7vsw6": [],
        "bc1qcm50slaz68m29jkttfawa5rul0rqxx63g8s3j2": [],
        "bc1qetht0726700kav5duu4wvtcce8aj3r3hyuqj5t": [],
        "bc1qgkm5ap5e2uw2n20ga5y5p2h8wwnm3u8m34dms6": [],
        "bc1qh96pamhpul58dpps9d6eehvdczqa8g809g07yw": [],
        "bc1qjjjssdxye2q2nzhegh7trj4r7s93mam4gvw0aw": [],
        "bc1qjk745999r8da3zd9fmg4wtkvvjwh5hcflehz39": [],
        "bc1qk7pwvar6aegmzsxerqt7hrh85zljqjk9dvjw46": [],
        "bc1qkycfm5vq3lkltz0gaa2tnnk0ajffgmmwgp0evf": [],
        "bc1qldayf08557qwzk95ru64jkqwh35me3mtrlt2r6": [],
        "bc1qlftns7txq5xhtllhm663d4f2xfd0u9je6cmcq3": [],
        "bc1qm05v2e3z9qlucuqysz0zp9w3gpe49hnqemplmy": [],
        "bc1qm2zkqkk7g3agf78waje7tq6c3dy6ks6xx8jkfl": [],
        "bc1qp8cha2qwewunz8l3f03rknadxdtcvxrcs2kek0": [],
        "bc1qpeuqzea4d0d3uff0puxlwsa09adrk89tcc9qc6": [],
        "bc1qpg3l5ek7l2h4w3yjr2lat254y8693tz5z6pkl2": [],
        "bc1qqncwxq9czpr73n3mmsqpg6hp8xh7j8a7h4jpg8": [],
        "bc1qr7ykmzm9ryx3aelvt7w0tv8ukun0a7rh8gtda2": [],
        "bc1qsdet92s0y2yznphm27jx33agnp6n9ld27ymymk": [],
        "bc1qurlekpcfgawqsx2ffvz5nxu68je42cz2nq7gxk": [],
        "bc1qw9mt72m7qysu08mljuutxgv3vheej6y6vsuxc3": [],
        "bc1qwq38h8c67eu0hvxcl2je7r26nzjwh6tcdg0dwr": [],
        "bc1qxp7njua036zvgzy02y5zcafr632rz2w8ckr6fw": [],
        "bc1qygg4p2gpl63mfnyuu3y9fvmky6p32jqgzqz2ds": []
    },
    "addresses": {
        "change": [
            "bc1qw9mt72m7qysu08mljuutxgv3vheej6y6vsuxc3",
            "bc1qp8cha2qwewunz8l3f03rknadxdtcvxrcs2kek0",
            "bc1qce4r5yaph32ryl7qp4d8fyfkut02p24cl7vsw6",
            "bc1q48wpa58dqs20pmr7a8t435mtpeme7gacy2ujfj",
            "bc1qqncwxq9czpr73n3mmsqpg6hp8xh7j8a7h4jpg8",
            "bc1qetht0726700kav5duu4wvtcce8aj3r3hyuqj5t",
            "bc1qurlekpcfgawqsx2ffvz5nxu68je42cz2nq7gxk",
            "bc1qpeuqzea4d0d3uff0puxlwsa09adrk89tcc9qc6",
            "bc1qh96pamhpul58dpps9d6eehvdczqa8g809g07yw",
            "bc1qk7pwvar6aegmzsxerqt7hrh85zljqjk9dvjw46"
        ],
        "receiving": [
            "bc1qa8asp37jseyl7at5d2rec4vj76rwcp0qpef47s",
            "bc1qr7ykmzm9ryx3aelvt7w0tv8ukun0a7rh8gtda2",
            "bc1q8mald567ntqx6860k6pt9ktdhxq7mg8hydvhxx",
            "bc1q39fnmn2h2vawtkslx35w705s6duy6ag72x357u",
            "bc1qgkm5ap5e2uw2n20ga5y5p2h8wwnm3u8m34dms6",
            "bc1q36zspp4czulsmll987kyv28rqkn9mn35ccjmph",
            "bc1qsdet92s0y2yznphm27jx33agnp6n9ld27ymymk",
            "bc1qcm50slaz68m29jkttfawa5rul0rqxx63g8s3j2",
            "bc1qjjjssdxye2q2nzhegh7trj4r7s93mam4gvw0aw",
            "bc1q2fpmj3ttalk88c8autu5t8efdxx0cslheuru6w",
            "bc1qkycfm5vq3lkltz0gaa2tnnk0ajffgmmwgp0evf",
            "bc1qxp7njua036zvgzy02y5zcafr632rz2w8ckr6fw",
            "bc1qpg3l5ek7l2h4w3yjr2lat254y8693tz5z6pkl2",
            "bc1qwq38h8c67eu0hvxcl2je7r26nzjwh6tcdg0dwr",
            "bc1qldayf08557qwzk95ru64jkqwh35me3mtrlt2r6",
            "bc1qlftns7txq5xhtllhm663d4f2xfd0u9je6cmcq3",
            "bc1qjk745999r8da3zd9fmg4wtkvvjwh5hcflehz39",
            "bc1qm05v2e3z9qlucuqysz0zp9w3gpe49hnqemplmy",
            "bc1qm2zkqkk7g3agf78waje7tq6c3dy6ks6xx8jkfl",
            "bc1qygg4p2gpl63mfnyuu3y9fvmky6p32jqgzqz2ds"
        ]
    },
    "channels": {},
    "fiat_value": {},
    "frozen_coins": {},
    "imported_channel_backups": {},
    "invoices": {},
    "keystore": {
        "derivation": "m/0'",
        "pw_hash_version": 1,
        "root_fingerprint": "72e131ed",
        "seed": "minor zone pool among remain combine promote claw medal settle grace capable",
        "seed_type": "segwit",
        "type": "bip32",
        "xprv": "zprvAZQeYtBXEUzHoxy9VSSj923w79BhBzkmHCsMS6tqdKsscSrtwRnx8nVJsd5Eh49J28rwfFvfgMNtbNmVmZ1Hjx6tF5DgLWFr8SohZLKNr9D",
        "xpub": "zpub6nPzxPiR4rYb2T3cbTyjW9zffB2BbTUceRnxEVJTBfQrVFC3Uy7Cgaonit6pxYbL3WWgpmEeM97idaREQpJSPZAfoANCa7GCkcRdMxWSMeP"
    },
    "labels": {},
    "lightning_payments": {},
    "lightning_preimages": {},
    "lightning_xprv": "zprvAb6TLsxb9wNcqiKenpvFxwKfZFbxDWQ9YXWdrnTsWSYemY1PkYqZ5pjNiqeLSNtSQD6J7efWkKEvEkm7MnP2NupQQwktJBJbDzxXoQCxLfE",
    "onchain_channel_backups": {},
    "payment_requests": {},
    "prevouts_by_scripthash": {},
    "seed_version": 50,
    "spent_outpoints": {},
    "submarine_swaps": {},
    "transactions": {},
    "tx_fees": {},
    "txi": {},
    "txo": {},
    "use_encryption": false,
    "verified_tx3": {},
    "wallet_type": "standard"
}