{
    "addr_history": {
        "12YL3DuBQZ1SM5j96LZgCrjGtcGTQHVKcD": [],
        "12jcn3Ebruk8DCjiiKKNtJHYZNzRr1vC6S": [],
        "143W7vVjCpxuLgzCbuBbz1C5EmopriHXgr": [],
        "14C75gJhyib8fUgMs7VWpCD7L9f2FErNtD": [],
        "15TWQewLC3PBgy9m6Fe9vJctbZ2AzCEes6": [],
        "16L33MM4xor9cVS3bLXgnEUTRw2EZTPJzA": [],
        "18BAWJBB6TrR6ySv6DvHNhUuXKxe37i5gQ": [],
        "1ALecYVdtBUC3jthQvW4sUajbu7qUPHGDD": [],
        "1B7D2ASLdZMW4BohJRVKc6VbD42JFtjt8s": [],
        "1B9kvotxy9HBqzrxEcJBi2w2ESDxGugGpe": [],
        "1BdHhp37hZQevfp5J7cDBNighQM6YGDALu": [],
        "1D9LctXrqbHfsueeXiuLjbVYAN7qv1hTo3": [],
        "1Duxi7PNr4BXnAnnVxFetrpX7hpdXhQMKV": [],
        "1F1DJBBPQ3pBGHuSs6RUh12gSWMfUMyc3D": [],
        "1FBnL8HBi1wR7hYVzJcXuGhY1yhguRpGY8": [],
        "1GApXN9vgTcBKJMR3YiDHbruSEV8AqgAqE": [],
        "1GRUhR6JdnUToqY8GGBFocuda6cFZyxERL": [],
        "1HNqDp2PcFanEJFBjEDLragMe4Y8EAhxgq": [],
        "1J8X1nf1gvyZs9whTtZcqLx4ticgrruSS7": [],
        "1JgUTVcCjNtbA1RJp52maHTzctJDBzCHnW": [],
        "1JpKuE5cvA1GutTgo5jF6xQ8oHTFnN8bFy": [],
        "1K3cEGoErfYgRaB8CDumyZVXS6m8khkGS": [],
        "1KtUY6ieLKvwfUtza6TF1dTCVtyVYDiiHZ": [],
        "1L3uFTbWaXEcEnVdqtvreUVDnQCb78FzYB": [],
        "1LUSTbpki7qpk6FsMTFKMxpWsCRau5xSso": [],
        "1MzNAVpzTP45hwZe628vtSppkevExJcG6v": [],
        "1NT9ndvo41nF4yfJ6jGPn6ywF4boS59YSg": [],
        "1NfJCixGy4QhNegp5XB8HWPTTJZgrhw5rt": [],
        "1NuRp7YfhpQcNGpsEBWqEYnzFHD4GReuGU": [],
        "1Q36bY3oMk1TYnaEUhRPhYWJGb6aKfqf4p": []
    },
    "addresses": {
        "change": [
            "1B9kvotxy9HBqzrxEcJBi2w2ESDxGugGpe",
            "1JpKuE5cvA1GutTgo5jF6xQ8oHTFnN8bFy",
            "1LUSTbpki7qpk6FsMTFKMxpWsCRau5xSso",
            "1JgUTVcCjNtbA1RJp52maHTzctJDBzCHnW",
            "1L3uFTbWaXEcEnVdqtvreUVDnQCb78FzYB",
            "1BdHhp37hZQevfp5J7cDBNighQM6YGDALu",
            "1Q36bY3oMk1TYnaEUhRPhYWJGb6aKfqf4p",
            "1NT9ndvo41nF4yfJ6jGPn6ywF4boS59YSg",
            "12jcn3Ebruk8DCjiiKKNtJHYZNzRr1vC6S",
            "143W7vVjCpxuLgzCbuBbz1C5EmopriHXgr"
        ],
        "receiving": [
            "1MzNAVpzTP45hwZe628vtSppkevExJcG6v",
            "1J8X1nf1gvyZs9whTtZcqLx4ticgrruSS7",
            "1ALecYVdtBUC3jthQvW4sUajbu7qUPHGDD",
            "1KtUY6ieLKvwfUtza6TF1dTCVtyVYDiiHZ",
            "1GApXN9vgTcBKJMR3YiDHbruSEV8AqgAqE",
            "1B7D2ASLdZMW4BohJRVKc6VbD42JFtjt8s",
            "12YL3DuBQZ1SM5j96LZgCrjGtcGTQHVKcD",
            "1F1DJBBPQ3pBGHuSs6RUh12gSWMfUMyc3D",
            "1FBnL8HBi1wR7hYVzJcXuGhY1yhguRpGY8",
            "18BAWJBB6TrR6ySv6DvHNhUuXKxe37i5gQ",
            "15TWQewLC3PBgy9m6Fe9vJctbZ2AzCEes6",
            "16L33MM4xor9cVS3bLXgnEUTRw2EZTPJzA",
            "1HNqDp2PcFanEJFBjEDLragMe4Y8EAhxgq",
            "1D9LctXrqbHfsueeXiuLjbVYAN7qv1hTo3",
            "1NuRp7YfhpQcNGpsEBWqEYnzFHD4GReuGU",
            "1Duxi7PNr4BXnAnnVxFetrpX7hpdXhQMKV",
            "1K3cEGoErfYgRaB8CDumyZVXS6m8khkGS",
            "1GRUhR6JdnUToqY8GGBFocuda6cFZyxERL",
            "1NfJCixGy4QhNegp5XB8HWPTTJZgrhw5rt",
            "14C75gJhyib8fUgMs7VWpCD7L9f2FErNtD"
        ]
    },
    "fiat_value": {},
    "frozen_coins": {},
    "invoices": {},
    "keystore": {
        "derivation": "m",
        "pw_hash_version": 1,
        "root_fingerprint": "0fbf40d4",
        "seed": "minor zone pool bubble remain combine horse claw medal settle grace capable",
        "seed_type": "standard",
        "type": "bip32",
        "xprv": "xprv9s21ZrQH143K25Dwn1aoYfGNTcgFNAAFhA3n2VeVERnpeGBjDzHpHErpu3srSvCo3JkUd2niJQoKA3uWScfnZXiVgHsM2XWXnaG36JMvC9z",
        "xpub": "xpub661MyMwAqRbcEZJQt37ouoD71eWjmct74NyNpt46nmKoX4WsmXc4q3BJkL3w7E7XLq8rGs6Z76vDnJVZTPmnbCm1Zg9yoCkq23Vjp4yktxA"
    },
    "labels": {},
    "payment_requests": {},
    "prevouts_by_scripthash": {},
    "seed_version": 50,
    "spent_outpoints": {},
    "transactions": {},
    "tx_fees": {},
    "txi": {},
    "txo": {},
    "use_encryption": false,
    "verified_tx3": {},
    "wallet_type": "standard"
}