{
    "addr_history": {
        "13bEDRxuLsURBtgrYhA3ddEXSEm7LPRS92": [],
        "14pHB9aFMo8hLRcVMXUCqJFmw34uvhwiSj": [],
        "15qfaEsyNnWvvV9vMJ333bYKeUReCLQSGB": [],
        "16FiZT1apHLA9Hq5fPYacfiCWkBfkZaax1": [],
        "16HmTrbHUysKa8ojj2qxuNBQFaAQ9u2xwn": [],
        "16HzMKSfFULRy2DWMxbZw8eWqAPQfMuCQb": [],
        "16QhdcgH9wMu6asX6woZJCHnHURYxA9ouJ": [],
        "17NFVCuzepTV4RQezZ89ViegUYuvsaLVb2": [],
        "17P5FtwKzhwooMwmpLy88LM137kAgGyVyV": [],
        "17SEkkN2U7tes8vSWnW3jey62DLX2dEzfe": [],
        "17jk4RmVoChUgSErPqaRcYqfvwLRiPLV4x": [],
        "18cgz2Dbjd7tJcCJzUV7SEwR1KYLE35f1w": [],
        "18oPeRRb6XJqhQo2iXhiHWkMGN8X2KFaLS": [],
        "18rAn5rkCb2Mi4gN5fKL16zUSxfQiXrySM": [],
        "19FxfmXyqYs5qsaXkZ3D6rYqPiErT4pdaM": [],
        "1AogcX5VQmoL7APwpyWuUJkBdjuURkZiWN": [],
        "1CE5rVyuxrYYwEEnJwth1aMyxaHfy9qA5E": [],
        "1Cuz7YAhWdUTsi1nAoho5t3JJJsyMtyhAv": [],
        "1ECd85ATkJjr9acwTbKCemCa3btLwpJ6Ch": [],
        "1EHoqHwetf8mF3CR7Rh9a7ViQtfQTaNB23": [],
        "1EXLUZcXCByfqJN5qbnLuHJn2DDGuA1jVy": [],
        "1HHan6A74XuxBeDqXoRrdX7VFUTD4tk7Kx": [],
        "1Hxyjz1nsfHE57rzsv7TZARbyKTtmV9evj": [],
        "1J8jNkQKMNrQ1V1imFqkbuZseg1cjAzi67": [],
        "1JtLHMkvxVR394Xgw5APQKGJmmQS6YapVS": [],
        "1M5kQ7nnB3h5o2HsKvV1iDC2e4tCGuih6V": [],
        "1NSndBoisjR2CNKWsFx529qhGKXs6vcuuX": [],
        "1NUsUgSjjiX2RJumxeQoBj3yK1tcpbt8cu": [],
        "1NbaTkx61E7UEovNzNdwEpNjFgBF8LvZfX": [],
        "1PGoXbCL2W5bpkyZLstEorP8RPu9vUTVZ5": []
    },
    "addresses": {
        "change": [
            "17P5FtwKzhwooMwmpLy88LM137kAgGyVyV",
            "14pHB9aFMo8hLRcVMXUCqJFmw34uvhwiSj",
            "1J8jNkQKMNrQ1V1imFqkbuZseg1cjAzi67",
            "18cgz2Dbjd7tJcCJzUV7SEwR1KYLE35f1w",
            "18rAn5rkCb2Mi4gN5fKL16zUSxfQiXrySM",
            "13bEDRxuLsURBtgrYhA3ddEXSEm7LPRS92",
            "1HHan6A74XuxBeDqXoRrdX7VFUTD4tk7Kx",
            "1EHoqHwetf8mF3CR7Rh9a7ViQtfQTaNB23",
            "15qfaEsyNnWvvV9vMJ333bYKeUReCLQSGB",
            "1ECd85ATkJjr9acwTbKCemCa3btLwpJ6Ch"
        ],
        "receiving": [
            "16HmTrbHUysKa8ojj2qxuNBQFaAQ9u2xwn",
            "1NSndBoisjR2CNKWsFx529qhGKXs6vcuuX",
            "1Hxyjz1nsfHE57rzsv7TZARbyKTtmV9evj",
            "1NbaTkx61E7UEovNzNdwEpNjFgBF8LvZfX",
            "18oPeRRb6XJqhQo2iXhiHWkMGN8X2KFaLS",
            "16QhdcgH9wMu6asX6woZJCHnHURYxA9ouJ",
            "1Cuz7YAhWdUTsi1nAoho5t3JJJsyMtyhAv",
            "1AogcX5VQmoL7APwpyWuUJkBdjuURkZiWN",
            "1CE5rVyuxrYYwEEnJwth1aMyxaHfy9qA5E",
            "17NFVCuzepTV4RQezZ89ViegUYuvsaLVb2",
            "1PGoXbCL2W5bpkyZLstEorP8RPu9vUTVZ5",
            "1NUsUgSjjiX2RJumxeQoBj3yK1tcpbt8cu",
            "1JtLHMkvxVR394Xgw5APQKGJmmQS6YapVS",
            "1M5kQ7nnB3h5o2HsKvV1iDC2e4tCGuih6V",
            "16FiZT1apHLA9Hq5fPYacfiCWkBfkZaax1",
            "19FxfmXyqYs5qsaXkZ3D6rYqPiErT4pdaM",
            "16HzMKSfFULRy2DWMxbZw8eWqAPQfMuCQb",
            "17SEkkN2U7tes8vSWnW3jey62DLX2dEzfe",
            "17jk4RmVoChUgSErPqaRcYqfvwLRiPLV4x",
            "1EXLUZcXCByfqJN5qbnLuHJn2DDGuA1jVy"
        ]
    },
    "fiat_value": {},
    "frozen_coins": {},
    "invoices": {},
    "keystore": {
        "derivation": "m",
        "pw_hash_version": 1,
        "root_fingerprint": "f1bb98c6",
        "seed": "minor zone pool arena remain combine wheat claw medal settle grace capable",
        "seed_type": "standard",
        "type": "bip32",
        "xprv": "xprv9s21ZrQH143K4LSk72mxgvDfjx3aYnxDk6nx8mWarMjjjWSEhrE2UGCfkQLBXST1bNJQi1KzopvDN6Uv6xnP8gSv1EEiKgn8PftRdk8FtLD",
        "xpub": "xpub661MyMwAqRbcGpXDD4Jy44AQHyt4xFg57KiYw9vCQhGicJmPFPYH24X9beiXMBhVj1uo2fLVCfm7Km2GsoVLiorr2CaemKDh11cZyg6WeSn"
    },
    "labels": {},
    "payment_requests": {},
    "prevouts_by_scripthash": {},
    "seed_version": 50,
    "spent_outpoints": {},
    "transactions": {},
    "tx_fees": {},
    "txi": {},
    "txo": {},
    "use_encryption": false,
    "verified_tx3": {},
    "wallet_type": "standard"
}