{
    "addr_history": {
        "12AqSSQyWJczjvHvGoGEnEoMLo44ra4MZ7": [],
        "12wq17FxHfrhc1o2xymmE9S2XakgRLi9Fz": [],
        "13MBr6KxvR36WRsxxx1Wv63cgBYQi5bm4A": [],
        "13n7VPJsWdugyxkccy81PuSEW6JzV1DLCE": [],
        "14yWdhvKG267J3nQ6Q3GoNXTk1m9f9NrbV": [],
        "157yD9i2HGFrx1Fo9tTEfBeSgR7AT1GxKi": [],
        "15a2AjuPBTFS9yCqun6tALAfBCnS52ePcz": [],
        "16Fwj3udhoZ1fd2u9gh4w2JqtEdEYi7gET": [],
        "16YR6dHxMtwJ62czKs46JEgqVJH674Xb2J": [],
        "18irSZD4Gp3trYJSaqNVRvkVGC8cN9sJQ": [],
        "19mxiXgqEi3RU7AmCAgH23hoN7vZBV6kAt": [],
        "1ATvpji1yFkC5HvRoGgk7hA1E3XQyauSVp": [],
        "1BMrKZXfJx7Akxaw42SRVPg3BpXKHrvcCJ": [],
        "1BQRT1fnY5r7kz9BBw8vGL4LV3bDprFP4v": [],
        "1CRjcqAptdwyiGCMeLgim2s713GX61ZzyJ": [],
        "1CkoaRKZL3w5rcggUi3fSEtrdYPRgcwS7R": [],
        "1EUrcHY84rfPpBJBJiq58fmGvjhpi15sez": [],
        "1EwFuV6WKRypvnr6cq9wjRyJJZJ3ouH3HH": [],
        "1HH2ssjbFeU3Q9vTzrEsjCk2E9gSJw8iF8": [],
        "1Js7fnhqK3oG5ZvLwqWQthAAa4NvFu5Y1D": [],
        "1KkqgZy9e7e2jANJg5ZiaX2oPDwrfejcTm": [],
        "1LJwTSqagnk6GSfzPFHbA4ST4tVeUQyuL6": [],
        "1MdS7nu3hAeyanS7ENZsTSiwVQB25YdrKs": [],
        "1MgGokJcxABXBZp8AaC3EWVCCKHH1CoCyG": [],
        "1ND2uWKKHaNNqbvoBhY1wdh9C9ePkLWFbh": [],
        "1NejbKjcA8ewX4zBoGydvmTSEpyRFt1n9V": [],
        "1PRfq1SWMhVeYqqFYwqF9yBYtTnAZzxfS2": [],
        "1PbqfY7mC4MEsPgLyWgHtLJtyzvwqUSzvc": [],
        "1Pt4yX9oQqWiCcWsB3ezV5rBPVRHCCYAJC": [],
        "1QFPCvEhcfuLXYezuUBVLqQcMoZUjr5N62": []
    },
    "addresses": {
        "change": [
            "1CRjcqAptdwyiGCMeLgim2s713GX61ZzyJ",
            "1ND2uWKKHaNNqbvoBhY1wdh9C9ePkLWFbh",
            "1HH2ssjbFeU3Q9vTzrEsjCk2E9gSJw8iF8",
            "1QFPCvEhcfuLXYezuUBVLqQcMoZUjr5N62",
            "13MBr6KxvR36WRsxxx1Wv63cgBYQi5bm4A",
            "19mxiXgqEi3RU7AmCAgH23hoN7vZBV6kAt",
            "1BMrKZXfJx7Akxaw42SRVPg3BpXKHrvcCJ",
            "18irSZD4Gp3trYJSaqNVRvkVGC8cN9sJQ",
            "1BQRT1fnY5r7kz9BBw8vGL4LV3bDprFP4v",
            "1CkoaRKZL3w5rcggUi3fSEtrdYPRgcwS7R"
        ],
        "receiving": [
            "14yWdhvKG267J3nQ6Q3GoNXTk1m9f9NrbV",
            "16Fwj3udhoZ1fd2u9gh4w2JqtEdEYi7gET",
            "12wq17FxHfrhc1o2xymmE9S2XakgRLi9Fz",
            "15a2AjuPBTFS9yCqun6tALAfBCnS52ePcz",
            "12AqSSQyWJczjvHvGoGEnEoMLo44ra4MZ7",
            "1NejbKjcA8ewX4zBoGydvmTSEpyRFt1n9V",
            "1EwFuV6WKRypvnr6cq9wjRyJJZJ3ouH3HH",
            "1Pt4yX9oQqWiCcWsB3ezV5rBPVRHCCYAJC",
            "1KkqgZy9e7e2jANJg5ZiaX2oPDwrfejcTm",
            "1PbqfY7mC4MEsPgLyWgHtLJtyzvwqUSzvc",
            "1LJwTSqagnk6GSfzPFHbA4ST4tVeUQyuL6",
            "16YR6dHxMtwJ62czKs46JEgqVJH674Xb2J",
            "1MdS7nu3hAeyanS7ENZsTSiwVQB25YdrKs",
            "1MgGokJcxABXBZp8AaC3EWVCCKHH1CoCyG",
            "1PRfq1SWMhVeYqqFYwqF9yBYtTnAZzxfS2",
            "1Js7fnhqK3oG5ZvLwqWQthAAa4NvFu5Y1D",
            "13n7VPJsWdugyxkccy81PuSEW6JzV1DLCE",
            "157yD9i2HGFrx1Fo9tTEfBeSgR7AT1GxKi",
            "1EUrcHY84rfPpBJBJiq58fmGvjhpi15sez",
            "1ATvpji1yFkC5HvRoGgk7hA1E3XQyauSVp"
        ]
    },
    "fiat_value": {},
    "frozen_coins": {},
    "invoices": {},
    "keystore": {
        "derivation": "m",
        "pw_hash_version": 1,
        "root_fingerprint": "c3debec5",
        "seed": "minor zone pool angry remain combine boring claw medal settle grace capable",
        "seed_type": "standard",
        "type": "bip32",
        "xprv": "xprv9s21ZrQH143K2UKn6BbzapzZpPWGJ2Ea5j3uexuu1o2TXsJRzTU531oC4Q1TndRNw668A7haT53awa3QSe36KA7pmx4oBNPSwHr86Lq2f3w",
        "xpub": "xpub661MyMwAqRbcExQFCD8zwxwJNRLkhUxRSwyWTMKWa8ZSQfdaXznKap7fuhpBKEpHhkyLEF4wE7fe4crk2TMj67DjXLrgxUBuYdmgNESARPP"
    },
    "labels": {},
    "payment_requests": {},
    "prevouts_by_scripthash": {},
    "seed_version": 50,
    "spent_outpoints": {},
    "transactions": {},
    "tx_fees": {},
    "txi": {},
    "txo": {},
    "use_encryption": false,
    "verified_tx3": {},
    "wallet_type": "standard"
}