{
    "addr_history": {
        "12hn3o96hE5ukhRNXbBiBUviMkB8MVX8ds": [],
        "12kqeq5T9RU1JCwxAytjF4bHjU9KEseYzZ": [],
        "12zZvMkPyP6HS5bJhT69GdDuc8HEtcM7Na": [],
        "13r7jzkS839iUUYJoL1MUy8xcNgeURFqmA": [],
        "14HNbGhjGCBN153SmAjfLXPYWDcvF9Tx2Y": [],
        "14gtkWRRyHkuabYQjJnSDe47TQTc1EEQeF": [],
        "15tqNt5a4iFhn9MTcKDPqepwpqVG5STX2d": [],
        "162fD5Ej3739tMsBSwYPw5ttJebf3bWz7b": [],
        "163vvMogxXEW2FK7WGpEescqh8ZZ9H939S": [],
        "164qk4ZjLbZkNCsq271yZWAS1JzLh1hbyG": [],
        "16z9HwQ25oCGHKRiw5yqwS9STqczwg5mUZ": [],
        "17WtsiobzUKsVwhN7zgGnUUmQq9Niu6ox1": [],
        "17Wvw8hNHrcbhb25XCo56YwnMCmTqWFR66": [],
        "17agB34nSSRKZ2oS7joaDSXBc6nH6qigMb": [],
        "18RHZMuRFrgB8b8NfMdcSaeLXcWXLZmQX": [],
        "19nhLeJqbabBgzcc4QRLVf1dhXQR3Lnft5": [],
        "1BZdtruQtyVheqRcUAnBi1zor7C8RAsuYS": [],
        "1DAEkMmfDtbtydvVJ7degyyYKaSh9LJM8w": [],
        "1DMQQXJy1KyYKX2m4uvcYxK8v3oAJJo8Lu": [],
        "1EBR263BgtYae34MYzNLLTuYqAtTuNJimR": [],
        "1FQcU6hbLBdhwsk2WQYB44tRi8ejgDEcWY": [],
        "1FTfjR9D4yKamcTtPnnRWd71sGBQm8XTxX": [],
        "1GPRJMx6AvrJ4AN64ru6uZFkWavhoHzWmC": [],
        "1GhF7ngPUo4rb1iChJvRrm9Trgenk5CuKF": [],
        "1JnziQ2m5rZiAYMsAmcTAXzfBPt7CBMhy2": [],
        "1KoBHqYqSyWU9xvcdc652rVqWQx1hNCUVr": [],
        "1MsXt4NXkEGrhJqLgiGq8YA5qizR8zm6WW": [],
        "1NJCJWrFGHcYiyCorhM1QqUGhHpYKufd7": [],
        "1NUxeYsMgB4imRDgBnve2Fwdr2eKbQYTxq": [],
        "1V6oSccycKu5RhB1dQfLP3kV6wfeyNcHz": []
    },
    "addresses": {
        "change": [
            "13r7jzkS839iUUYJoL1MUy8xcNgeURFqmA",
            "18RHZMuRFrgB8b8NfMdcSaeLXcWXLZmQX",
            "1FTfjR9D4yKamcTtPnnRWd71sGBQm8XTxX",
            "1DMQQXJy1KyYKX2m4uvcYxK8v3oAJJo8Lu",
            "1NJCJWrFGHcYiyCorhM1QqUGhHpYKufd7",
            "1FQcU6hbLBdhwsk2WQYB44tRi8ejgDEcWY",
            "15tqNt5a4iFhn9MTcKDPqepwpqVG5STX2d",
            "12kqeq5T9RU1JCwxAytjF4bHjU9KEseYzZ",
            "1NUxeYsMgB4imRDgBnve2Fwdr2eKbQYTxq",
            "1DAEkMmfDtbtydvVJ7degyyYKaSh9LJM8w"
        ],
        "receiving": [
            "14HNbGhjGCBN153SmAjfLXPYWDcvF9Tx2Y",
            "1GPRJMx6AvrJ4AN64ru6uZFkWavhoHzWmC",
            "1MsXt4NXkEGrhJqLgiGq8YA5qizR8zm6WW",
            "14gtkWRRyHkuabYQjJnSDe47TQTc1EEQeF",
            "163vvMogxXEW2FK7WGpEescqh8ZZ9H939S",
            "162fD5Ej3739tMsBSwYPw5ttJebf3bWz7b",
            "17Wvw8hNHrcbhb25XCo56YwnMCmTqWFR66",
            "16z9HwQ25oCGHKRiw5yqwS9STqczwg5mUZ",
            "1KoBHqYqSyWU9xvcdc652rVqWQx1hNCUVr",
            "12hn3o96hE5ukhRNXbBiBUviMkB8MVX8ds",
            "1JnziQ2m5rZiAYMsAmcTAXzfBPt7CBMhy2",
            "17agB34nSSRKZ2oS7joaDSXBc6nH6qigMb",
            "1BZdtruQtyVheqRcUAnBi1zor7C8RAsuYS",
            "1EBR263BgtYae34MYzNLLTuYqAtTuNJimR",
            "1V6oSccycKu5RhB1dQfLP3kV6wfeyNcHz",
            "17WtsiobzUKsVwhN7zgGnUUmQq9Niu6ox1",
            "1GhF7ngPUo4rb1iChJvRrm9Trgenk5CuKF",
            "12zZvMkPyP6HS5bJhT69GdDuc8HEtcM7Na",
            "19nhLeJqbabBgzcc4QRLVf1dhXQR3Lnft5",
            "164qk4ZjLbZkNCsq271yZWAS1JzLh1hbyG"
        ]
    },
    "fiat_value": {},
    "frozen_coins": {},
    "invoices": {},
    "keystore": {
        "derivation": "m",
        "pw_hash_version": 1,
        "root_fingerprint": "93982322",
        "seed": "minor zone pool abandon remain combine gaze claw medal settle grace capable",
        "seed_type": "standard",
        "type": "bip32",
        "xprv": "xprv9s21ZrQH143K3h3ev3PFkTnVMSVHiPr9G3gRSrUgUo3P2Zt2ujMYXMtWoKvNRiqUN6VMaP6ByzrwSDq1vvcMPLyunmpcFnBd1epbXVxwCnt",
        "xpub": "xpub661MyMwAqRbcGB8824vG7bjDuUKn7rZzdGc2FEtJ38aMuNDBTGfo5ACzeab4tKJERhwnWYchQNQumG4TkH4WJzndGy1UYdVLNc7M1jyqzHr"
    },
    "labels": {},
    "payment_requests": {},
    "prevouts_by_scripthash": {},
    "seed_version": 50,
    "spent_outpoints": {},
    "transactions": {},
    "tx_fees": {},
    "txi": {},
    "txo": {},
    "use_encryption": false,
    "verified_tx3": {},
    "wallet_type": "standard"
}