{
    "addr_history": {
        "12GqEzXwXy96gBKWfMt1k62xid9pPq9uqL": [],
        "13imgR26oEQ1DJmDnhbznx2ydccVXhwVmA": [],
        "147bvjghru7ce4ZBEE2vGJKLVdwTBE7Q2r": [],
        "15634muMxWvM3Cr8VKFiGLqGgzTnsQNDG3": [],
        "15gvJ9FoJ4rSczweFLjkFjL3m67ubbVB87": [],
        "17bboa4VttQkRvCGo1TXWSo7hDJH7Wh3Fu": [],
        "17hbPqxATfJEQyJXtYkTUGvyEM4by5fBZ9": [],
        "18oyTsDsF73s7VKnVUVbbewVj5gRi9YRTw": [],
        "197Nrn9Jg3QnA4XvLNPWxdo6Kucy2tHEdC": [],
        "1Ayj5dtciRnigzn7JGeb2mhRdXu33PBEds": [],
        "1CCQdwpvEt6H9Vj7KnAvCNLXsYutmVJUcQ": [],
        "1DdFFBEfmQGX1wP2nrYv63g21jtNjQhvH8": [],
        "1DgXy48opuzuEF3d2N3fuJHrU6FQpMC7H": [],
        "1EQfSVR9RNG9ozXBhFC9UJHkmG7JebrsCm": [],
        "1ERuCLYKreQnEgeyGrs8Cso1D58LoqHyeY": [],
        "1F33fMh6ia2J98DyUWvNyZMVm2ZqMkxjhu": [],
        "1FXgsYedZEFhBY4HCHZFYCG3Dn7PAoLfeS": [],
        "1FnofxNGaLU6KirxLNPbFXB67sy16FxCZG": [],
        "1FpTbnyndfbjCz9i2K6aBWg2Q4J43aEDv6": [],
        "1GU5LyANBU2je6C1RVvbfuhogLSPwXhWbG": [],
        "1HHiDr9xe9bq67gz7gDcPNbWvoauX9wgG9": [],
        "1HSLBGaC4sprDH6yqC1MNzVLp8qf8AxbW8": [],
        "1J7mRFgZp55kKyDgwGWpp1S58AKmfnVshr": [],
        "1K8iczmsNRYc15Fq3FwyjqxiXsugcvio7i": [],
        "1KQGAeXDhgncGkJyAWJK8YCFJHv7DvyeBq": [],
        "1KV7yySCSc4idooRAtgGMahokTzqNsHftD": [],
        "1LLJJfTia3YjjJZtb9ZB6kerEgyAPMpKD9": [],
        "1Mgf7WnauZmDkiiVhsaoavbtoCWjcHC1ef": [],
        "1P2ZrhUsL2xuAfuW18stcJ1jpXHdwFC5Hu": [],
        "1rW29uSpwg7fgUDowEjUjuBVvMPgmcWKP": []
    },
    "addresses": {
        "change": [
            "1CCQdwpvEt6H9Vj7KnAvCNLXsYutmVJUcQ",
            "1rW29uSpwg7fgUDowEjUjuBVvMPgmcWKP",
            "1F33fMh6ia2J98DyUWvNyZMVm2ZqMkxjhu",
            "18oyTsDsF73s7VKnVUVbbewVj5gRi9YRTw",
            "1KQGAeXDhgncGkJyAWJK8YCFJHv7DvyeBq",
            "1FXgsYedZEFhBY4HCHZFYCG3Dn7PAoLfeS",
            "1EQfSVR9RNG9ozXBhFC9UJHkmG7JebrsCm",
            "1J7mRFgZp55kKyDgwGWpp1S58AKmfnVshr",
            "1DgXy48opuzuEF3d2N3fuJHrU6FQpMC7H",
            "13imgR26oEQ1DJmDnhbznx2ydccVXhwVmA"
        ],
        "receiving": [
            "17hbPqxATfJEQyJXtYkTUGvyEM4by5fBZ9",
            "1KV7yySCSc4idooRAtgGMahokTzqNsHftD",
            "1Mgf7WnauZmDkiiVhsaoavbtoCWjcHC1ef",
            "197Nrn9Jg3QnA4XvLNPWxdo6Kucy2tHEdC",
            "1FnofxNGaLU6KirxLNPbFXB67sy16FxCZG",
            "1HHiDr9xe9bq67gz7gDcPNbWvoauX9wgG9",
            "1FpTbnyndfbjCz9i2K6aBWg2Q4J43aEDv6",
            "1Ayj5dtciRnigzn7JGeb2mhRdXu33PBEds",
            "1K8iczmsNRYc15Fq3FwyjqxiXsugcvio7i",
            "1DdFFBEfmQGX1wP2nrYv63g21jtNjQhvH8",
            "1HSLBGaC4sprDH6yqC1MNzVLp8qf8AxbW8",
            "15634muMxWvM3Cr8VKFiGLqGgzTnsQNDG3",
            "17bboa4VttQkRvCGo1TXWSo7hDJH7Wh3Fu",
            "15gvJ9FoJ4rSczweFLjkFjL3m67ubbVB87",
            "1P2ZrhUsL2xuAfuW18stcJ1jpXHdwFC5Hu",
            "147bvjghru7ce4ZBEE2vGJKLVdwTBE7Q2r",
            "1ERuCLYKreQnEgeyGrs8Cso1D58LoqHyeY",
            "1LLJJfTia3YjjJZtb9ZB6kerEgyAPMpKD9",
            "1GU5LyANBU2je6C1RVvbfuhogLSPwXhWbG",
            "12GqEzXwXy96gBKWfMt1k62xid9pPq9uqL"
        ]
    },
    "fiat_value": {},
    "frozen_coins": {},
    "invoices": {},
    "keystore": {
        "derivation": "m",
        "pw_hash_version": 1,
        "root_fingerprint": "a781b680",
        "seed": "minor zone pool among remain combine anger claw medal settle grace capable",
        "seed_type": "standard",
        "type": "bip32",
        "xprv": "xprv9s21ZrQH143K2TGMVqWek8eGAMrmVCgEevxUEKxBjERVpNQ12k4kWupXWFSbNyvzetvAQUfvLMKsuPcemBWwpBk5kd6fVVEYmAwYsnXaJSN",
        "xpub": "xpub661MyMwAqRbcEwLpbs3f7GaziPhFtfQ629t52iMoHZxUhAj9aHP14i91MW2iiq47wj9nGLQRv5JyLASJCZdbwoa78xxPM41RWMWqxbXBrLW"
    },
    "labels": {},
    "payment_requests": {},
    "prevouts_by_scripthash": {},
    "seed_version": 50,
    "spent_outpoints": {},
    "transactions": {},
    "tx_fees": {},
    "txi": {},
    "txo": {},
    "use_encryption": false,
    "verified_tx3": {},
    "wallet_type": "standard"
}