{
    "addr_history": {
        "13ighdAchGciRFh9N4GPJGr5Hn6RhS6gUQ": [],
        "143NLo72DXy1vHXomRDhWNf6z3iMY9PcK6": [],
        "16hvH9MXAQCwWCkp6u22c4TCc3XGmY8MV": [],
        "17G8cH3vCMowwGRHUKeCnwiRWLDcD2v5kN": [],
        "18h3s8i7WmBsYbp4kXAeGyfEYqHSwWnjYS": [],
        "195P8TJv3TLR2XpeoC3ozoJPAcCH1vLymo": [],
        "19LJU4Ye6HumCqYfPwPkigBG8du2QNyCDD": [],
        "1AY9ERXq9Ueg9hVr2Leus1a2QQAo4NWsWq": [],
        "1BAzB1boAs5YvdgYBVaZRtAauHrhRwbAxc": [],
        "1CsXvkjtFwGCHhdKMzbnHmX42qPzedVr8T": [],
        "1D6jb2obizsikHSRpcUe6YpjWEioVtg54D": [],
        "1DMdzitqLrNYZ63RD4MLYSzgRjReqULnaL": [],
        "1EqpAmgR4FayYHDdRCi6njtC2Chnfeywu6": [],
        "1FqGgAWdRWmAoa4QcNj2Did4t7QYyZrLof": [],
        "1GKSTg1jKwVVRWwvR75LJoV5aXjRFhj5JS": [],
        "1GYwDHeqh725cd5q3UrViVFvvEzJX16v2J": [],
        "1GyqPQ3vGhVr6xdhgaFSdqEaiaSQkzdm4S": [],
        "1HBsehQcoWvnqV6wpzFBGgZg1sTa39WfL9": [],
        "1HCjPjXsvSK8fM5VV3v1Kt6m2tfsrKxhFt": [],
        "1HTQs8TGFBqLUToWjFXeHpcwWKTtiPotKp": [],
        "1HeLPUJ5TBaDhGAQQ91USDcdjzmZcuJEr4": [],
        "1KYaBgoNaLMMPPFYCwHRWMu7GbSCVdQTE": [],
        "1LedGpF4Ra12AerNmLGGYbHJh5FWCnWciV": [],
        "1LemgwfmrmhDENrmqX5U7hAfhXAMZMvWqB": [],
        "1LsHrT9fZfCqNJ49FtMcJeVNxwiVfTvMuo": [],
        "1Mx3mG2EW5vxPtGvPgPMAFybf47iPaoaJQ": [],
        "1N5xZe4CU2BFHCQvGEnD8HhLMQAxVWcoY3": [],
        "1NeMqQ1yy1bNjwXHxJMr2F62dvpqm6x7Yg": [],
        "1PWgAvz5xE5UNT9yJutJBFDaHuxZE9wurB": [],
        "1Pw6J5emLzfzMPxK7vUJ1b7sd4XDGSDtrF": []
    },
    "addresses": {
        "change": [
            "1LedGpF4Ra12AerNmLGGYbHJh5FWCnWciV",
            "13ighdAchGciRFh9N4GPJGr5Hn6RhS6gUQ",
            "1HeLPUJ5TBaDhGAQQ91USDcdjzmZcuJEr4",
            "1D6jb2obizsikHSRpcUe6YpjWEioVtg54D",
            "1CsXvkjtFwGCHhdKMzbnHmX42qPzedVr8T",
            "1Mx3mG2EW5vxPtGvPgPMAFybf47iPaoaJQ",
            "1EqpAmgR4FayYHDdRCi6njtC2Chnfeywu6",
            "1LsHrT9fZfCqNJ49FtMcJeVNxwiVfTvMuo",
            "16hvH9MXAQCwWCkp6u22c4TCc3XGmY8MV",
            "1AY9ERXq9Ueg9hVr2Leus1a2QQAo4NWsWq"
        ],
        "receiving": [
            "1GyqPQ3vGhVr6xdhgaFSdqEaiaSQkzdm4S",
            "1BAzB1boAs5YvdgYBVaZRtAauHrhRwbAxc",
            "195P8TJv3TLR2XpeoC3ozoJPAcCH1vLymo",
            "1HCjPjXsvSK8fM5VV3v1Kt6m2tfsrKxhFt",
            "143NLo72DXy1vHXomRDhWNf6z3iMY9PcK6",
            "1GKSTg1jKwVVRWwvR75LJoV5aXjRFhj5JS",
            "18h3s8i7WmBsYbp4kXAeGyfEYqHSwWnjYS",
            "1PWgAvz5xE5UNT9yJutJBFDaHuxZE9wurB",
            "1KYaBgoNaLMMPPFYCwHRWMu7GbSCVdQTE",
            "17G8cH3vCMowwGRHUKeCnwiRWLDcD2v5kN",
            "1HTQs8TGFBqLUToWjFXeHpcwWKTtiPotKp",
            "1N5xZe4CU2BFHCQvGEnD8HhLMQAxVWcoY3",
            "1Pw6J5emLzfzMPxK7vUJ1b7sd4XDGSDtrF",
            "1DMdzitqLrNYZ63RD4MLYSzgRjReqULnaL",
            "1NeMqQ1yy1bNjwXHxJMr2F62dvpqm6x7Yg",
            "1FqGgAWdRWmAoa4QcNj2Did4t7QYyZrLof",
            "1GYwDHeqh725cd5q3UrViVFvvEzJX16v2J",
            "19LJU4Ye6HumCqYfPwPkigBG8du2QNyCDD",
            "1HBsehQcoWvnqV6wpzFBGgZg1sTa39WfL9",
            "1LemgwfmrmhDENrmqX5U7hAfhXAMZMvWqB"
        ]
    },
    "fiat_value": {},
    "frozen_coins": {},
    "invoices": {},
    "keystore": {
        "derivation": "m",
        "pw_hash_version": 1,
        "root_fingerprint": "4283b2b3",
        "seed": "minor zone pool animal remain combine frame claw medal settle grace capable",
        "seed_type": "standard",
        "type": "bip32",
        "xprv": "xprv9s21ZrQH143K3BYAZWk1r2rSmB53Wwv3oMroMesvEs2zZ11285guqtBcCV1TesmbFroY3xyJU4vQNyhfgJce4dSDAaHegTxkQB1WuUePH47",
        "xpub": "xpub661MyMwAqRbcFfcdfYH2DAoBKCuXvQduAanQA3HXoCZyRoLAfd1APgW63kZD5PGJFKH8X19WYfuhXuCENvBdiyiCE5hts4nJB3DgRNQCZQs"
    },
    "labels": {},
    "payment_requests": {},
    "prevouts_by_scripthash": {},
    "seed_version": 50,
    "spent_outpoints": {},
    "transactions": {},
    "tx_fees": {},
    "txi": {},
    "txo": {},
    "use_encryption": false,
    "verified_tx3": {},
    "wallet_type": "standard"
}