{
    "addr_history": {
        "14Htt3ymv8GuqgFmZbJvoA4dCyY5kzptJF": [],
        "15UE9GAa6LqSKr8dykHfrZh89yfvJ2zzGq": [],
        "169Dm2aiL1wSEixC8R86ni51FgFLSKsyRw": [],
        "16JsUfxY42ayWVD5tKdedZa5agos2Deuv2": [],
        "16NTPp65ZUSPoE9BMckrPpZhxiUpdL46Cn": [],
        "17gmQZbrkC4sbBhiF4RtvSBZtEkRTrgYMF": [],
        "182UMFdRmJfC47Z1hnUbNMEKKKsap4pKuG": [],
        "18AeV89myyigGqNnKfD19c2JssunZcELjh": [],
        "191FReTnnUttVNQrKPNyv9z2dyTyUUEdL9": [],
        "191MsgYjPFHN2A8tYwfeAWyyfxk1BMMtEm": [],
        "19GG9PrN4Xyc1WM5K67GSHedEqbv8mTBAV": [],
        "19Kjkc4YxAsfa67AbhdvdDUQLHvNJEpZra": [],
        "1APKk19XDioHaeEz8Z4ndtaji2wGTNddgB": [],
        "1BWFfc4ACGapxEkTeLMWMyrQhFVLiuVaod": [],
        "1C5CTgEyjvKekHTWX3fkBiz2czMNnhBq9W": [],
        "1CZGLkfhe1BpZucN2ogUimuu8XdcswwRzZ": [],
        "1CeSofFQss2mC1w8kM9RNGzNmFzASa8ymQ": [],
        "1CqNJP8DeLBbPPLDeabGvv9idMwAh7LK1Z": [],
        "1D9h4vYc6w4zUc1xLgBiaYurYGiqiT6Z6t": [],
        "1FKLPadugs75kknMHWwJuT3r7XcMSuxthf": [],
        "1FZE9okkCPTt4c8Fn66xwN4Kbcb5RFpG8Y": [],
        "1GMqkPrcSacBq2nZwLNW3bfeaurX6min3S": [],
        "1J9sSwkAMB7CBsD8qoHWBkndLnn8ou3YNz": [],
        "1K2mD2vqcLnXf8Tzqx7SCkGFWqESrWu3G6": [],
        "1K7fNtz5xBHL7DDwrcShejuHwM1Jg4KVBk": [],
        "1LwzpKGuB3KMF4EqU8ZxBTkGqac3w9punn": [],
        "1M4jXVXhAtatk5kH5dY8uzYcpxbCXkoaPV": [],
        "1NbG5ivarUQnrGgheUK8qVzokSRNEg1PNZ": [],
        "1QL2Lq6fNXecL9uUjLYB7fhdsNikcvSGDK": [],
        "1udV7XzhQkbAne9RnHSavfL2XytshAATP": []
    },
    "addresses": {
        "change": [
            "16JsUfxY42ayWVD5tKdedZa5agos2Deuv2",
            "19GG9PrN4Xyc1WM5K67GSHedEqbv8mTBAV",
            "1FZE9okkCPTt4c8Fn66xwN4Kbcb5RFpG8Y",
            "19Kjkc4YxAsfa67AbhdvdDUQLHvNJEpZra",
            "1K7fNtz5xBHL7DDwrcShejuHwM1Jg4KVBk",
            "15UE9GAa6LqSKr8dykHfrZh89yfvJ2zzGq",
            "18AeV89myyigGqNnKfD19c2JssunZcELjh",
            "1M4jXVXhAtatk5kH5dY8uzYcpxbCXkoaPV",
            "1GMqkPrcSacBq2nZwLNW3bfeaurX6min3S",
            "1D9h4vYc6w4zUc1xLgBiaYurYGiqiT6Z6t"
        ],
        "receiving": [
            "1QL2Lq6fNXecL9uUjLYB7fhdsNikcvSGDK",
            "1C5CTgEyjvKekHTWX3fkBiz2czMNnhBq9W",
            "1APKk19XDioHaeEz8Z4ndtaji2wGTNddgB",
            "191FReTnnUttVNQrKPNyv9z2dyTyUUEdL9",
            "1CqNJP8DeLBbPPLDeabGvv9idMwAh7LK1Z",
            "182UMFdRmJfC47Z1hnUbNMEKKKsap4pKuG",
            "16NTPp65ZUSPoE9BMckrPpZhxiUpdL46Cn",
            "1CZGLkfhe1BpZucN2ogUimuu8XdcswwRzZ",
            "1BWFfc4ACGapxEkTeLMWMyrQhFVLiuVaod",
            "1udV7XzhQkbAne9RnHSavfL2XytshAATP",
            "1NbG5ivarUQnrGgheUK8qVzokSRNEg1PNZ",
            "1CeSofFQss2mC1w8kM9RNGzNmFzASa8ymQ",
            "1LwzpKGuB3KMF4EqU8ZxBTkGqac3w9punn",
            "1K2mD2vqcLnXf8Tzqx7SCkGFWqESrWu3G6",
            "169Dm2aiL1wSEixC8R86ni51FgFLSKsyRw",
            "191MsgYjPFHN2A8tYwfeAWyyfxk1BMMtEm",
            "1J9sSwkAMB7CBsD8qoHWBkndLnn8ou3YNz",
            "17gmQZbrkC4sbBhiF4RtvSBZtEkRTrgYMF",
            "1FKLPadugs75kknMHWwJuT3r7XcMSuxthf",
            "14Htt3ymv8GuqgFmZbJvoA4dCyY5kzptJF"
        ]
    },
    "fiat_value": {},
    "frozen_coins": {},
    "invoices": {},
    "keystore": {
        "derivation": "m",
        "pw_hash_version": 1,
        "root_fingerprint": "4b1f8857",
        "seed": "minor zone pool agree remain combine food claw medal settle grace capable",
        "seed_type": "standard",
        "type": "bip32",
        "xprv": "xprv9s21ZrQH143K2Xr3pB9sHoc8zPu5LGL4isTwaayWL5fHJwENZVv3SjcrtBHE8cWEB2spFQpr2AAUrsYyJKSNueWqz7ZxaQRi9rJjRs36esj",
        "xpub": "xpub661MyMwAqRbcF1vWvCgsewYsYRjZjj3v66PYNyP7tRCGBjZX73EHzXwLjTL56x7YsEYLbUzVmWmpM4kvNkwRXSPZSkZkfiQmNAf4QHn5a2P"
    },
    "labels": {},
    "payment_requests": {},
    "prevouts_by_scripthash": {},
    "seed_version": 50,
    "spent_outpoints": {},
    "transactions": {},
    "tx_fees": {},
    "txi": {},
    "txo": {},
    "use_encryption": false,
    "verified_tx3": {},
    "wallet_type": "standard"
}