{
    "addr_history": {
        "12VGGmHBwZEMR2BwXzqbaEzKTQd77A4PXU": [],
        "12sNG3YztGgd7zHnyr1wHW7fP87HtNaN9W": [],
        "138d79dDEfRPPsFZvqmir26e9QMA7SxkqQ": [],
        "14hL5bn2CLjvMCNnCXcAobjZ1deTKtwhxE": [],
        "15C5nKxJmfwNiBzwj69Q6qaWz5yP4jJecn": [],
        "166g3dhgV1sR2ABmvJALnsL6oBaVP36yGB": [],
        "16aiVF1uxtB3AsXxL4Xadg2nGhGn81zqkL": [],
        "17KK3CqXbiJPQDBoQgZto6K9pmcMs2XPaP": [],
        "18cTVqUYfkVLj9q6Y4zfS2Sof8WfcQo66E": [],
        "1BWJNiNungJfzqyXb41ToBoJUdGgP9iUq2": [],
        "1BkRYwYc2Co9qGfheVKPpTTKHnKrT3fbF4": [],
        "1C2K97zRxS3UQDAHLxGEUPcubhZktZj3Km": [],
        "1CQXsJB2QbTJkk49XFQPaSdfp219NsdweP": [],
        "1DrDZPF1PUatH1NfWMuDDoqUEPqR61UmpS": [],
        "1E9GvQgAdCZPrHMWFmkvZPR2PFQW7QgKnq": [],
        "1EFnBpWnkzBPihfTTnjvcmYLhce1NLarFa": [],
        "1EMSng8wmDvzb8TB86fgGKCw9GqLVnVHa9": [],
        "1FJoVnh7jUTLiPur65XrarPRDEdGvZXsxg": [],
        "1FqTq8kch52PzEdX912Rs8rABgcd9GNuVd": [],
        "1Gg7DxnSkYY7mksB2r3DWCvD3SH4Voq4wC": [],
        "1GkHjgtKyPUoQEY9DsnnkmgjXUExVx4x1X": [],
        "1HfR66y22y7L2bHA4YC4uSv64D83gHAJAS": [],
        "1J9z9M9BQRE8eZNHXru4gAn3KXD7CrWKZ6": [],
        "1Jd1hq9jj29fzzexyGgqryZC7YW2KKrKfB": [],
        "1JmP2EDVVNt2ZVoMZbHGnKb6s5UWhd4Czm": [],
        "1NnxVfnoZVfZAu6NrkfzQqfnVNTvQckr2W": [],
        "1P8wEhXR5BDpm2btpNWbGgJwoux7jf4TBk": [],
        "1PCWsSWUCEvpKqpJ3XZyHsXGFitbKhM22D": [],
        "1QKctgAvgyqQxekeh6GT9wtMwBa8B5zp7f": [],
        "1XcTnNRUok21CC7PM6D7h14RiPkGAkari": []
    },
    "addresses": {
        "change": [
            "1BkRYwYc2Co9qGfheVKPpTTKHnKrT3fbF4",
            "1HfR66y22y7L2bHA4YC4uSv64D83gHAJAS",
            "1E9GvQgAdCZPrHMWFmkvZPR2PFQW7QgKnq",
            "1Jd1hq9jj29fzzexyGgqryZC7YW2KKrKfB",
            "1EFnBpWnkzBPihfTTnjvcmYLhce1NLarFa",
            "1XcTnNRUok21CC7PM6D7h14RiPkGAkari",
            "17KK3CqXbiJPQDBoQgZto6K9pmcMs2XPaP",
            "1JmP2EDVVNt2ZVoMZbHGnKb6s5UWhd4Czm",
            "166g3dhgV1sR2ABmvJALnsL6oBaVP36yGB",
            "12VGGmHBwZEMR2BwXzqbaEzKTQd77A4PXU"
        ],
        "receiving": [
            "1DrDZPF1PUatH1NfWMuDDoqUEPqR61UmpS",
            "15C5nKxJmfwNiBzwj69Q6qaWz5yP4jJecn",
            "1CQXsJB2QbTJkk49XFQPaSdfp219NsdweP",
            "1NnxVfnoZVfZAu6NrkfzQqfnVNTvQckr2W",
            "1BWJNiNungJfzqyXb41ToBoJUdGgP9iUq2",
            "1EMSng8wmDvzb8TB86fgGKCw9GqLVnVHa9",
            "1QKctgAvgyqQxekeh6GT9wtMwBa8B5zp7f",
            "1C2K97zRxS3UQDAHLxGEUPcubhZktZj3Km",
            "1P8wEhXR5BDpm2btpNWbGgJwoux7jf4TBk",
            "16aiVF1uxtB3AsXxL4Xadg2nGhGn81zqkL",
            "1FJoVnh7jUTLiPur65XrarPRDEdGvZXsxg",
            "138d79dDEfRPPsFZvqmir26e9QMA7SxkqQ",
            "1Gg7DxnSkYY7mksB2r3DWCvD3SH4Voq4wC",
            "14hL5bn2CLjvMCNnCXcAobjZ1deTKtwhxE",
            "1PCWsSWUCEvpKqpJ3XZyHsXGFitbKhM22D",
            "12sNG3YztGgd7zHnyr1wHW7fP87HtNaN9W",
            "18cTVqUYfkVLj9q6Y4zfS2Sof8WfcQo66E",
            "1J9z9M9BQRE8eZNHXru4gAn3KXD7CrWKZ6",
            "1GkHjgtKyPUoQEY9DsnnkmgjXUExVx4x1X",
            "1FqTq8kch52PzEdX912Rs8rABgcd9GNuVd"
        ]
    },
    "fiat_value": {},
    "frozen_coins": {},
    "invoices": {},
    "keystore": {
        "derivation": "m",
        "pw_hash_version": 1,
        "root_fingerprint": "82f0a334",
        "seed": "minor zone pool alpha remain combine error claw medal settle grace capable",
        "seed_type": "standard",
        "type": "bip32",
        "xprv": "xprv9s21ZrQH143K2QdAD6KvhjGhHxLTpeoBtLjjeX6EkceLax5u392vViUu28RNRmr4DaYQX8XM2G3fGNWxEABXZBcM7UHL2E7TiFuq1WqCfAy",
        "xpub": "xpub661MyMwAqRbcEthdK7rw4sDRqzAxE7X3FZfLSuVrJxBKTkR3agMB3WoNsNtPiWWmrY6xQYw7MMrZeQvyUMDA73FLKP2VTeHG3LBeUy6Q2J6"
    },
    "labels": {},
    "payment_requests": {},
    "prevouts_by_scripthash": {},
    "seed_version": 50,
    "spent_outpoints": {},
    "transactions": {},
    "tx_fees": {},
    "txi": {},
    "txo": {},
    "use_encryption": false,
    "verified_tx3": {},
    "wallet_type": "standard"
}