{
    "addr_history": {
        "12UXwCEMd9W3gqEeJR6pnPQ5tgVD7ekR5e": [],
        "13idJ8XQSprjjqsEh47iu43zmoPQHNjKgd": [],
        "141zjUxjhBJX4SAFnWMMr2HuvwF61AmvnW": [],
        "14L6XWB1Vg8DdwysTmSwY83PVgdLYcFtiR": [],
        "15TQoB5T3TEQjurJNjptzqqsZcVDdCLjw1": [],
        "17geBgPdT3Xm1zjvzv3Ct5v5sMfwWwLDnA": [],
        "18CZVj5nn6T4Wg6kfNNZDTmrVLsw46Yoq9": [],
        "18JcooQ5AaWgXpbbY2SiBDAVJBQVeR9Ujd": [],
        "18XUL4FmfLLkrxfJDoq2MS5kjkotgh37tr": [],
        "18b6T4dJDEgmVVR77xof31ZkXr52Zkok4j": [],
        "18u9nms3ntqnucsRE25EsZjddfiQ9zjMs6": [],
        "197pQfiBLVoEHDvpC18gLrVGDhd9NPnnzR": [],
        "19hPiopadUUFWQNutU3LZivReLTciJEQMM": [],
        "1ACaGCRt9Ku6Dmu8yBfhDu57vYAcqGM7S7": [],
        "1AWLnWt5Q4ECvGwy8hKNm23JLMXkGCygNy": [],
        "1CpsaHJ7YdHWGEq3ADB6DxZKuA1P75Nv6p": [],
        "1DAZeX4tgWevpPHCNEZiew4vJqLixdKhqa": [],
        "1DmcGGbM8t4MVNKQifTyJVK21gYU2KWKAC": [],
        "1EZpWc2eZDvHdVfsaEuYR7gCwcf7drPwRS": [],
        "1EwW96nx8jytSRXPTxkoZVh7kKogdZ5nEQ": [],
        "1GfenmXcfL79imkiRBA2CarnKdnshfnqp4": [],
        "1GtkWJJDxKRj2oU7MUmageV44e7sH5M8Sx": [],
        "1HECYfYVMcKXr8mBvCdWqpZ39fxNnrZwne": [],
        "1HVTdUrf2oAEGuWdCptLGAgergfttwo9iD": [],
        "1KWo6CqWu7itvKYU2mjuFXdb5JJgqSfzny": [],
        "1Krb9svXesHtjoWwhu4Hr5Nhkk28vKiU7n": [],
        "1P4DTfaVS3aY9DSwPngWQzrCJACUDp6QJN": [],
        "1P58YWe6hUxssu3ErfUK1D9ysbuFmYtvbW": [],
        "1PoCyVFELzo6noEHFTo7dRhzL1dy3wk25V": [],
        "1yTzHGrfc3jjx4bw3hbfHzczfRXutb3aB": []
    },
    "addresses": {
        "change": [
            "1GtkWJJDxKRj2oU7MUmageV44e7sH5M8Sx",
            "197pQfiBLVoEHDvpC18gLrVGDhd9NPnnzR",
            "1ACaGCRt9Ku6Dmu8yBfhDu57vYAcqGM7S7",
            "18b6T4dJDEgmVVR77xof31ZkXr52Zkok4j",
            "15TQoB5T3TEQjurJNjptzqqsZcVDdCLjw1",
            "14L6XWB1Vg8DdwysTmSwY83PVgdLYcFtiR",
            "18u9nms3ntqnucsRE25EsZjddfiQ9zjMs6",
            "12UXwCEMd9W3gqEeJR6pnPQ5tgVD7ekR5e",
            "1CpsaHJ7YdHWGEq3ADB6DxZKuA1P75Nv6p",
            "1P58YWe6hUxssu3ErfUK1D9ysbuFmYtvbW"
        ],
        "receiving": [
            "1EwW96nx8jytSRXPTxkoZVh7kKogdZ5nEQ",
            "1Krb9svXesHtjoWwhu4Hr5Nhkk28vKiU7n",
            "1GfenmXcfL79imkiRBA2CarnKdnshfnqp4",
            "18JcooQ5AaWgXpbbY2SiBDAVJBQVeR9Ujd",
            "141zjUxjhBJX4SAFnWMMr2HuvwF61AmvnW",
            "18XUL4FmfLLkrxfJDoq2MS5kjkotgh37tr",
            "1DAZeX4tgWevpPHCNEZiew4vJqLixdKhqa",
            "18CZVj5nn6T4Wg6kfNNZDTmrVLsw46Yoq9",
            "1HVTdUrf2oAEGuWdCptLGAgergfttwo9iD",
            "1P4DTfaVS3aY9DSwPngWQzrCJACUDp6QJN",
            "17geBgPdT3Xm1zjvzv3Ct5v5sMfwWwLDnA",
            "1KWo6CqWu7itvKYU2mjuFXdb5JJgqSfzny",
            "19hPiopadUUFWQNutU3LZivReLTciJEQMM",
            "1DmcGGbM8t4MVNKQifTyJVK21gYU2KWKAC",
            "1AWLnWt5Q4ECvGwy8hKNm23JLMXkGCygNy",
            "1HECYfYVMcKXr8mBvCdWqpZ39fxNnrZwne",
            "1PoCyVFELzo6noEHFTo7dRhzL1dy3wk25V",
            "1yTzHGrfc3jjx4bw3hbfHzczfRXutb3aB",
            "1EZpWc2eZDvHdVfsaEuYR7gCwcf7drPwRS",
            "13idJ8XQSprjjqsEh47iu43zmoPQHNjKgd"
        ]
    },
    "fiat_value": {},
    "frozen_coins": {},
    "invoices": {},
    "keystore": {
        "derivation": "m",
        "pw_hash_version": 1,
        "root_fingerprint": "ace368db",
        "seed": "minor zone pool acquire remain combine prize claw medal settle grace capable",
        "seed_type": "standard",
        "type": "bip32",
        "xprv": "xprv9s21ZrQH143K2YMcogW1atxpAXCrXfsRL3nbVTC6P9NyP6ApVxzWVEhukp6ojPkeZkzmNXfdoxR2XutZyRvGEJRVgQP9uBc6Um9eDcPsAcv",
        "xpub": "xpub661MyMwAqRbcF2S5ui31x2uYiZ3Lw8bGhGiCHqbhwUuxFtVy3WJm332Pc4QzQPR9ASG7RXHHEuNK39qLouu9ios22RyPBoGYsBBegBZR3px"
    },
    "labels": {},
    "payment_requests": {},
    "prevouts_by_scripthash": {},
    "seed_version": 50,
    "spent_outpoints": {},
    "transactions": {},
    "tx_fees": {},
    "txi": {},
    "txo": {},
    "use_encryption": false,
    "verified_tx3": {},
    "wallet_type": "standard"
}