{
    "addr_history": {
        "121Pz6SKZFACUCDzCv1J7Lh3XX7gsZyD9q": [],
        "135AYP3cMoF5pLByDeLp56Pw18dnXRxvkQ": [],
        "13t5V73FeJadJHzkLZnkHZ8iCMnB7MRz1C": [],
        "16XJcJm2pBmPTuxoHrH91KUy3svCAhHysT": [],
        "176mF6VjbVJVuDzXWE87C3cchApeJnCE1G": [],
        "17Qr5QoyahEnGxSiT8QxJ2bdZGx9BkeCaD": [],
        "19BKvGVgPVa1xRJNazTtXi667LH4JSGraM": [],
        "19EoYv51HEGr6pvicvazoaXQjwy2SoGbYP": [],
        "1A3xnvwn1d94AqG1G363TMX7eyU2J2qJ3P": [],
        "1AzGxKYLD3YcqVGR1JyoAreis1FHwujPah": [],
        "1BEdG6R6Mb3Vj2K8SgqrzxWxvHJU1sJPuo": [],
        "1C2gM3MPx55Mtm2ufrR5YFbprsv6YykjoX": [],
        "1CCdPueb3RDe2BGVrUSLvRBdVgB3Wr1uev": [],
        "1CCjDSz42HUyeWvZLaykqxVkgba6RspHys": [],
        "1DAuCujfwGjuNUWCwmAU6kNBp3FYxC77KS": [],
        "1DDFizTgD7JbwUsrkBfA5gRPEeN19bDmxU": [],
        "1DZ4Qip6HGTT5FNCnTNiBN26NpQRTUqVpf": [],
        "1E3GJ5wBExGwnNZtSpWGmiujgZwN8ns9SR": [],
        "1EDJXUM6KBRW4R7NK4eVYZFZvnZSAg2yRm": [],
        "1GGvHeAAyeHSDZH1GXT9L3zZHrwwwccDNB": [],
        "1GoQcM2fi6D76qp6kVb5PiHbfq9MGNnmPo": [],
        "1HHXZRVGUcmrFSbTVPnWcKmGDu9FwRPK6a": [],
        "1HqHpiEpMgF2d9dDa1jCFAYpWCwfk12ea1": [],
        "1KjNSxVqGKaWmmiUeKC6u1RSaP1YqXJfBw": [],
        "1M5WPNhPxhZNLA2PtqdG5TCRfpufAdVKyX": [],
        "1My7BTkZ4nYQfLciEa8hE3iVNphBPZbCCn": [],
        "1P5EF4nTve69rijCtsPeYEgvgY8gocUYQo": [],
        "1PLuHFMij7M4UkMxzAUKYskivJDWVg91ST": [],
        "1PdGePJbHPKCKKBhxPxKothJhYa28AKX6D": [],
        "1fDLrxxHEneHZiy3915RT9xbAvNcwv3gn": []
    },
    "addresses": {
        "change": [
            "1KjNSxVqGKaWmmiUeKC6u1RSaP1YqXJfBw",
            "1DAuCujfwGjuNUWCwmAU6kNBp3FYxC77KS",
            "1PLuHFMij7M4UkMxzAUKYskivJDWVg91ST",
            "1C2gM3MPx55Mtm2ufrR5YFbprsv6YykjoX",
            "1AzGxKYLD3YcqVGR1JyoAreis1FHwujPah",
            "1E3GJ5wBExGwnNZtSpWGmiujgZwN8ns9SR",
            "1GoQcM2fi6D76qp6kVb5PiHbfq9MGNnmPo",
            "1fDLrxxHEneHZiy3915RT9xbAvNcwv3gn",
            "176mF6VjbVJVuDzXWE87C3cchApeJnCE1G",
            "19EoYv51HEGr6pvicvazoaXQjwy2SoGbYP"
        ],
        "receiving": [
            "1HqHpiEpMgF2d9dDa1jCFAYpWCwfk12ea1",
            "1EDJXUM6KBRW4R7NK4eVYZFZvnZSAg2yRm",
            "13t5V73FeJadJHzkLZnkHZ8iCMnB7MRz1C",
            "1My7BTkZ4nYQfLciEa8hE3iVNphBPZbCCn",
            "1BEdG6R6Mb3Vj2K8SgqrzxWxvHJU1sJPuo",
            "1DDFizTgD7JbwUsrkBfA5gRPEeN19bDmxU",
            "135AYP3cMoF5pLByDeLp56Pw18dnXRxvkQ",
            "1M5WPNhPxhZNLA2PtqdG5TCRfpufAdVKyX",
            "1DZ4Qip6HGTT5FNCnTNiBN26NpQRTUqVpf",
            "121Pz6SKZFACUCDzCv1J7Lh3XX7gsZyD9q",
            "1CCdPueb3RDe2BGVrUSLvRBdVgB3Wr1uev",
            "1A3xnvwn1d94AqG1G363TMX7eyU2J2qJ3P",
            "17Qr5QoyahEnGxSiT8QxJ2bdZGx9BkeCaD",
            "1HHXZRVGUcmrFSbTVPnWcKmGDu9FwRPK6a",
            "1P5EF4nTve69rijCtsPeYEgvgY8gocUYQo",
            "1CCjDSz42HUyeWvZLaykqxVkgba6RspHys",
            "1PdGePJbHPKCKKBhxPxKothJhYa28AKX6D",
            "19BKvGVgPVa1xRJNazTtXi667LH4JSGraM",
            "16XJcJm2pBmPTuxoHrH91KUy3svCAhHysT",
            "1GGvHeAAyeHSDZH1GXT9L3zZHrwwwccDNB"
        ]
    },
    "fiat_value": {},
    "frozen_coins": {},
    "invoices": {},
    "keystore": {
        "derivation": "m",
        "pw_hash_version": 1,
        "root_fingerprint": "0fd6a541",
        "seed": "minor zone pool alarm remain combine debate claw medal settle grace capable",
        "seed_type": "standard",
        "type": "bip32",
        "xprv": "xprv9s21ZrQH143K3wSTetjqbzZv1mk1Ep7CcEactQyrmvQu9Gfjjokd2wZjjgzb9okCgqwFnGHX7Eqa3B6cr1VXLS5HD3ThJwadrVc4TLpup6F",
        "xpub": "xpub661MyMwAqRbcGRWvkvGqy8WeZoaVeGq3yTWDgoPULFwt24ztHM4sajtDay2PK9yH8TF3iswM9DQ4SQTUhdp6JyjgBmtQ3WV1C6GYRnaNAgK"
    },
    "labels": {},
    "payment_requests": {},
    "prevouts_by_scripthash": {},
    "seed_version": 50,
    "spent_outpoints": {},
    "transactions": {},
    "tx_fees": {},
    "txi": {},
    "txo": {},
    "use_encryption": false,
    "verified_tx3": {},
    "wallet_type": "standard"
}