{
    "addr_history": {
        "13NDjFpVfoppM5e2QmsZKNUzQTLEuN5i8o": [],
        "14VjyPNGULkeNMKKC4vKcZv5ttCKZVv38b": [],
        "15jAxi6XF2GC3jLF2VwscqNJVooGH6SqtW": [],
        "16vD91sJGx7sPZwtYtDqYWFFfUg7Ngk9nj": [],
        "184Tz3pdD3nNk8iJWhdDSVXpKvDTa4q3pN": [],
        "18nahJvNGKDybb2pfmaXruc9Ax5C5ekXLc": [],
        "18nwhCoDgwwZyzvSwtJXBP4aTsxpDGqaT7": [],
        "19jZ4HmNu7qWiMAX1tZqkV1uRzvUkrrFhK": [],
        "19mhCGMmtnbq8JVJVS3U2WS3K5CBSwezM4": [],
        "1A6sgn4NKWNfukNyFx4RwfJxpwMxTeT9sv": [],
        "1A72YUoNUZokWYcmLEjcFFm7gb1KxsoLAh": [],
        "1AQzGHRjdLHRCJrXEHVEJ8iJR2jKohsoy": [],
        "1AzeiZ4TDSBQeUkzd79DceMauSfhNuP2pR": [],
        "1BSnMsiD8pex8BUUthMASaWB7BCi7U8PES": [],
        "1CRAeRrij642snzVbU78qTNGq1jNUYZa5t": [],
        "1D2PRjJyeQr5Jo9Uc8tNgLwEijq4zWTv5B": [],
        "1DBFh6GL3fAi7wS8oXRpJMSbb1ngiUyWmg": [],
        "1FJ6uDyY4jpNbNzYmMHovq34QfkLqqqMSf": [],
        "1GAvv8P7hN47YckWi15yVs4Y9rRoL5RsH7": [],
        "1GZEinUhS73mL1Pd8Zbyxs2mcWEZk6hLGc": [],
        "1GsQ47fujucJwESTio2LaoqFCP7epALc1q": [],
        "1HsgrMaTZpEmGwgFy6SWzyLK4y4Cq7VyKB": [],
        "1JiHa1LZWiR3uQRjbDk7v4CeTyp9LCaPUf": [],
        "1KUn77CAfXTi9CkLdvzkT87a9bbqKwpspC": [],
        "1MvkyLwMJBwtUTkSk7ByRmJ7hHyeBnV4ga": [],
        "1NHpsnNdHB1mKyxc3jerAhwba91aAmH482": [],
        "1NjXKipPE9wJE25aVrYXg7u1CYjLQa69uz": [],
        "1Pb5bCv4r1kETSHXBgxNkWtmJVsAtcGe8K": [],
        "1PyBwpG7Vnrj1rhjmpmvkW3eAs3B2Eo8Wp": [],
        "1gy87GStTowr5P67FRigMRFbb7XT9eUAF": []
    },
    "addresses": {
        "change": [
            "1HsgrMaTZpEmGwgFy6SWzyLK4y4Cq7VyKB",
            "1PyBwpG7Vnrj1rhjmpmvkW3eAs3B2Eo8Wp",
            "1D2PRjJyeQr5Jo9Uc8tNgLwEijq4zWTv5B",
            "1AzeiZ4TDSBQeUkzd79DceMauSfhNuP2pR",
            "14VjyPNGULkeNMKKC4vKcZv5ttCKZVv38b",
            "1NjXKipPE9wJE25aVrYXg7u1CYjLQa69uz",
            "1GsQ47fujucJwESTio2LaoqFCP7epALc1q",
            "1A6sgn4NKWNfukNyFx4RwfJxpwMxTeT9sv",
            "18nwhCoDgwwZyzvSwtJXBP4aTsxpDGqaT7",
            "1GZEinUhS73mL1Pd8Zbyxs2mcWEZk6hLGc"
        ],
        "receiving": [
            "1FJ6uDyY4jpNbNzYmMHovq34QfkLqqqMSf",
            "1CRAeRrij642snzVbU78qTNGq1jNUYZa5t",
            "19jZ4HmNu7qWiMAX1tZqkV1uRzvUkrrFhK",
            "1Pb5bCv4r1kETSHXBgxNkWtmJVsAtcGe8K",
            "1DBFh6GL3fAi7wS8oXRpJMSbb1ngiUyWmg",
            "18nahJvNGKDybb2pfmaXruc9Ax5C5ekXLc",
            "184Tz3pdD3nNk8iJWhdDSVXpKvDTa4q3pN",
            "1gy87GStTowr5P67FRigMRFbb7XT9eUAF",
            "1GAvv8P7hN47YckWi15yVs4Y9rRoL5RsH7",
            "13NDjFpVfoppM5e2QmsZKNUzQTLEuN5i8o",
            "1MvkyLwMJBwtUTkSk7ByRmJ7hHyeBnV4ga",
            "16vD91sJGx7sPZwtYtDqYWFFfUg7Ngk9nj",
            "15jAxi6XF2GC3jLF2VwscqNJVooGH6SqtW",
            "19mhCGMmtnbq8JVJVS3U2WS3K5CBSwezM4",
            "1NHpsnNdHB1mKyxc3jerAhwba91aAmH482",
            "1JiHa1LZWiR3uQRjbDk7v4CeTyp9LCaPUf",
            "1KUn77CAfXTi9CkLdvzkT87a9bbqKwpspC",
            "1A72YUoNUZokWYcmLEjcFFm7gb1KxsoLAh",
            "1BSnMsiD8pex8BUUthMASaWB7BCi7U8PES",
            "1AQzGHRjdLHRCJrXEHVEJ8iJR2jKohsoy"
        ]
    },
    "fiat_value": {},
    "frozen_coins": {},
    "invoices": {},
    "keystore": {
        "derivation": "m",
        "pw_hash_version": 1,
        "root_fingerprint": "4f17ee8b",
        "seed": "minor zone pool attract remain combine stem claw medal settle grace capable",
        "seed_type": "standard",
        "type": "bip32",
        "xprv": "xprv9s21ZrQH143K2TYzbJ4ZxvnXaabUgigVaK9RUA793mnsikJ48NgqEWyTqqFoUESxEF2FDHcTuuSjH9NEJDKEpvYcw9iCPyzADte1tCnGtku",
        "xpub": "xpub661MyMwAqRbcEwdThKbaL4jG8cRy6BQLwY52GYWkc7KrbYdCfv15nKHwh9eieLfQGQNAuKEwCTCNVL2T3nyCZiKAenUnQTKuUrumKqfqPCZ"
    },
    "labels": {},
    "payment_requests": {},
    "prevouts_by_scripthash": {},
    "seed_version": 50,
    "spent_outpoints": {},
    "transactions": {},
    "tx_fees": {},
    "txi": {},
    "txo": {},
    "use_encryption": false,
    "verified_tx3": {},
    "wallet_type": "standard"
}