{
    "addr_history": {
        "bc1q0e4jjzl0cge0qe7d95tvz9j98n8htjjwcw8y96": [],
        "bc1q25k2q9wjty64nnj6ndp4a3qvduep7mhcwk56mn": [],
        "bc1q3l9a0qmwvasm97mz5rzftvyj50nmnk0tyhr2cp": [],
        "bc1q4vpvz9tlt9jc2lr67t7lhxdr3rsn50qsv9la6j": [],
        "bc1q5undz5rfnc4q7th3ahzfy98j6jkm2qdn0n2923": [],
        "bc1q65vzf95522kull5zrsyg53qenfvrzflngznv37": [],
        "bc1q7yqr3vdmu7jj2upsntuap8n2xej6hxqzcaejfy": [],
        "bc1q82xj7eal36ztzjlv4n0m9006fxwwmvrhhue96q": [],
        "bc1q8vwk6tl5rfnm9g6v2yl0l5rmlnrcmnrsz3rv90": [],
        "bc1qcmp57u8znpsq8f738rptygek8qehrqdm9xjq43": [],
        "bc1qdafw907xwkku4d3yg6fdpg7apqccdpdkzh0n2j": [],
        "bc1qdjsx3ue6pk30vcvvshrm6ssprncrsfuswgvfd0": [],
        "bc1qfu4r63gzjn637f8dgv34hdew0ekvc0sfe2yfeq": [],
        "bc1qg3q87aukvggc7632xwl0zcmfj076cllp0a5r0x": [],
        "bc1qgadlrwrvkvcj80d8p856c4jd0qqladcu7jex5k": [],
        "bc1qh2wks5kpuc6w45u7m9wl2gweg5d72hawpq5vsx": [],
        "bc1qhmwlrq8uxx8flsjxuhwu7vjz0ltkekhxvjxs7t": [],
        "bc1qjwgzh694s6x0k5sz77ntkxrv2ftred55am2mu9": [],
        "bc1qlj7kd7prwg07tgerjf6affvv7lp56rtw6zc6xd": [],
        "bc1qltefpqvkusryd0ncu3mn7vsxm64pu2t3xk3z8n": [],
        "bc1qm6auesf7r8tr4s9qzp5t4g7k8wj3t542ghzlvx": [],
        "bc1qntfe05xu47hsywzdewmedzmwnecr4xrg0j6rhz": [],
        "bc1qpna08q5um9lkyjeak63qkhnsxgfqwwyd2s5e43": [],
        "bc1qq62qxvwgcyj4m4u52rjffgn3u9clmrvaz37wcs": [],
        "bc1qqzyawqyqmr9c63kkec90xmde67axwh2t93vf9k": [],
        "bc1qrxzkxt4gp980hxxr8n3rkglgg9fk2aynl7gdkn": [],
        "bc1qsg78t0sy7vn0dn0nkapcuwlq42xuh0ddnsws7x": [],
        "bc1qtagrxyrxstcy9fcjfvvmulz6hqkghq9fscqjuj": [],
        "bc1qtvcywn0n3xecqtp2a7llf4rl4e20s6rgfsldez": [],
        "bc1qxlkfref4nlnw5m8klj7qtcl7x3qyrp5c5y5q9j": []
    },
    "addresses": {
        "change": [
            "bc1qg3q87aukvggc7632xwl0zcmfj076cllp0a5r0x",
            "bc1qgadlrwrvkvcj80d8p856c4jd0qqladcu7jex5k",
            "bc1q5undz5rfnc4q7th3ahzfy98j6jkm2qdn0n2923",
            "bc1qh2wks5kpuc6w45u7m9wl2gweg5d72hawpq5vsx",
            "bc1qfu4r63gzjn637f8dgv34hdew0ekvc0sfe2yfeq",
            "bc1q65vzf95522kull5zrsyg53qenfvrzflngznv37",
            "bc1q82xj7eal36ztzjlv4n0m9006fxwwmvrhhue96q",
            "bc1qq62qxvwgcyj4m4u52rjffgn3u9clmrvaz37wcs",
            "bc1qm6auesf7r8tr4s9qzp5t4g7k8wj3t542ghzlvx",
            "bc1q0e4jjzl0cge0qe7d95tvz9j98n8htjjwcw8y96"
        ],
        "receiving": [
            "bc1qpna08q5um9lkyjeak63qkhnsxgfqwwyd2s5e43",
            "bc1qlj7kd7prwg07tgerjf6affvv7lp56rtw6zc6xd",
            "bc1q8vwk6tl5rfnm9g6v2yl0l5rmlnrcmnrsz3rv90",
            "bc1q3l9a0qmwvasm97mz5rzftvyj50nmnk0tyhr2cp",
            "bc1q4vpvz9tlt9jc2lr67t7lhxdr3rsn50qsv9la6j",
            "bc1qcmp57u8znpsq8f738rptygek8qehrqdm9xjq43",
            "bc1qntfe05xu47hsywzdewmedzmwnecr4xrg0j6rhz",
            "bc1q25k2q9wjty64nnj6ndp4a3qvduep7mhcwk56mn",
            "bc1qdafw907xwkku4d3yg6fdpg7apqccdpdkzh0n2j",
            "bc1qhmwlrq8uxx8flsjxuhwu7vjz0ltkekhxvjxs7t",
            "bc1qltefpqvkusryd0ncu3mn7vsxm64pu2t3xk3z8n",
            "bc1qtagrxyrxstcy9fcjfvvmulz6hqkghq9fscqjuj",
            "bc1qjwgzh694s6x0k5sz77ntkxrv2ftred55am2mu9",
            "bc1qrxzkxt4gp980hxxr8n3rkglgg9fk2aynl7gdkn",
            "bc1qdjsx3ue6pk30vcvvshrm6ssprncrsfuswgvfd0",
            "bc1qsg78t0sy7vn0dn0nkapcuwlq42xuh0ddnsws7x",
            "bc1qtvcywn0n3xecqtp2a7llf4rl4e20s6rgfsldez",
            "bc1qqzyawqyqmr9c63kkec90xmde67axwh2t93vf9k",
            "bc1qxlkfref4nlnw5m8klj7qtcl7x3qyrp5c5y5q9j",
            "bc1q7yqr3vdmu7jj2upsntuap8n2xej6hxqzcaejfy"
        ]
    },
    "channels": {},
    "fiat_value": {},
    "frozen_coins": {},
    "imported_channel_backups": {},
    "invoices": {},
    "keystore": {
        "derivation": "m/0'",
        "pw_hash_version": 1,
        "root_fingerprint": "8e0b30d1",
        "seed": "minor zone pool avoid remain combine valid claw medal settle grace capable",
        "seed_type": "segwit",
        "type": "bip32",
        "xprv": "zprvAZcED5BGwHUye5KVS69rYiMXbQXKrQAPPji9tDgqwTUcZdzudeTAENDsZzPVXXUHYGKMWcS3EaiwSLpH2QBfXosTCk5GSd7raicHBNryEfX",
        "xpub": "zpub6nbacaiAmf3GrZPxY7grurJG9SMpFrtEkxdkgc6TVo1bSSL4BBmQnAYMREYwmcJ9Mq7hdxY9gtnkUMLekMf1sMoJrGmn8EqWpfskChFHQpV"
    },
    "labels": {},
    "lightning_payments": {},
    "lightning_preimages": {},
    "lightning_xprv": "zprvAbaXXZmCnZZxZC8rKH3NBrsaN2KgMivQMVWyqwLS7BVtSb4yooBFAk6usCdf9FWC6stVZN8C582Ngj8Z2UjzfyX5XdoFW2TP3y1gmYzWC3U",
    "onchain_channel_backups": {},
    "payment_requests": {},
    "prevouts_by_scripthash": {},
    "seed_version": 50,
    "spent_outpoints": {},
    "submarine_swaps": {},
    "transactions": {},
    "tx_fees": {},
    "txi": {},
    "txo": {},
    "use_encryption": false,
    "verified_tx3": {},
    "wallet_type": "standard"
}