{
    "addr_history": {
        "12JVKNi3x2mNE16tSWTRpj2STYawfotqtx": [],
        "12xugkvpKwemhFoJkJAJDAacXBFa9zbQvg": [],
        "13YhmRy7hyMJSJb6nQ6juD4wHL4ezLjsBx": [],
        "142Nn1WHy4jnb5RnHJXgv5cJwgfBryJnvQ": [],
        "14MJgqYjeLmQRrjFznnj9AYRWfVyqa69to": [],
        "154jyaznS4SXG15Fb7mkbVKSuhCN7JQTyz": [],
        "15ZLuj3V2Mm6M5pSkejMynv9j4WG3qRf7n": [],
        "166Ux9LVboaQp16dTrMWFUpewSrHwFSsGb": [],
        "16cLZuTbje9w1DX7D4zf9T9CCNauMvA7AS": [],
        "17dP4cEiP7uPoe4jFZdmYDoAecSQtQgHiM": [],
        "18g7xMg595cFR71N8A3iaNVuGgp6Xq21Kz": [],
        "19e1fQe6pvdmH4k47LdcEnW64jqVizXEiW": [],
        "1AXGH5XQtJLMqYwJnfrfgD7ivFDRg8KKmv": [],
        "1AaF5XoHAiFNZmqD2shGqVAxygu1bbcD3L": [],
        "1CNfoGwX5w2AATVcdiSiu6K2BVZJ7sGK1K": [],
        "1CeD8wHwcDvRavBfnxcoecUXdRTrdDW9mN": [],
        "1CgLKaLpWp3SFTjZSbW2KDYuG8akKSpTa6": [],
        "1Ci4kAPBoMzWjUe9YKjJ6nCVYH1hDTA3j": [],
        "1DAT1gHtRqtxidMtUfLnbPLCKb43rRzRW9": [],
        "1DRCACaXA1mtRVVFWC5t1iZ3fyvxYkjbL1": [],
        "1EW75PbW22ctNdiJdpsUG9So896QnDWKNX": [],
        "1FDRPbqXJZkZJph6wk4oGgNvC45YBZTEY9": [],
        "1FwEmygWaFGMS9ahBiPZjtJXDQrZr4QLij": [],
        "1HC13hx2Np4VPcqFH9qs82YV2Bbv8z3FVy": [],
        "1HfnvkyWwEKPD6MGTXYkysJ8aoBgAWLnRZ": [],
        "1HiyaozxpFGuwoVQhkimBzj3ThHCUvZs1Q": [],
        "1MRmi4sZSAkp3MeSbVRvmg7Hp9zxpXrXpS": [],
        "1NGEdskDZVATysh3E5m7Uhr2zLrExffuHy": [],
        "1NWXhjjVyzZuGQYYfCDUBDJhniHtB2DiQN": [],
        "1Q4FxQs9BaqSu6cWyiRMbiGUfvhTQxtdPo": []
    },
    "addresses": {
        "change": [
            "12JVKNi3x2mNE16tSWTRpj2STYawfotqtx",
            "1CgLKaLpWp3SFTjZSbW2KDYuG8akKSpTa6",
            "14MJgqYjeLmQRrjFznnj9AYRWfVyqa69to",
            "1FwEmygWaFGMS9ahBiPZjtJXDQrZr4QLij",
            "1EW75PbW22ctNdiJdpsUG9So896QnDWKNX",
            "1AXGH5XQtJLMqYwJnfrfgD7ivFDRg8KKmv",
            "1Ci4kAPBoMzWjUe9YKjJ6nCVYH1hDTA3j",
            "1HiyaozxpFGuwoVQhkimBzj3ThHCUvZs1Q",
            "1FDRPbqXJZkZJph6wk4oGgNvC45YBZTEY9",
            "17dP4cEiP7uPoe4jFZdmYDoAecSQtQgHiM"
        ],
        "receiving": [
            "1MRmi4sZSAkp3MeSbVRvmg7Hp9zxpXrXpS",
            "15ZLuj3V2Mm6M5pSkejMynv9j4WG3qRf7n",
            "1Q4FxQs9BaqSu6cWyiRMbiGUfvhTQxtdPo",
            "1NWXhjjVyzZuGQYYfCDUBDJhniHtB2DiQN",
            "1AaF5XoHAiFNZmqD2shGqVAxygu1bbcD3L",
            "1DRCACaXA1mtRVVFWC5t1iZ3fyvxYkjbL1",
            "12xugkvpKwemhFoJkJAJDAacXBFa9zbQvg",
            "13YhmRy7hyMJSJb6nQ6juD4wHL4ezLjsBx",
            "1HC13hx2Np4VPcqFH9qs82YV2Bbv8z3FVy",
            "18g7xMg595cFR71N8A3iaNVuGgp6Xq21Kz",
            "1CNfoGwX5w2AATVcdiSiu6K2BVZJ7sGK1K",
            "19e1fQe6pvdmH4k47LdcEnW64jqVizXEiW",
            "1NGEdskDZVATysh3E5m7Uhr2zLrExffuHy",
            "166Ux9LVboaQp16dTrMWFUpewSrHwFSsGb",
            "1HfnvkyWwEKPD6MGTXYkysJ8aoBgAWLnRZ",
            "1DAT1gHtRqtxidMtUfLnbPLCKb43rRzRW9",
            "16cLZuTbje9w1DX7D4zf9T9CCNauMvA7AS",
            "142Nn1WHy4jnb5RnHJXgv5cJwgfBryJnvQ",
            "154jyaznS4SXG15Fb7mkbVKSuhCN7JQTyz",
            "1CeD8wHwcDvRavBfnxcoecUXdRTrdDW9mN"
        ]
    },
    "fiat_value": {},
    "frozen_coins": {},
    "invoices": {},
    "keystore": {
        "derivation": "m",
        "pw_hash_version": 1,
        "root_fingerprint": "99fb3751",
        "seed": "minor zone pool abandon remain combine recall claw medal settle grace capable",
        "seed_type": "standard",
        "type": "bip32",
        "xprv": "xprv9s21ZrQH143K3k5sG9cZHmNs3WoEDkqnAVnS3FFWCDZshiyahM81BHNnCDc7WW235hC2LQkTaWDpmQU3THVuHq9bVR4jhB12j4zH2Zx9bUC",
        "xpub": "xpub661MyMwAqRbcGEALNB9ZeuKbbYdidDZdXii2qdf7kZ6raXJjEtSFj5hG3UZphmoG2WTJpmh22WA7gSNZCVGCSxCYJfwdecseEmAMTGTCrJY"
    },
    "labels": {},
    "payment_requests": {},
    "prevouts_by_scripthash": {},
    "seed_version": 50,
    "spent_outpoints": {},
    "transactions": {},
    "tx_fees": {},
    "txi": {},
    "txo": {},
    "use_encryption": false,
    "verified_tx3": {},
    "wallet_type": "standard"
}