{
    "addr_history": {
        "12V48wnKJpbJVDDYaRNkUeDqStGQKgstAg": [],
        "14VWysT7fkqGQi3fZd7GfM7yQNgwdDoRaM": [],
        "15EK1rL5NpK9Nyah8xSSLqns9zDSYqppYR": [],
        "16p8yoQYwFPCAfnAhaNz35J6EfVVFNMs8B": [],
        "17YxZwqajwcFJMFziiWBnHxhngJQB31Rmj": [],
        "17mfhcYFgeQwdeoaSQbhqKzHwNHqNFyACS": [],
        "18EjK7ruFVMqzoTZcVmrmhCj3AQXKN2SMJ": [],
        "18juN5viJmtf3ZQXQcdoicTBgAVU1xnc6d": [],
        "1AJ8YjwD6jLJG1aNqZ9DFzgNqLcNMgNL59": [],
        "1AcsUCGLtesij2sR12tQGkebXkb4i5tnnP": [],
        "1CBWPkJWjEhfuVtRu4W2MMQQ7foj27EP78": [],
        "1Co9Ge3FckmEfnoG47tVvrhLT4t3GCrgfB": [],
        "1CzSfcAGoMRqy5VuTkpHaKXq9sdiUzAGxg": [],
        "1DWkDT9FpuYyhXZgck9VyEBQKUQkfR7cvD": [],
        "1DyfHAMZ2pi3owDc7mNa3ggxBNE5owvipu": [],
        "1EBjZSYDEeRyYEV8TNnZqRYaKVCQCYpMFT": [],
        "1EFLgq1YJ6VcY5updTya1t4dAazBqssaqM": [],
        "1JEaCqb6Pncw7SQHKeVJfNHgG5XSLXFPsq": [],
        "1JEsiRDhoPHbni3MC7F4gZbnZFEwDZkUuG": [],
        "1KfmGXGhwNQzpG4SMLZnLB4EJrX42Um8ag": [],
        "1LAoa2WTeGwiRALGbpbcXsMjmVAGodxGtU": [],
        "1MEuemrd5vi87XPztHkXvwT15ErMo1UFam": [],
        "1MHWSReABqiWTcm4ikTvjg5k4CBmdcYynH": [],
        "1N3PaZDDK8FJv8r9JuMtC3jnnoeNDk6GGw": [],
        "1NETemqgZGoo2VA3WESgCCG7MRDpbJyHPJ": [],
        "1NHVZVgJ5hq24EJvBYGmmuw9Mr2h6WWtzS": [],
        "1P1zKQgqa3x7dmLbTgxNEaKMaRJpR7gcGd": [],
        "1PuybThFitXf6nnizu5sXhv54SVnjbK2n3": [],
        "1QC8Ed9Pek6MWpB4vUg4eajjZyqWWo9apo": [],
        "1jXSqx1SZKj1XR2wWQAq5ZGJ1QNqWzB1C": []
    },
    "addresses": {
        "change": [
            "1QC8Ed9Pek6MWpB4vUg4eajjZyqWWo9apo",
            "18juN5viJmtf3ZQXQcdoicTBgAVU1xnc6d",
            "1JEaCqb6Pncw7SQHKeVJfNHgG5XSLXFPsq",
            "16p8yoQYwFPCAfnAhaNz35J6EfVVFNMs8B",
            "1MEuemrd5vi87XPztHkXvwT15ErMo1UFam",
            "1NHVZVgJ5hq24EJvBYGmmuw9Mr2h6WWtzS",
            "1MHWSReABqiWTcm4ikTvjg5k4CBmdcYynH",
            "15EK1rL5NpK9Nyah8xSSLqns9zDSYqppYR",
            "1CBWPkJWjEhfuVtRu4W2MMQQ7foj27EP78",
            "12V48wnKJpbJVDDYaRNkUeDqStGQKgstAg"
        ],
        "receiving": [
            "1DyfHAMZ2pi3owDc7mNa3ggxBNE5owvipu",
            "1CzSfcAGoMRqy5VuTkpHaKXq9sdiUzAGxg",
            "1P1zKQgqa3x7dmLbTgxNEaKMaRJpR7gcGd",
            "1N3PaZDDK8FJv8r9JuMtC3jnnoeNDk6GGw",
            "1DWkDT9FpuYyhXZgck9VyEBQKUQkfR7cvD",
            "1LAoa2WTeGwiRALGbpbcXsMjmVAGodxGtU",
            "14VWysT7fkqGQi3fZd7GfM7yQNgwdDoRaM",
            "17mfhcYFgeQwdeoaSQbhqKzHwNHqNFyACS",
            "1EFLgq1YJ6VcY5updTya1t4dAazBqssaqM",
            "1PuybThFitXf6nnizu5sXhv54SVnjbK2n3",
            "1KfmGXGhwNQzpG4SMLZnLB4EJrX42Um8ag",
            "1EBjZSYDEeRyYEV8TNnZqRYaKVCQCYpMFT",
            "1NETemqgZGoo2VA3WESgCCG7MRDpbJyHPJ",
            "1AcsUCGLtesij2sR12tQGkebXkb4i5tnnP",
            "1Co9Ge3FckmEfnoG47tVvrhLT4t3GCrgfB",
            "1JEsiRDhoPHbni3MC7F4gZbnZFEwDZkUuG",
            "17YxZwqajwcFJMFziiWBnHxhngJQB31Rmj",
            "1jXSqx1SZKj1XR2wWQAq5ZGJ1QNqWzB1C",
            "1AJ8YjwD6jLJG1aNqZ9DFzgNqLcNMgNL59",
            "18EjK7ruFVMqzoTZcVmrmhCj3AQXKN2SMJ"
        ]
    },
    "fiat_value": {},
    "frozen_coins": {},
    "invoices": {},
    "keystore": {
        "derivation": "m",
        "pw_hash_version": 1,
        "root_fingerprint": "29fa2c60",
        "seed": "minor zone pool arrive remain combine kingdom claw medal settle grace capable",
        "seed_type": "standard",
        "type": "bip32",
        "xprv": "xprv9s21ZrQH143K4Fi4o5sCP4MbWGrqFcYTGa2MHDUZazx4Yjv8bGdi4bDCLc11gAPGQkjcdwZT99bDuo7XsaJEXcLe9DYdVcMHm3PNBtRcRBX",
        "xpub": "xpub661MyMwAqRbcGjnXu7QCkCJL4JhKf5GJdnwx5btB9LV3RYFH8owxcPXgBsScdfxm9WpxfUbS49fQx1kvAvveeJLbxLmgUqMUXcTwQjDnLDV"
    },
    "labels": {},
    "payment_requests": {},
    "prevouts_by_scripthash": {},
    "seed_version": 50,
    "spent_outpoints": {},
    "transactions": {},
    "tx_fees": {},
    "txi": {},
    "txo": {},
    "use_encryption": false,
    "verified_tx3": {},
    "wallet_type": "standard"
}