{
    "addr_history": {
        "13bq2NWRB57XsFTJaPgcNMcimcjKDjVzUS": [],
        "14Wu2wRnidtdmp394cz6bvtsUjKUh9yyUA": [],
        "15Ff85oakZpa42Zq9nWihTnbmVKVN3HBXY": [],
        "16UCKMi6QYBPYXTybdiSRJUKW3eQgZhMHy": [],
        "17aePQiTrgcJ9WHAVZqWMmqTCTL7bgKKru": [],
        "17j6vaj4d3LjBUb633bcexK12DHZ6q66yH": [],
        "17k7fbZAXopksqahJFjijdfGw8ycQaKjYR": [],
        "18pM5BnK9yFCb8APYXxi13pmSGcdaRnAiA": [],
        "19myebKVJKqjoouf4QxzcyVCe2faWEghRL": [],
        "1A3AZ1gK8GjgYYtaq7z7JJkSezMkoK3MDa": [],
        "1A8eHcTMzKyG6B249pDLD1GPeAKRFG85wd": [],
        "1AXRaQUErn5r4JAiNJWQTNAovFMERkJqPF": [],
        "1BmywEneCiFC7He8rpsktPeHjvhqqH2Lhu": [],
        "1DNxCS38Pb51jH13QtaYUbDKu2LMpVqeRu": [],
        "1Ddaaz7tnHTwEq5CWrK1XygSZ32JEbyeg4": [],
        "1EQcLAZvQtBS21SPR8icuf1ZgFGykpuizr": [],
        "1Eaq7TaxkPfzw1LQUMqfmmRAd3j1LZ5Ywz": [],
        "1GT8D4bQE3b3G4cwxc6uvVszUi8H8oJSZm": [],
        "1GxnsS12igjhJs6GH4XjgVVdpzsDtwCQdK": [],
        "1H5XkLL5ErP8vLksthQRPypcWpNLEXgbwo": [],
        "1HLwuUeWRxBzhsqpHbqu73tiCWXKJFasqX": [],
        "1HXzfQ9BUWE33Di6TckFqXiyuwAvrH9f8i": [],
        "1K7EK6TfeRGMSGVYzF1HgzXq13V2azt1Hd": [],
        "1KSmHAxYX9m4RmAqB1SPXdZs4uavc8xVru": [],
        "1LFokWUrrnssGp85M4i88iMTXLDMidyARD": [],
        "1LWJHtq4aEgGXPEwYPXZd4tgviBENe4bXw": [],
        "1MHsTJDjKHcR9iLnEMPP5v1fERfACRVq69": [],
        "1NnF16s7xELPto8sFaxUEcPM7Mz8a8fJZE": [],
        "1PzpnwxW5iSFPssyjBsS9erw5VSKzKwRUa": [],
        "1zpZvxE8ZMfzkJzG2fefJkgq8XtJTLQ6e": []
    },
    "addresses": {
        "change": [
            "1H5XkLL5ErP8vLksthQRPypcWpNLEXgbwo",
            "1EQcLAZvQtBS21SPR8icuf1ZgFGykpuizr",
            "1GxnsS12igjhJs6GH4XjgVVdpzsDtwCQdK",
            "1LFokWUrrnssGp85M4i88iMTXLDMidyARD",
            "1MHsTJDjKHcR9iLnEMPP5v1fERfACRVq69",
            "17aePQiTrgcJ9WHAVZqWMmqTCTL7bgKKru",
            "1Eaq7TaxkPfzw1LQUMqfmmRAd3j1LZ5Ywz",
            "1NnF16s7xELPto8sFaxUEcPM7Mz8a8fJZE",
            "1zpZvxE8ZMfzkJzG2fefJkgq8XtJTLQ6e",
            "1BmywEneCiFC7He8rpsktPeHjvhqqH2Lhu"
        ],
        "receiving": [
            "13bq2NWRB57XsFTJaPgcNMcimcjKDjVzUS",
            "15Ff85oakZpa42Zq9nWihTnbmVKVN3HBXY",
            "1LWJHtq4aEgGXPEwYPXZd4tgviBENe4bXw",
            "1Ddaaz7tnHTwEq5CWrK1XygSZ32JEbyeg4",
            "1PzpnwxW5iSFPssyjBsS9erw5VSKzKwRUa",
            "17k7fbZAXopksqahJFjijdfGw8ycQaKjYR",
            "1AXRaQUErn5r4JAiNJWQTNAovFMERkJqPF",
            "19myebKVJKqjoouf4QxzcyVCe2faWEghRL",
            "17j6vaj4d3LjBUb633bcexK12DHZ6q66yH",
            "1K7EK6TfeRGMSGVYzF1HgzXq13V2azt1Hd",
            "1KSmHAxYX9m4RmAqB1SPXdZs4uavc8xVru",
            "1A8eHcTMzKyG6B249pDLD1GPeAKRFG85wd",
            "18pM5BnK9yFCb8APYXxi13pmSGcdaRnAiA",
            "16UCKMi6QYBPYXTybdiSRJUKW3eQgZhMHy",
            "14Wu2wRnidtdmp394cz6bvtsUjKUh9yyUA",
            "1DNxCS38Pb51jH13QtaYUbDKu2LMpVqeRu",
            "1GT8D4bQE3b3G4cwxc6uvVszUi8H8oJSZm",
            "1A3AZ1gK8GjgYYtaq7z7JJkSezMkoK3MDa",
            "1HXzfQ9BUWE33Di6TckFqXiyuwAvrH9f8i",
            "1HLwuUeWRxBzhsqpHbqu73tiCWXKJFasqX"
        ]
    },
    "fiat_value": {},
    "frozen_coins": {},
    "invoices": {},
    "keystore": {
        "derivation": "m",
        "pw_hash_version": 1,
        "root_fingerprint": "e2771a61",
        "seed": "minor zone pool agent remain combine myself claw medal settle grace capable",
        "seed_type": "standard",
        "type": "bip32",
        "xprv": "xprv9s21ZrQH143K2hjfL7GWsmhAoSRfXRvNviKLmovqwATNuq2DunDJy2r4jSt2BsxnZXLWa1DY9DJ9mFauH5dFhqC7EPBNMFKX8NTzeNbMgQN",
        "xpub": "xpub661MyMwAqRbcFBp8S8oXEuduMUG9vteEHwEwaCLTVVzMndMNTKXZWqAYaiWkgNwnoBdWjFpVoSD7GZZEh1Fqc7wtcheE2a58EKYWDY7E14x"
    },
    "labels": {},
    "payment_requests": {},
    "prevouts_by_scripthash": {},
    "seed_version": 50,
    "spent_outpoints": {},
    "transactions": {},
    "tx_fees": {},
    "txi": {},
    "txo": {},
    "use_encryption": false,
    "verified_tx3": {},
    "wallet_type": "standard"
}