{
    "addr_history": {
        "1275cQ8WmMSjxH4QHdM6457STHPew2idb5": [],
        "12Q38KCsdzw37C1Sd135YXMeiyvK8DoQSt": [],
        "133EDYXSgb6z8nAYvvh3AkPZ52fnsrEg8x": [],
        "13UYptZTHok6XVeXwoqeMFywe35hanypFL": [],
        "13rAvBAY4EkbPCToTZhPB8j4wsMruxm9G2": [],
        "14JvsAvi7Xci3x9cm8jjpgQi9uq6UPhH6r": [],
        "15ZebijTMvXNERemvnDpAqdJm6JaKjakrQ": [],
        "15apYJnasUECuARdvdg6EnZ784w7FkXG7Y": [],
        "15cnSuDNjayBW2o4aq3HaE5xcF82V5UpB6": [],
        "16ZFnEfrebiBpt55QmLNcfSmpwm5ESrAh1": [],
        "16gr1zQeQ9eGsp1UtnNRvqeK8PAbyk4GeK": [],
        "17F1LypytdYLDkBFMzahYHNqc2EUPgatkN": [],
        "17eG6gYd8g3LA6xKYcowPGg1UgtDjWCjVe": [],
        "18shz9An1FUFDzjx3g9AMNnj2oKTKCin7P": [],
        "192TvVSseSvR1Tz1J4YK9BSrGjGDYkgtfm": [],
        "1BMc5bUXXJCQPN2zjPJbzPsGp3vw4YQMNk": [],
        "1BogLeK3ViZUJXCS9VoaMhjfWP21KVSNoy": [],
        "1CvUcDztyVNAW9mUpZH4Uxe1MvuzBHaqBf": [],
        "1D7iAVEHRVZ794Ka552RSSd81MY8tckiMC": [],
        "1ECT5wcMeUjoiugmVeKsQy5rhmeTShRxGG": [],
        "1EK6hLTsKLw8J1XfBvyMPmo9H314QD6RKd": [],
        "1EKswsDwFkRLtYtJ6QKsgm6cUqnChWh7vD": [],
        "1EcMiD6j6bSgVFe85JD5sfcLP2fH88BLsq": [],
        "1F2jgESiYdaokqjY9aasoqksHkUd6B9djW": [],
        "1F62KmzqdPh8VW4FQEvHNSxVKFZWxJoMpU": [],
        "1GVxgqmSawiLHnkMs3HToP9f7XxxH5bZFH": [],
        "1JDyyQrRqZknijFxrdoBT7mrzWPK2JDG19": [],
        "1JijGezfpMwApfx7critbnMFfFRfQ6wnjq": [],
        "1Kqq8UvTGyQ6ToSMMAbxrRQsxmZxEdyVh7": [],
        "1PNYCm77K7EqviRQ127yGjNtG7K4o7exgY": []
    },
    "addresses": {
        "change": [
            "15cnSuDNjayBW2o4aq3HaE5xcF82V5UpB6",
            "1F2jgESiYdaokqjY9aasoqksHkUd6B9djW",
            "17F1LypytdYLDkBFMzahYHNqc2EUPgatkN",
            "1JDyyQrRqZknijFxrdoBT7mrzWPK2JDG19",
            "1EKswsDwFkRLtYtJ6QKsgm6cUqnChWh7vD",
            "18shz9An1FUFDzjx3g9AMNnj2oKTKCin7P",
            "1CvUcDztyVNAW9mUpZH4Uxe1MvuzBHaqBf",
            "15apYJnasUECuARdvdg6EnZ784w7FkXG7Y",
            "1D7iAVEHRVZ794Ka552RSSd81MY8tckiMC",
            "1F62KmzqdPh8VW4FQEvHNSxVKFZWxJoMpU"
        ],
        "receiving": [
            "133EDYXSgb6z8nAYvvh3AkPZ52fnsrEg8x",
            "1BogLeK3ViZUJXCS9VoaMhjfWP21KVSNoy",
            "15ZebijTMvXNERemvnDpAqdJm6JaKjakrQ",
            "1PNYCm77K7EqviRQ127yGjNtG7K4o7exgY",
            "14JvsAvi7Xci3x9cm8jjpgQi9uq6UPhH6r",
            "16ZFnEfrebiBpt55QmLNcfSmpwm5ESrAh1",
            "1GVxgqmSawiLHnkMs3HToP9f7XxxH5bZFH",
            "17eG6gYd8g3LA6xKYcowPGg1UgtDjWCjVe",
            "13UYptZTHok6XVeXwoqeMFywe35hanypFL",
            "1275cQ8WmMSjxH4QHdM6457STHPew2idb5",
            "12Q38KCsdzw37C1Sd135YXMeiyvK8DoQSt",
            "1EcMiD6j6bSgVFe85JD5sfcLP2fH88BLsq",
            "1Kqq8UvTGyQ6ToSMMAbxrRQsxmZxEdyVh7",
            "1EK6hLTsKLw8J1XfBvyMPmo9H314QD6RKd",
            "192TvVSseSvR1Tz1J4YK9BSrGjGDYkgtfm",
            "13rAvBAY4EkbPCToTZhPB8j4wsMruxm9G2",
            "16gr1zQeQ9eGsp1UtnNRvqeK8PAbyk4GeK",
            "1JijGezfpMwApfx7critbnMFfFRfQ6wnjq",
            "1BMc5bUXXJCQPN2zjPJbzPsGp3vw4YQMNk",
            "1ECT5wcMeUjoiugmVeKsQy5rhmeTShRxGG"
        ]
    },
    "fiat_value": {},
    "frozen_coins": {},
    "invoices": {},
    "keystore": {
        "derivation": "m",
        "pw_hash_version": 1,
        "root_fingerprint": "499220fb",
        "seed": "minor zone pool almost remain combine document claw medal settle grace capable",
        "seed_type": "standard",
        "type": "bip32",
        "xprv": "xprv9s21ZrQH143K3NYHjZZ54oMSuhVBv12Yo29X76jfr5b84nqGSu3MHJgKYu4SZZkLkLbhUzpKskXgsUYAcz5sMEyJX5AP7h8pA6CEUERjqkD",
        "xpub": "xpub661MyMwAqRbcFrckqb65RwJBTjKgKTkQAF57uV9HQR86wbAQzSMbq6zoQCacDtACUT93jHzKTSRoCjxkD2W5E67rR13AVrM2HCGKu14ZDn2"
    },
    "labels": {},
    "payment_requests": {},
    "prevouts_by_scripthash": {},
    "seed_version": 50,
    "spent_outpoints": {},
    "transactions": {},
    "tx_fees": {},
    "txi": {},
    "txo": {},
    "use_encryption": false,
    "verified_tx3": {},
    "wallet_type": "standard"
}