{
    "addr_history": {
        "12pLZpgL3EMV2CuxyCrMqKxwAgGctTzpHx": [],
        "14kZdCbKtAi1H4tJRZUggGP7Q1MVA3gkr8": [],
        "15XZokerav6ASqZZCBpvJHocmtuMEAiA7Z": [],
        "16mg5vncVQgAWhuwreXrys66wXkGFc6k5N": [],
        "178u4JS4rn4Gi8SrfrQYQVx9bS9QZmW1zh": [],
        "17gkA8v9semdLsZotir22koqhVg8isMfyB": [],
        "1BQKcWFhwo1ZDaS5e4hUAZRx1zVkenpjAm": [],
        "1BUuN4jvDqm9NzxwJhhJRUt5LSJzUqkg3v": [],
        "1Bp146cFMxSR6RHAdsrM6cs16nK6vuXN7b": [],
        "1DywjiepzwMsWND6RrXPkgnsym6ENymDLW": [],
        "1EWjXJC6HUq5oZQmhr3ZzvLkiCcFjueVcA": [],
        "1EiYoxXhZDo9nrdk3QK87hPUR4LvDMUMp5": [],
        "1EjqoX5QWwX2jxod87NuGnTz2zbcGKnfMr": [],
        "1FK99eU1s34JtQpCRbb6tJedjAH5kYriNT": [],
        "1FW9hdU9w4q5EngEkFhYRKEDsqMUFCPuLm": [],
        "1FxNjvQN2yHna8gUn3dTmDoHqxRjVzft6w": [],
        "1Fz3mysybh48uuwzbAtVZ4LJ3hYVkjGCXa": [],
        "1Fz73hE991pxYebTgeQRjwJDou1iJBcazo": [],
        "1GimUjrV6tE9HZx6ocxK1pFeZgvVTcoCr3": [],
        "1HXwMow3N5HLHCRXL76RQdtLGsWJvhcjvM": [],
        "1J9vn4fH5Pf85sJYbFFz36RjNN5khENLBd": [],
        "1K6C4jsowyru9fKWseRWnuwJLSKTwKmcaZ": [],
        "1KJnRyPtdnN28xHE6jWq6tVNnx9zsK8EHr": [],
        "1KWsLYLhZZqRiRTzhbgLCXghnXsh874dx2": [],
        "1LJfUXkp1fwMo6zNgpoUUePgBGHBf2J2kW": [],
        "1MERqSW9B7huvsYRGiycYiiCHbSpHj6Vvv": [],
        "1NnmdoTWRsFjABVJcu3r2N4owzTwbpwTKg": [],
        "1NtZCFAD5K2UtEYraMZPGmhTivfmZSvfRa": [],
        "1PC8dd8dGf8HDop7noYQkkQz36mR7Ach1K": [],
        "1PRBPkThxo2vNtNuEkAtB9Xpm9Fws6XP7t": []
    },
    "addresses": {
        "change": [
            "1J9vn4fH5Pf85sJYbFFz36RjNN5khENLBd",
            "1Bp146cFMxSR6RHAdsrM6cs16nK6vuXN7b",
            "16mg5vncVQgAWhuwreXrys66wXkGFc6k5N",
            "1K6C4jsowyru9fKWseRWnuwJLSKTwKmcaZ",
            "1NnmdoTWRsFjABVJcu3r2N4owzTwbpwTKg",
            "12pLZpgL3EMV2CuxyCrMqKxwAgGctTzpHx",
            "1NtZCFAD5K2UtEYraMZPGmhTivfmZSvfRa",
            "15XZokerav6ASqZZCBpvJHocmtuMEAiA7Z",
            "1GimUjrV6tE9HZx6ocxK1pFeZgvVTcoCr3",
            "1EWjXJC6HUq5oZQmhr3ZzvLkiCcFjueVcA"
        ],
        "receiving": [
            "1EjqoX5QWwX2jxod87NuGnTz2zbcGKnfMr",
            "1Fz3mysybh48uuwzbAtVZ4LJ3hYVkjGCXa",
            "1PRBPkThxo2vNtNuEkAtB9Xpm9Fws6XP7t",
            "1DywjiepzwMsWND6RrXPkgnsym6ENymDLW",
            "14kZdCbKtAi1H4tJRZUggGP7Q1MVA3gkr8",
            "1BQKcWFhwo1ZDaS5e4hUAZRx1zVkenpjAm",
            "1EiYoxXhZDo9nrdk3QK87hPUR4LvDMUMp5",
            "1MERqSW9B7huvsYRGiycYiiCHbSpHj6Vvv",
            "1FK99eU1s34JtQpCRbb6tJedjAH5kYriNT",
            "1FxNjvQN2yHna8gUn3dTmDoHqxRjVzft6w",
            "1BUuN4jvDqm9NzxwJhhJRUt5LSJzUqkg3v",
            "17gkA8v9semdLsZotir22koqhVg8isMfyB",
            "1FW9hdU9w4q5EngEkFhYRKEDsqMUFCPuLm",
            "1HXwMow3N5HLHCRXL76RQdtLGsWJvhcjvM",
            "178u4JS4rn4Gi8SrfrQYQVx9bS9QZmW1zh",
            "1KWsLYLhZZqRiRTzhbgLCXghnXsh874dx2",
            "1PC8dd8dGf8HDop7noYQkkQz36mR7Ach1K",
            "1LJfUXkp1fwMo6zNgpoUUePgBGHBf2J2kW",
            "1KJnRyPtdnN28xHE6jWq6tVNnx9zsK8EHr",
            "1Fz73hE991pxYebTgeQRjwJDou1iJBcazo"
        ]
    },
    "fiat_value": {},
    "frozen_coins": {},
    "invoices": {},
    "keystore": {
        "derivation": "m",
        "pw_hash_version": 1,
        "root_fingerprint": "b1cf1a22",
        "seed": "minor zone pool avoid remain combine bonus claw medal settle grace capable",
        "seed_type": "standard",
        "type": "bip32",
        "xprv": "xprv9s21ZrQH143K2NwmCnUPvtu9S4mZ4Xj7KsKVucGB36EZYB3HpVuaAc1avF4s1MJnQiFDz3eexPraajSbdfmp9Dxf67ctC7YuH7YDsa3kkLd",
        "xpub": "xpub661MyMwAqRbcEs2EJp1QJ2qsz6c3TzSxh6F6hzfnbRmYQyNSN3DpiQL4mZNJ1BgfJm3k7ZLxU5FUw8iJ3eNpmByPPLVpPuCiHjgnJQGc1MS"
    },
    "labels": {},
    "payment_requests": {},
    "prevouts_by_scripthash": {},
    "seed_version": 50,
    "spent_outpoints": {},
    "transactions": {},
    "tx_fees": {},
    "txi": {},
    "txo": {},
    "use_encryption": false,
    "verified_tx3": {},
    "wallet_type": "standard"
}