{
    "addr_history": {
        "13myqf8xCjaKAZJqvBFwXGxG8B6TT7VCXz": [],
        "14RcBoNwMht3JLGkRWTA2w3ZZCtNr6Tt2p": [],
        "14hZRmuxpW8CJQUAJ5UMQFux1aMEj6tMMf": [],
        "15bbEBBeFsMQk9FmusgG9oFZaTWosMTpn2": [],
        "15dyXZtgte6PPEBoX5kMj5huaSczebv4wC": [],
        "16S1MAk6aWxLCqUzm3V9nveWdhhAucuzGP": [],
        "17gh1BoxeKWoZXhZoGu8zYcbekMawcrATf": [],
        "17jQEgCVcvMCjvH2vicUxQfaVhAbuB87v3": [],
        "17mEpUp54mtnrKXNHXYz4YBSYSqLZBMT1B": [],
        "186rr7xeXTYkkbA1LoaQfgMXk4BftAmn1n": [],
        "18T6jCXkA9ZFKXPcKtrZ1pJqpPoXCnaKxG": [],
        "19CakSjjEGr9bMhfkUwwrvwos6vt7QR5tw": [],
        "1ACiGKKtGbJGKvsJkLEZebWz3w7tgRvoxo": [],
        "1B95ecTwXGQ6t8HbiLRAEjDut7VXhpX4mT": [],
        "1BhwLLSovJMFLwp9Rhde2UWm1SAaFs6Q6E": [],
        "1CwoL1JkmrPHund9XbUpFfyXMtMS3jfo8P": [],
        "1DzRhyFvKZhfuht6k7aQYdSwpeZek9Hkpk": [],
        "1EK7Fy33o4RwUPzWFVQRpj8gN5LTJvQe97": [],
        "1EyugyCzTStghFokNwgjY5WsaTyTUoPREH": [],
        "1FF4rSfSW86xxQDbqATMexujZye9GtKk8J": [],
        "1Gm5dASZDYcfqyUhj2iPksJ6Q93RgCceCz": [],
        "1GvAq3zNhuJDt2T1oXW5QUPomiVKNKCLUu": [],
        "1HsdEQXkq4hc6S9SbeGi1CPPC7pjyqRWD2": [],
        "1KrxkgUbMfuCFNc5Mp4kLoG92h1ngFqAcc": [],
        "1LXxDvad8HBStr5wd7eJNvwdkPTbzq5W88": [],
        "1Mowk8KfNN8aqhmqvy6gitx1WDjCQYLufG": [],
        "1NgNxKKMbNAzbVn9Mfm2Ki54q5KzN1m1aF": [],
        "1P98mGZTooyfReFXuunM3yfcpvSccRx8v2": [],
        "1PmUFndrAnW7hcUrtAXr98vP1A2Y7L66Nj": [],
        "1QDgKeeRpmjQLQzF8Mmjrp6uRzxQS9WVu": []
    },
    "addresses": {
        "change": [
            "1EyugyCzTStghFokNwgjY5WsaTyTUoPREH",
            "14RcBoNwMht3JLGkRWTA2w3ZZCtNr6Tt2p",
            "1ACiGKKtGbJGKvsJkLEZebWz3w7tgRvoxo",
            "1B95ecTwXGQ6t8HbiLRAEjDut7VXhpX4mT",
            "1HsdEQXkq4hc6S9SbeGi1CPPC7pjyqRWD2",
            "1DzRhyFvKZhfuht6k7aQYdSwpeZek9Hkpk",
            "14hZRmuxpW8CJQUAJ5UMQFux1aMEj6tMMf",
            "1LXxDvad8HBStr5wd7eJNvwdkPTbzq5W88",
            "15dyXZtgte6PPEBoX5kMj5huaSczebv4wC",
            "1Mowk8KfNN8aqhmqvy6gitx1WDjCQYLufG"
        ],
        "receiving": [
            "13myqf8xCjaKAZJqvBFwXGxG8B6TT7VCXz",
            "1QDgKeeRpmjQLQzF8Mmjrp6uRzxQS9WVu",
            "1CwoL1JkmrPHund9XbUpFfyXMtMS3jfo8P",
            "1Gm5dASZDYcfqyUhj2iPksJ6Q93RgCceCz",
            "186rr7xeXTYkkbA1LoaQfgMXk4BftAmn1n",
            "17jQEgCVcvMCjvH2vicUxQfaVhAbuB87v3",
            "1BhwLLSovJMFLwp9Rhde2UWm1SAaFs6Q6E",
            "1NgNxKKMbNAzbVn9Mfm2Ki54q5KzN1m1aF",
            "1PmUFndrAnW7hcUrtAXr98vP1A2Y7L66Nj",
            "17mEpUp54mtnrKXNHXYz4YBSYSqLZBMT1B",
            "1GvAq3zNhuJDt2T1oXW5QUPomiVKNKCLUu",
            "1EK7Fy33o4RwUPzWFVQRpj8gN5LTJvQe97",
            "16S1MAk6aWxLCqUzm3V9nveWdhhAucuzGP",
            "15bbEBBeFsMQk9FmusgG9oFZaTWosMTpn2",
            "19CakSjjEGr9bMhfkUwwrvwos6vt7QR5tw",
            "18T6jCXkA9ZFKXPcKtrZ1pJqpPoXCnaKxG",
            "1KrxkgUbMfuCFNc5Mp4kLoG92h1ngFqAcc",
            "1FF4rSfSW86xxQDbqATMexujZye9GtKk8J",
            "1P98mGZTooyfReFXuunM3yfcpvSccRx8v2",
            "17gh1BoxeKWoZXhZoGu8zYcbekMawcrATf"
        ]
    },
    "fiat_value": {},
    "frozen_coins": {},
    "invoices": {},
    "keystore": {
        "derivation": "m",
        "pw_hash_version": 1,
        "root_fingerprint": "be25835d",
        "seed": "minor zone pool access remain combine furnace claw medal settle grace capable",
        "seed_type": "standard",
        "type": "bip32",
        "xprv": "xprv9s21ZrQH143K46yiGeauT4YK2n7HAEog3FrAeJdEyjGacmj3V9zCdhTDFo2f2i9sUziS5p4W28F1jLQpoXNMYAC5VJ2toLAB9ykJAW8hqQW",
        "xpub": "xpub661MyMwAqRbcGb4BNg7upCV3aowmZhXXQUmmSh2rY4oZVa4C2hJTBVmh77UKdeciRZpkdSWg3Y3Q6MNkzxmkXUPq32bZqJmDTp3BRmaVcy3"
    },
    "labels": {},
    "payment_requests": {},
    "prevouts_by_scripthash": {},
    "seed_version": 50,
    "spent_outpoints": {},
    "transactions": {},
    "tx_fees": {},
    "txi": {},
    "txo": {},
    "use_encryption": false,
    "verified_tx3": {},
    "wallet_type": "standard"
}