{
    "addr_history": {
        "149GJn6M91puzJEYYvEiZRDVVBDpEYR2Yz": [],
        "14wsRcTNm15Y9eRKhDS71A24FmmYUxKWUS": [],
        "14zhkrE3wmAWjwPsPTCgKt9hfb9sVoMcm7": [],
        "15F5GG7GMcv5TQhdiPxkuQG5VMV13LNbQd": [],
        "165PsgvQcsyevfHGi8jFHDQMTY66SRXV6m": [],
        "16i1UQD4HGCpeTq3y7q5LSgYxoKHAb2DgM": [],
        "192fbE5eSTe9hVDChMMKZ46zEKuiLk3bCa": [],
        "19ZncqVjSJBEbuZmwfNQGhA9k82epv7bzu": [],
        "1ATZTvFgz34BipBSN9XYDDd5EDt7rWpQj2": [],
        "1AoJ8yufS2esGw4EkdtNkRdyU7LLeoif69": [],
        "1Ap6kkeWWZEpwKpzhoWtF3i8HiqMkC3XrP": [],
        "1Dgojx98sFPt4WXUDHf5AQw6UZsoyutQoU": [],
        "1EFf9BBEVKPxbcrYtYtRDuTehbojUZa5XR": [],
        "1Ekjp6Ukignq6vS2WYW98mWsJT2wEw2eb9": [],
        "1EuRAQyjjS1i4KaPQZXHP8j4yx6vF4CVMd": [],
        "1FzBXtqGodf5MmsVeewJ89x8wJKYd5y7tE": [],
        "1GEDfjFwx6kXvFtRbGNkUNLqdZcsLXSent": [],
        "1Gifvzg7wNcwGKRPGKrmR1nkJLdmomoXhs": [],
        "1JL1Q2U1qqfo1c1qNedh4cdA7E3pRxDPBq": [],
        "1JbhwZG8wcCMXPcZ18XBNU4KNBC67GCceZ": [],
        "1JvqH2Y4ME6UGRgngJvAfxWLpfn9RYTswa": [],
        "1KP7A7v1TyktU1tofBjw61jgiqXgok77mi": [],
        "1LJnxkf9z3gxSjR2D7Nrsikong12JcqF7D": [],
        "1LW42uv1Z9n6aRqcYZb3bu1yFMPrP5WtM1": [],
        "1LjScGau4WcgNFRVhLKoACSDA7mNA6C9xR": [],
        "1Lsx2rPBUEsaxLYsN1khumKtJEFhd2T4dV": [],
        "1MEHFtAe219kLCSMX4MkX3pxoguVXQtrPY": [],
        "1N4B9cw2RgQzZktfRYr9aVoqJgh1qfrgLA": [],
        "1PFE7Qf3WpYLF7HFPL38PTdPCKsUgRUMfP": [],
        "1PMQZpixcd5HZwJ2ndRAkTB8TDkoxeT4Uy": []
    },
    "addresses": {
        "change": [
            "14zhkrE3wmAWjwPsPTCgKt9hfb9sVoMcm7",
            "1EuRAQyjjS1i4KaPQZXHP8j4yx6vF4CVMd",
            "1ATZTvFgz34BipBSN9XYDDd5EDt7rWpQj2",
            "1LjScGau4WcgNFRVhLKoACSDA7mNA6C9xR",
            "1AoJ8yufS2esGw4EkdtNkRdyU7LLeoif69",
            "1Ap6kkeWWZEpwKpzhoWtF3i8HiqMkC3XrP",
            "1PMQZpixcd5HZwJ2ndRAkTB8TDkoxeT4Uy",
            "19ZncqVjSJBEbuZmwfNQGhA9k82epv7bzu",
            "1JvqH2Y4ME6UGRgngJvAfxWLpfn9RYTswa",
            "1LJnxkf9z3gxSjR2D7Nrsikong12JcqF7D"
        ],
        "receiving": [
            "1Gifvzg7wNcwGKRPGKrmR1nkJLdmomoXhs",
            "1FzBXtqGodf5MmsVeewJ89x8wJKYd5y7tE",
            "1EFf9BBEVKPxbcrYtYtRDuTehbojUZa5XR",
            "1Dgojx98sFPt4WXUDHf5AQw6UZsoyutQoU",
            "1LW42uv1Z9n6aRqcYZb3bu1yFMPrP5WtM1",
            "14wsRcTNm15Y9eRKhDS71A24FmmYUxKWUS",
            "1PFE7Qf3WpYLF7HFPL38PTdPCKsUgRUMfP",
            "15F5GG7GMcv5TQhdiPxkuQG5VMV13LNbQd",
            "1KP7A7v1TyktU1tofBjw61jgiqXgok77mi",
            "149GJn6M91puzJEYYvEiZRDVVBDpEYR2Yz",
            "1JL1Q2U1qqfo1c1qNedh4cdA7E3pRxDPBq",
            "16i1UQD4HGCpeTq3y7q5LSgYxoKHAb2DgM",
            "1N4B9cw2RgQzZktfRYr9aVoqJgh1qfrgLA",
            "165PsgvQcsyevfHGi8jFHDQMTY66SRXV6m",
            "1Lsx2rPBUEsaxLYsN1khumKtJEFhd2T4dV",
            "1GEDfjFwx6kXvFtRbGNkUNLqdZcsLXSent",
            "1MEHFtAe219kLCSMX4MkX3pxoguVXQtrPY",
            "1Ekjp6Ukignq6vS2WYW98mWsJT2wEw2eb9",
            "192fbE5eSTe9hVDChMMKZ46zEKuiLk3bCa",
            "1JbhwZG8wcCMXPcZ18XBNU4KNBC67GCceZ"
        ]
    },
    "fiat_value": {},
    "frozen_coins": {},
    "invoices": {},
    "keystore": {
        "derivation": "m",
        "pw_hash_version": 1,
        "root_fingerprint": "970928a2",
        "seed": "minor zone pool addict remain combine menu claw medal settle grace capable",
        "seed_type": "standard",
        "type": "bip32",
        "xprv": "xprv9s21ZrQH143K2B1M7pA4WPSPYFi9uptYfj6z7qAG5MJa6iMPCCNwZvsqoUuLPZ4ZECZJiY7iSoSLKE63CruSuyaQ94b1n3uopwAonQLcHmn",
        "xpub": "xpub661MyMwAqRbcEf5pDqh4sXP86HYeKHcQ2x2avDZsdgqYyWgXjjhC7jCKemm67qHjemGqySFvSDUUt7MSkdoQigNEGRWpU5kFqAmx7v5w1gj"
    },
    "labels": {},
    "payment_requests": {},
    "prevouts_by_scripthash": {},
    "seed_version": 50,
    "spent_outpoints": {},
    "transactions": {},
    "tx_fees": {},
    "txi": {},
    "txo": {},
    "use_encryption": false,
    "verified_tx3": {},
    "wallet_type": "standard"
}