{
    "addr_history": {
        "12opVD5vacWpjwKPn2jotPz3S9kVoREnVu": [],
        "12xwF9uvqPrtHuCXMkb5hN5N83BWU6x9CD": [],
        "15Pgk6SZ78EHLxTfhMFtqFN2jQQzFq4LaQ": [],
        "15Q9gdiKCmPiF4Ny5Dd3yEEWDi2E3atX9c": [],
        "15WoQT7hgVex6FypMLU2yBNfRcSd1bmCNJ": [],
        "15iGw5QAvbjUK6atVfzG4kk7uchFRUVxMC": [],
        "15kM7mcbSngknabum7Zmma45wAV9CubPdx": [],
        "165b2FamgB7DdXvoUGdAEvzfkmBdVqts9S": [],
        "18o3WwPW8UAcK4XvkcfpBA9kyx8N3gBAUL": [],
        "18xEuabVgsuz9HTmEyB9nUGvtnHWXCGbma": [],
        "19AoLMEHMi2dZJw7go8dXJfjrBEdpotYms": [],
        "19qSCzeDUiYpyb6vPxhkmuFtFA4CCcBiqw": [],
        "1CkxdMUdrybYqo376qNVEBVQ43QQztbjrL": [],
        "1FXZBWaTy21Pz4Vdv1TjFaL1rby1ZPpUkd": [],
        "1FgccNW7AKiPjaaJ9u47xwBZarfGSjNhr9": [],
        "1GBYkk82M28NSgv7L6ksnAFAw6i9QnggKm": [],
        "1Gmfq9MnLWoxmhBCsKfpmUek5H28NDFscB": [],
        "1Gw2JtLk8bMG8CLbm8anRqdrvCkjfUmjSi": [],
        "1JCGgwZKu4MMhW7FX5NdEXFNoT955Rbr5q": [],
        "1JNjCU8RDcjP3qeqwnucRRhUmr4ZaRfRmm": [],
        "1Ja4mnRYndQWThMGaTfTeZowpGcJECMCUN": [],
        "1L266oBx6XN1UVeZEBe1hT9Snodq1cVV4i": [],
        "1LCnr8TXA9F88yr2YsNzezSzFVu944v4AE": [],
        "1LPa7e5zTc5T4nBtzsTYrXQrgtZfX38C7Z": [],
        "1Ljw7ojPbutALpwzX4pLf7wemVnbXU9fin": [],
        "1LpEbxRsLxAKR87CxNMLfH7RozruzdMrTV": [],
        "1MhRSPwn8DaDNcUi3zTyr6XiQgtVjT5Ez5": [],
        "1N1sFxKgWnfCouTMGeLsC4EykPYp37JqHN": [],
        "1NJgSCzZtqDP3ErQNZ5tMyLgubeSdtja2Y": [],
        "1SrD7akB4SBgdBbbpbYMvR2ZwoTjQobGM": []
    },
    "addresses": {
        "change": [
            "12xwF9uvqPrtHuCXMkb5hN5N83BWU6x9CD",
            "1SrD7akB4SBgdBbbpbYMvR2ZwoTjQobGM",
            "1NJgSCzZtqDP3ErQNZ5tMyLgubeSdtja2Y",
            "1Ljw7ojPbutALpwzX4pLf7wemVnbXU9fin",
            "1N1sFxKgWnfCouTMGeLsC4EykPYp37JqHN",
            "1GBYkk82M28NSgv7L6ksnAFAw6i9QnggKm",
            "1L266oBx6XN1UVeZEBe1hT9Snodq1cVV4i",
            "15Pgk6SZ78EHLxTfhMFtqFN2jQQzFq4LaQ",
            "1CkxdMUdrybYqo376qNVEBVQ43QQztbjrL",
            "19qSCzeDUiYpyb6vPxhkmuFtFA4CCcBiqw"
        ],
        "receiving": [
            "1Gw2JtLk8bMG8CLbm8anRqdrvCkjfUmjSi",
            "1FXZBWaTy21Pz4Vdv1TjFaL1rby1ZPpUkd",
            "1LCnr8TXA9F88yr2YsNzezSzFVu944v4AE",
            "165b2FamgB7DdXvoUGdAEvzfkmBdVqts9S",
            "1JCGgwZKu4MMhW7FX5NdEXFNoT955Rbr5q",
            "1Gmfq9MnLWoxmhBCsKfpmUek5H28NDFscB",
            "12opVD5vacWpjwKPn2jotPz3S9kVoREnVu",
            "1MhRSPwn8DaDNcUi3zTyr6XiQgtVjT5Ez5",
            "15kM7mcbSngknabum7Zmma45wAV9CubPdx",
            "1LpEbxRsLxAKR87CxNMLfH7RozruzdMrTV",
            "1JNjCU8RDcjP3qeqwnucRRhUmr4ZaRfRmm",
            "1FgccNW7AKiPjaaJ9u47xwBZarfGSjNhr9",
            "15Q9gdiKCmPiF4Ny5Dd3yEEWDi2E3atX9c",
            "19AoLMEHMi2dZJw7go8dXJfjrBEdpotYms",
            "15iGw5QAvbjUK6atVfzG4kk7uchFRUVxMC",
            "1LPa7e5zTc5T4nBtzsTYrXQrgtZfX38C7Z",
            "18xEuabVgsuz9HTmEyB9nUGvtnHWXCGbma",
            "1Ja4mnRYndQWThMGaTfTeZowpGcJECMCUN",
            "15WoQT7hgVex6FypMLU2yBNfRcSd1bmCNJ",
            "18o3WwPW8UAcK4XvkcfpBA9kyx8N3gBAUL"
        ]
    },
    "fiat_value": {},
    "frozen_coins": {},
    "invoices": {},
    "keystore": {
        "derivation": "m",
        "pw_hash_version": 1,
        "root_fingerprint": "503edde1",
        "seed": "minor zone pool artist remain combine soap claw medal settle grace capable",
        "seed_type": "standard",
        "type": "bip32",
        "xprv": "xprv9s21ZrQH143K3Pmp9aZFuc7KfE8qDtVq8YJ2iyLpQ2SaQPEsowRjf5TkPutc8xB19NUEhi1k7nk9SLcRnvaPPtHezDUzGqycHavGChy8RyL",
        "xpub": "xpub661MyMwAqRbcFsrHFc6GGk44DFyKdMDgVmDdXMkRxMyZHBa2MUjzCsnEFBaqtUA81ceSLtnbhh65341xFdfWAxMHBcfpfQ9nozmiEPAxQxb"
    },
    "labels": {},
    "payment_requests": {},
    "prevouts_by_scripthash": {},
    "seed_version": 50,
    "spent_outpoints": {},
    "transactions": {},
    "tx_fees": {},
    "txi": {},
    "txo": {},
    "use_encryption": false,
    "verified_tx3": {},
    "wallet_type": "standard"
}