{
    "addr_history": {
        "12nREJaUFrWBeL4nxBdE2M8oogwKVM1vYW": [],
        "14YKyvt5NtJHQZ4m5LeNpYdx86aWuUNTKg": [],
        "15qC91MCg714f9AgPSVzLaKxketWRD8ruH": [],
        "15yhq72yuTazHVtwnyUGBfQGDpiK28JVNQ": [],
        "167uZFgBqSzYcG1ExqVMAogCDBQFBAipm2": [],
        "17hwMYWMaCsThCU4MXtS3WMBS52gX6o3ca": [],
        "184tA8v8aKjHZhzjmNer9QtCGVTYnWVv6K": [],
        "1852Dgt6VaK9AW4sJnjJqsZVRsMuCQMHc4": [],
        "19JNz87kLT1dG4AHyWMxJtNAgbPBYNvdy7": [],
        "19QhqzSDjX6TTXQrCz9itQVQkmJyFXM6Pv": [],
        "19aHRzRF8LyMUuETY5qYkenR7okxGMezeB": [],
        "19iexqwjbVt4EREeRPDnqSdxFYBFDo7Mjs": [],
        "1AEGdMQiNM1sbP5Zo6QrSKwMkFSB398a1i": [],
        "1AKCnkvnNtm8BqkW1VVtQ7jekbLKqawu2e": [],
        "1AZ6MsfcR6ZN6MPoMyjFjKa3qR2GDB8qY1": [],
        "1B4yDfPzUjt798kUkWTKnyg69kuJAMZhek": [],
        "1BnFYJkeqRQFCH9nRGt8SqUXTwZBiFETYN": [],
        "1BwQeGKEZWLbZmuowBoKBYAH65FS2SuWJF": [],
        "1C9D5tVoAWWPAWKJcqPvRkDPn2FgTXz54W": [],
        "1DW6uHtF65hyQyV3GGri6mMfjzTr5vnKrn": [],
        "1EeGoGyRprg2kef41SEkGQA8z85tx3HDHe": [],
        "1F7KrFSZjme4e8QWsafLpg8XZ9fEFGFMk9": [],
        "1FrpHquqVPrGrs7PYufYzUVpeSHBWYuNA3": [],
        "1JT7MF7NrRvWHmczPP7NNqUQ3GUU8abkER": [],
        "1JnEw4WDF5WPYELiWFrSpjch8wn6nmisrS": [],
        "1LszEbTKDf86c6p1h1e8jphVVYAgdAbr6o": [],
        "1MCjiyprDY1wCjLv6xPu2AEQwnuAsCrLmH": [],
        "1Mbcn1r3WA5vKmSQ9CxWZjqb6DzXikBrPG": [],
        "1P7di5EedPg3YhRA4tHqhv4Axr6sNfvAmX": [],
        "1PCKtNQCN1XgGMZQxGRXiiw2EPCWSen1nU": []
    },
    "addresses": {
        "change": [
            "1852Dgt6VaK9AW4sJnjJqsZVRsMuCQMHc4",
            "1PCKtNQCN1XgGMZQxGRXiiw2EPCWSen1nU",
            "1MCjiyprDY1wCjLv6xPu2AEQwnuAsCrLmH",
            "1LszEbTKDf86c6p1h1e8jphVVYAgdAbr6o",
            "12nREJaUFrWBeL4nxBdE2M8oogwKVM1vYW",
            "1DW6uHtF65hyQyV3GGri6mMfjzTr5vnKrn",
            "1F7KrFSZjme4e8QWsafLpg8XZ9fEFGFMk9",
            "1B4yDfPzUjt798kUkWTKnyg69kuJAMZhek",
            "1P7di5EedPg3YhRA4tHqhv4Axr6sNfvAmX",
            "1AEGdMQiNM1sbP5Zo6QrSKwMkFSB398a1i"
        ],
        "receiving": [
            "1AZ6MsfcR6ZN6MPoMyjFjKa3qR2GDB8qY1",
            "17hwMYWMaCsThCU4MXtS3WMBS52gX6o3ca",
            "1FrpHquqVPrGrs7PYufYzUVpeSHBWYuNA3",
            "15qC91MCg714f9AgPSVzLaKxketWRD8ruH",
            "1BwQeGKEZWLbZmuowBoKBYAH65FS2SuWJF",
            "15yhq72yuTazHVtwnyUGBfQGDpiK28JVNQ",
            "14YKyvt5NtJHQZ4m5LeNpYdx86aWuUNTKg",
            "1Mbcn1r3WA5vKmSQ9CxWZjqb6DzXikBrPG",
            "19JNz87kLT1dG4AHyWMxJtNAgbPBYNvdy7",
            "184tA8v8aKjHZhzjmNer9QtCGVTYnWVv6K",
            "19iexqwjbVt4EREeRPDnqSdxFYBFDo7Mjs",
            "1JT7MF7NrRvWHmczPP7NNqUQ3GUU8abkER",
            "1C9D5tVoAWWPAWKJcqPvRkDPn2FgTXz54W",
            "1AKCnkvnNtm8BqkW1VVtQ7jekbLKqawu2e",
            "1EeGoGyRprg2kef41SEkGQA8z85tx3HDHe",
            "1JnEw4WDF5WPYELiWFrSpjch8wn6nmisrS",
            "167uZFgBqSzYcG1ExqVMAogCDBQFBAipm2",
            "19QhqzSDjX6TTXQrCz9itQVQkmJyFXM6Pv",
            "1BnFYJkeqRQFCH9nRGt8SqUXTwZBiFETYN",
            "19aHRzRF8LyMUuETY5qYkenR7okxGMezeB"
        ]
    },
    "fiat_value": {},
    "frozen_coins": {},
    "invoices": {},
    "keystore": {
        "derivation": "m",
        "pw_hash_version": 1,
        "root_fingerprint": "0e6365a6",
        "seed": "minor zone pool ability remain combine banana claw medal settle grace capable",
        "seed_type": "standard",
        "type": "bip32",
        "xprv": "xprv9s21ZrQH143K4KcBaZjMToaxaXCmB8YPjU6nn7wCNEU3jjKHTvaaMTK9whfXvv3oce25L86ksHoWBVMRWdjW5jTowWtm3ziFbr9BKSW5xWr",
        "xpub": "xpub661MyMwAqRbcGogegbGMpwXh8Z3FabGF6h2PaWLova12cXeS1TtpuFddnxXGSd2WoF4cWu7i4gDbBJdt984W67hBbbsHCcRiN73LGs5NJo9"
    },
    "labels": {},
    "payment_requests": {},
    "prevouts_by_scripthash": {},
    "seed_version": 50,
    "spent_outpoints": {},
    "transactions": {},
    "tx_fees": {},
    "txi": {},
    "txo": {},
    "use_encryption": false,
    "verified_tx3": {},
    "wallet_type": "standard"
}