{
    "addr_history": {
        "12piN8XsUwBgT3zmr5DrTtVXYfLXupPTgA": [],
        "133KNVsPieZeD9eSgVMUWm9733hmj7FLgJ": [],
        "14EbJz2uukKt7NVcJZWK7ioSirwaDXBvkx": [],
        "14mSWUUsFD1ALFP9TQBN8qa6vnc95Lopsp": [],
        "15J8s1CC7FFan8uYNBnA2MGUGsxbnFM9sr": [],
        "16DBeJwcwP7jNMcHANJ86FfCXVGXC45RnG": [],
        "16JDgsGMosgUfpx8X827CbTw38vLbhZVc3": [],
        "18r3h9QKtViyLpYURnDECha1tjUrU1wKMp": [],
        "18y22YzgUZFJz8h6he1VfBhR1SQWa2SDN": [],
        "1BU6YEVkWgzj7Dm9yPvUsGw3HaDx5EcYNR": [],
        "1BohUvu3abN5yGuVxgjFpACKyQy3TXNfCV": [],
        "1CFzWBoqzHRHAwqAzrwzHg8zTwK3HXgVhj": [],
        "1CGK1caup89y5KajJkGoWMafJWxzfUNjUW": [],
        "1Cx8XovxC5FKR4W87pSkiMkxLpzS951k42": [],
        "1DGqJsiRVPiW81UFdQ9tEZRdEHN1on3u7R": [],
        "1Ds4hV4j6cCU7n1ut2KZ33zFWx4U9k1hc6": [],
        "1EEr4z62KNV7VcgNf6EQ84wYdeDwsGRXUU": [],
        "1EhsYhMPchbyA8X2bgdpqT6z9zLjLgsGu8": [],
        "1Exy95WoiW8bEwPGt9djBqW9UrsqTbPrSt": [],
        "1FAKdkt6CvjWqTaeC3MFXv7NDjcaWf7e4Q": [],
        "1GhmAsx7hxVnhk2Tgx5hEzciBFHyfQ3cjE": [],
        "1KBk6FZEPkotWMhjYsJMtN5wFxvBWE3ZG4": [],
        "1KX9SAjvHptgYrVH2ds3XAMWpxBaZD1B6W": [],
        "1L8s45buZ9Fd242iv4pyeB6R35xLW2UcuL": [],
        "1MzXEekRmmeG9hVsXu1yciYBH2Lkbd9vBN": [],
        "1PDf45XRrjhycanqqk2iJRAkSGVgoWFFav": [],
        "1PobDEAtKa3fmTWCK86fbXWfMhwYRV8GUi": [],
        "1Q1WTvVa8fTar9WmJuZnxHi8AWxvQPSi2e": [],
        "1QEKNEJBtkUm68oAfmETDxGeuZue1pu9PQ": [],
        "1Za4UBsfd2vQH8mvKYuQaF938kBBZBqYP": []
    },
    "addresses": {
        "change": [
            "15J8s1CC7FFan8uYNBnA2MGUGsxbnFM9sr",
            "1L8s45buZ9Fd242iv4pyeB6R35xLW2UcuL",
            "18r3h9QKtViyLpYURnDECha1tjUrU1wKMp",
            "14EbJz2uukKt7NVcJZWK7ioSirwaDXBvkx",
            "1GhmAsx7hxVnhk2Tgx5hEzciBFHyfQ3cjE",
            "1Cx8XovxC5FKR4W87pSkiMkxLpzS951k42",
            "16JDgsGMosgUfpx8X827CbTw38vLbhZVc3",
            "1QEKNEJBtkUm68oAfmETDxGeuZue1pu9PQ",
            "12piN8XsUwBgT3zmr5DrTtVXYfLXupPTgA",
            "1Q1WTvVa8fTar9WmJuZnxHi8AWxvQPSi2e"
        ],
        "receiving": [
            "1MzXEekRmmeG9hVsXu1yciYBH2Lkbd9vBN",
            "1Za4UBsfd2vQH8mvKYuQaF938kBBZBqYP",
            "1KX9SAjvHptgYrVH2ds3XAMWpxBaZD1B6W",
            "1EEr4z62KNV7VcgNf6EQ84wYdeDwsGRXUU",
            "1BU6YEVkWgzj7Dm9yPvUsGw3HaDx5EcYNR",
            "1PDf45XRrjhycanqqk2iJRAkSGVgoWFFav",
            "1Ds4hV4j6cCU7n1ut2KZ33zFWx4U9k1hc6",
            "16DBeJwcwP7jNMcHANJ86FfCXVGXC45RnG",
            "1FAKdkt6CvjWqTaeC3MFXv7NDjcaWf7e4Q",
            "1BohUvu3abN5yGuVxgjFpACKyQy3TXNfCV",
            "1Exy95WoiW8bEwPGt9djBqW9UrsqTbPrSt",
            "1EhsYhMPchbyA8X2bgdpqT6z9zLjLgsGu8",
            "133KNVsPieZeD9eSgVMUWm9733hmj7FLgJ",
            "1PobDEAtKa3fmTWCK86fbXWfMhwYRV8GUi",
            "18y22YzgUZFJz8h6he1VfBhR1SQWa2SDN",
            "14mSWUUsFD1ALFP9TQBN8qa6vnc95Lopsp",
            "1KBk6FZEPkotWMhjYsJMtN5wFxvBWE3ZG4",
            "1DGqJsiRVPiW81UFdQ9tEZRdEHN1on3u7R",
            "1CGK1caup89y5KajJkGoWMafJWxzfUNjUW",
            "1CFzWBoqzHRHAwqAzrwzHg8zTwK3HXgVhj"
        ]
    },
    "fiat_value": {},
    "frozen_coins": {},
    "invoices": {},
    "keystore": {
        "derivation": "m",
        "pw_hash_version": 1,
        "root_fingerprint": "836373fa",
        "seed": "minor zone pool attitude remain combine buyer claw medal settle grace capable",
        "seed_type": "standard",
        "type": "bip32",
        "xprv": "xprv9s21ZrQH143K4MK7UxHCoVPSu7Yb3dYokf5YTCjzDdp6Ge2LTRXA8wsffB77D1X8sERMrgKiW7MbHBCJ9H5C2n19tBLVLHLeD3spTc6qtDC",
        "xpub": "xpub661MyMwAqRbcGqPaaypDAdLBT9P5T6Gf7t19Fb9bmyM59SMUzxqQgkC9WSgZ4WAqTHjeoH5NBqNdPay4R1hVjgnFzivqQzmf1wcVCaSUdZE"
    },
    "labels": {},
    "payment_requests": {},
    "prevouts_by_scripthash": {},
    "seed_version": 50,
    "spent_outpoints": {},
    "transactions": {},
    "tx_fees": {},
    "txi": {},
    "txo": {},
    "use_encryption": false,
    "verified_tx3": {},
    "wallet_type": "standard"
}