{
    "addr_history": {
        "14BKBcTT3j6fgL5bL21eThvVrcp2icqSkG": [],
        "15Mu1x87bkFN1S3atiGRMuP6GSWcuPoF4c": [],
        "16NxQuXLPY39w82vx7DUYfu6rJT1EntYkZ": [],
        "17WfAwNM1j5qzStP379sGSDW2XKCMtvYFz": [],
        "19uzjWPCBxLCtZ5zqVDnajJLBTyNsehn5p": [],
        "1CAZ7U3QWtiqvNmwxBfg63wXZfpeRHmZTb": [],
        "1Chs3MtXWoX3xwLmZos5Jg2rcvVTHPJDtr": [],
        "1CoaU5hNAKajicJh3uvcwd68Fktgzw6dLU": [],
        "1CuV6Pp582KCoTqSnn7JCsPh1uaBGVoiZY": [],
        "1DVdyriEVytDzbw5uHxRCp68VqduGE8Vs8": [],
        "1EfPY4Q7S1jCyuAWBvr72xqRqmAxvEe3Fv": [],
        "1EkpqG8NSj1Ua3DoE4RytDXp6XTYFaggms": [],
        "1FV3NJ3wGsYRWRMqV6isDh5TvYHVA434Lo": [],
        "1FguNtmyAT3Qmmc5a89eher72Ft9RLsyHL": [],
        "1FukGUHVuENmsWa4FeG9LjL4NmBsLGig1u": [],
        "1Ggvbp3NnLWNTLVXdDcFLh8nYz4jzW8pxR": [],
        "1Hf79pp8nRjcxCtuPgueaNmreqwQdT51kE": [],
        "1HkMXHjqxEyLiqdw6KYuXLdPyf4A68ibWb": [],
        "1Hu58cD2gga7WuqNy4xDdN1tyK3SbnduXd": [],
        "1Jpip8Z5KLvcajRt6KhrvjrV5XsNVv56GB": [],
        "1Js9LMA6bSmz68DW4JQgNUNXm6Hn8AQkRD": [],
        "1JtNRtfEjsHDj2jA3UVVQn6qA3NA7a9g41": [],
        "1KBTYsbQ8gxQtpC8f8vjgdyc9rfMTQNk9g": [],
        "1KguXtSKe3vnpcuJVw4FuoyBtBcz7EVrK3": [],
        "1LY7vinnpJNV2V3XJiNq979H25bbgXToMi": [],
        "1Ng51sq1NqnzwN88LNArvJ6RJ4U2kGM8iU": [],
        "1PbWDSytxo6x3ArjwBT4N7tz3Qt22xAwzm": [],
        "1PiHQQa9Sos3WiMEPjmY6SBnQWR37MYBKr": [],
        "1Q66RsM71WAbL5qSTu5gfHfPxLGJFEfTve": [],
        "1Q6AjbxLgH6GEcXHpCHPMSKXEaCmUCYV1G": []
    },
    "addresses": {
        "change": [
            "1Hu58cD2gga7WuqNy4xDdN1tyK3SbnduXd",
            "1KBTYsbQ8gxQtpC8f8vjgdyc9rfMTQNk9g",
            "16NxQuXLPY39w82vx7DUYfu6rJT1EntYkZ",
            "17WfAwNM1j5qzStP379sGSDW2XKCMtvYFz",
            "14BKBcTT3j6fgL5bL21eThvVrcp2icqSkG",
            "1PbWDSytxo6x3ArjwBT4N7tz3Qt22xAwzm",
            "1FukGUHVuENmsWa4FeG9LjL4NmBsLGig1u",
            "1Q6AjbxLgH6GEcXHpCHPMSKXEaCmUCYV1G",
            "1Jpip8Z5KLvcajRt6KhrvjrV5XsNVv56GB",
            "19uzjWPCBxLCtZ5zqVDnajJLBTyNsehn5p"
        ],
        "receiving": [
            "1FguNtmyAT3Qmmc5a89eher72Ft9RLsyHL",
            "1HkMXHjqxEyLiqdw6KYuXLdPyf4A68ibWb",
            "1CuV6Pp582KCoTqSnn7JCsPh1uaBGVoiZY",
            "1KguXtSKe3vnpcuJVw4FuoyBtBcz7EVrK3",
            "1CAZ7U3QWtiqvNmwxBfg63wXZfpeRHmZTb",
            "1DVdyriEVytDzbw5uHxRCp68VqduGE8Vs8",
            "15Mu1x87bkFN1S3atiGRMuP6GSWcuPoF4c",
            "1EkpqG8NSj1Ua3DoE4RytDXp6XTYFaggms",
            "1Hf79pp8nRjcxCtuPgueaNmreqwQdT51kE",
            "1PiHQQa9Sos3WiMEPjmY6SBnQWR37MYBKr",
            "1Chs3MtXWoX3xwLmZos5Jg2rcvVTHPJDtr",
            "1EfPY4Q7S1jCyuAWBvr72xqRqmAxvEe3Fv",
            "1Ggvbp3NnLWNTLVXdDcFLh8nYz4jzW8pxR",
            "1Js9LMA6bSmz68DW4JQgNUNXm6Hn8AQkRD",
            "1Ng51sq1NqnzwN88LNArvJ6RJ4U2kGM8iU",
            "1JtNRtfEjsHDj2jA3UVVQn6qA3NA7a9g41",
            "1LY7vinnpJNV2V3XJiNq979H25bbgXToMi",
            "1CoaU5hNAKajicJh3uvcwd68Fktgzw6dLU",
            "1Q66RsM71WAbL5qSTu5gfHfPxLGJFEfTve",
            "1FV3NJ3wGsYRWRMqV6isDh5TvYHVA434Lo"
        ]
    },
    "fiat_value": {},
    "frozen_coins": {},
    "invoices": {},
    "keystore": {
        "derivation": "m",
        "pw_hash_version": 1,
        "root_fingerprint": "4b3da601",
        "seed": "minor zone pool ankle remain combine accuse claw medal settle grace capable",
        "seed_type": "standard",
        "type": "bip32",
        "xprv": "xprv9s21ZrQH143K3vR8JxKd33mFwreDzXAE7SNbwUU3NPUQP2cUPBWFrK3VoKvz85fZTGAErJCHvUrhBY1uk1wZZ6zZwjpNbyyzu5SoTukyB8z",
        "xpub": "xpub661MyMwAqRbcGQVbQyrdQBhzVtUiPyt5UfJCjrsevj1PFpwcvipWQ7MyedXbF2kMqghHemRJXUnZbKnsZYPSJSeiUYyFVGiRbWavDrKDWES"
    },
    "labels": {},
    "payment_requests": {},
    "prevouts_by_scripthash": {},
    "seed_version": 50,
    "spent_outpoints": {},
    "transactions": {},
    "tx_fees": {},
    "txi": {},
    "txo": {},
    "use_encryption": false,
    "verified_tx3": {},
    "wallet_type": "standard"
}