{
    "addr_history": {
        "bc1q343wjyjdazkqc37qt4tarpn7r0p27ace7mvues": [],
        "bc1q3hcczrerwpl4jwv5zuyxxzuc7l476ekke62dpz": [],
        "bc1q3l9ys36z0jjhd2kl4uw7jkv5lzncgy7namn7q3": [],
        "bc1q45ey99z6w45thsatm595mmzz50454p6n3v9cwk": [],
        "bc1q5ak9mydz7mtulfl3crpz33mzvar4peja2j7m09": [],
        "bc1q659pxcg908sjtn5mkq29dc3j72r9dscq8948xv": [],
        "bc1q852257s68s972fu0dryg77h8vur7a8a0ucmwqg": [],
        "bc1q8yr0uyxx55mc3wn3rkyqvjtfvyzv908cmd70ge": [],
        "bc1q9j6jkrjaftmw9890wppgpdn06xt7ljkv0lu6gd": [],
        "bc1qag75q2vk5egrwc8al5tgtguvxkecrqzjpvf3tl": [],
        "bc1qagjam3leavrsqwun7tf85m5zwqlv97gnnhtz0k": [],
        "bc1qaqcpsy5rxhsun5ndyzxrvh2rtgpfgxpdztlcy5": [],
        "bc1qcevnc75q2njenfxucju0t6c8fn7h7ydhzfkel6": [],
        "bc1qcrtfc76eyuxpr29m46kqsr4dvy25sjek4a9tpu": [],
        "bc1qf85gl8k968wd29xv4xxd7r22q69tau6al8ejgn": [],
        "bc1qfdl07qxruplqqdk9ls0upjqp54vdzwdkdy0ky9": [],
        "bc1qgfr390tf4mt4n8dr8ca24t62vcmx03pzkmcw3k": [],
        "bc1qhwg5sqzpffghxppkg65d9hzh6qyxn8qyzduguz": [],
        "bc1qjwa4at2k83qr46mtt2vlhm9hgx5pazule24dvp": [],
        "bc1qk6w006vmf7fg7rvuhldnq8kn3gv5smryf0rnd5": [],
        "bc1ql2wlegymvlnsfuj283s0d3lrve7njfruta78eh": [],
        "bc1qnqce3pd94p0yckp90j0ma2emk2hp909y8u9v0f": [],
        "bc1qqznqjnaramdp3y49s39qcjasptsy7agaar93cq": [],
        "bc1qrf3rrqhva3n4r35ucsyevvd0rzd752utg5dhs5": [],
        "bc1qswhalerl3j3j2ld5q9y9fn9qusp8ux2v0zakw3": [],
        "bc1qtq0qwtl999ddcfj2whc4dwl602j842g3nz9n0s": [],
        "bc1qtxkk5qza4l5cp7qvcw08q0nfe8mwztzf9few0t": [],
        "bc1qw0qgvf5j2ng5mss48rdy8z770u0lhheghlxm0w": [],
        "bc1qx5mz07mdnrkkp9ekuerzxlpn7ykf55grr9eqtn": [],
        "bc1qxszl72w5ypf49ntdgxmfs978qzyd8zxzvk3zw6": []
    },
    "addresses": {
        "change": [
            "bc1qtq0qwtl999ddcfj2whc4dwl602j842g3nz9n0s",
            "bc1q45ey99z6w45thsatm595mmzz50454p6n3v9cwk",
            "bc1qxszl72w5ypf49ntdgxmfs978qzyd8zxzvk3zw6",
            "bc1qgfr390tf4mt4n8dr8ca24t62vcmx03pzkmcw3k",
            "bc1qcevnc75q2njenfxucju0t6c8fn7h7ydhzfkel6",
            "bc1q8yr0uyxx55mc3wn3rkyqvjtfvyzv908cmd70ge",
            "bc1qrf3rrqhva3n4r35ucsyevvd0rzd752utg5dhs5",
            "bc1qjwa4at2k83qr46mtt2vlhm9hgx5pazule24dvp",
            "bc1q3hcczrerwpl4jwv5zuyxxzuc7l476ekke62dpz",
            "bc1q659pxcg908sjtn5mkq29dc3j72r9dscq8948xv"
        ],
        "receiving": [
            "bc1qw0qgvf5j2ng5mss48rdy8z770u0lhheghlxm0w",
            "bc1ql2wlegymvlnsfuj283s0d3lrve7njfruta78eh",
            "bc1qcrtfc76eyuxpr29m46kqsr4dvy25sjek4a9tpu",
            "bc1qswhalerl3j3j2ld5q9y9fn9qusp8ux2v0zakw3",
            "bc1q9j6jkrjaftmw9890wppgpdn06xt7ljkv0lu6gd",
            "bc1q5ak9mydz7mtulfl3crpz33mzvar4peja2j7m09",
            "bc1qhwg5sqzpffghxppkg65d9hzh6qyxn8qyzduguz",
            "bc1q852257s68s972fu0dryg77h8vur7a8a0ucmwqg",
            "bc1qk6w006vmf7fg7rvuhldnq8kn3gv5smryf0rnd5",
            "bc1qf85gl8k968wd29xv4xxd7r22q69tau6al8ejgn",
            "bc1q3l9ys36z0jjhd2kl4uw7jkv5lzncgy7namn7q3",
            "bc1qagjam3leavrsqwun7tf85m5zwqlv97gnnhtz0k",
            "bc1qnqce3pd94p0yckp90j0ma2emk2hp909y8u9v0f",
            "bc1qaqcpsy5rxhsun5ndyzxrvh2rtgpfgxpdztlcy5",
            "bc1qag75q2vk5egrwc8al5tgtguvxkecrqzjpvf3tl",
            "bc1qx5mz07mdnrkkp9ekuerzxlpn7ykf55grr9eqtn",
            "bc1q343wjyjdazkqc37qt4tarpn7r0p27ace7mvues",
            "bc1qfdl07qxruplqqdk9ls0upjqp54vdzwdkdy0ky9",
            "bc1qqznqjnaramdp3y49s39qcjasptsy7agaar93cq",
            "bc1qtxkk5qza4l5cp7qvcw08q0nfe8mwztzf9few0t"
        ]
    },
    "channels": {},
    "fiat_value": {},
    "frozen_coins": {},
    "imported_channel_backups": {},
    "invoices": {},
    "keystore": {
        "derivation": "m/0'",
        "pw_hash_version": 1,
        "root_fingerprint": "477bc081",
        "seed": "minor zone pool antique remain combine average claw medal settle grace capable",
        "seed_type": "segwit",
        "type": "bip32",
        "xprv": "zprvAZ69Xw76R3nkRtyeuorTCFDkS4wuEhL18muJHKJGANQhRyVp4KM1GkuL6EcN1er8y6CAs4rEtwq1xXun32w5pAcRRUnKYB8qP79XJ5JC9UV",
        "xpub": "zpub6n5VwSdzFRM3eP481qPTZPAUz6nPeA3rVzpu5hhsihwgJmpxbrfFpZDowXYxokLdDU12bW9oJh5uwDWHQ4HVgLj1irfoacxyQnQvttkcm1a"
    },
    "labels": {},
    "lightning_payments": {},
    "lightning_preimages": {},
    "lightning_xprv": "zprvAbRR4gBZ6EQ6vWciaz6p7GNn6jALovaFDfXKavQWswVnM4tQCfsHWdqWhRhjN7YbKScaAmspU9wGnPwHSkW7H1S1F6Rd3BN3iFiAXJBekLU",
    "onchain_channel_backups": {},
    "payment_requests": {},
    "prevouts_by_scripthash": {},
    "seed_version": 50,
    "spent_outpoints": {},
    "submarine_swaps": {},
    "transactions": {},
    "tx_fees": {},
    "txi": {},
    "txo": {},
    "use_encryption": false,
    "verified_tx3": {},
    "wallet_type": "standard"
}