{
    "addr_history": {
        "1241cXWqrdz21yN5FzcwHsNJPmJivPp5Wm": [],
        "13D8ZJrMR6A9FpiJP98ZSPn4mV28we6zsx": [],
        "13chqgc6oD2KUDe5qojNPD6qXAG7pYKQf7": [],
        "13rsfbdq2qcNKVm792XnJMBQzrQVAXjGe3": [],
        "15bsrpQF4Pu7ZUbMRkPnzwnimV59fG2vfX": [],
        "17H92vc5gKfFJUKftY3L7uSSBnxmRwQe4Z": [],
        "17XhT81jhCxS6boabcEjGr615fxR2zwqAf": [],
        "186UFTzJBVAVgYcrQB6a6Thvhg1hJcELtd": [],
        "18Y3B1h95jf3hhfN3cg9xB8AHcsUPeYgAb": [],
        "18aELN1kAYZ5REWs5fCgrh5codzRcuvMzc": [],
        "19sUeyNy3fcxV6TBJrQCDHXSQDfhRPHxQA": [],
        "1CFj3e339x4hTC6j1VMCoUM6ioZHP4v2k7": [],
        "1Cqe6TPzVfkTcuDSjMzf9AG2dK7Xpo1WMy": [],
        "1EJu2FzuQJ3ofGmU7W6sVNVszjXWvibqkz": [],
        "1EYJomprgB6vKhq2wh1M9aP6uoJUg264cz": [],
        "1FHe6xcxk1uPirk1oiH2m1PgvoUUeQg9LG": [],
        "1Fk4j3HQ4NLNMekwco1f5YFhPiT8TcSpp9": [],
        "1G5J3A4SEY9MceBhKWXNEhEZNMFYdKqMMu": [],
        "1GuqUC2FXrG1efdBEZzWjujKSNMVJtoEkq": [],
        "1J4nUDjXwtrj8e5KGy4Bg7C8d8ZLmZckoE": [],
        "1JqBXaz2TJBYGV6bsby65U5nniKScKHn4D": [],
        "1KMKykrRz4npoq7cAy7nV6TQuMT7hXhm15": [],
        "1KzWzCdbXd983rAq3xMnMo9U4pgczGbPou": [],
        "1L7DGhnPj2FmZZ7XCYSgpspD6h41SgkYyy": [],
        "1MqibShoiCQVheTqRLmZtpFh8CeHGzEhFe": [],
        "1N3rAtSZy9L4oc1NQtPNqiK7sSzxZB4oxy": [],
        "1NA8AHbaemcWJtfksTCNYBMZiTXPY5HEPg": [],
        "1PPps6FSnjPrVK5qrPtCogdqKiWTjYaD3": [],
        "1PigC1HrrG4pLyQ1oMKhkJdUK1yAPbAiY": [],
        "1n5fnaQcyPFAeosxUKvCs3H6ouf9YADj5": []
    },
    "addresses": {
        "change": [
            "186UFTzJBVAVgYcrQB6a6Thvhg1hJcELtd",
            "1PPps6FSnjPrVK5qrPtCogdqKiWTjYaD3",
            "1KzWzCdbXd983rAq3xMnMo9U4pgczGbPou",
            "19sUeyNy3fcxV6TBJrQCDHXSQDfhRPHxQA",
            "1G5J3A4SEY9MceBhKWXNEhEZNMFYdKqMMu",
            "13D8ZJrMR6A9FpiJP98ZSPn4mV28we6zsx",
            "1KMKykrRz4npoq7cAy7nV6TQuMT7hXhm15",
            "1MqibShoiCQVheTqRLmZtpFh8CeHGzEhFe",
            "17XhT81jhCxS6boabcEjGr615fxR2zwqAf",
            "1241cXWqrdz21yN5FzcwHsNJPmJivPp5Wm"
        ],
        "receiving": [
            "1Cqe6TPzVfkTcuDSjMzf9AG2dK7Xpo1WMy",
            "1FHe6xcxk1uPirk1oiH2m1PgvoUUeQg9LG",
            "13rsfbdq2qcNKVm792XnJMBQzrQVAXjGe3",
            "1J4nUDjXwtrj8e5KGy4Bg7C8d8ZLmZckoE",
            "1JqBXaz2TJBYGV6bsby65U5nniKScKHn4D",
            "1EJu2FzuQJ3ofGmU7W6sVNVszjXWvibqkz",
            "1N3rAtSZy9L4oc1NQtPNqiK7sSzxZB4oxy",
            "1NA8AHbaemcWJtfksTCNYBMZiTXPY5HEPg",
            "1PigC1HrrG4pLyQ1oMKhkJdUK1yAPbAiY",
            "1n5fnaQcyPFAeosxUKvCs3H6ouf9YADj5",
            "13chqgc6oD2KUDe5qojNPD6qXAG7pYKQf7",
            "18Y3B1h95jf3hhfN3cg9xB8AHcsUPeYgAb",
            "1CFj3e339x4hTC6j1VMCoUM6ioZHP4v2k7",
            "1GuqUC2FXrG1efdBEZzWjujKSNMVJtoEkq",
            "1EYJomprgB6vKhq2wh1M9aP6uoJUg264cz",
            "15bsrpQF4Pu7ZUbMRkPnzwnimV59fG2vfX",
            "18aELN1kAYZ5REWs5fCgrh5codzRcuvMzc",
            "1L7DGhnPj2FmZZ7XCYSgpspD6h41SgkYyy",
            "17H92vc5gKfFJUKftY3L7uSSBnxmRwQe4Z",
            "1Fk4j3HQ4NLNMekwco1f5YFhPiT8TcSpp9"
        ]
    },
    "fiat_value": {},
    "frozen_coins": {},
    "invoices": {},
    "keystore": {
        "derivation": "m",
        "pw_hash_version": 1,
        "root_fingerprint": "b7b20fa9",
        "seed": "minor zone pool awkward remain combine jewel claw medal settle grace capable",
        "seed_type": "standard",
        "type": "bip32",
        "xprv": "xprv9s21ZrQH143K2wWKTbvzrc27DpnnrGGYxJSvAx64o9RUuFqXLpNLXVLB8uAYCeDAUm9YSLCu1rpD8H2sc3Fmz2Q6zhKcP3mJUFtvnjFrJfy",
        "xpub": "xpub661MyMwAqRbcFRanZdU1DjxqmrdHFizQKXNWyLVgMUxTn4AftMgb5HeezAAjeN1tgXxxmFrkcoi1NdNBGmKkb2v3gpVZMzn14T21AfeKfLs"
    },
    "labels": {},
    "payment_requests": {},
    "prevouts_by_scripthash": {},
    "seed_version": 50,
    "spent_outpoints": {},
    "transactions": {},
    "tx_fees": {},
    "txi": {},
    "txo": {},
    "use_encryption": false,
    "verified_tx3": {},
    "wallet_type": "standard"
}