{
    "addr_history": {
        "115zaBBeZmYQYuyQh9PGXtUSwbqXWJAvJn": [],
        "12TLsh9MVGBzcPpNLRjjLjbpQyHPY3C93q": [],
        "14U5zaYtnAxiVgqJhBAvoo7mMbrtdCLmJW": [],
        "15AxtSKX7svn3twxQGTmRuD8YHJW1qMYvZ": [],
        "17A5Fg4qkvtJaY5tZy8htJLGWDsS2WGjpU": [],
        "17YNaVcdz1wD5VGFrKKCiQCC1xTenRJqtF": [],
        "18WRS46Ff6MD8ufSmBmChiTC4izcpXPLeM": [],
        "18tEJ2QtyXtorMgDQ7aaWZgKLPHWqHUqtq": [],
        "19KRxJgUSgHY2f8PcT92gCCFYikwLgJvsu": [],
        "19gkXwWfhyt1AanXkwgGZ5BnY26NgYeTyb": [],
        "1Ap78YRXR4UkqTqQUZdP6gx1xFMABsq5v5": [],
        "1BM5KFHEsKhkBRuf2ZoxgdaoHxSNXmWrjC": [],
        "1BenvdQjanD94EMYy3X1KBMvwDHmRVTY1G": [],
        "1CKCFuFZH33rfB2UpytYEWPFKAAYUiVaEn": [],
        "1CQjr6ZsSNcga8T4jXs5Dsh61Ku9UxmE5U": [],
        "1CXL9RqfpSNNMBthRKYnP4KnUAukTnwJoq": [],
        "1DAdeEhBRrZvQicCRgZoXrZMZ32xyxm4Xx": [],
        "1DNGfS19ef3YvZdRsN88NEQQ3tVFMec63H": [],
        "1DTqMKnNenLWf12BsQowad4skLoqRPQPPc": [],
        "1Deitx1wjEH141fchnFrsaDc7KxmfFWMuy": [],
        "1EL9SKTbwYAgToViMZwu1ToE2snXVhfrnb": [],
        "1EXRzJ4w7JAQavoXQmhoTztHyDAmoS3Fwj": [],
        "1GXn3rqy3QdAeG3xRDnDvyRWGVB1HoF2eE": [],
        "1HuBodm59rWDktBGhzPnUgTuZWPAd6ZKKs": [],
        "1Hzjnm7VPtyngYZh5nsacinu5SdZEEyd5K": [],
        "1Jm8znM4TNAvt67zZ2QJo7zfySYxMpmJS5": [],
        "1K7jGtjVZLEJQoyniCs7stwHTidgBxPbkq": [],
        "1KMxcXrMKBjAV45BHLQH2GVtCYB5x1VH6s": [],
        "1KasxVfqJZduLweEeiAsEtdjc1FRQxHpUT": [],
        "1MUdWuUVNVfzPRerFaCHzz75xnjiw4hCGs": []
    },
    "addresses": {
        "change": [
            "1GXn3rqy3QdAeG3xRDnDvyRWGVB1HoF2eE",
            "1Jm8znM4TNAvt67zZ2QJo7zfySYxMpmJS5",
            "1DTqMKnNenLWf12BsQowad4skLoqRPQPPc",
            "18WRS46Ff6MD8ufSmBmChiTC4izcpXPLeM",
            "1HuBodm59rWDktBGhzPnUgTuZWPAd6ZKKs",
            "1Deitx1wjEH141fchnFrsaDc7KxmfFWMuy",
            "12TLsh9MVGBzcPpNLRjjLjbpQyHPY3C93q",
            "17A5Fg4qkvtJaY5tZy8htJLGWDsS2WGjpU",
            "1KasxVfqJZduLweEeiAsEtdjc1FRQxHpUT",
            "15AxtSKX7svn3twxQGTmRuD8YHJW1qMYvZ"
        ],
        "receiving": [
            "1Hzjnm7VPtyngYZh5nsacinu5SdZEEyd5K",
            "1DNGfS19ef3YvZdRsN88NEQQ3tVFMec63H",
            "14U5zaYtnAxiVgqJhBAvoo7mMbrtdCLmJW",
            "1BenvdQjanD94EMYy3X1KBMvwDHmRVTY1G",
            "1Ap78YRXR4UkqTqQUZdP6gx1xFMABsq5v5",
            "1KMxcXrMKBjAV45BHLQH2GVtCYB5x1VH6s",
            "1DAdeEhBRrZvQicCRgZoXrZMZ32xyxm4Xx",
            "1K7jGtjVZLEJQoyniCs7stwHTidgBxPbkq",
            "19KRxJgUSgHY2f8PcT92gCCFYikwLgJvsu",
            "1CKCFuFZH33rfB2UpytYEWPFKAAYUiVaEn",
            "1EXRzJ4w7JAQavoXQmhoTztHyDAmoS3Fwj",
            "1CXL9RqfpSNNMBthRKYnP4KnUAukTnwJoq",
            "19gkXwWfhyt1AanXkwgGZ5BnY26NgYeTyb",
            "1CQjr6ZsSNcga8T4jXs5Dsh61Ku9UxmE5U",
            "18tEJ2QtyXtorMgDQ7aaWZgKLPHWqHUqtq",
            "1MUdWuUVNVfzPRerFaCHzz75xnjiw4hCGs",
            "17YNaVcdz1wD5VGFrKKCiQCC1xTenRJqtF",
            "115zaBBeZmYQYuyQh9PGXtUSwbqXWJAvJn",
            "1EL9SKTbwYAgToViMZwu1ToE2snXVhfrnb",
            "1BM5KFHEsKhkBRuf2ZoxgdaoHxSNXmWrjC"
        ]
    },
    "fiat_value": {},
    "frozen_coins": {},
    "invoices": {},
    "keystore": {
        "derivation": "m",
        "pw_hash_version": 1,
        "root_fingerprint": "2c8abbb2",
        "seed": "minor zone pool arrange remain combine unfair claw medal settle grace capable",
        "seed_type": "standard",
        "type": "bip32",
        "xprv": "xprv9s21ZrQH143K2GJtTzypyZoxh5Pf5UxhSzm4hUdtX99qGKZLjS9fUtNZgF4t3u2TGBXx4Sj58DPLSV1MaeCURCDUQwGEtmjviB8LoEYQpnT",
        "xpub": "xpub661MyMwAqRbcEkPMa2WqLhkhF7E9UwgYpDgfVs3W5Ugp97tVGyTv2gh3XWRGv7chioWx14voz34r6t1VTyBnvwWhcXxUK3tAdyo6J24Rbpm"
    },
    "labels": {},
    "payment_requests": {},
    "prevouts_by_scripthash": {},
    "seed_version": 50,
    "spent_outpoints": {},
    "transactions": {},
    "tx_fees": {},
    "txi": {},
    "txo": {},
    "use_encryption": false,
    "verified_tx3": {},
    "wallet_type": "standard"
}