{
    "addr_history": {
        "11MVZzdUdATGUXUKsDSJuLiUtvgPLQWYt": [],
        "12a1gfD4bnN4643WoCuP7tQXzDfnvasMpS": [],
        "13bMsZvqhK7XLv3Sx8LKPqh71tNj4W6gXs": [],
        "13vmBbEizkFco162Y2QojuPhkNrbCk22Z8": [],
        "14WManD1iZPdaamyFAMiLC7zQ7kfqJ6DKC": [],
        "16Uan3soc3hJc6FCoKGkPQsDQfqRsj7mAf": [],
        "17sCxNmT9xbxby2tDbk7s4VychfeoWSexi": [],
        "19NF6MKUStWikiyRdToQGtNGnY8ekLBYw6": [],
        "19ouDYS3aySfMEaufBwehnXxqwiiSjiCnJ": [],
        "1AEQamqauskJ7BihbDohPh1sNiRUUdzoxV": [],
        "1AJJpR83n6RNyeJvCNsaTtSEmucXvZFgUs": [],
        "1AZvsk5xRsW2Lu2XzJstJ7tmr3iueyqNSB": [],
        "1As4RgmETFteYrbGnQzqonf4Y3tJnswsZn": [],
        "1AwzmrqRmpdRCdM2tMrtGC499BiwXbYRu": [],
        "1C3GTqsGFdUrKgMHmeqjp6EMKbopekRpzZ": [],
        "1Ee2eRoMq1CxMRWGfbSXRm9i7WCjS8dWi7": [],
        "1Fht7m6jinddXB9ZAc5bQtuJF8VrPYR3PC": [],
        "1FuuDALsCZ7hQCDodEDbWYJFMcM3wGRgm7": [],
        "1GUwryVU2mE4C15YwV2ZmtNtwxfLauFEjT": [],
        "1GZzhjCbCBMgJzmR1VLJa3mpVgFQBE6uZV": [],
        "1Ha3aVriFhLWnG12G4q2V5zpnYREMLsTRd": [],
        "1HzFct59Dt1AtbbimWC2zWsXrJJLgv1bCS": [],
        "1JA9EvDCg7FfrSWuLJYkR9RRcU66JGK9qT": [],
        "1JiuSRxoZeYcvPCFd2Ed8xe1oTbJr2BeRa": [],
        "1KHHrg2mV6gTcpeDMgkA9KqnqwCSYQpNGf": [],
        "1MG5ihF4AKUHc9iGAxnEtSRmuQXsYdWZTN": [],
        "1MdDcY2dKg8zn3dRFrVAH1yMGxoKLAS6Gx": [],
        "1Mrb4gGvXGujgsMsda3Nx5EdK1LdrDJeMi": [],
        "1Nd4JVLkeAtc6BZURM7LzW5cmeKVSXFCnt": [],
        "1P3mBajh6vCcHSzHqPgJ3QYCUJpXaGneLK": []
    },
    "addresses": {
        "change": [
            "1GZzhjCbCBMgJzmR1VLJa3mpVgFQBE6uZV",
            "14WManD1iZPdaamyFAMiLC7zQ7kfqJ6DKC",
            "19ouDYS3aySfMEaufBwehnXxqwiiSjiCnJ",
            "11MVZzdUdATGUXUKsDSJuLiUtvgPLQWYt",
            "12a1gfD4bnN4643WoCuP7tQXzDfnvasMpS",
            "1Nd4JVLkeAtc6BZURM7LzW5cmeKVSXFCnt",
            "1MG5ihF4AKUHc9iGAxnEtSRmuQXsYdWZTN",
            "1Fht7m6jinddXB9ZAc5bQtuJF8VrPYR3PC",
            "17sCxNmT9xbxby2tDbk7s4VychfeoWSexi",
            "1FuuDALsCZ7hQCDodEDbWYJFMcM3wGRgm7"
        ],
        "receiving": [
            "1JA9EvDCg7FfrSWuLJYkR9RRcU66JGK9qT",
            "13bMsZvqhK7XLv3Sx8LKPqh71tNj4W6gXs",
            "1KHHrg2mV6gTcpeDMgkA9KqnqwCSYQpNGf",
            "1HzFct59Dt1AtbbimWC2zWsXrJJLgv1bCS",
            "1Ha3aVriFhLWnG12G4q2V5zpnYREMLsTRd",
            "16Uan3soc3hJc6FCoKGkPQsDQfqRsj7mAf",
            "1C3GTqsGFdUrKgMHmeqjp6EMKbopekRpzZ",
            "1AZvsk5xRsW2Lu2XzJstJ7tmr3iueyqNSB",
            "13vmBbEizkFco162Y2QojuPhkNrbCk22Z8",
            "1AJJpR83n6RNyeJvCNsaTtSEmucXvZFgUs",
            "19NF6MKUStWikiyRdToQGtNGnY8ekLBYw6",
            "1MdDcY2dKg8zn3dRFrVAH1yMGxoKLAS6Gx",
            "1GUwryVU2mE4C15YwV2ZmtNtwxfLauFEjT",
            "1JiuSRxoZeYcvPCFd2Ed8xe1oTbJr2BeRa",
            "1P3mBajh6vCcHSzHqPgJ3QYCUJpXaGneLK",
            "1AEQamqauskJ7BihbDohPh1sNiRUUdzoxV",
            "1As4RgmETFteYrbGnQzqonf4Y3tJnswsZn",
            "1Ee2eRoMq1CxMRWGfbSXRm9i7WCjS8dWi7",
            "1AwzmrqRmpdRCdM2tMrtGC499BiwXbYRu",
            "1Mrb4gGvXGujgsMsda3Nx5EdK1LdrDJeMi"
        ]
    },
    "fiat_value": {},
    "frozen_coins": {},
    "invoices": {},
    "keystore": {
        "derivation": "m",
        "pw_hash_version": 1,
        "root_fingerprint": "503de40f",
        "seed": "minor zone pool attract remain combine fault claw medal settle grace capable",
        "seed_type": "standard",
        "type": "bip32",
        "xprv": "xprv9s21ZrQH143K4U2wwqP8YG7voo7xJC391JhMqhBYEGgGfpusLj8GHTD6eJhnJ3Dn3deivdgUreYzLKRzguzF1nheNhJ4xedwcHbtEcxEcyz",
        "xpub": "xpub661MyMwAqRbcGx7R3rv8uQ4fMpxShekzNXcxe5b9ncDFYdF1tGSWqFXaVZf9pLchXokRsgKFBzm26qNNVQ7sJNKjGmpJ7xEuxsd65JmKC9Z"
    },
    "labels": {},
    "payment_requests": {},
    "prevouts_by_scripthash": {},
    "seed_version": 50,
    "spent_outpoints": {},
    "transactions": {},
    "tx_fees": {},
    "txi": {},
    "txo": {},
    "use_encryption": false,
    "verified_tx3": {},
    "wallet_type": "standard"
}