{
    "addr_history": {
        "123uuECGUMREAjj1MPWJPtwnUyYZHJnJo7": [],
        "12wgePW8amNegViA25tW8bkZc4meEhCyzW": [],
        "139juzbjJ7bReycvzZ1mzX5rfnrzQ4M9iu": [],
        "13td7Ha96rDAeMh6RcGHMLWUrbj4B4VXwV": [],
        "16HqRijq9zdVvr5819t6ih2f97pWhKU4kr": [],
        "17a9y9oy7KiFkADfH8h7w6YZEtET3oVfpU": [],
        "17ab3bVQmkgdcmiMVTryCkA8mk5p1qAz3": [],
        "17k2FFEn29Py6prt54AzpoGn8rJr4N14QS": [],
        "18uA9kAKK98fJVW5wdwtkQwpEtzjNxSjnn": [],
        "19DE49FES7fm3Zw71vu3FRGEv4AyRFQLXD": [],
        "1AvpudkgPkmBsqMXCJSCpfeZq5Z1tGxKgL": [],
        "1BZUs4u8JXzJnb6td1Ssc8qz2Qf5WhKaiD": [],
        "1Bnspn3NijzxoZDrom9snKHFWFK9uheXTD": [],
        "1DbyhVB3t2qAW6W1JujmTFG7W6rqJkEdip": [],
        "1DeAWfoEYsqBiSucT4KdGCf1JL4mkZfEtn": [],
        "1FRrK9b7RPgqRtCFuTv7otXxeNjqPxpgXv": [],
        "1Fzj1kaLW66ytvTqycr3b5sxV5tWPnHkKS": [],
        "1G5gzHNMvRZh717QwkRJ4Z6KuYxsHbk1X8": [],
        "1GDUQeD7qkcxQHeBfvE7PP6hcfhQnDpwYG": [],
        "1GEdDJzD3w2krYcuPgoyqZbxPA5m2qGcgc": [],
        "1GUEHLySUVCDdoGqq7wW2SgVApCLY7mkh7": [],
        "1GbMSKE6zDBEkmfxZLewkhZ3oXddtX46BT": [],
        "1GjYa8S2MwezSMSLDPd8MKAK98oRNxwTv2": [],
        "1JCFrxkJQN1ZJ9zvBbfPc3MH2gdF5nxhN3": [],
        "1JdoeUmqbrYf4VSZmfcCv2s7kSLCBA7vPt": [],
        "1KA1y8UkDVfb3dLFQoBVixZ6pLxniCuNS8": [],
        "1LSRXdH2VgoejptACPHNxV3XkyXSQ4Feon": [],
        "1LnoDaE2jNJe874F6adppDRiScCPj7jipm": [],
        "1NamotjJiXdYNz9TUyx2zFHdG9SQ16WfXT": [],
        "1QG5vHueKkd5jSHRwN3rfU8smNJFsDMePM": []
    },
    "addresses": {
        "change": [
            "1GbMSKE6zDBEkmfxZLewkhZ3oXddtX46BT",
            "1DeAWfoEYsqBiSucT4KdGCf1JL4mkZfEtn",
            "18uA9kAKK98fJVW5wdwtkQwpEtzjNxSjnn",
            "1Fzj1kaLW66ytvTqycr3b5sxV5tWPnHkKS",
            "1NamotjJiXdYNz9TUyx2zFHdG9SQ16WfXT",
            "1Bnspn3NijzxoZDrom9snKHFWFK9uheXTD",
            "1JdoeUmqbrYf4VSZmfcCv2s7kSLCBA7vPt",
            "1GDUQeD7qkcxQHeBfvE7PP6hcfhQnDpwYG",
            "1LSRXdH2VgoejptACPHNxV3XkyXSQ4Feon",
            "12wgePW8amNegViA25tW8bkZc4meEhCyzW"
        ],
        "receiving": [
            "1QG5vHueKkd5jSHRwN3rfU8smNJFsDMePM",
            "1G5gzHNMvRZh717QwkRJ4Z6KuYxsHbk1X8",
            "1DbyhVB3t2qAW6W1JujmTFG7W6rqJkEdip",
            "17a9y9oy7KiFkADfH8h7w6YZEtET3oVfpU",
            "1GEdDJzD3w2krYcuPgoyqZbxPA5m2qGcgc",
            "1JCFrxkJQN1ZJ9zvBbfPc3MH2gdF5nxhN3",
            "123uuECGUMREAjj1MPWJPtwnUyYZHJnJo7",
            "17ab3bVQmkgdcmiMVTryCkA8mk5p1qAz3",
            "17k2FFEn29Py6prt54AzpoGn8rJr4N14QS",
            "16HqRijq9zdVvr5819t6ih2f97pWhKU4kr",
            "1GUEHLySUVCDdoGqq7wW2SgVApCLY7mkh7",
            "19DE49FES7fm3Zw71vu3FRGEv4AyRFQLXD",
            "13td7Ha96rDAeMh6RcGHMLWUrbj4B4VXwV",
            "1GjYa8S2MwezSMSLDPd8MKAK98oRNxwTv2",
            "1KA1y8UkDVfb3dLFQoBVixZ6pLxniCuNS8",
            "1BZUs4u8JXzJnb6td1Ssc8qz2Qf5WhKaiD",
            "1AvpudkgPkmBsqMXCJSCpfeZq5Z1tGxKgL",
            "1FRrK9b7RPgqRtCFuTv7otXxeNjqPxpgXv",
            "139juzbjJ7bReycvzZ1mzX5rfnrzQ4M9iu",
            "1LnoDaE2jNJe874F6adppDRiScCPj7jipm"
        ]
    },
    "fiat_value": {},
    "frozen_coins": {},
    "invoices": {},
    "keystore": {
        "derivation": "m",
        "pw_hash_version": 1,
        "root_fingerprint": "63d07b95",
        "seed": "minor zone pool amused remain combine argue claw medal settle grace capable",
        "seed_type": "standard",
        "type": "bip32",
        "xprv": "xprv9s21ZrQH143K4ZYwV26zQqLQS2WQznsdp4Br2MN27uiUzWiyUr8mesqiiM53wb2uH9W7ywBcS1URDDx9But24PbA8mAXqdVmDCQJfZbSeR8",
        "xpub": "xpub661MyMwAqRbcH3dQb3dzmyH8z4LuQFbVBH7SpjmdgFFTsK482PT2CgACZdaaJnfNymDHQCnGpWZGPciKJcfTts5o7jCWjUCQ41qk4khSg52"
    },
    "labels": {},
    "payment_requests": {},
    "prevouts_by_scripthash": {},
    "seed_version": 50,
    "spent_outpoints": {},
    "transactions": {},
    "tx_fees": {},
    "txi": {},
    "txo": {},
    "use_encryption": false,
    "verified_tx3": {},
    "wallet_type": "standard"
}