{
    "addr_history": {
        "12XYAtUU1uuHTwqiMkD3U71MbuQAmNcn2k": [],
        "13pLA3VwRz4mBwxnmvcgYJTCBrx1xJMi3B": [],
        "14ACWoGboeScTruVb53M3ZU8r54EDGcL1C": [],
        "14AEYD9upymtcUeJY7c9zXMHeQd4vkJNMm": [],
        "14Ey3nVQrKNFFP1s29XG9WcMKDbaSoZWdj": [],
        "14hLqSMK7huVvfKHRcRKvPpGu14v3pDPVb": [],
        "16Jh3uPecEpkeKSb7cSHBonkszcLZg9Np3": [],
        "16XGgUfCcMcEZF4PQPxP9323UdpFGwncSU": [],
        "17vni4EeZv6X6dR8QnKimZ2TNQPfytXgLM": [],
        "182SLAXWRSE8HYeFGVd6kAFGXVaGoLX7bM": [],
        "18E9PPhTPx3gu72RwPppgq1za95WrT3Dhj": [],
        "18mL3rGTHzW58MiPvuSEPnrkqnn3j5cMxj": [],
        "19Lp3bUURzvQLhxnCGrAjG49PicVwdCyMn": [],
        "1ETKJgNa3XCnTz4SiuXAFPTJXgB15KjzRP": [],
        "1EeYfPphyUceiByepoWpybKX9jS71XeiZH": [],
        "1FNQTFSuotmKz23U2ZanUhUF24fwnZqrn7": [],
        "1FfBh8PHYzjzy6gQ9VUuS6MnUXrco94Jm4": [],
        "1GEPv46eNsWDLZTp1hV9fMUVhbw1ATSjRU": [],
        "1JMq73wGuFJriJCViakJpRRVCwSthiYKvG": [],
        "1Jym5vrTjz3dYhayjK9CMV3Ke9uxZbQJc5": [],
        "1K6mkFAVB48s5Xg6M2D8z5gqbVesShWvdf": [],
        "1KWBNHPUN8pV7DT5M56uPqhTmKUnckm25b": [],
        "1N24TtRrXY6zNwwFrRKgPZ4fSfJTGTeMzp": [],
        "1NNVLgduRH6MTwhG21F2XDjKKLX4mKaqUf": [],
        "1PZkBEQu3ECCLtjDCzoR6qVi7Zr33PTTYr": [],
        "1PcpPLpX9tspnEVVWLRAwufSdzYyXAjzeu": [],
        "1PpGAh7cgLB1TTMZ8shL16981b1F3Pk3EX": [],
        "1QECLEAVDZp3zqhpzF6YmBuAK9fZZfQme9": [],
        "1QJTut6g1c9bKJRe5M8TpPBU3hFMECnUaG": [],
        "1XBSMcKXbmM3L74AMvVUc7Ag9pwEfTGfJ": []
    },
    "addresses": {
        "change": [
            "18E9PPhTPx3gu72RwPppgq1za95WrT3Dhj",
            "16Jh3uPecEpkeKSb7cSHBonkszcLZg9Np3",
            "1PpGAh7cgLB1TTMZ8shL16981b1F3Pk3EX",
            "1KWBNHPUN8pV7DT5M56uPqhTmKUnckm25b",
            "1FfBh8PHYzjzy6gQ9VUuS6MnUXrco94Jm4",
            "1QJTut6g1c9bKJRe5M8TpPBU3hFMECnUaG",
            "14Ey3nVQrKNFFP1s29XG9WcMKDbaSoZWdj",
            "1JMq73wGuFJriJCViakJpRRVCwSthiYKvG",
            "1ETKJgNa3XCnTz4SiuXAFPTJXgB15KjzRP",
            "1PZkBEQu3ECCLtjDCzoR6qVi7Zr33PTTYr"
        ],
        "receiving": [
            "18mL3rGTHzW58MiPvuSEPnrkqnn3j5cMxj",
            "1EeYfPphyUceiByepoWpybKX9jS71XeiZH",
            "1Jym5vrTjz3dYhayjK9CMV3Ke9uxZbQJc5",
            "19Lp3bUURzvQLhxnCGrAjG49PicVwdCyMn",
            "12XYAtUU1uuHTwqiMkD3U71MbuQAmNcn2k",
            "1NNVLgduRH6MTwhG21F2XDjKKLX4mKaqUf",
            "13pLA3VwRz4mBwxnmvcgYJTCBrx1xJMi3B",
            "14ACWoGboeScTruVb53M3ZU8r54EDGcL1C",
            "1XBSMcKXbmM3L74AMvVUc7Ag9pwEfTGfJ",
            "1K6mkFAVB48s5Xg6M2D8z5gqbVesShWvdf",
            "14AEYD9upymtcUeJY7c9zXMHeQd4vkJNMm",
            "1GEPv46eNsWDLZTp1hV9fMUVhbw1ATSjRU",
            "1FNQTFSuotmKz23U2ZanUhUF24fwnZqrn7",
            "182SLAXWRSE8HYeFGVd6kAFGXVaGoLX7bM",
            "17vni4EeZv6X6dR8QnKimZ2TNQPfytXgLM",
            "14hLqSMK7huVvfKHRcRKvPpGu14v3pDPVb",
            "1N24TtRrXY6zNwwFrRKgPZ4fSfJTGTeMzp",
            "1QECLEAVDZp3zqhpzF6YmBuAK9fZZfQme9",
            "1PcpPLpX9tspnEVVWLRAwufSdzYyXAjzeu",
            "16XGgUfCcMcEZF4PQPxP9323UdpFGwncSU"
        ]
    },
    "fiat_value": {},
    "frozen_coins": {},
    "invoices": {},
    "keystore": {
        "derivation": "m",
        "pw_hash_version": 1,
        "root_fingerprint": "553b28c5",
        "seed": "minor zone pool adult remain combine siege claw medal settle grace capable",
        "seed_type": "standard",
        "type": "bip32",
        "xprv": "xprv9s21ZrQH143K4LZVa5Gz6LRRYuvC8f9QcE5i46LvNRTs7X2R1sJZbKM64SwuyzLf7Cko9QsX5uER8YwTq9uyi9yPt14TdGi6FTJpxTLoMKh",
        "xpub": "xpub661MyMwAqRbcGpdxg6ozTUNA6wkgY7sFyT1JrUkXvkzqzKMZZQcp97fZuigDq7qiL6pzLwzCGei2mhkid9U8fPUVSNHGJWduiXVjPuzZQ14"
    },
    "labels": {},
    "payment_requests": {},
    "prevouts_by_scripthash": {},
    "seed_version": 50,
    "spent_outpoints": {},
    "transactions": {},
    "tx_fees": {},
    "txi": {},
    "txo": {},
    "use_encryption": false,
    "verified_tx3": {},
    "wallet_type": "standard"
}