{
    "addr_history": {
        "12fB89Gyj6uWQ2iA9w12qeEm8mdL9NuCTU": [],
        "13ZKCWdFNKhp6mJfwEcof85AnUk9nydYcp": [],
        "13qXJYp6SaWpKGikq7exHN6FkDD5RddYUB": [],
        "146c9juZ1G5FsAYydbQZQ8R49dWxwe5pam": [],
        "16VSZzUGrfCCwreWpUh4XxkiWdDv22geaK": [],
        "18PyfNfRzEn5whtGubwStXBWLrkN8Subgb": [],
        "19STC4HtYXJ55sAEcgP2u5DF7UTRbVac3X": [],
        "1A5dVbxK4KLTcVLVP4993XdRVfffFVGuR1": [],
        "1A5q7DKZNgzRRo5buaeM6ino1brYgRBkU4": [],
        "1AqvTSMpk3xT6YeuJ6GwCbcY4nGFUQbPJ6": [],
        "1CAnPiiihs43SLmrdWXfu48AHq1b2SV1Gm": [],
        "1CUSNxNxgLc9TkHrnRyP2ib4nDB28cdVe8": [],
        "1Cu45rEDGKxa9aQCN81oxk1khGHq8UzFMs": [],
        "1DvqF3y7wrFQYY8neAAHyC7WyjssJpHcQH": [],
        "1EbNG7RtxMoxtqi8sYGuFwgTrUy39N3acQ": [],
        "1EgqYiNsdGrtNyTz2scHk1i5ZDgWLG55fR": [],
        "1F7VZD1SYF1jGcTg8fg7x86Vh81SbjJpo4": [],
        "1FVt21RhtfPsL7WFXFXMHEGpyWpSrtew2P": [],
        "1FhrZF8VKDaPkvxW7jBEaLxjpD2XSNT7jb": [],
        "1HXg922xoTsxX45EV9ad82bPjJnsm5kSad": [],
        "1Hb6Q6DbjxeovGpaFU4a5pn69Tbd77awvx": [],
        "1Hs4t4qWNnnXCmPSLayqPDyRUSDM8cEWGa": [],
        "1LR1Tq6QHrBpTnjkLxjCNfye5cyZUfbtTv": [],
        "1Mdj5sNiwZfr1LGHpVSGmUi5s6yS3BKyA3": [],
        "1MqUJNavhcgzivw24ZRrqCxyLJWxhydRZT": [],
        "1NFDFEk1iSKTEd3EVKDm8M9iLBUtwGrFFE": [],
        "1NTSMEDjpkjpyRvUMpcpjhwQMFhV8r7cYP": [],
        "1P5JLoHABbguAzsnR1Nrk32DAGsFWEd2yz": [],
        "1PgYkrVGvSRK7xJV9eXkrneNnd8Vuhg2Gu": [],
        "1QAyNY3q1Pd9844kmuJ6fzxppqVG3upV2p": []
    },
    "addresses": {
        "change": [
            "1A5q7DKZNgzRRo5buaeM6ino1brYgRBkU4",
            "1LR1Tq6QHrBpTnjkLxjCNfye5cyZUfbtTv",
            "1AqvTSMpk3xT6YeuJ6GwCbcY4nGFUQbPJ6",
            "1EgqYiNsdGrtNyTz2scHk1i5ZDgWLG55fR",
            "1F7VZD1SYF1jGcTg8fg7x86Vh81SbjJpo4",
            "1NTSMEDjpkjpyRvUMpcpjhwQMFhV8r7cYP",
            "1PgYkrVGvSRK7xJV9eXkrneNnd8Vuhg2Gu",
            "1Mdj5sNiwZfr1LGHpVSGmUi5s6yS3BKyA3",
            "1Hs4t4qWNnnXCmPSLayqPDyRUSDM8cEWGa",
            "1P5JLoHABbguAzsnR1Nrk32DAGsFWEd2yz"
        ],
        "receiving": [
            "1CAnPiiihs43SLmrdWXfu48AHq1b2SV1Gm",
            "12fB89Gyj6uWQ2iA9w12qeEm8mdL9NuCTU",
            "1A5dVbxK4KLTcVLVP4993XdRVfffFVGuR1",
            "1FVt21RhtfPsL7WFXFXMHEGpyWpSrtew2P",
            "1Hb6Q6DbjxeovGpaFU4a5pn69Tbd77awvx",
            "1NFDFEk1iSKTEd3EVKDm8M9iLBUtwGrFFE",
            "1FhrZF8VKDaPkvxW7jBEaLxjpD2XSNT7jb",
            "13ZKCWdFNKhp6mJfwEcof85AnUk9nydYcp",
            "1DvqF3y7wrFQYY8neAAHyC7WyjssJpHcQH",
            "1MqUJNavhcgzivw24ZRrqCxyLJWxhydRZT",
            "1EbNG7RtxMoxtqi8sYGuFwgTrUy39N3acQ",
            "146c9juZ1G5FsAYydbQZQ8R49dWxwe5pam",
            "19STC4HtYXJ55sAEcgP2u5DF7UTRbVac3X",
            "1QAyNY3q1Pd9844kmuJ6fzxppqVG3upV2p",
            "1CUSNxNxgLc9TkHrnRyP2ib4nDB28cdVe8",
            "16VSZzUGrfCCwreWpUh4XxkiWdDv22geaK",
            "1Cu45rEDGKxa9aQCN81oxk1khGHq8UzFMs",
            "1HXg922xoTsxX45EV9ad82bPjJnsm5kSad",
            "18PyfNfRzEn5whtGubwStXBWLrkN8Subgb",
            "13qXJYp6SaWpKGikq7exHN6FkDD5RddYUB"
        ]
    },
    "fiat_value": {},
    "frozen_coins": {},
    "invoices": {},
    "keystore": {
        "derivation": "m",
        "pw_hash_version": 1,
        "root_fingerprint": "b78718ba",
        "seed": "minor zone pool balcony remain combine tunnel claw medal settle grace capable",
        "seed_type": "standard",
        "type": "bip32",
        "xprv": "xprv9s21ZrQH143K48DJ3wTatZZhrHEdte1PVJyGjPiPRYidqJr6az3Pt9C4U6xBJHaeWWt7bxKzqpgH5N6mKRMp7Rwxssqp3m11T2Kp34nUxLt",
        "xpub": "xpub661MyMwAqRbcGcHm9xzbFhWSQK58J6jErXtsXn7zytFci7BF8XMeRwWYKNJYJnEn3YqBg8PgpKt7kXGUtmHCPswKvewLoNgATZ6o67ukiVE"
    },
    "labels": {},
    "payment_requests": {},
    "prevouts_by_scripthash": {},
    "seed_version": 50,
    "spent_outpoints": {},
    "transactions": {},
    "tx_fees": {},
    "txi": {},
    "txo": {},
    "use_encryption": false,
    "verified_tx3": {},
    "wallet_type": "standard"
}