{
    "addr_history": {
        "12hGyiinVytN8SYybxBi9n7f8pKaC63tTR": [],
        "13XUYwB3U563a355UZySb2Rh9tqPnkUBQ1": [],
        "14VtGGTnBat2erKoJS56XfmqHuPswq1qNM": [],
        "14oE8ywBAJLuiF6UhEysmxtNDG5XMi2nJq": [],
        "15w86tAJyXtpr3VRyaWso7BFTDfwNo9vRK": [],
        "16NNMLseYsX8rv4bcRyGjqFiKrHxqqbxvp": [],
        "16u5vZhmFbVvBACBMyd6KEFT9gzo54HswE": [],
        "182ym4dwx5jawkEj6L5HLfqYY3dHBpsD1G": [],
        "18KUXK2aZN94ed4dbhf9AFaGzk583LbzZs": [],
        "19PQsPk5mAsYygcEawQD81ep2dJPq4NDEL": [],
        "19fRokf6WSzxpM6roNKDM7sa2JUP7rV3RM": [],
        "1AMKwKySr3iduKQegGHTmqCjBL4uC2hCii": [],
        "1ApVhZkrJjt8YGr6XADZZVU7EcEhesSmtJ": [],
        "1D5MBm7vePjnK8Kf53n2Wb8MG5rbsnQV2a": [],
        "1DTPJJZ2qzXHNdyunpjqmXb9vRonc9MjWu": [],
        "1DnC1honE5TadiSHCaCFmZcy3gRsYKan9z": [],
        "1EBtVS916jvkkhjj7xcHMW3sgPi25khBhB": [],
        "1EfhxMUJUy8c3MuFZ76tP9ECgkfCvpAE17": [],
        "1FzvM6XoG666Q7esnHidWYXREi5LXNBwm8": [],
        "1GKTytTfEkq7rioaewAuRc1V3SioswPY56": [],
        "1GdcvmP8XejXxyxWguCAo6FT87gHXbbakj": [],
        "1HDgvrmh8qcUJuLyRAKYTSRwgMnwbQzapK": [],
        "1Hdn2D2an1KYTRWUi2EVpSg95XWRhv2jCg": [],
        "1HvfzCEzxr3DtQXpfiT9K5VEc6w5uvyLWq": [],
        "1KE1JFkz3e5J1bKj16TMZaGKLgbJusMAMc": [],
        "1NaC4e92fuvQyauj7HnEQnMKf45FixW5X2": [],
        "1PABVxBXugkM2vK3rmFKuWpHxhDGMZFCWw": [],
        "1PzaEHJxEgdUqL8CuHaVqfzy6jsvkSB7TM": [],
        "1Q6FqHmQsew6wZdps64vojKjJaxvHMBgnR": [],
        "1xV2U3qexgmcwxLBvG8he2K2Qqs4Ve7sZ": []
    },
    "addresses": {
        "change": [
            "182ym4dwx5jawkEj6L5HLfqYY3dHBpsD1G",
            "12hGyiinVytN8SYybxBi9n7f8pKaC63tTR",
            "14VtGGTnBat2erKoJS56XfmqHuPswq1qNM",
            "1ApVhZkrJjt8YGr6XADZZVU7EcEhesSmtJ",
            "1PABVxBXugkM2vK3rmFKuWpHxhDGMZFCWw",
            "16u5vZhmFbVvBACBMyd6KEFT9gzo54HswE",
            "15w86tAJyXtpr3VRyaWso7BFTDfwNo9vRK",
            "1FzvM6XoG666Q7esnHidWYXREi5LXNBwm8",
            "1DTPJJZ2qzXHNdyunpjqmXb9vRonc9MjWu",
            "16NNMLseYsX8rv4bcRyGjqFiKrHxqqbxvp"
        ],
        "receiving": [
            "1HDgvrmh8qcUJuLyRAKYTSRwgMnwbQzapK",
            "1PzaEHJxEgdUqL8CuHaVqfzy6jsvkSB7TM",
            "1NaC4e92fuvQyauj7HnEQnMKf45FixW5X2",
            "18KUXK2aZN94ed4dbhf9AFaGzk583LbzZs",
            "19PQsPk5mAsYygcEawQD81ep2dJPq4NDEL",
            "1GKTytTfEkq7rioaewAuRc1V3SioswPY56",
            "14oE8ywBAJLuiF6UhEysmxtNDG5XMi2nJq",
            "1Q6FqHmQsew6wZdps64vojKjJaxvHMBgnR",
            "1EBtVS916jvkkhjj7xcHMW3sgPi25khBhB",
            "1AMKwKySr3iduKQegGHTmqCjBL4uC2hCii",
            "1HvfzCEzxr3DtQXpfiT9K5VEc6w5uvyLWq",
            "1KE1JFkz3e5J1bKj16TMZaGKLgbJusMAMc",
            "1EfhxMUJUy8c3MuFZ76tP9ECgkfCvpAE17",
            "13XUYwB3U563a355UZySb2Rh9tqPnkUBQ1",
            "19fRokf6WSzxpM6roNKDM7sa2JUP7rV3RM",
            "1Hdn2D2an1KYTRWUi2EVpSg95XWRhv2jCg",
            "1xV2U3qexgmcwxLBvG8he2K2Qqs4Ve7sZ",
            "1DnC1honE5TadiSHCaCFmZcy3gRsYKan9z",
            "1GdcvmP8XejXxyxWguCAo6FT87gHXbbakj",
            "1D5MBm7vePjnK8Kf53n2Wb8MG5rbsnQV2a"
        ]
    },
    "fiat_value": {},
    "frozen_coins": {},
    "invoices": {},
    "keystore": {
        "derivation": "m",
        "pw_hash_version": 1,
        "root_fingerprint": "b0101af4",
        "seed": "minor zone pool alone remain combine web claw medal settle grace capable",
        "seed_type": "standard",
        "type": "bip32",
        "xprv": "xprv9s21ZrQH143K2tucJ8nXYdXuY4SKGcWKYqQuX4GZjunXv5XK7kDvGxrDqaAijDbs6BKkGD9BvY9wjan1abCoRNL3ov8wPw2j8SDvTfEBMNx",
        "xpub": "xpub661MyMwAqRbcFNz5QAKXumUe66Gog5EAv4LWKSgBJFKWnsrTfHYApmAhgqRavpfhx1xc21fdP2SkuVLPkNeKaQJzUZKYd3RfJLPATQA9a4v"
    },
    "labels": {},
    "payment_requests": {},
    "prevouts_by_scripthash": {},
    "seed_version": 50,
    "spent_outpoints": {},
    "transactions": {},
    "tx_fees": {},
    "txi": {},
    "txo": {},
    "use_encryption": false,
    "verified_tx3": {},
    "wallet_type": "standard"
}