{
    "addr_history": {
        "15RK4uBeXFaQctBSPXRfeP1wQscAWKmdwS": [],
        "15Y3Hqab9fiwVu1PRgMNV9SCx7HEoCkuaa": [],
        "16ETtQkZx6fu2JTcQrddFm4vfR6WEU7hs7": [],
        "17Knz3v7FhxuHdwRk1Qs3qrYr2ETq4Awpw": [],
        "19XEJYe1ibQDQHstDAr4w8gEsCHchxQkvN": [],
        "1AZKcM7yUtiGmKqZb6oUJZ27FqNx5egkUW": [],
        "1BHHxn1P2ySZ5phfoWvM5GDLL6Yq3h9t3r": [],
        "1BfxrMFSjcZ8kZ76a1QzLCwvEhzu6SSxRV": [],
        "1BxooeTGoTs6X6QXzujNncwdhzY68K3rQ7": [],
        "1D38snEpzCfhFMiCwAJcuVmiHgfkk1nJsk": [],
        "1DC1KhiFm62ycyDRBR3gKnfEggtmKosxV3": [],
        "1EEECS8eagGjkdhtXNrNXzVDuY7WDnmzxf": [],
        "1EfpTubosqAvMHLAD6GmT2enkB9Xekwf3z": [],
        "1EgdLZpDCugKr1ECWfCq2kEBi6GiF5wbXc": [],
        "1Egx9trxdfqmLiNU2vJCNPAHP8bNJpcN5b": [],
        "1FProoa4cmXWcbkJqtj1giuyv5S7jbeTyh": [],
        "1Fapzf8xPsQEKNVhfckEZ7aE5CCyqDBiGZ": [],
        "1GWU2oVK4QvVb5NzuLuJz86CwVePqtpkbF": [],
        "1GqpcCCQhmjx76TAz6UJe6SAYQDecrjUnw": [],
        "1HKDrAF1dbaCZLZ61fh3bC5EQJhQYLhTHS": [],
        "1JUVL94FFzm9a7WS6RHAmBJFCq12gWbpic": [],
        "1JqLA61WFtKHKF8XVqFSfRNxuoLKqd9NN2": [],
        "1KXiizky35pfJhu5gGASMot6iajKtLTfjW": [],
        "1L9FQMdFwrMwWwRyHri5azM1JrLiPoMFxH": [],
        "1LJykCENXzLfbtSCQJACc4ozkuSwZQcFxj": [],
        "1MXQaq7iSEetdBq323uP5KFYKLmYfJYqGA": [],
        "1PCtuUPjXxVUvm3SsPHtYQvLC3GNDqMfFC": [],
        "1PL4KudJ5CZw18kdiJmcdtqeP7uBz4qSWX": [],
        "1PkGEciikacEusmJ7AQEubTTCmnzrNV6v": [],
        "1Xr4de4Jv7qwrQvNdKGvzzn1TgG6AXE5Q": []
    },
    "addresses": {
        "change": [
            "15RK4uBeXFaQctBSPXRfeP1wQscAWKmdwS",
            "1PkGEciikacEusmJ7AQEubTTCmnzrNV6v",
            "19XEJYe1ibQDQHstDAr4w8gEsCHchxQkvN",
            "1GqpcCCQhmjx76TAz6UJe6SAYQDecrjUnw",
            "1JUVL94FFzm9a7WS6RHAmBJFCq12gWbpic",
            "1AZKcM7yUtiGmKqZb6oUJZ27FqNx5egkUW",
            "1PCtuUPjXxVUvm3SsPHtYQvLC3GNDqMfFC",
            "1HKDrAF1dbaCZLZ61fh3bC5EQJhQYLhTHS",
            "16ETtQkZx6fu2JTcQrddFm4vfR6WEU7hs7",
            "1EgdLZpDCugKr1ECWfCq2kEBi6GiF5wbXc"
        ],
        "receiving": [
            "1MXQaq7iSEetdBq323uP5KFYKLmYfJYqGA",
            "1JqLA61WFtKHKF8XVqFSfRNxuoLKqd9NN2",
            "1BfxrMFSjcZ8kZ76a1QzLCwvEhzu6SSxRV",
            "15Y3Hqab9fiwVu1PRgMNV9SCx7HEoCkuaa",
            "1BHHxn1P2ySZ5phfoWvM5GDLL6Yq3h9t3r",
            "1LJykCENXzLfbtSCQJACc4ozkuSwZQcFxj",
            "1Xr4de4Jv7qwrQvNdKGvzzn1TgG6AXE5Q",
            "1Egx9trxdfqmLiNU2vJCNPAHP8bNJpcN5b",
            "1EEECS8eagGjkdhtXNrNXzVDuY7WDnmzxf",
            "1DC1KhiFm62ycyDRBR3gKnfEggtmKosxV3",
            "1L9FQMdFwrMwWwRyHri5azM1JrLiPoMFxH",
            "17Knz3v7FhxuHdwRk1Qs3qrYr2ETq4Awpw",
            "1Fapzf8xPsQEKNVhfckEZ7aE5CCyqDBiGZ",
            "1GWU2oVK4QvVb5NzuLuJz86CwVePqtpkbF",
            "1EfpTubosqAvMHLAD6GmT2enkB9Xekwf3z",
            "1BxooeTGoTs6X6QXzujNncwdhzY68K3rQ7",
            "1KXiizky35pfJhu5gGASMot6iajKtLTfjW",
            "1D38snEpzCfhFMiCwAJcuVmiHgfkk1nJsk",
            "1PL4KudJ5CZw18kdiJmcdtqeP7uBz4qSWX",
            "1FProoa4cmXWcbkJqtj1giuyv5S7jbeTyh"
        ]
    },
    "fiat_value": {},
    "frozen_coins": {},
    "invoices": {},
    "keystore": {
        "derivation": "m",
        "pw_hash_version": 1,
        "root_fingerprint": "9ce92450",
        "seed": "minor zone pool abuse remain combine giraffe claw medal settle grace capable",
        "seed_type": "standard",
        "type": "bip32",
        "xprv": "xprv9s21ZrQH143K2ZFUkrhuAEuvoYSGrYc8XXAnukLwtV3Vvoec6ZQY6Fdf831BU9omZwidt19S6QoXQE77Vsg9PTqBXPhT91YcfCLemrisBby",
        "xpub": "xpub661MyMwAqRbcF3KwrtEuXNrfMaGmG1Kytk6Pi8kZSpaUobyke6ine3x8yJhXhKtb5W5oKSm7ie6QWVLjco2oXCEGuF1x7KjSmnHh1eukiFS"
    },
    "labels": {},
    "payment_requests": {},
    "prevouts_by_scripthash": {},
    "seed_version": 50,
    "spent_outpoints": {},
    "transactions": {},
    "tx_fees": {},
    "txi": {},
    "txo": {},
    "use_encryption": false,
    "verified_tx3": {},
    "wallet_type": "standard"
}