{
    "addr_history": {
        "123FiCBwV4LfTr8jJHZb2nBNrN944v1G34": [],
        "13eXjsjrpAWXXdakwZo536UKNRPVDqApux": [],
        "14SNYMkRJBhsuMCsV5n76hFAaXjiYLEUCP": [],
        "14XcrBc4UU5QZ2AWKFWY8p3aNFPV416soN": [],
        "155DSWt7vpJZqBv7iZh3PdPCP3ECXQqMa2": [],
        "16SZrSS9DoZkimAW9Sqjc92GL7zMemCg4F": [],
        "16dZwuQJWxPW6vBuwrnQmn8xAQgFy59cHX": [],
        "18PiFkUn2KcZCqt4tgtwxJxQQH5LY6mdoo": [],
        "18wsNwPyhohv191YETN7MgeK7YMB6Baiwi": [],
        "19o6Csj9rDU97r6RMt7FPKYzPqofvKy2iz": [],
        "19yAYhSTRj4aDR385qwN9JBkL4Dn3rvq4v": [],
        "1DaB1njHjqkrK1DFMQYZs2wWaoiyZMhaud": [],
        "1Dgq7v83sbGRCfkSREoVTt6pHiXw45p8Xz": [],
        "1DjNfjxpf3yX3rHpM9PevWNwSMUMXZ9szE": [],
        "1ERA4Tf3CZUr1pLPPc7C85CDy9ri1aquHL": [],
        "1Fu5vLyPAaKi9D3uKiFk2PixtYezU7A8g2": [],
        "1FyVw3zmGbFmqQPdCnJ2EbzShz9peneqvC": [],
        "1HGJJY4QUAf9bpWnLW3Dpce7cPd6vacESH": [],
        "1JaAMVR1H5FXmXHYYL3cSfkaSW7facRCYb": [],
        "1JnrfSSJhbTL5j3A4DQH6Ff8dSJoJFkSsq": [],
        "1K4wAmcuckjF7gjEwsqruewarPtuFhjUAX": [],
        "1K8CoN1eyrDgAFHgrktZg1B1JyRyjTc2mV": [],
        "1KeevJrpD23hfg1y6QwgnwqAL972dGQic1": [],
        "1Kobb9FP1175THmGakhsrrc5WueTeSssrF": [],
        "1L9GGYgVLUemqwqaJU6xuTHJfUNn6LGhij": [],
        "1NV3yzP812mm17Z7nn5QzNrfPVU3pXuvEf": [],
        "1PixFm3c6tuvrfWWvfVoGMHfRksJmcMqu9": [],
        "1Poo3zkSZP65ohfwcBvoqjg6DLfCDEiZAs": [],
        "1qQGeZ7BJprBQ4GLB5XxQ34i76kHbHeBe": [],
        "1rM2v36Qu8moqpmzUXp4dySjKha4UiWw2": []
    },
    "addresses": {
        "change": [
            "155DSWt7vpJZqBv7iZh3PdPCP3ECXQqMa2",
            "18PiFkUn2KcZCqt4tgtwxJxQQH5LY6mdoo",
            "1JnrfSSJhbTL5j3A4DQH6Ff8dSJoJFkSsq",
            "13eXjsjrpAWXXdakwZo536UKNRPVDqApux",
            "1K4wAmcuckjF7gjEwsqruewarPtuFhjUAX",
            "16SZrSS9DoZkimAW9Sqjc92GL7zMemCg4F",
            "1rM2v36Qu8moqpmzUXp4dySjKha4UiWw2",
            "14SNYMkRJBhsuMCsV5n76hFAaXjiYLEUCP",
            "14XcrBc4UU5QZ2AWKFWY8p3aNFPV416soN",
            "1Dgq7v83sbGRCfkSREoVTt6pHiXw45p8Xz"
        ],
        "receiving": [
            "1Kobb9FP1175THmGakhsrrc5WueTeSssrF",
            "16dZwuQJWxPW6vBuwrnQmn8xAQgFy59cHX",
            "1qQGeZ7BJprBQ4GLB5XxQ34i76kHbHeBe",
            "123FiCBwV4LfTr8jJHZb2nBNrN944v1G34",
            "1L9GGYgVLUemqwqaJU6xuTHJfUNn6LGhij",
            "1PixFm3c6tuvrfWWvfVoGMHfRksJmcMqu9",
            "1Fu5vLyPAaKi9D3uKiFk2PixtYezU7A8g2",
            "1JaAMVR1H5FXmXHYYL3cSfkaSW7facRCYb",
            "1K8CoN1eyrDgAFHgrktZg1B1JyRyjTc2mV",
            "19o6Csj9rDU97r6RMt7FPKYzPqofvKy2iz",
            "1KeevJrpD23hfg1y6QwgnwqAL972dGQic1",
            "18wsNwPyhohv191YETN7MgeK7YMB6Baiwi",
            "1FyVw3zmGbFmqQPdCnJ2EbzShz9peneqvC",
            "1ERA4Tf3CZUr1pLPPc7C85CDy9ri1aquHL",
            "1NV3yzP812mm17Z7nn5QzNrfPVU3pXuvEf",
            "1Poo3zkSZP65ohfwcBvoqjg6DLfCDEiZAs",
            "1DjNfjxpf3yX3rHpM9PevWNwSMUMXZ9szE",
            "1HGJJY4QUAf9bpWnLW3Dpce7cPd6vacESH",
            "19yAYhSTRj4aDR385qwN9JBkL4Dn3rvq4v",
            "1DaB1njHjqkrK1DFMQYZs2wWaoiyZMhaud"
        ]
    },
    "fiat_value": {},
    "frozen_coins": {},
    "invoices": {},
    "keystore": {
        "derivation": "m",
        "pw_hash_version": 1,
        "root_fingerprint": "d07b4fef",
        "seed": "minor zone pool album remain combine include claw medal settle grace capable",
        "seed_type": "standard",
        "type": "bip32",
        "xprv": "xprv9s21ZrQH143K2CHAQMB4hHniJRHKTzwqCypBMUM3prgtweSdrr48vyUYbUQXgpFQfwufdaZLkWeL2xFY2JV2uPoPSZXLrFvbFKLDeUizQ57",
        "xpub": "xpub661MyMwAqRbcEgMdWNi54RjSrT7osTfgaCjn9rkfPCDspSmnQPNPUmo2SiccvPE9PdFBwHrkdEV6Pq9oQwm23dajZ8f3GT1HokhDeo1V428"
    },
    "labels": {},
    "payment_requests": {},
    "prevouts_by_scripthash": {},
    "seed_version": 50,
    "spent_outpoints": {},
    "transactions": {},
    "tx_fees": {},
    "txi": {},
    "txo": {},
    "use_encryption": false,
    "verified_tx3": {},
    "wallet_type": "standard"
}