{
    "addr_history": {
        "bc1q0pdvqzyrtttyegcamtqcs3n3even25rn2h9g6e": [],
        "bc1q24csxg3ah9ujhla823fu258t4vqelpad9md2nx": [],
        "bc1q33n94t82evs5qzltw8rmp6jwjtshchezct397u": [],
        "bc1q3culqrhtjlgge32w054say677f32y7awahhr83": [],
        "bc1q402ytg5ydvdr488rfk8wqrcarhmnkjmkj3czej": [],
        "bc1q4fl3t46dvwexqtrjkkqtqvp4zrvzxnt0vpjpk9": [],
        "bc1q6djcyzu68lx6dnmkj9jnd6yh0wpff3pavdk52l": [],
        "bc1q794hn96x6yt9gdws0pwpr55k2cmnqn52t6yttl": [],
        "bc1q8qgpfkxzlndxqj3yyz2vpntp4tnjjm4dmxupvk": [],
        "bc1qc9mvyxd8ns3z83yagrzu5zq56gzymqjensmgkq": [],
        "bc1qcl46jcutf3dqq4gvelaz497kujlx48r8hxlmxj": [],
        "bc1qd2kae6h3lnlyrv7e3pta6t0nt4cvajnrtw84jh": [],
        "bc1qg7xvuaywvjzp2tulxhau066stj0498el4q4ycm": [],
        "bc1qhynesqze5h6rmc9552zhmzdve9tmtt0s3kwuad": [],
        "bc1qjk4e8ntwwdazx34t9y5h9agyxfm38dj4xkdk4a": [],
        "bc1qk3a5ctezglwn879ygalkv2a9fx749j9q5ze6ff": [],
        "bc1qk8j06avwklrwtfuu3l4z6z4ak635n5k2a8tgrr": [],
        "bc1qkjurwtt4gdne39yy2ekv3shl9cxszu5u4ncjyt": [],
        "bc1qm5mzhkquv0ly9nxhxe38tu9lymkegsmcmv6mq5": [],
        "bc1qmlnkrnthd0je3zq33ax962qhhxnjja3tzu0qr6": [],
        "bc1qnvj2q6ml0yu6m0j7x20pg28rl6yhg2ezqg68uv": [],
        "bc1qpu5rdtar32frwdmhajxx9svt46067de2tngu8z": [],
        "bc1qrnxeylpkt2uyw6zme73hgr3r3vphtehsca407r": [],
        "bc1qspc49k0t6zsl3u0hvwj2lkhjteft4e2eg0trhz": [],
        "bc1qxf0unjf4apsxxwfgm7davr97670z4tnhtfzjmy": [],
        "bc1qxk6f953ux9euntktesh304nk9jpaeg88yrajnr": [],
        "bc1qxny0dzrlme553azavq56hyqsnetmdm5z55tmka": [],
        "bc1qywpyyqk8c44gt347hlg9rdccex63un3u3zsf38": [],
        "bc1qyxrnyzyukxjqn7k9vf9zkfprpgy9kwjwdm9xwn": [],
        "bc1qz83kgct9sxyr40hd3rq4l32sg5w5tx2vg6d0ty": []
    },
    "addresses": {
        "change": [
            "bc1q3culqrhtjlgge32w054say677f32y7awahhr83",
            "bc1qd2kae6h3lnlyrv7e3pta6t0nt4cvajnrtw84jh",
            "bc1qrnxeylpkt2uyw6zme73hgr3r3vphtehsca407r",
            "bc1qywpyyqk8c44gt347hlg9rdccex63un3u3zsf38",
            "bc1qcl46jcutf3dqq4gvelaz497kujlx48r8hxlmxj",
            "bc1qxk6f953ux9euntktesh304nk9jpaeg88yrajnr",
            "bc1q0pdvqzyrtttyegcamtqcs3n3even25rn2h9g6e",
            "bc1qnvj2q6ml0yu6m0j7x20pg28rl6yhg2ezqg68uv",
            "bc1qhynesqze5h6rmc9552zhmzdve9tmtt0s3kwuad",
            "bc1qpu5rdtar32frwdmhajxx9svt46067de2tngu8z"
        ],
        "receiving": [
            "bc1qg7xvuaywvjzp2tulxhau066stj0498el4q4ycm",
            "bc1qmlnkrnthd0je3zq33ax962qhhxnjja3tzu0qr6",
            "bc1qk8j06avwklrwtfuu3l4z6z4ak635n5k2a8tgrr",
            "bc1qkjurwtt4gdne39yy2ekv3shl9cxszu5u4ncjyt",
            "bc1qyxrnyzyukxjqn7k9vf9zkfprpgy9kwjwdm9xwn",
            "bc1qz83kgct9sxyr40hd3rq4l32sg5w5tx2vg6d0ty",
            "bc1q33n94t82evs5qzltw8rmp6jwjtshchezct397u",
            "bc1qxf0unjf4apsxxwfgm7davr97670z4tnhtfzjmy",
            "bc1qm5mzhkquv0ly9nxhxe38tu9lymkegsmcmv6mq5",
            "bc1q24csxg3ah9ujhla823fu258t4vqelpad9md2nx",
            "bc1q794hn96x6yt9gdws0pwpr55k2cmnqn52t6yttl",
            "bc1q402ytg5ydvdr488rfk8wqrcarhmnkjmkj3czej",
            "bc1qc9mvyxd8ns3z83yagrzu5zq56gzymqjensmgkq",
            "bc1qk3a5ctezglwn879ygalkv2a9fx749j9q5ze6ff",
            "bc1q4fl3t46dvwexqtrjkkqtqvp4zrvzxnt0vpjpk9",
            "bc1qjk4e8ntwwdazx34t9y5h9agyxfm38dj4xkdk4a",
            "bc1q6djcyzu68lx6dnmkj9jnd6yh0wpff3pavdk52l",
            "bc1q8qgpfkxzlndxqj3yyz2vpntp4tnjjm4dmxupvk",
            "bc1qspc49k0t6zsl3u0hvwj2lkhjteft4e2eg0trhz",
            "bc1qxny0dzrlme553azavq56hyqsnetmdm5z55tmka"
        ]
    },
    "channels": {},
    "fiat_value": {},
    "frozen_coins": {},
    "imported_channel_backups": {},
    "invoices": {},
    "keystore": {
        "derivation": "m/0'",
        "pw_hash_version": 1,
        "root_fingerprint": "6dd4ed37",
        "seed": "minor zone pool artist remain combine tumble claw medal settle grace capable",
        "seed_type": "segwit",
        "type": "bip32",
        "xprv": "zprvAZNVjcWvdtyh2F3hBoqMkB1vEWh8UHBvJNHGKh56HbmGT7mgu6eCUQZYM6jNjCjnGjCFqDrnSu5QFZEUyD5aDJbBT6cq3ZBqvdZaK2wV8Fx",
        "xpub": "zpub6nMr983pUGXzEj8AHqNN7JxenYXcsjumfbCs85UhqwJFKv6qSdxT2Ct2CN54YNcdJRXk19p7rtwBrSHtnyjXD4PiMHY5HuTBL8aYM7bnYu2"
    },
    "labels": {},
    "lightning_payments": {},
    "lightning_preimages": {},
    "lightning_xprv": "zprvAb9gy2SJmSnMFr6kYVRgDXLtD9NQcSC7NTHQBb5TF4YLcSv3hd7PzcDzyHi7GfjFpKNcbaCGjhWWFT5Fmf8PgNaEzMYPJUSTKxQgeYRrxSR",
    "onchain_channel_backups": {},
    "payment_requests": {},
    "prevouts_by_scripthash": {},
    "seed_version": 50,
    "spent_outpoints": {},
    "submarine_swaps": {},
    "transactions": {},
    "tx_fees": {},
    "txi": {},
    "txo": {},
    "use_encryption": false,
    "verified_tx3": {},
    "wallet_type": "standard"
}