{
    "addr_history": {
        "1211M74rBtaxzSnP6xRYJeufV5NyamB2op": [],
        "12eMVB4co2wVKT1WAEdcF2tSkpEcz8yW5v": [],
        "1324J7akxa6AFRAqyghXwBN8FNqLb7hprG": [],
        "13hBEVHeGoAFN5Hb7jxxFGDw56yxTpjB4R": [],
        "149Az4m5Ph4sfSCH3GT9uJhR2SA5DyZmSr": [],
        "14LcFCw2oGvLWbPiYQUHFYMQg1t4qLXMg5": [],
        "14PdpA1L7TJ6N5SwPfxVAnn4KzHcLnMAME": [],
        "14b1s8WHctSCiBjQZsjXxq1bREKMbg9iTM": [],
        "15uLqG2LwfGx3JNnnRD76npX5V5g69sTV8": [],
        "15vEnkLaMUbeDibDECH6ECosQCANMpGsKR": [],
        "17z2VhYL4ubxjxy2HiEuxiN3QAkWycnX9t": [],
        "19HXiU8GDoZzC4rzwUvv146pPsKJgDNfPi": [],
        "1A2up77BbfQxGhuhGhK6aFCUPtqYNS4ThD": [],
        "1CTctdDdJMEBYPLmpr58ZE9d6eFWx4wDGN": [],
        "1E35XahDf1iZTqiU2XWVTSYVB9BMSctxHg": [],
        "1G3zjpEtLFycejJJqCVPb1fCig8B75pNw8": [],
        "1GJf4jPvX8rnLZa6WxVQenwrXEhVmeczuc": [],
        "1GkEx8GRNURGhPznAK55cGpg2gM5ynhVkF": [],
        "1GuVLtaT4o2mWGtD74UfH6xnn8xy181ya6": [],
        "1Gw9D4cRwFyM9gGt73y2hyjzeYdeFQrryY": [],
        "1Jep3StSobCbcrfyRpSEJyinjhHUzu28gG": [],
        "1KSmin8iX82kWgW3B8tVjZgRH3stfQxDBN": [],
        "1Kg9LChEFcemJcMDEC9rL4F8uXouYyUCPx": [],
        "1KsJ1gqusPXR1KMXL3x4x8MLs7wDddRa9d": [],
        "1Mc6YsMvmNhVxLzwfYcY3PW6W9J7Bj6MFh": [],
        "1NDUT6MmA8SCsTzyp1HSX3ii7wiNuhCZzo": [],
        "1NEMMUtoHwqHcpdpzY3BWJZqDuriMZmjzB": [],
        "1NqtEwszZiQcEnK9JVKrgtsN3RDpzVA3Xz": [],
        "1Q7FPh2RTnDUWyD7DeVLKoX7ABp6YDmUE2": [],
        "1iWAHBAc5MQAw2VVVQKG5nVM9Zzkwk8sL": []
    },
    "addresses": {
        "change": [
            "149Az4m5Ph4sfSCH3GT9uJhR2SA5DyZmSr",
            "1Jep3StSobCbcrfyRpSEJyinjhHUzu28gG",
            "19HXiU8GDoZzC4rzwUvv146pPsKJgDNfPi",
            "1iWAHBAc5MQAw2VVVQKG5nVM9Zzkwk8sL",
            "13hBEVHeGoAFN5Hb7jxxFGDw56yxTpjB4R",
            "1NEMMUtoHwqHcpdpzY3BWJZqDuriMZmjzB",
            "15uLqG2LwfGx3JNnnRD76npX5V5g69sTV8",
            "15vEnkLaMUbeDibDECH6ECosQCANMpGsKR",
            "17z2VhYL4ubxjxy2HiEuxiN3QAkWycnX9t",
            "14b1s8WHctSCiBjQZsjXxq1bREKMbg9iTM"
        ],
        "receiving": [
            "1A2up77BbfQxGhuhGhK6aFCUPtqYNS4ThD",
            "1G3zjpEtLFycejJJqCVPb1fCig8B75pNw8",
            "1Kg9LChEFcemJcMDEC9rL4F8uXouYyUCPx",
            "14PdpA1L7TJ6N5SwPfxVAnn4KzHcLnMAME",
            "1Mc6YsMvmNhVxLzwfYcY3PW6W9J7Bj6MFh",
            "1KsJ1gqusPXR1KMXL3x4x8MLs7wDddRa9d",
            "1Q7FPh2RTnDUWyD7DeVLKoX7ABp6YDmUE2",
            "14LcFCw2oGvLWbPiYQUHFYMQg1t4qLXMg5",
            "1GkEx8GRNURGhPznAK55cGpg2gM5ynhVkF",
            "1Gw9D4cRwFyM9gGt73y2hyjzeYdeFQrryY",
            "1KSmin8iX82kWgW3B8tVjZgRH3stfQxDBN",
            "1E35XahDf1iZTqiU2XWVTSYVB9BMSctxHg",
            "1GJf4jPvX8rnLZa6WxVQenwrXEhVmeczuc",
            "1NqtEwszZiQcEnK9JVKrgtsN3RDpzVA3Xz",
            "1GuVLtaT4o2mWGtD74UfH6xnn8xy181ya6",
            "1NDUT6MmA8SCsTzyp1HSX3ii7wiNuhCZzo",
            "12eMVB4co2wVKT1WAEdcF2tSkpEcz8yW5v",
            "1CTctdDdJMEBYPLmpr58ZE9d6eFWx4wDGN",
            "1211M74rBtaxzSnP6xRYJeufV5NyamB2op",
            "1324J7akxa6AFRAqyghXwBN8FNqLb7hprG"
        ]
    },
    "fiat_value": {},
    "frozen_coins": {},
    "invoices": {},
    "keystore": {
        "derivation": "m",
        "pw_hash_version": 1,
        "root_fingerprint": "6786b381",
        "seed": "minor zone pool actress remain combine judge claw medal settle grace capable",
        "seed_type": "standard",
        "type": "bip32",
        "xprv": "xprv9s21ZrQH143K2tVaswwsDSfxFyYc9ZXM2UtxErBo9HhWGEJmabnJ47vCaEFcWTMVfHWQ9ctkHsxc826VmXwcBWyz65pteAVYX8MZFhHxXsu",
        "xpub": "xpub661MyMwAqRbcFNa3yyUsaacgp1P6Z2FCPhpZ3EbQhdEV92dv896YbvEgRUyhuAea7JZPGJeioE6UPvyFT1CpfEqzBKacEdmoPM1P8xgYxwv"
    },
    "labels": {},
    "payment_requests": {},
    "prevouts_by_scripthash": {},
    "seed_version": 50,
    "spent_outpoints": {},
    "transactions": {},
    "tx_fees": {},
    "txi": {},
    "txo": {},
    "use_encryption": false,
    "verified_tx3": {},
    "wallet_type": "standard"
}