{
    "addr_history": {
        "15nA9qUQvbqJMuxfEhwVkx3XspmT63XhVz": [],
        "16cYxMvK8BMSg2HGPQQjoWC3DaLzArzewq": [],
        "18XDkRuCMRkkdpczUZJWX4sNJ38Q3HZ3Ma": [],
        "18vfQ4a5kifvv1nAFjM4F1CPY5GW2sJT6E": [],
        "191uY2jcUCsSSDWy5JGKYuDQKt9K8PTcGk": [],
        "19cL69HHrwsxjC2oa65wrxvDxVa4YVAZ4j": [],
        "1BnHhEcMkL8VsEuH4vAoDDnPJrSqdz65XS": [],
        "1CHxnLoyinucnEg3ZgZmwnbUNtE9yxZiBN": [],
        "1E5ZQ13uoS8i4uA1LN42NgRD4RiDNHKT7n": [],
        "1F6n4UMssWWv9N21a9DVFSt2tSRnCUP6m": [],
        "1FYSvsp5xkJWfn4carJxjztWBV7oVbzz1V": [],
        "1GYS91R1NqD3SsMwQwXH4ex6nR244MQ4yL": [],
        "1HjvorHu3iNjqXyDmyuXv2nv62YJds2t8h": [],
        "1JVk41s9rDGuCHnJSDSWe7LwD4CAvgQmae": [],
        "1JbAemcRXJoG3LQQH4bZNbPzMKaB6RMYBs": [],
        "1JtYe5PX32fAiUZgXHKBMagnokwMAF4o9": [],
        "1KGe5DCb27xJq4nYnvjB71yj4oFxrbQiSo": [],
        "1KNdUvktok6W2p3FkMVUwthQ1EUvKS2hYm": [],
        "1KUDHUQMziaDN1mV9M4CV1ffNMy7q8BozE": [],
        "1Ki1DDt1LK77ZKqsecU75K6sEyHQJYak6r": [],
        "1KiAfmtH5J91kcsZEQYPpG2FcPvn3aqcrt": [],
        "1KjYUHTSkZMSoXe9rAv4E6avUJD26Hcp8Z": [],
        "1LRqR7XWhzxV7ofts57KX94pa1tURzsvB6": [],
        "1Lq3ZX7M3FByqQZKZMzG1M7vbhaMnmBszQ": [],
        "1NWf6SDARfqc3cy5jTM6uxAFbN3H5g1u2k": [],
        "1P8cF8j3C7uKcJ5jZSUAB7XVnXWPH3cK61": [],
        "1PtCLWGKUdhasVfC5yyGNadiJyKDSSUbag": [],
        "1PyZpwQGLTYuPguawG3hWkiK4PCFgCCYyz": [],
        "1PydTBBQaEhWJBBEt8h2ncFp8JwxC6ZqaP": [],
        "1pzWivy4bTvr5RDtdSqC3mU4oZYPD6oUJ": []
    },
    "addresses": {
        "change": [
            "1KUDHUQMziaDN1mV9M4CV1ffNMy7q8BozE",
            "1Lq3ZX7M3FByqQZKZMzG1M7vbhaMnmBszQ",
            "1KjYUHTSkZMSoXe9rAv4E6avUJD26Hcp8Z",
            "1GYS91R1NqD3SsMwQwXH4ex6nR244MQ4yL",
            "15nA9qUQvbqJMuxfEhwVkx3XspmT63XhVz",
            "1FYSvsp5xkJWfn4carJxjztWBV7oVbzz1V",
            "1F6n4UMssWWv9N21a9DVFSt2tSRnCUP6m",
            "1KNdUvktok6W2p3FkMVUwthQ1EUvKS2hYm",
            "1CHxnLoyinucnEg3ZgZmwnbUNtE9yxZiBN",
            "1KiAfmtH5J91kcsZEQYPpG2FcPvn3aqcrt"
        ],
        "receiving": [
            "1PtCLWGKUdhasVfC5yyGNadiJyKDSSUbag",
            "1PydTBBQaEhWJBBEt8h2ncFp8JwxC6ZqaP",
            "1PyZpwQGLTYuPguawG3hWkiK4PCFgCCYyz",
            "1NWf6SDARfqc3cy5jTM6uxAFbN3H5g1u2k",
            "1JbAemcRXJoG3LQQH4bZNbPzMKaB6RMYBs",
            "1JVk41s9rDGuCHnJSDSWe7LwD4CAvgQmae",
            "1P8cF8j3C7uKcJ5jZSUAB7XVnXWPH3cK61",
            "1JtYe5PX32fAiUZgXHKBMagnokwMAF4o9",
            "18XDkRuCMRkkdpczUZJWX4sNJ38Q3HZ3Ma",
            "1HjvorHu3iNjqXyDmyuXv2nv62YJds2t8h",
            "1Ki1DDt1LK77ZKqsecU75K6sEyHQJYak6r",
            "1E5ZQ13uoS8i4uA1LN42NgRD4RiDNHKT7n",
            "1KGe5DCb27xJq4nYnvjB71yj4oFxrbQiSo",
            "1pzWivy4bTvr5RDtdSqC3mU4oZYPD6oUJ",
            "191uY2jcUCsSSDWy5JGKYuDQKt9K8PTcGk",
            "1BnHhEcMkL8VsEuH4vAoDDnPJrSqdz65XS",
            "19cL69HHrwsxjC2oa65wrxvDxVa4YVAZ4j",
            "18vfQ4a5kifvv1nAFjM4F1CPY5GW2sJT6E",
            "16cYxMvK8BMSg2HGPQQjoWC3DaLzArzewq",
            "1LRqR7XWhzxV7ofts57KX94pa1tURzsvB6"
        ]
    },
    "fiat_value": {},
    "frozen_coins": {},
    "invoices": {},
    "keystore": {
        "derivation": "m",
        "pw_hash_version": 1,
        "root_fingerprint": "4f4195ae",
        "seed": "minor zone pool acquire remain combine market claw medal settle grace capable",
        "seed_type": "standard",
        "type": "bip32",
        "xprv": "xprv9s21ZrQH143K2ZJvSh3cTT2wpQVk7uWedo5PfPUebKdpYi6xWhVQFnoAk3kJWh1aTWHsB7mxzYEAvpg6LXEeXJrruSUpK76AFtDGHc23eXX",
        "xpub": "xpub661MyMwAqRbcF3PPYiacpaygNSLEXNEW11zzTmtG9fAoRWS74Eoeob7ebLrfiwG9KS6Sit8EDYCKEPUGEtq6rNVj8DA2QdVgS285PwpeZpU"
    },
    "labels": {},
    "payment_requests": {},
    "prevouts_by_scripthash": {},
    "seed_version": 50,
    "spent_outpoints": {},
    "transactions": {},
    "tx_fees": {},
    "txi": {},
    "txo": {},
    "use_encryption": false,
    "verified_tx3": {},
    "wallet_type": "standard"
}