{
    "addr_history": {
        "12B1uNHYFioZo1mavuFNLHfi7BzouT6xX6": [],
        "12t9j9b95Jmb4Jmzdg2L9oDpotcsDT5v43": [],
        "13LXvYR7FRye1RCfrcteqa9MkTEWEYMoa4": [],
        "13mhJhQhjZbCS1MX26kc7uw9exYC9wqMNZ": [],
        "13ueCuC6oHtnnZ5GRDwXX7hPmYa4VeKSFj": [],
        "14L9GAJztprvWVLJgeyVph7go1FDNgqAww": [],
        "15cPc5NTGe7LRrx2jkqqaSkuM4CSsSrDXX": [],
        "166Q817iuiwebEdZhtvGG3gi5qkge8rPrN": [],
        "16VCFaj8vHhWcUDBdQmNuxUrmRadUwJtgc": [],
        "1AKe8MUuNRZbSyLQxSiSz46KsqPK3LE7Vw": [],
        "1AdBDmsJFgxd6xCuYCwrFiZnqysocHLpNj": [],
        "1AuF64WqeRhvtzQNFPiMMv49tShnNSmgXh": [],
        "1B4KZRBzsLS88VWnL5tJQ4ZHgsc7Gej6cb": [],
        "1CS2Hxbkuf6ft44g2WaSockWcF1XwaChSX": [],
        "1CdjobN3bbZYRVyAXgCQYHxQrUdTLtfsSz": [],
        "1DsTECb38yuuLtp7MzAzm5ompwZxzLpPpT": [],
        "1DuFCGF5WgRSzFx84vM8xazKxb2jQPke9L": [],
        "1EF349DgmDtNFA6Ui7QNizX2RDa7jg2Ee2": [],
        "1EqoBsgHPFuoYJDoCGQakFJnbUXQsX9CyL": [],
        "1GtQ41uUZfJ8b9Zf7U2DJd1CnP2Np5tUzR": [],
        "1Gy8yVCRBaPaYDhWD6CT4YRRGWSj8qTy1p": [],
        "1KYSZByBA1serGPi7WpRfetdQUoNR6S7UG": [],
        "1LGgWWwnJCvcCL3bvBq23nn4WN8sc8Ht3B": [],
        "1MPVR1BiQgq6mZ81op5yEpBjVwZKzLErZe": [],
        "1MiNT6dDBgVxU6mVb15E3U7aQLeGuNosiy": [],
        "1N5GGkQLr5kZ1yLuUg58Fk7PJyJqL3CPex": [],
        "1NSjaC9CR6w1tYx3zL56hA5XG4dsnaaSgC": [],
        "1NSmNYux3BNy2cbv8JkyRFSTnxyb9DmjbS": [],
        "1PUEZmXnwpHM1mxUP8mVLNMnbjcnJTGeac": [],
        "1t1GZTs2gRinkHzemC6gHqmWHqwzGRbne": []
    },
    "addresses": {
        "change": [
            "1GtQ41uUZfJ8b9Zf7U2DJd1CnP2Np5tUzR",
            "1CS2Hxbkuf6ft44g2WaSockWcF1XwaChSX",
            "166Q817iuiwebEdZhtvGG3gi5qkge8rPrN",
            "1t1GZTs2gRinkHzemC6gHqmWHqwzGRbne",
            "1LGgWWwnJCvcCL3bvBq23nn4WN8sc8Ht3B",
            "1MiNT6dDBgVxU6mVb15E3U7aQLeGuNosiy",
            "1DsTECb38yuuLtp7MzAzm5ompwZxzLpPpT",
            "14L9GAJztprvWVLJgeyVph7go1FDNgqAww",
            "1AuF64WqeRhvtzQNFPiMMv49tShnNSmgXh",
            "1B4KZRBzsLS88VWnL5tJQ4ZHgsc7Gej6cb"
        ],
        "receiving": [
            "15cPc5NTGe7LRrx2jkqqaSkuM4CSsSrDXX",
            "1AdBDmsJFgxd6xCuYCwrFiZnqysocHLpNj",
            "12t9j9b95Jmb4Jmzdg2L9oDpotcsDT5v43",
            "13LXvYR7FRye1RCfrcteqa9MkTEWEYMoa4",
            "12B1uNHYFioZo1mavuFNLHfi7BzouT6xX6",
            "1KYSZByBA1serGPi7WpRfetdQUoNR6S7UG",
            "1NSmNYux3BNy2cbv8JkyRFSTnxyb9DmjbS",
            "1EqoBsgHPFuoYJDoCGQakFJnbUXQsX9CyL",
            "1CdjobN3bbZYRVyAXgCQYHxQrUdTLtfsSz",
            "1NSjaC9CR6w1tYx3zL56hA5XG4dsnaaSgC",
            "1Gy8yVCRBaPaYDhWD6CT4YRRGWSj8qTy1p",
            "1PUEZmXnwpHM1mxUP8mVLNMnbjcnJTGeac",
            "1MPVR1BiQgq6mZ81op5yEpBjVwZKzLErZe",
            "16VCFaj8vHhWcUDBdQmNuxUrmRadUwJtgc",
            "13ueCuC6oHtnnZ5GRDwXX7hPmYa4VeKSFj",
            "1DuFCGF5WgRSzFx84vM8xazKxb2jQPke9L",
            "1N5GGkQLr5kZ1yLuUg58Fk7PJyJqL3CPex",
            "13mhJhQhjZbCS1MX26kc7uw9exYC9wqMNZ",
            "1AKe8MUuNRZbSyLQxSiSz46KsqPK3LE7Vw",
            "1EF349DgmDtNFA6Ui7QNizX2RDa7jg2Ee2"
        ]
    },
    "fiat_value": {},
    "frozen_coins": {},
    "invoices": {},
    "keystore": {
        "derivation": "m",
        "pw_hash_version": 1,
        "root_fingerprint": "c6079d92",
        "seed": "minor zone pool actress remain combine three claw medal settle grace capable",
        "seed_type": "standard",
        "type": "bip32",
        "xprv": "xprv9s21ZrQH143K4SW6oYNd6XjCN1xsximEPmSWxwSwJSidyJVoJ4vugM96njo8h47bVn2b6EjQB2UaQPvWKv8QbbGxRitKvi5m3kM2XbrJx1v",
        "xpub": "xpub661MyMwAqRbcGvaZuZudTffvv3oNNBV5kzN7mKrYrnFcr6pwqcFAE9TadzX91bQLQc61264UoYqH3HoD1yTjJ16Weebe3RDUGVuLBRcMDme"
    },
    "labels": {},
    "payment_requests": {},
    "prevouts_by_scripthash": {},
    "seed_version": 50,
    "spent_outpoints": {},
    "transactions": {},
    "tx_fees": {},
    "txi": {},
    "txo": {},
    "use_encryption": false,
    "verified_tx3": {},
    "wallet_type": "standard"
}