{
    "addr_history": {
        "114sKvC76CnsQ1Za3zJYGnuC4sE16i64Mq": [],
        "12VqDxFpZ4CabN4Q9YZukRMLCC1CCU2oPQ": [],
        "12rAEM2oxhWt5FsaAaqrEb5GVa19gTQqWL": [],
        "13eU3aDuetmbd7YZJUYguyyLeBFpYezTLU": [],
        "14CF69ntnQ4uQfpLNGcpvWnMN63LxuGjUk": [],
        "14TMtBJ9iyoa4v4q3F7u7TDezmr1JQ98JW": [],
        "15Qzu4q4h2Fio4Q1nBjJYzotTi5hN8k8wj": [],
        "16meWjF5Kb7dPzRF9fHZ8wiemZMCA33XtG": [],
        "18vEtE8cJPXnz66biDqfpCCLhgZV3ditDw": [],
        "1C84eHnXFDCDY2WShn1Tcd92wqraKjA6tZ": [],
        "1CipMRUTYnevyPfNAqYZNM9dTKRfWj6Lfg": [],
        "1DXPUC2No7yxJqjEm6oMZe53X4LjSEnQQ8": [],
        "1Dc1umTUuFESneuEHEGqhKsdCJKCnm94zD": [],
        "1Dfv6TivoTJGN3r9w3VNurvFHAiRRzEA44": [],
        "1DiHtjrKNtSurq5essvnXKxg1ntSqYUNxj": [],
        "1DyVu3o6UmB1oKNZRtB1ncc1qhZwDsEXDe": [],
        "1Ef6QxutRrjoscw1tK5v4T7rrcosFEUGzn": [],
        "1Eva2LijL6thHmGLm48T9SNPffUzGdWBPS": [],
        "1Fhhq11iHis1J8gyMLBdiC52rqr2fQ7Ex1": [],
        "1H5BJiR7RqeLBAoXLqmk8iazgeGtf5qeec": [],
        "1HCaPHhF11BnfzgLQVPNRCWQ44yvmScPFc": [],
        "1HKLfdEq9WsdNyYG8oWbJxvJkoMHHG1ZTb": [],
        "1Jcgx1GjznYgQCCGtmLbdHgiaocFkVTei": [],
        "1Jux81DrUU2F9e7XjmBaPNbvn9V8S1tN94": [],
        "1KM13M17YSRqXJwMcWraJGU2VSktti2Pk": [],
        "1L2f4S3yPt9wgy99uTaYYi6AkFDBVUfN6K": [],
        "1Lq1vPwJXhZKPAN5JdahZNV2jjy9Tx1spL": [],
        "1LwvPY1LN4auPcjsN5M4vq4WG2Z6kfojAT": [],
        "1NK4yDRmoA5iM1CU6gEurbiRagoqL2wgSv": [],
        "1Ns5CJMEx3VpyjkoDcoQBpycZRatd8959z": []
    },
    "addresses": {
        "change": [
            "1Dc1umTUuFESneuEHEGqhKsdCJKCnm94zD",
            "12rAEM2oxhWt5FsaAaqrEb5GVa19gTQqWL",
            "1Jcgx1GjznYgQCCGtmLbdHgiaocFkVTei",
            "15Qzu4q4h2Fio4Q1nBjJYzotTi5hN8k8wj",
            "1CipMRUTYnevyPfNAqYZNM9dTKRfWj6Lfg",
            "1H5BJiR7RqeLBAoXLqmk8iazgeGtf5qeec",
            "1Dfv6TivoTJGN3r9w3VNurvFHAiRRzEA44",
            "14TMtBJ9iyoa4v4q3F7u7TDezmr1JQ98JW",
            "1Fhhq11iHis1J8gyMLBdiC52rqr2fQ7Ex1",
            "14CF69ntnQ4uQfpLNGcpvWnMN63LxuGjUk"
        ],
        "receiving": [
            "1HCaPHhF11BnfzgLQVPNRCWQ44yvmScPFc",
            "18vEtE8cJPXnz66biDqfpCCLhgZV3ditDw",
            "16meWjF5Kb7dPzRF9fHZ8wiemZMCA33XtG",
            "1Eva2LijL6thHmGLm48T9SNPffUzGdWBPS",
            "1Lq1vPwJXhZKPAN5JdahZNV2jjy9Tx1spL",
            "1Ef6QxutRrjoscw1tK5v4T7rrcosFEUGzn",
            "1KM13M17YSRqXJwMcWraJGU2VSktti2Pk",
            "12VqDxFpZ4CabN4Q9YZukRMLCC1CCU2oPQ",
            "1DyVu3o6UmB1oKNZRtB1ncc1qhZwDsEXDe",
            "1LwvPY1LN4auPcjsN5M4vq4WG2Z6kfojAT",
            "1C84eHnXFDCDY2WShn1Tcd92wqraKjA6tZ",
            "1DXPUC2No7yxJqjEm6oMZe53X4LjSEnQQ8",
            "1Ns5CJMEx3VpyjkoDcoQBpycZRatd8959z",
            "1DiHtjrKNtSurq5essvnXKxg1ntSqYUNxj",
            "1L2f4S3yPt9wgy99uTaYYi6AkFDBVUfN6K",
            "1Jux81DrUU2F9e7XjmBaPNbvn9V8S1tN94",
            "114sKvC76CnsQ1Za3zJYGnuC4sE16i64Mq",
            "1NK4yDRmoA5iM1CU6gEurbiRagoqL2wgSv",
            "13eU3aDuetmbd7YZJUYguyyLeBFpYezTLU",
            "1HKLfdEq9WsdNyYG8oWbJxvJkoMHHG1ZTb"
        ]
    },
    "fiat_value": {},
    "frozen_coins": {},
    "invoices": {},
    "keystore": {
        "derivation": "m",
        "pw_hash_version": 1,
        "root_fingerprint": "29191fd0",
        "seed": "minor zone pool alarm remain combine easy claw medal settle grace capable",
        "seed_type": "standard",
        "type": "bip32",
        "xprv": "xprv9s21ZrQH143K3nEWNnwUwnf6WsXXUWgWyX7TJw2qhdDRsYLGeMiESGT1vXVbvTpafhoEk4jHfDKtaeubfeTwknZgB3KPw78Bgj8QpKNJLKG",
        "xpub": "xpub661MyMwAqRbcGGJyUpUVJvbq4uN1syQNLk347KSTFxkQkLfRBu2Uz4mVmpYWSM8vMjFiw6zyBbiqrcLRTxHBNYg2cFobqrQH3w7N8fvBGVf"
    },
    "labels": {},
    "payment_requests": {},
    "prevouts_by_scripthash": {},
    "seed_version": 50,
    "spent_outpoints": {},
    "transactions": {},
    "tx_fees": {},
    "txi": {},
    "txo": {},
    "use_encryption": false,
    "verified_tx3": {},
    "wallet_type": "standard"
}