{
    "addr_history": {
        "12TaWfvE1x3iKnPiUdoodrMRsb7xQSYqRK": [],
        "13J9AWLz9R67cyo9dmQjfTqXmrrYju9Q9H": [],
        "147qpYa48D3s3sp9bmnE89qGvPwW2Yg9Jz": [],
        "14AykP3g5HiJ9HjHwPVFPXw2mdrRTy7ZWL": [],
        "14dAKcaoLTryN9cj1K2hNG4VDGSXV7VMkY": [],
        "1561V9QuMrEX9r9eJSnUCJJTLiDp49XeVd": [],
        "159grt1DnsNMKRf28Zjf54pUxVj11nMQP7": [],
        "16ypsdWADAPpwQTHH9GyihkJA9HqXitogN": [],
        "17Uc6XapySbNzvnWoRNtRPr8e69vBTVDSv": [],
        "18cQzaAZVRWYc5CsHinDA1pKSW4TdF68pU": [],
        "18qgBj6Wygy8k5rcWuHsfoiC1BjNZwUkb8": [],
        "1B2vewvxNsLsS2ZucZpqFxJYjQh7Xfn7Mt": [],
        "1BWZ57qKGknQwnR5KAV7XJEyH1XzDWjKX5": [],
        "1BfNGRy4rKT3DyPB7WUbty3kUQdmp7vguz": [],
        "1BjotUKYEZunYLEUGYr8UNbGC3iWubGVL8": [],
        "1BwCsesdd21okZfoEus2apXqB3tCvtfdYB": [],
        "1Cdy8YuTRCimDMx6DoHA4jkfXkhBW38yvU": [],
        "1DBGFmGvTb6M5HUaudxWUv3ZGP7A9y72PZ": [],
        "1DjjnprbyemGURqxRtSaHy1etw8gE3RfSw": [],
        "1EbZkcFBdMrkmdGEheUYVpNe4dbWB8Drt6": [],
        "1ExDtCsN9XuSexF3ATr7FLPJbzzPn3uKJL": [],
        "1G9dpvQRPw2sGZPx8Yc7DCn1qxBJpS1aBD": [],
        "1KyLKQpvXAdrm5Y9DuosghqzkYrdPHiWwJ": [],
        "1Lcqaih2MvTkvGYVjoyHsy6cUMf8MzizQE": [],
        "1LtEb1MdbRgfjDTRv9Z4ks4uZVhPPaGe84": [],
        "1MFTN1JTEqMTWQ49rjWWq5Y1B3HXBhhRDA": [],
        "1NkvJwps5k3tLcnUjLbG3HcL73MJQqm1gq": [],
        "1PBv1bPfXShwptzyYDCi57eepJWgnT74Bf": [],
        "1Q6imtQV9Wtr8UsUNhohvHgC3LiCxBJnW2": [],
        "1QHVoeospPfVgnG3dgTFays1GNotmWcqRs": []
    },
    "addresses": {
        "change": [
            "1ExDtCsN9XuSexF3ATr7FLPJbzzPn3uKJL",
            "14AykP3g5HiJ9HjHwPVFPXw2mdrRTy7ZWL",
            "18cQzaAZVRWYc5CsHinDA1pKSW4TdF68pU",
            "1Q6imtQV9Wtr8UsUNhohvHgC3LiCxBJnW2",
            "159grt1DnsNMKRf28Zjf54pUxVj11nMQP7",
            "1KyLKQpvXAdrm5Y9DuosghqzkYrdPHiWwJ",
            "12TaWfvE1x3iKnPiUdoodrMRsb7xQSYqRK",
            "1PBv1bPfXShwptzyYDCi57eepJWgnT74Bf",
            "1DBGFmGvTb6M5HUaudxWUv3ZGP7A9y72PZ",
            "1G9dpvQRPw2sGZPx8Yc7DCn1qxBJpS1aBD"
        ],
        "receiving": [
            "1Cdy8YuTRCimDMx6DoHA4jkfXkhBW38yvU",
            "1LtEb1MdbRgfjDTRv9Z4ks4uZVhPPaGe84",
            "1QHVoeospPfVgnG3dgTFays1GNotmWcqRs",
            "1B2vewvxNsLsS2ZucZpqFxJYjQh7Xfn7Mt",
            "13J9AWLz9R67cyo9dmQjfTqXmrrYju9Q9H",
            "14dAKcaoLTryN9cj1K2hNG4VDGSXV7VMkY",
            "16ypsdWADAPpwQTHH9GyihkJA9HqXitogN",
            "1EbZkcFBdMrkmdGEheUYVpNe4dbWB8Drt6",
            "1561V9QuMrEX9r9eJSnUCJJTLiDp49XeVd",
            "1BWZ57qKGknQwnR5KAV7XJEyH1XzDWjKX5",
            "1BwCsesdd21okZfoEus2apXqB3tCvtfdYB",
            "1NkvJwps5k3tLcnUjLbG3HcL73MJQqm1gq",
            "1BjotUKYEZunYLEUGYr8UNbGC3iWubGVL8",
            "1MFTN1JTEqMTWQ49rjWWq5Y1B3HXBhhRDA",
            "1BfNGRy4rKT3DyPB7WUbty3kUQdmp7vguz",
            "147qpYa48D3s3sp9bmnE89qGvPwW2Yg9Jz",
            "18qgBj6Wygy8k5rcWuHsfoiC1BjNZwUkb8",
            "1Lcqaih2MvTkvGYVjoyHsy6cUMf8MzizQE",
            "1DjjnprbyemGURqxRtSaHy1etw8gE3RfSw",
            "17Uc6XapySbNzvnWoRNtRPr8e69vBTVDSv"
        ]
    },
    "fiat_value": {},
    "frozen_coins": {},
    "invoices": {},
    "keystore": {
        "derivation": "m",
        "pw_hash_version": 1,
        "root_fingerprint": "95eb47ce",
        "seed": "minor zone pool art remain combine photo claw medal settle grace capable",
        "seed_type": "standard",
        "type": "bip32",
        "xprv": "xprv9s21ZrQH143K2z4sp7a2bg9xgw3nKBzu7RBUY7c73yeNwcafgF7MzzxexbC6giFbJX1D8UU6YriH4jYJkbVsFyZqpmZguCtrHSCVRfvQzrk",
        "xpub": "xpub661MyMwAqRbcFU9Lv972xp6hExtGieikUe75LW1icKBMpQupDnRcYoH8orrFzCMMQHtkfLYp9tzeXLPSt1H4i1VFxUwoBbf4sYdpuY6mSwD"
    },
    "labels": {},
    "payment_requests": {},
    "prevouts_by_scripthash": {},
    "seed_version": 50,
    "spent_outpoints": {},
    "transactions": {},
    "tx_fees": {},
    "txi": {},
    "txo": {},
    "use_encryption": false,
    "verified_tx3": {},
    "wallet_type": "standard"
}