{
    "addr_history": {
        "131jJytQvUSRySRSDETV8yWbk38pod4skz": [],
        "13Y6h78vrT2XsCvwk6SRSgQoHxJ6ByRMc8": [],
        "153aJzwvt9e76cGjBJwApHEUrWJVbBMcsQ": [],
        "15PF3c1HY4UPBKdXj53Qab5cu5YSpKWFxk": [],
        "15YZCEsx2Rh5fUtpmCL97jWv6QpLgVvP6b": [],
        "15g9kNnNm2Wp7yRGqe4HtqK7ud3c8btHgM": [],
        "15pXQfE81MDAZtGcb5bYVDaXrTsjYWzCqH": [],
        "174nePN17hzYiFRbbkuAGxjxVCpvAnUdru": [],
        "17pk41sLySWtmb8MwmZCT6Q7oeYrm9JnoH": [],
        "18JvVFdbckFBpbbQDnEfRi69V2C39cy9t6": [],
        "18YW5auRtuBzbgqC7i6dXWdD9Duu3Rf3Ur": [],
        "192M2sFtWNbtjBy61TvkpK2bmW2b3x57Dk": [],
        "19JuuSnXgQXcNtUg4vrQXHrW2HUoWK35cB": [],
        "19fVJy88R1N9YvZ9KwYUxy5THZGm2Ep6mn": [],
        "1ASFPcYEeLvS9gcrp8T9YnJQsvBv5YfgHx": [],
        "1CpMqpSRAq8KgecpMUZAiYztF5LLhCqTD": [],
        "1CrFFmwMoWJsNzkCBUwQt3qAZcpSfYRGof": [],
        "1Ercuvbxacm1epR4hUa7WmU8xNi4Sv8yg7": [],
        "1FFZ5n4bvqWD1M6fLzW8V9QwyRwwdKnyF4": [],
        "1Fv4c6vX6H4x7UAN6BDoXbDrW2ez8YSMPy": [],
        "1HHahz8PXoi2vB6vSDG5AAJAcahCSdzgrG": [],
        "1HLduTyqpxMk47Z4MXsYCTJM4bfgQpCNkG": [],
        "1HmZiZrNhWZqxj4MtHasNaxG7S1nss56GC": [],
        "1JX7HFy8HCE9mPVpqk6ZHSNrVfzd5GoRGn": [],
        "1JaRqUmCJAPDaFfVk9JSbaCJqJtCD4rRCE": [],
        "1JhGbRHfhCt3sc6sV63XsfXkF2MwDhECC": [],
        "1LQuEz6iuhXa4aKHxFLEjvHxfbGYpFqvN1": [],
        "1MUoZZrykbY8ayvzCPcTcmUTz4YxNAZUYh": [],
        "1cqRyTbG1QNkUB8n5dVNu8s2CXggiXm3S": [],
        "1oazquYTT2PERdLbachsBo9jCXoptcwjz": []
    },
    "addresses": {
        "change": [
            "1JhGbRHfhCt3sc6sV63XsfXkF2MwDhECC",
            "153aJzwvt9e76cGjBJwApHEUrWJVbBMcsQ",
            "1CrFFmwMoWJsNzkCBUwQt3qAZcpSfYRGof",
            "1HmZiZrNhWZqxj4MtHasNaxG7S1nss56GC",
            "174nePN17hzYiFRbbkuAGxjxVCpvAnUdru",
            "18JvVFdbckFBpbbQDnEfRi69V2C39cy9t6",
            "1HHahz8PXoi2vB6vSDG5AAJAcahCSdzgrG",
            "15PF3c1HY4UPBKdXj53Qab5cu5YSpKWFxk",
            "131jJytQvUSRySRSDETV8yWbk38pod4skz",
            "1FFZ5n4bvqWD1M6fLzW8V9QwyRwwdKnyF4"
        ],
        "receiving": [
            "15g9kNnNm2Wp7yRGqe4HtqK7ud3c8btHgM",
            "1Fv4c6vX6H4x7UAN6BDoXbDrW2ez8YSMPy",
            "15YZCEsx2Rh5fUtpmCL97jWv6QpLgVvP6b",
            "1HLduTyqpxMk47Z4MXsYCTJM4bfgQpCNkG",
            "1cqRyTbG1QNkUB8n5dVNu8s2CXggiXm3S",
            "1Ercuvbxacm1epR4hUa7WmU8xNi4Sv8yg7",
            "1JX7HFy8HCE9mPVpqk6ZHSNrVfzd5GoRGn",
            "1CpMqpSRAq8KgecpMUZAiYztF5LLhCqTD",
            "18YW5auRtuBzbgqC7i6dXWdD9Duu3Rf3Ur",
            "1LQuEz6iuhXa4aKHxFLEjvHxfbGYpFqvN1",
            "1MUoZZrykbY8ayvzCPcTcmUTz4YxNAZUYh",
            "15pXQfE81MDAZtGcb5bYVDaXrTsjYWzCqH",
            "17pk41sLySWtmb8MwmZCT6Q7oeYrm9JnoH",
            "1JaRqUmCJAPDaFfVk9JSbaCJqJtCD4rRCE",
            "13Y6h78vrT2XsCvwk6SRSgQoHxJ6ByRMc8",
            "1ASFPcYEeLvS9gcrp8T9YnJQsvBv5YfgHx",
            "19fVJy88R1N9YvZ9KwYUxy5THZGm2Ep6mn",
            "192M2sFtWNbtjBy61TvkpK2bmW2b3x57Dk",
            "19JuuSnXgQXcNtUg4vrQXHrW2HUoWK35cB",
            "1oazquYTT2PERdLbachsBo9jCXoptcwjz"
        ]
    },
    "fiat_value": {},
    "frozen_coins": {},
    "invoices": {},
    "keystore": {
        "derivation": "m",
        "pw_hash_version": 1,
        "root_fingerprint": "9cf1fa9c",
        "seed": "minor zone pool attend remain combine beef claw medal settle grace capable",
        "seed_type": "standard",
        "type": "bip32",
        "xprv": "xprv9s21ZrQH143K29vimBDPZ8RqpsMEfFGzfz3jzngF7Zk2ETqtUMG8EKQYmvVTUCAKYDcFsYqP4gnzxJmMYgDCMV2XnUJMHYm7EvAkC75nPmm",
        "xpub": "xpub661MyMwAqRbcEe1BsCkPvGNaNuBj4hzr3CyLoB5rfuH17GB31taNn7j2dC7KCJ2bDdRxjgebkEadLsD3H4MVoSJGRJEhCS5H9bQYVCdJhpR"
    },
    "labels": {},
    "payment_requests": {},
    "prevouts_by_scripthash": {},
    "seed_version": 50,
    "spent_outpoints": {},
    "transactions": {},
    "tx_fees": {},
    "txi": {},
    "txo": {},
    "use_encryption": false,
    "verified_tx3": {},
    "wallet_type": "standard"
}