{
    "addr_history": {
        "123ozQv5YiJcxmNTSPaEZgBQc7yb9bLS7E": [],
        "158fdV7U7YHzmiR6QV9usaDUnU6DG5zsRw": [],
        "15FfpW9aKZdwFzT9wJH8a7kYrMMH2V4HPC": [],
        "16Cku1XkbjFcEnARnGirpW228mWVxCFBDP": [],
        "16PfbGJ31drKQz6y4f8kQSEapRw4DgYYih": [],
        "16jk5VXtsC9hGswWBTQ6r7zznbrbcQ2CkU": [],
        "18Bc4JhvxdTMV9bRznRGgAmhXuzAe6c3Cq": [],
        "18K2KNgaK9r7o9PCE4FZBCvVVWUWmCauqG": [],
        "18iHnkuXtbHMhTxdqPn5Bs3AjXaMKwcU7Q": [],
        "1B8FWciWTS4AnRy3StTQYeLoA3rxo13dqV": [],
        "1DngsdEoAgEBCENoMNYPU971z2u2cfsXLR": [],
        "1EqykMxJJ2p9QmNp2SxoM4JYr9D4VdzEii": [],
        "1FU528XWHbRTUd64g1cMm77rKxYFMng9K3": [],
        "1G3KxyhVjcAnQTiW9486qK1dx9Gcoo6zqc": [],
        "1G8CFZPAGqQqSTQpcWet6eRU7Ehk1cZpz4": [],
        "1GZrW8RpPgF22LzQmgAt2D4NPnEs7hUGA3": [],
        "1GbyfB4T3hWetqHjbA2gYAxbuoM8DKDDix": [],
        "1GfmJiyC3J26aAvVQXFr6MmMVRu7vbnRUX": [],
        "1Go3MYPUQaAsWNCDGyLUnbLzoPJuonBdcm": [],
        "1H7joyFC8vfseuYACBiBQjeVLWF3RLiez6": [],
        "1HNMMaCwCgbmR6ycTfEPw82Aejk477ZVUw": [],
        "1JqfHfH5eKryWPcG7YKJfgxWtJ15ZGHciQ": [],
        "1JzxYFDFy98deVjWjr8FTMEzr2TsBYshw": [],
        "1K9q9Z9cQjnrC6PEMwfdJ1BqUsdnXzAxWY": [],
        "1KLDuKwFDaHqkWXrfw9jWHeLph3fzxDSJk": [],
        "1Kdg8fDqN35WBL73cYMQBuJJLDWe9wj3Jm": [],
        "1MbBR2yrsPDHAefkv5jEaSjTQqddp6R8fR": [],
        "1NFFUcq8wrTKFBCq7vSgTwWWwv2qtMBa97": [],
        "1NRK9Z56jXhfGS1dZqLYfiZKKAkDcw6X9C": [],
        "1m7jeA8BE1bqAo2gUW4KD6hLP2KdDjNDj": []
    },
    "addresses": {
        "change": [
            "1H7joyFC8vfseuYACBiBQjeVLWF3RLiez6",
            "1G3KxyhVjcAnQTiW9486qK1dx9Gcoo6zqc",
            "1JqfHfH5eKryWPcG7YKJfgxWtJ15ZGHciQ",
            "1JzxYFDFy98deVjWjr8FTMEzr2TsBYshw",
            "1FU528XWHbRTUd64g1cMm77rKxYFMng9K3",
            "1NFFUcq8wrTKFBCq7vSgTwWWwv2qtMBa97",
            "1Go3MYPUQaAsWNCDGyLUnbLzoPJuonBdcm",
            "158fdV7U7YHzmiR6QV9usaDUnU6DG5zsRw",
            "15FfpW9aKZdwFzT9wJH8a7kYrMMH2V4HPC",
            "1KLDuKwFDaHqkWXrfw9jWHeLph3fzxDSJk"
        ],
        "receiving": [
            "1EqykMxJJ2p9QmNp2SxoM4JYr9D4VdzEii",
            "18Bc4JhvxdTMV9bRznRGgAmhXuzAe6c3Cq",
            "16jk5VXtsC9hGswWBTQ6r7zznbrbcQ2CkU",
            "1K9q9Z9cQjnrC6PEMwfdJ1BqUsdnXzAxWY",
            "1G8CFZPAGqQqSTQpcWet6eRU7Ehk1cZpz4",
            "1m7jeA8BE1bqAo2gUW4KD6hLP2KdDjNDj",
            "1Kdg8fDqN35WBL73cYMQBuJJLDWe9wj3Jm",
            "123ozQv5YiJcxmNTSPaEZgBQc7yb9bLS7E",
            "1NRK9Z56jXhfGS1dZqLYfiZKKAkDcw6X9C",
            "1GbyfB4T3hWetqHjbA2gYAxbuoM8DKDDix",
            "1MbBR2yrsPDHAefkv5jEaSjTQqddp6R8fR",
            "16PfbGJ31drKQz6y4f8kQSEapRw4DgYYih",
            "1B8FWciWTS4AnRy3StTQYeLoA3rxo13dqV",
            "1GZrW8RpPgF22LzQmgAt2D4NPnEs7hUGA3",
            "18iHnkuXtbHMhTxdqPn5Bs3AjXaMKwcU7Q",
            "16Cku1XkbjFcEnARnGirpW228mWVxCFBDP",
            "1HNMMaCwCgbmR6ycTfEPw82Aejk477ZVUw",
            "1GfmJiyC3J26aAvVQXFr6MmMVRu7vbnRUX",
            "1DngsdEoAgEBCENoMNYPU971z2u2cfsXLR",
            "18K2KNgaK9r7o9PCE4FZBCvVVWUWmCauqG"
        ]
    },
    "fiat_value": {},
    "frozen_coins": {},
    "invoices": {},
    "keystore": {
        "derivation": "m",
        "pw_hash_version": 1,
        "root_fingerprint": "1a017f8b",
        "seed": "minor zone pool acid remain combine diet claw medal settle grace capable",
        "seed_type": "standard",
        "type": "bip32",
        "xprv": "xprv9s21ZrQH143K3yguCHVi86tH7x75X7b4PChJ1UJB4gWeMVHGnexCwnpDELmsn9K8M5UwF4yPU2eEssXTrtf41dGKoesQE1SgHXFc3KZ95i5",
        "xpub": "xpub661MyMwAqRbcGTmNJK2iVEq1fywZvaJukRctorhnd23dEHcRLCGTVb8h5c8KxtG41ZQkssyeAMzyoeGokCT7ZEpg42pE2GwHyy6sYbTTiKu"
    },
    "labels": {},
    "payment_requests": {},
    "prevouts_by_scripthash": {},
    "seed_version": 50,
    "spent_outpoints": {},
    "transactions": {},
    "tx_fees": {},
    "txi": {},
    "txo": {},
    "use_encryption": false,
    "verified_tx3": {},
    "wallet_type": "standard"
}