{
    "addr_history": {
        "112jgi2FiLEw43CF8RukLrcADof8MMfbK4": [],
        "14tjEwSobGAjTuC1CWuDh5hy6ssChpm8dw": [],
        "15JxruuUCigETADeGSJiQBUXsUV9ML4k2s": [],
        "164rgSaAyMeaYwzE9A5drpGLaBMH4VNbJo": [],
        "16bYvVvg4kLb4515FodVknetcr2HU9Vtvv": [],
        "16rprwmbeApSC2aJr9v1DqScdkG2oc8ZTJ": [],
        "17pqacGNFmf2ggBsy6A3QHHnCuaicomkAV": [],
        "18GJYFv8w5EZNKzfFAzGp4kq4sD24F6Mc": [],
        "19EeFdzL4TcuVQATYK76vcCXPp3Pz5iucp": [],
        "19u6ZDYPCitnib5EkqpuUSvcKcbuJ38zLR": [],
        "1AQLYsyampb6A2G18kUS9r596cV6GF5yAF": [],
        "1AWS8GsYD3EEXiRtuNSapQcpwZ3GrVz92f": [],
        "1BnxK2paRgu6sGLuYbPQC6t4ExmQ3gKj44": [],
        "1C6fB12k4sZJ3UfrYxW2ypa8HK58WAu7oc": [],
        "1CALGfU7GbCzPwXrQuutA4rdLnFEk5ZzkM": [],
        "1DLm8NKZemHssEfLhz1wdWH9LEymDez1v5": [],
        "1E8seKApeKDLv7aQD3qd9K4avzESLSW56G": [],
        "1ET8k2T1uTW3n5akbPW9gJXqKtKd7Zj9hT": [],
        "1ExGFw6iFHNQvwg4NXFtVmNdbsJhaRe1Jx": [],
        "1FK6sBtQ3ZqMfWWSrLpQe37PL6Vk4orGZY": [],
        "1FR8YNiwvrcSWDeG7LVvcHL15hrpNw4DbL": [],
        "1FfhuxdaPPXWP3UADBYCKny5MYHbdhUEdp": [],
        "1Fu8HMaSeNCgcpg2y9Yh7uwT5FaEks8QXi": [],
        "1G4CRfNpABFAGLis9oEgp8tMkVykAXcY9f": [],
        "1LFC7RrnjjWsigGdRmuAkGVkL43jUWYmeG": [],
        "1MJTHcXZfovu7ZjheZXsNvZqHDNt87mPGo": [],
        "1MbCRAu5VpPkYrYyKh9LxmWBbxu2S9MWJA": [],
        "1PPBgL2wT3AdNUALWDNKi3DvkX1a4suHYX": [],
        "1Pgddu43uvjqviummRCNZKzPacfmrEm8U7": [],
        "1mquRhjzQbuQMxw3d1TeDNAFrFmPHnJio": []
    },
    "addresses": {
        "change": [
            "19EeFdzL4TcuVQATYK76vcCXPp3Pz5iucp",
            "1MbCRAu5VpPkYrYyKh9LxmWBbxu2S9MWJA",
            "112jgi2FiLEw43CF8RukLrcADof8MMfbK4",
            "1BnxK2paRgu6sGLuYbPQC6t4ExmQ3gKj44",
            "1E8seKApeKDLv7aQD3qd9K4avzESLSW56G",
            "15JxruuUCigETADeGSJiQBUXsUV9ML4k2s",
            "1G4CRfNpABFAGLis9oEgp8tMkVykAXcY9f",
            "1AWS8GsYD3EEXiRtuNSapQcpwZ3GrVz92f",
            "1PPBgL2wT3AdNUALWDNKi3DvkX1a4suHYX",
            "1Pgddu43uvjqviummRCNZKzPacfmrEm8U7"
        ],
        "receiving": [
            "14tjEwSobGAjTuC1CWuDh5hy6ssChpm8dw",
            "16rprwmbeApSC2aJr9v1DqScdkG2oc8ZTJ",
            "1FK6sBtQ3ZqMfWWSrLpQe37PL6Vk4orGZY",
            "19u6ZDYPCitnib5EkqpuUSvcKcbuJ38zLR",
            "1DLm8NKZemHssEfLhz1wdWH9LEymDez1v5",
            "1FfhuxdaPPXWP3UADBYCKny5MYHbdhUEdp",
            "17pqacGNFmf2ggBsy6A3QHHnCuaicomkAV",
            "18GJYFv8w5EZNKzfFAzGp4kq4sD24F6Mc",
            "1AQLYsyampb6A2G18kUS9r596cV6GF5yAF",
            "1ET8k2T1uTW3n5akbPW9gJXqKtKd7Zj9hT",
            "164rgSaAyMeaYwzE9A5drpGLaBMH4VNbJo",
            "16bYvVvg4kLb4515FodVknetcr2HU9Vtvv",
            "1LFC7RrnjjWsigGdRmuAkGVkL43jUWYmeG",
            "1ExGFw6iFHNQvwg4NXFtVmNdbsJhaRe1Jx",
            "1mquRhjzQbuQMxw3d1TeDNAFrFmPHnJio",
            "1Fu8HMaSeNCgcpg2y9Yh7uwT5FaEks8QXi",
            "1CALGfU7GbCzPwXrQuutA4rdLnFEk5ZzkM",
            "1C6fB12k4sZJ3UfrYxW2ypa8HK58WAu7oc",
            "1FR8YNiwvrcSWDeG7LVvcHL15hrpNw4DbL",
            "1MJTHcXZfovu7ZjheZXsNvZqHDNt87mPGo"
        ]
    },
    "fiat_value": {},
    "frozen_coins": {},
    "invoices": {},
    "keystore": {
        "derivation": "m",
        "pw_hash_version": 1,
        "root_fingerprint": "35d54c36",
        "seed": "minor zone pool actress remain combine reopen claw medal settle grace capable",
        "seed_type": "standard",
        "type": "bip32",
        "xprv": "xprv9s21ZrQH143K28FqUqgEhWz18CXtCoyetN1hV3k8oHVaFrQhVZQJ4mvf3c6PwR2Gat2EppmG1zoCu7QoL8RUyo9Sz8Un3D1zvVhuk1iNz1D",
        "xpub": "xpub661MyMwAqRbcEcLJasDF4evjgENNcGhWFawJHS9kMd2Z8ejr36iYcaF8tqRr1hDAz7N4bh8jeUDKxZyTpPiHjcd5JRcmMZF1hCLesYYFsFD"
    },
    "labels": {},
    "payment_requests": {},
    "prevouts_by_scripthash": {},
    "seed_version": 50,
    "spent_outpoints": {},
    "transactions": {},
    "tx_fees": {},
    "txi": {},
    "txo": {},
    "use_encryption": false,
    "verified_tx3": {},
    "wallet_type": "standard"
}