{
    "addr_history": {
        "13TrWFBkDCynFKWJJNdk24cisWMAiBPLpK": [],
        "1564xFLLcHZpQzZUWQDDRuDk5H4Ccvbymr": [],
        "15RU415iN6hRDKZdz9v5kvboYZC2C5g3dP": [],
        "15hSY71PSXUSKmgE1gneptC6CSSMSECKNV": [],
        "16RL5sX6i4cHU3gAcViJot1Xx8UQs3NNR3": [],
        "19vwoEJAZ8gFrEF4u9TgpocHpPNFaEKwXo": [],
        "1ADUqodjjZCbUHvr611GvBToUQtkF2Q2Gr": [],
        "1BK2VFyJJxMcJ2D8P7fRyKf7AE7dXogufR": [],
        "1BSxgN6GEyfiL5ooVidMr2CUePiotTUQ9e": [],
        "1BmWrFvSh63MDhRrMh6qFsswxLZKibTpc": [],
        "1Bq58bZA48LC6SKLM3cWb5j46JkUSAAoCS": [],
        "1D4NSePdDjp5qRpwNdsY8fsrSwpBJpbM6g": [],
        "1DEKxi4HBrQWhgrVcn5HoHpQ16pYN71K7k": [],
        "1E2aemHiExG2MTjnmek4hwRM3VA41zqvFk": [],
        "1E2sPnJNwZdtdGt9go2NkYVvycWG3yKv4E": [],
        "1EMozxP1XkgsyVCgAnxZgRQotcX2zSXoAx": [],
        "1FFfk2o6sAZRynJMGDxMmChusonqR5SWpq": [],
        "1GJC6FVs3Keqh7vVfPBo6mLiDGgpYAfbwv": [],
        "1GN9oxFEYeWoQKGquLwQ7nW7VCqSmvXXM3": [],
        "1HV44mbkAC9K1Kernhjew4PorEAExtu83C": [],
        "1HgR17r4RsDFT8ZwhMy6xwyT8ixsgmknrd": [],
        "1HxE5UmjzXwChU9tnF2nWmHuh3MtZFKzUH": [],
        "1JJLcqpwsN5LxFkpqFxvNUGvSX9Ac6UXZZ": [],
        "1K96eYaJPkxkEjadeTZZAYoUrQHhM4eTf6": [],
        "1KndUDkqRwg1Ptn6e7FHwS8jf2s5hPh1QN": [],
        "1KrJ3iaYPBn2Q15qBWxDhsLxpuQY9dPnzo": [],
        "1MxKJWWosnfyCvbVqEpVwRCSg7ntyrcwXG": [],
        "1P8qXABWwsm92YLeapUZ238shx2GvsKFhd": [],
        "1Pdb42QoTGrvAUZ9nyhFbURMdquGi9c8ba": [],
        "1PsV4mBsmJhyU4VnoGq77JGGDNThn4rJQd": []
    },
    "addresses": {
        "change": [
            "1D4NSePdDjp5qRpwNdsY8fsrSwpBJpbM6g",
            "1HxE5UmjzXwChU9tnF2nWmHuh3MtZFKzUH",
            "1BK2VFyJJxMcJ2D8P7fRyKf7AE7dXogufR",
            "1BSxgN6GEyfiL5ooVidMr2CUePiotTUQ9e",
            "1EMozxP1XkgsyVCgAnxZgRQotcX2zSXoAx",
            "1PsV4mBsmJhyU4VnoGq77JGGDNThn4rJQd",
            "1E2sPnJNwZdtdGt9go2NkYVvycWG3yKv4E",
            "1564xFLLcHZpQzZUWQDDRuDk5H4Ccvbymr",
            "1E2aemHiExG2MTjnmek4hwRM3VA41zqvFk",
            "1MxKJWWosnfyCvbVqEpVwRCSg7ntyrcwXG"
        ],
        "receiving": [
            "13TrWFBkDCynFKWJJNdk24cisWMAiBPLpK",
            "1DEKxi4HBrQWhgrVcn5HoHpQ16pYN71K7k",
            "19vwoEJAZ8gFrEF4u9TgpocHpPNFaEKwXo",
            "1Bq58bZA48LC6SKLM3cWb5j46JkUSAAoCS",
            "1HgR17r4RsDFT8ZwhMy6xwyT8ixsgmknrd",
            "16RL5sX6i4cHU3gAcViJot1Xx8UQs3NNR3",
            "1FFfk2o6sAZRynJMGDxMmChusonqR5SWpq",
            "1JJLcqpwsN5LxFkpqFxvNUGvSX9Ac6UXZZ",
            "1Pdb42QoTGrvAUZ9nyhFbURMdquGi9c8ba",
            "1BmWrFvSh63MDhRrMh6qFsswxLZKibTpc",
            "15RU415iN6hRDKZdz9v5kvboYZC2C5g3dP",
            "1P8qXABWwsm92YLeapUZ238shx2GvsKFhd",
            "1GJC6FVs3Keqh7vVfPBo6mLiDGgpYAfbwv",
            "1K96eYaJPkxkEjadeTZZAYoUrQHhM4eTf6",
            "1KndUDkqRwg1Ptn6e7FHwS8jf2s5hPh1QN",
            "1HV44mbkAC9K1Kernhjew4PorEAExtu83C",
            "1GN9oxFEYeWoQKGquLwQ7nW7VCqSmvXXM3",
            "15hSY71PSXUSKmgE1gneptC6CSSMSECKNV",
            "1KrJ3iaYPBn2Q15qBWxDhsLxpuQY9dPnzo",
            "1ADUqodjjZCbUHvr611GvBToUQtkF2Q2Gr"
        ]
    },
    "fiat_value": {},
    "frozen_coins": {},
    "invoices": {},
    "keystore": {
        "derivation": "m",
        "pw_hash_version": 1,
        "root_fingerprint": "fc49d0e7",
        "seed": "minor zone pool attitude remain combine wood claw medal settle grace capable",
        "seed_type": "standard",
        "type": "bip32",
        "xprv": "xprv9s21ZrQH143K44A2sLC3xhF5RCJpPmWxK3sUXHyZu3RYGRQkrVFPZTs9nxdwGxWJi6wNYxao9AoinGD5MZL6zJ6XsSPhXKWEMpWwhJjNXCk",
        "xpub": "xpub661MyMwAqRbcGYEVyMj4KqBoyE9JoEEogGo5KgPBTNxX9DjuQ2Ze7GBdeDdYTiGsGYntoNE2aoreVPgE71fCvEjcftMsF3rmigDdZqs9ayG"
    },
    "labels": {},
    "payment_requests": {},
    "prevouts_by_scripthash": {},
    "seed_version": 50,
    "spent_outpoints": {},
    "transactions": {},
    "tx_fees": {},
    "txi": {},
    "txo": {},
    "use_encryption": false,
    "verified_tx3": {},
    "wallet_type": "standard"
}