{
    "addr_history": {
        "1384rLWMnLUMikTQnjJFbocWa14Yc2puPb": [],
        "14d5q5oMzGqvWLEhiqa9PjWxbjaMdgMWKj": [],
        "15a8BNUXVVhTzAwn5eHJuiDNa54o1Mk88M": [],
        "166Dkg5N6w1mJfbzeN1dDYmZpTzLiUcVxT": [],
        "16J43ahrB2VAn7kBnUosKFJwPpaWG2tBxd": [],
        "16oGFP6qmycqPBuFk3a8fZtN9zbqh9GGL7": [],
        "17AJ98YLE8qGnKEWS4hLfCJGj4Q4Cm2MAv": [],
        "18A9VYcYpBCV9eU2xXqxgc1BBndTHuNuR": [],
        "18h6KMZAqAYST8BMYBciFXbCm3tXTGRUy": [],
        "19ANsDxwatgZxxZcT6X5hKVQs6MqWd9daj": [],
        "19ZA8jBZqa7QW1mNJiZvBhgeGWqd1U5ai9": [],
        "19fdD2oztWo4mEFzTTFvN6yNnM6G6p8NVA": [],
        "1BYu9v2JA6A3ThjDVDSKpyuaDDepmKtads": [],
        "1Be8qzwoqJaVAXBPZS31VVpUqRP9u3jx61": [],
        "1BmFyqVaRSDNq4j7DzkGSEZhs5hNnPWi1D": [],
        "1CYCExupL89yhgA8Zi2dS2mjAUAkMP89mA": [],
        "1D8ZNWjgyqRYyhd3QmqE5m6Q31B8kqqBDu": [],
        "1Dk8PrcCCcDEzugDmALBQiZxg8Aedd62gb": [],
        "1DmgVTKxks6wMCNUJeQoX1ybFjJAZeEyLB": [],
        "1EAoeTq3t2CKAbwVZs2TgWYkiFmgZ5JAoy": [],
        "1HB8GNtLXbH93kyaYRdZ8YSCxrae2waY62": [],
        "1HpUw1jriiJTyLZvHpLosFcE1jJ5SCHAnm": [],
        "1K7ntTzEC41vgJrxon3nF1t2tXjuXCGp6a": [],
        "1KUx7bEXnHWPPAattjmw15LBVzB25qcPt9": [],
        "1LZ4PkBxgXt8p9NvDmvQgmqnc25dHgsJEU": [],
        "1M7ZvwhbABZ1hBghsmDCZmPmtb61T6EgNu": [],
        "1MaTXf5Go5TMgtWu3Etut345cgXRQi3icK": [],
        "1N5VaYb6JkREoqiEGRUmd1a75YqqxjmfU8": [],
        "1NTt64xTzkbM2vDHQEQR8g9HRXDQ5DfMT4": [],
        "1PNi3J9JbuU899okoQjCcrJYmGWPHWECJX": []
    },
    "addresses": {
        "change": [
            "1MaTXf5Go5TMgtWu3Etut345cgXRQi3icK",
            "1M7ZvwhbABZ1hBghsmDCZmPmtb61T6EgNu",
            "1LZ4PkBxgXt8p9NvDmvQgmqnc25dHgsJEU",
            "19ZA8jBZqa7QW1mNJiZvBhgeGWqd1U5ai9",
            "1PNi3J9JbuU899okoQjCcrJYmGWPHWECJX",
            "14d5q5oMzGqvWLEhiqa9PjWxbjaMdgMWKj",
            "1BYu9v2JA6A3ThjDVDSKpyuaDDepmKtads",
            "1HpUw1jriiJTyLZvHpLosFcE1jJ5SCHAnm",
            "1NTt64xTzkbM2vDHQEQR8g9HRXDQ5DfMT4",
            "15a8BNUXVVhTzAwn5eHJuiDNa54o1Mk88M"
        ],
        "receiving": [
            "1K7ntTzEC41vgJrxon3nF1t2tXjuXCGp6a",
            "1D8ZNWjgyqRYyhd3QmqE5m6Q31B8kqqBDu",
            "18h6KMZAqAYST8BMYBciFXbCm3tXTGRUy",
            "1N5VaYb6JkREoqiEGRUmd1a75YqqxjmfU8",
            "1384rLWMnLUMikTQnjJFbocWa14Yc2puPb",
            "1Dk8PrcCCcDEzugDmALBQiZxg8Aedd62gb",
            "1CYCExupL89yhgA8Zi2dS2mjAUAkMP89mA",
            "1EAoeTq3t2CKAbwVZs2TgWYkiFmgZ5JAoy",
            "19fdD2oztWo4mEFzTTFvN6yNnM6G6p8NVA",
            "1HB8GNtLXbH93kyaYRdZ8YSCxrae2waY62",
            "1DmgVTKxks6wMCNUJeQoX1ybFjJAZeEyLB",
            "16oGFP6qmycqPBuFk3a8fZtN9zbqh9GGL7",
            "18A9VYcYpBCV9eU2xXqxgc1BBndTHuNuR",
            "1BmFyqVaRSDNq4j7DzkGSEZhs5hNnPWi1D",
            "166Dkg5N6w1mJfbzeN1dDYmZpTzLiUcVxT",
            "19ANsDxwatgZxxZcT6X5hKVQs6MqWd9daj",
            "17AJ98YLE8qGnKEWS4hLfCJGj4Q4Cm2MAv",
            "1Be8qzwoqJaVAXBPZS31VVpUqRP9u3jx61",
            "16J43ahrB2VAn7kBnUosKFJwPpaWG2tBxd",
            "1KUx7bEXnHWPPAattjmw15LBVzB25qcPt9"
        ]
    },
    "fiat_value": {},
    "frozen_coins": {},
    "invoices": {},
    "keystore": {
        "derivation": "m",
        "pw_hash_version": 1,
        "root_fingerprint": "9fb6f044",
        "seed": "minor zone pool around remain combine feature claw medal settle grace capable",
        "seed_type": "standard",
        "type": "bip32",
        "xprv": "xprv9s21ZrQH143K3yGkNrJourwd15Q5KHHpoLuyNrS3fkSQKodHbUmoxNapnvftrDhoF2fxAPdJj8LXPKFFCBnhvNpRfLUFtvtZeJ9TjtReFqP",
        "xpub": "xpub661MyMwAqRbcGTMDUsqpGztMZ7EZik1gAZqaBEqfE5yPCbxS9264WAuJeCcNcXoAUw4NMiHLee8tB6idNQCmMUCVamU2Ke19uRh4nwVjmrN"
    },
    "labels": {},
    "payment_requests": {},
    "prevouts_by_scripthash": {},
    "seed_version": 50,
    "spent_outpoints": {},
    "transactions": {},
    "tx_fees": {},
    "txi": {},
    "txo": {},
    "use_encryption": false,
    "verified_tx3": {},
    "wallet_type": "standard"
}