{
    "addr_history": {
        "13evKmrgJHixWZi5mhnoefKkdDStSbmjrJ": [],
        "13obgCUAWmPYwgWFrvbFkP8s68ShLdULik": [],
        "15JcR9jCfa66ZJPyApNA9s4SpF8h14MA1N": [],
        "15WS2bFqPLEPW9J6jYXqPRMxcjxNBMkE6d": [],
        "16D3anPSYVejrugheeQs1dSmfkXr8NjASY": [],
        "16FNBg76nRHZpjzrKfX47MgBkRJrsJ7fDy": [],
        "16Me9LArEoSVgKvbi1ixXzKwEZXGeiPmWz": [],
        "16XLo5ojvdbeyz1jSTnSBi1QcYe54wsuZw": [],
        "16gfvQGE9cftwiELL3JcNZ8pG2s1E6oSdA": [],
        "16xLCwALy5G4wzxZ8Tri5KrFuFahg3tYVW": [],
        "18qKAy974hxraHLtdRs3rDbtYmxHMmrsnA": [],
        "191o6tm9iKKdHVy7vopLH4yj2EpQugdqNo": [],
        "19SoXt44A3uV7BdaAkPVGE5VxagbNZNWFg": [],
        "19kmR524ZYrqw52co3Xi8PNdusfw2cdMzE": [],
        "1A5VqhkPQqExEFcrh87HrxxjP7Leif6qwV": [],
        "1BUquU9EEKdPsWDMaoSjiNhzgHV2e4W79c": [],
        "1CPP9aRieMauJHtfsAErXsnRTVWznTe9P8": [],
        "1CyQyBUsKZTqcejF9GTgs2ut85Q42agNB4": [],
        "1Cyu4Vj5YKHEgYAezthZ4ogye3u4dzoZZf": [],
        "1Emi4MdEBpXnqKhr66Hwvh5fmZLTbqgTT5": [],
        "1FU1rtRjoBC16c5wM278F6aTuQfkvdxKgz": [],
        "1H21q8jeq3Kix2e5u1cvmsikZwKq4bojjs": [],
        "1HB37xD3XS5HMjhdfN1Uao7S31P1eNx7r3": [],
        "1HqcbgmkB4Pofgxa9p12U9te66CvP3HvrX": [],
        "1JLYp4TFGgKZK391YFPqmeqfbG1vmBj5R": [],
        "1K6NkfGDoUbqm9Q5frumsYNqT31ULYrzwA": [],
        "1MbgpGxQ3n2N5mwzQmi5J3tYGrKGzByz1a": [],
        "1PEdoB9cX9Y9MgQAuPeCmVwyQXj1E8axrZ": [],
        "1PezNHpwPX6mVFySUmpzjUr5Zyss3bVqz4": [],
        "1PxmwvSgkouApE6jUrw8YCd7GF5ZcZHacQ": []
    },
    "addresses": {
        "change": [
            "1HB37xD3XS5HMjhdfN1Uao7S31P1eNx7r3",
            "15WS2bFqPLEPW9J6jYXqPRMxcjxNBMkE6d",
            "16Me9LArEoSVgKvbi1ixXzKwEZXGeiPmWz",
            "1PEdoB9cX9Y9MgQAuPeCmVwyQXj1E8axrZ",
            "1PxmwvSgkouApE6jUrw8YCd7GF5ZcZHacQ",
            "16xLCwALy5G4wzxZ8Tri5KrFuFahg3tYVW",
            "16XLo5ojvdbeyz1jSTnSBi1QcYe54wsuZw",
            "191o6tm9iKKdHVy7vopLH4yj2EpQugdqNo",
            "18qKAy974hxraHLtdRs3rDbtYmxHMmrsnA",
            "13evKmrgJHixWZi5mhnoefKkdDStSbmjrJ"
        ],
        "receiving": [
            "1BUquU9EEKdPsWDMaoSjiNhzgHV2e4W79c",
            "1CPP9aRieMauJHtfsAErXsnRTVWznTe9P8",
            "16D3anPSYVejrugheeQs1dSmfkXr8NjASY",
            "19SoXt44A3uV7BdaAkPVGE5VxagbNZNWFg",
            "1HqcbgmkB4Pofgxa9p12U9te66CvP3HvrX",
            "1FU1rtRjoBC16c5wM278F6aTuQfkvdxKgz",
            "1JLYp4TFGgKZK391YFPqmeqfbG1vmBj5R",
            "1Emi4MdEBpXnqKhr66Hwvh5fmZLTbqgTT5",
            "1CyQyBUsKZTqcejF9GTgs2ut85Q42agNB4",
            "13obgCUAWmPYwgWFrvbFkP8s68ShLdULik",
            "1MbgpGxQ3n2N5mwzQmi5J3tYGrKGzByz1a",
            "16gfvQGE9cftwiELL3JcNZ8pG2s1E6oSdA",
            "1Cyu4Vj5YKHEgYAezthZ4ogye3u4dzoZZf",
            "1H21q8jeq3Kix2e5u1cvmsikZwKq4bojjs",
            "1PezNHpwPX6mVFySUmpzjUr5Zyss3bVqz4",
            "15JcR9jCfa66ZJPyApNA9s4SpF8h14MA1N",
            "16FNBg76nRHZpjzrKfX47MgBkRJrsJ7fDy",
            "1A5VqhkPQqExEFcrh87HrxxjP7Leif6qwV",
            "1K6NkfGDoUbqm9Q5frumsYNqT31ULYrzwA",
            "19kmR524ZYrqw52co3Xi8PNdusfw2cdMzE"
        ]
    },
    "fiat_value": {},
    "frozen_coins": {},
    "invoices": {},
    "keystore": {
        "derivation": "m",
        "pw_hash_version": 1,
        "root_fingerprint": "e16670a7",
        "seed": "minor zone pool author remain combine punch claw medal settle grace capable",
        "seed_type": "standard",
        "type": "bip32",
        "xprv": "xprv9s21ZrQH143K2VzS8zCo8Mf9kpb5jCRUrMzRktwhAg3Ekc7deKbJbsUwHQEP9KYpkeHdtbRFxfyRNmMJUsrvgwBjqfENvPVNMdP1HrYcP3d",
        "xpub": "xpub661MyMwAqRbcEz4uF1joVVbtJrRa8f9LDav2ZHMJj1aDdQSnBruZ9foR8ei39pJajEzD821ZiPtM7tRDigh7wTCNpfyw3XNLNNviAwS9Lcc"
    },
    "labels": {},
    "payment_requests": {},
    "prevouts_by_scripthash": {},
    "seed_version": 50,
    "spent_outpoints": {},
    "transactions": {},
    "tx_fees": {},
    "txi": {},
    "txo": {},
    "use_encryption": false,
    "verified_tx3": {},
    "wallet_type": "standard"
}