{
    "addr_history": {
        "14Ahs6nH8KUaqWPEqHmegYd587h43Co81Z": [],
        "15MZPopXUmUQvqMd4Bkjwonq7u7e2goTqd": [],
        "16iVTnyhNLHx95SY8a1GcsmX915JgiE8CP": [],
        "16j3XMguqV8f1YWL8MT6mjAZULoRctkuJH": [],
        "16myJonsMakq8rdwL1qVNYRnwYX5ooKpM7": [],
        "16xgUnW41CmT877SMvTE9rGoQtUUjzL13K": [],
        "17HPBkeF4TnwSvPxWV6dM2GyRuHePNkDU9": [],
        "17S8k3YiwYdjaRQ5rfTFmTiZLSKTBN29rg": [],
        "17kcMuaA96m225apNoJRNsyGYSbqNdo7Hu": [],
        "187v6FSniViXLveE5ppWUPgwfdwgFNt43K": [],
        "18nybzSx2cc9b5QD1ucTAd4jAW8LzJQ5zH": [],
        "19RZnb34sVYwSwwsMnb764CGxZAb7tFgcA": [],
        "19XdwMGQ27dbPYXS4QcMJaHioJzAbdFFuQ": [],
        "1AKtg4KXYmJQvotSorTDsrJBehm8r5AgwM": [],
        "1AVpiJtMe38xGG63rXgQ9txqPU3YV3ENwD": [],
        "1BJNrLQgkHnZ2LWYXCCS72pCELATrLfZpi": [],
        "1BdZpYxYmLL2khUHEcvTamsuhjM5JkwkDf": [],
        "1BpfxHUn6Medg1UQSVqdbZz74w4fkw1mky": [],
        "1CcTPiUkzhtrMejVYrZA8Xv8ng59AhSmyR": [],
        "1CeQSkx6zLzYQukCaenNv1yw1y7oE2256T": [],
        "1DXss42RvtJLCGojrgiQizJWcN6zqfz3fL": [],
        "1E6BwMdX6fYNUREGZfUauuNQNJCwEn3Tq5": [],
        "1EonNumq79HHYw9nVeT5GESJqMFCFTEHJB": [],
        "1GF82rtvbeEPfi4DSueetRqKc2Kwbs4WNM": [],
        "1HNQrC7x3oo8jbRwAnkpoVTTkS2bJZt2kH": [],
        "1HR8PC2ATBMbNsbX4ELN7nAzxsRaaS5MLg": [],
        "1HaGNK65etUTG1iZk7XVRQtBCNyLNR7h6j": [],
        "1JYWcgR37TAZdHESxxxPmP6ZxdNSKR2m4F": [],
        "1NQ6wNFTkZdXhuHABH1jLqeQEJ7PiiY8Y4": [],
        "1PFJ9zVBUTYXCw7NprpL8x2NvrqL5ebbSH": []
    },
    "addresses": {
        "change": [
            "1JYWcgR37TAZdHESxxxPmP6ZxdNSKR2m4F",
            "16myJonsMakq8rdwL1qVNYRnwYX5ooKpM7",
            "18nybzSx2cc9b5QD1ucTAd4jAW8LzJQ5zH",
            "1BpfxHUn6Medg1UQSVqdbZz74w4fkw1mky",
            "17HPBkeF4TnwSvPxWV6dM2GyRuHePNkDU9",
            "16xgUnW41CmT877SMvTE9rGoQtUUjzL13K",
            "16iVTnyhNLHx95SY8a1GcsmX915JgiE8CP",
            "17kcMuaA96m225apNoJRNsyGYSbqNdo7Hu",
            "1DXss42RvtJLCGojrgiQizJWcN6zqfz3fL",
            "1CcTPiUkzhtrMejVYrZA8Xv8ng59AhSmyR"
        ],
        "receiving": [
            "1CeQSkx6zLzYQukCaenNv1yw1y7oE2256T",
            "1HNQrC7x3oo8jbRwAnkpoVTTkS2bJZt2kH",
            "1AKtg4KXYmJQvotSorTDsrJBehm8r5AgwM",
            "1NQ6wNFTkZdXhuHABH1jLqeQEJ7PiiY8Y4",
            "14Ahs6nH8KUaqWPEqHmegYd587h43Co81Z",
            "1E6BwMdX6fYNUREGZfUauuNQNJCwEn3Tq5",
            "19XdwMGQ27dbPYXS4QcMJaHioJzAbdFFuQ",
            "1PFJ9zVBUTYXCw7NprpL8x2NvrqL5ebbSH",
            "15MZPopXUmUQvqMd4Bkjwonq7u7e2goTqd",
            "1BJNrLQgkHnZ2LWYXCCS72pCELATrLfZpi",
            "1AVpiJtMe38xGG63rXgQ9txqPU3YV3ENwD",
            "1EonNumq79HHYw9nVeT5GESJqMFCFTEHJB",
            "16j3XMguqV8f1YWL8MT6mjAZULoRctkuJH",
            "187v6FSniViXLveE5ppWUPgwfdwgFNt43K",
            "1GF82rtvbeEPfi4DSueetRqKc2Kwbs4WNM",
            "1BdZpYxYmLL2khUHEcvTamsuhjM5JkwkDf",
            "19RZnb34sVYwSwwsMnb764CGxZAb7tFgcA",
            "1HR8PC2ATBMbNsbX4ELN7nAzxsRaaS5MLg",
            "17S8k3YiwYdjaRQ5rfTFmTiZLSKTBN29rg",
            "1HaGNK65etUTG1iZk7XVRQtBCNyLNR7h6j"
        ]
    },
    "fiat_value": {},
    "frozen_coins": {},
    "invoices": {},
    "keystore": {
        "derivation": "m",
        "pw_hash_version": 1,
        "root_fingerprint": "ca85b53e",
        "seed": "minor zone pool asset remain combine dinosaur claw medal settle grace capable",
        "seed_type": "standard",
        "type": "bip32",
        "xprv": "xprv9s21ZrQH143K2ZaJWVtjnUZaa8noqV3Z6eKG6A6mB1JyWAqfFZDNMSvVx6zJz5Wm9gT3MDS1DxqS1vkkxAtt3AL1PM5Htu7ZNXQm2E32pZp",
        "xpub": "xpub661MyMwAqRbcF3emcXRk9cWK8AdJEwmQTsErtYWNjLqxNyAoo6XcuFEyoNwC7AmCXvskr1sy1ZJcDaZ81ztGgimqYMUDLTNuN88EwNpiHwX"
    },
    "labels": {},
    "payment_requests": {},
    "prevouts_by_scripthash": {},
    "seed_version": 50,
    "spent_outpoints": {},
    "transactions": {},
    "tx_fees": {},
    "txi": {},
    "txo": {},
    "use_encryption": false,
    "verified_tx3": {},
    "wallet_type": "standard"
}