{
    "addr_history": {
        "12Q1gudtZZXsJvbT1J2hN9arJf5G1RMQdr": [],
        "12nggtpCz9AXD3ZLJYiERLS4tXUigNLV1D": [],
        "13FzVApNwRQvgvdvWNeuBAtwbA7NLWKiac": [],
        "145RKJXALNmK3NoCULMHxWSmXtTvALkefk": [],
        "155tQp2doEGA3bH2UK5P1kJd2kBuurojt1": [],
        "15RxoAkUnknnFWQB1ssL9vSJxz2hNSkvbu": [],
        "15cCic4sW7X82gcRwENY1P5hdw89hCsJUv": [],
        "16fb9AaCHoc56hyzGS5fC6JZJuDPmgKt5h": [],
        "16gb2cpocZxtkAnQnj4EEdvpm6zzGW86a5": [],
        "17dZfYSsvGDCnHKK3sDEkUiKMc68Viw7o": [],
        "1BCeAj374FDSgorZNHLtKKZt9Lai6SDqwL": [],
        "1BUsCCkCHN2GSgGGmFTuo81BQYE3zR2EUi": [],
        "1CtLNwcwTFRT4dkfpzXwoVR7yc2bqaaNww": [],
        "1EQxVBjMYgvjSfkPdgHx9buVHm2H8buyhJ": [],
        "1EpKuaFfj4n21KTbk3wZmRENzTFLZfFat3": [],
        "1FxNzKrAEBWRQB8EeQeipsepcA9vCFjSEf": [],
        "1HZEkp6Hjj56Ed13iaRap12mP3VvQRzU3i": [],
        "1JCDdRHjsCdoBjbNF9h8QJjVHqpeU85Uj6": [],
        "1JDJipsh5k3aGVt2UNMTjquZpcPL39t5hU": [],
        "1JX8PkqeJwVFsZQc171bXrPxKUw438uHBk": [],
        "1JhKZpyBhb8QF4epgrEtKQxqMbYK5be9Jb": [],
        "1Jsh77WRbkrw1vFyGmMsABqxU8hg4aMpHt": [],
        "1KHXoRG5Qb9jBWW1RxqKGbo5tMqkJTrS9U": [],
        "1KxpvY8ADzhcyd5RdDAoYBRvrSfbF3qucf": [],
        "1LX8MyWjiqJqT4EDt6diE2f23yTuuMigzT": [],
        "1LZCNT6vW9cPd7KsEvAj9G7gzxnDCrJRuq": [],
        "1M2ieBmKFjRNPwWHUTpPcvqvwrCHhZawYS": [],
        "1MGyeE78QwyUwMEM6UKf9ASKxyUT4Sns2T": [],
        "1PYNSSh5m7L7gj9nfTeiG8tK4oTBUUFBXF": [],
        "1aLLpmiHrTLbRs2qJpttiW8QuQ7n85nUs": []
    },
    "addresses": {
        "change": [
            "16fb9AaCHoc56hyzGS5fC6JZJuDPmgKt5h",
            "1LZCNT6vW9cPd7KsEvAj9G7gzxnDCrJRuq",
            "1CtLNwcwTFRT4dkfpzXwoVR7yc2bqaaNww",
            "1PYNSSh5m7L7gj9nfTeiG8tK4oTBUUFBXF",
            "1MGyeE78QwyUwMEM6UKf9ASKxyUT4Sns2T",
            "1JhKZpyBhb8QF4epgrEtKQxqMbYK5be9Jb",
            "1BCeAj374FDSgorZNHLtKKZt9Lai6SDqwL",
            "16gb2cpocZxtkAnQnj4EEdvpm6zzGW86a5",
            "1EpKuaFfj4n21KTbk3wZmRENzTFLZfFat3",
            "1KHXoRG5Qb9jBWW1RxqKGbo5tMqkJTrS9U"
        ],
        "receiving": [
            "15cCic4sW7X82gcRwENY1P5hdw89hCsJUv",
            "17dZfYSsvGDCnHKK3sDEkUiKMc68Viw7o",
            "12nggtpCz9AXD3ZLJYiERLS4tXUigNLV1D",
            "1JDJipsh5k3aGVt2UNMTjquZpcPL39t5hU",
            "15RxoAkUnknnFWQB1ssL9vSJxz2hNSkvbu",
            "1aLLpmiHrTLbRs2qJpttiW8QuQ7n85nUs",
            "1KxpvY8ADzhcyd5RdDAoYBRvrSfbF3qucf",
            "1JCDdRHjsCdoBjbNF9h8QJjVHqpeU85Uj6",
            "1HZEkp6Hjj56Ed13iaRap12mP3VvQRzU3i",
            "1BUsCCkCHN2GSgGGmFTuo81BQYE3zR2EUi",
            "155tQp2doEGA3bH2UK5P1kJd2kBuurojt1",
            "1LX8MyWjiqJqT4EDt6diE2f23yTuuMigzT",
            "1FxNzKrAEBWRQB8EeQeipsepcA9vCFjSEf",
            "1Jsh77WRbkrw1vFyGmMsABqxU8hg4aMpHt",
            "145RKJXALNmK3NoCULMHxWSmXtTvALkefk",
            "13FzVApNwRQvgvdvWNeuBAtwbA7NLWKiac",
            "12Q1gudtZZXsJvbT1J2hN9arJf5G1RMQdr",
            "1EQxVBjMYgvjSfkPdgHx9buVHm2H8buyhJ",
            "1JX8PkqeJwVFsZQc171bXrPxKUw438uHBk",
            "1M2ieBmKFjRNPwWHUTpPcvqvwrCHhZawYS"
        ]
    },
    "fiat_value": {},
    "frozen_coins": {},
    "invoices": {},
    "keystore": {
        "derivation": "m",
        "pw_hash_version": 1,
        "root_fingerprint": "b82594a5",
        "seed": "minor zone pool abuse remain combine valley claw medal settle grace capable",
        "seed_type": "standard",
        "type": "bip32",
        "xprv": "xprv9s21ZrQH143K3SZvMDqNFMRFSpfGZYESLCuCFekyauiRaTXpyrmCKZvNwPrkLiGe9LxDsr5RmqH4pYTvdpjrSVY8tri5Xq5fMvcHKwT3sG9",
        "xpub": "xpub661MyMwAqRbcFvePTFNNcVMyzrVkxzxHhRpo43Ab9FFQTFryXQ5SsNErni78R2hKgQbxZTLe1c4tjoXE4XTo3Udf5hcceWVpnctcdB1i6rD"
    },
    "labels": {},
    "payment_requests": {},
    "prevouts_by_scripthash": {},
    "seed_version": 50,
    "spent_outpoints": {},
    "transactions": {},
    "tx_fees": {},
    "txi": {},
    "txo": {},
    "use_encryption": false,
    "verified_tx3": {},
    "wallet_type": "standard"
}