{
    "addr_history": {
        "12FBE3743yCMDaXPg7GbU7YimQJh7WmRiF": [],
        "13JLzQuXBUTn2YVquZSsHbdzAHSrRuQSdW": [],
        "14VcrXFhqPN9gJp6NkThEzh9ZsbnpNWUTS": [],
        "14irXPmMAvnvKrVNVStxdT8ojYE1mAgY4H": [],
        "14sg6WFurcSnEb5bWVQrd324S8bbdkQFKM": [],
        "165WkRmMsRhokcJrxjyoEg9kEvPBDnYfSZ": [],
        "16ZKwm5a1CrpKraWuMUYFzYq8dpXKKFucN": [],
        "16dZUf5sVaJwJR65PJnRwL5ASyhQFjVejg": [],
        "16fJTpshwpggjzTxjtYnjtLU5fHRXMnJW5": [],
        "17J8zqNkWL82TWst4nhrpCEHL39iEu6B9p": [],
        "19gvNfoD7oc3G44nqgv3vXChHkeaHoqAoh": [],
        "1AKb8zkmba8PnNgojNsnYSqfp6S2Q7wxuZ": [],
        "1AqGupBear187bj6i9ddQuBsohf7rjeB5G": [],
        "1B7JEaxxGJs6RQozowSrVZGYcMink4jQBz": [],
        "1ByBaZvAq1A3S5Wxhin8c57crneUSPzBqo": [],
        "1C9dxEjiQB6UiVgSZViWzJ67nf6d1JYZmG": [],
        "1CRaH5y2VqsaDPnUmKe1W7zFEis5cGwofT": [],
        "1DTWyeY7EjDqGcT4cn8TvFoe11fDo2TdcK": [],
        "1DaWdVmrdxN1ieQGqWYGtSvyyjg5pVDYEW": [],
        "1E1XGSvb52tmeMsvg8n9RRa9TubZNvmTRT": [],
        "1FUPzEimcsGPcf9q42tNMRV2naQ1P9U2wP": [],
        "1FyQcocMqwK2X2ouXf8pgyjLGP7h5A1R2G": [],
        "1H2xUKBevr4mQGHBdfLBMA8Kk95ZqQyM7z": [],
        "1Ke6SuPLNqdgxjHXT2XpZhtRUWN1FWxACa": [],
        "1MzuyCZNzLk7hjor6Yp9zPd1mot17Sz9v8": [],
        "1N2ZmzoXXLHPcM39NfPJu4rh3VgShSYAM5": [],
        "1NKarRggw77TTxFmA22M2Lrs6bZen5S3DJ": [],
        "1NYS8RJYuERd1MCtyauHrVCAERuoK2x4aY": [],
        "1P1TMi8tJPWZb3A5tbVkrmMD9jFNkUetbj": [],
        "1PwwBsb7Sh6cxJU5XuvruqU9RJAcAJnWQr": []
    },
    "addresses": {
        "change": [
            "1AKb8zkmba8PnNgojNsnYSqfp6S2Q7wxuZ",
            "1P1TMi8tJPWZb3A5tbVkrmMD9jFNkUetbj",
            "16ZKwm5a1CrpKraWuMUYFzYq8dpXKKFucN",
            "1MzuyCZNzLk7hjor6Yp9zPd1mot17Sz9v8",
            "1NKarRggw77TTxFmA22M2Lrs6bZen5S3DJ",
            "1C9dxEjiQB6UiVgSZViWzJ67nf6d1JYZmG",
            "1B7JEaxxGJs6RQozowSrVZGYcMink4jQBz",
            "14sg6WFurcSnEb5bWVQrd324S8bbdkQFKM",
            "1E1XGSvb52tmeMsvg8n9RRa9TubZNvmTRT",
            "17J8zqNkWL82TWst4nhrpCEHL39iEu6B9p"
        ],
        "receiving": [
            "12FBE3743yCMDaXPg7GbU7YimQJh7WmRiF",
            "1PwwBsb7Sh6cxJU5XuvruqU9RJAcAJnWQr",
            "1FyQcocMqwK2X2ouXf8pgyjLGP7h5A1R2G",
            "19gvNfoD7oc3G44nqgv3vXChHkeaHoqAoh",
            "165WkRmMsRhokcJrxjyoEg9kEvPBDnYfSZ",
            "1H2xUKBevr4mQGHBdfLBMA8Kk95ZqQyM7z",
            "1Ke6SuPLNqdgxjHXT2XpZhtRUWN1FWxACa",
            "1DaWdVmrdxN1ieQGqWYGtSvyyjg5pVDYEW",
            "1AqGupBear187bj6i9ddQuBsohf7rjeB5G",
            "16fJTpshwpggjzTxjtYnjtLU5fHRXMnJW5",
            "1FUPzEimcsGPcf9q42tNMRV2naQ1P9U2wP",
            "1NYS8RJYuERd1MCtyauHrVCAERuoK2x4aY",
            "1N2ZmzoXXLHPcM39NfPJu4rh3VgShSYAM5",
            "13JLzQuXBUTn2YVquZSsHbdzAHSrRuQSdW",
            "14irXPmMAvnvKrVNVStxdT8ojYE1mAgY4H",
            "1DTWyeY7EjDqGcT4cn8TvFoe11fDo2TdcK",
            "1CRaH5y2VqsaDPnUmKe1W7zFEis5cGwofT",
            "1ByBaZvAq1A3S5Wxhin8c57crneUSPzBqo",
            "14VcrXFhqPN9gJp6NkThEzh9ZsbnpNWUTS",
            "16dZUf5sVaJwJR65PJnRwL5ASyhQFjVejg"
        ]
    },
    "fiat_value": {},
    "frozen_coins": {},
    "invoices": {},
    "keystore": {
        "derivation": "m",
        "pw_hash_version": 1,
        "root_fingerprint": "e06a08d5",
        "seed": "minor zone pool apology remain combine sand claw medal settle grace capable",
        "seed_type": "standard",
        "type": "bip32",
        "xprv": "xprv9s21ZrQH143K2eU71jAPTYLZUCg3j7TQHhm5mzKmGgd6jaXAGFct9SFqN4hVDkfe2MeBgLULwM7Y7SjoUShe7rN3LkVWVevee5oSXgNQYB8",
        "xpub": "xpub661MyMwAqRbcF8Ya7khPpgHJ2EWY8aBFevggaNjNq2A5cNrJonw8hEaKDKffX3fCKEukjUE3rskyXdQbo5Vdh1WjXSn1cmYJjY3da7HSdsV"
    },
    "labels": {},
    "payment_requests": {},
    "prevouts_by_scripthash": {},
    "seed_version": 50,
    "spent_outpoints": {},
    "transactions": {},
    "tx_fees": {},
    "txi": {},
    "txo": {},
    "use_encryption": false,
    "verified_tx3": {},
    "wallet_type": "standard"
}