{
    "addr_history": {
        "12H5LyUJ28GbLyx7XycWjVg2Z9VGYLb3dL": [],
        "12s8zbA5zgmAzRQFLY5uMBmU4Zjzhkwnvi": [],
        "13C1frQTha6ePgn2L6Ng6ty1CVkW2WzPFS": [],
        "13Yi22iWzDv84sjSi6roomxvsAowNfiC1n": [],
        "15Gm3RyFCBejB28BGXD68PZCYUq1JuTGUH": [],
        "15e7F67So3C25wio6WbM8EWf7dMFh7oeBU": [],
        "16dNSZNsdDwE1sj8qPy3DppZumytmbYezJ": [],
        "175oednYnu5YMX1KUasveUyTSpRPvwZGqt": [],
        "19J5tqCoewamQopjHZ7SRuFE3KdBRDQoDk": [],
        "1A8GzUtSpACgXrn8iLVSS1sqgbyDUh6rzY": [],
        "1AnN1mijeS8ZiRNo8ThiWNncPx8H239ibn": [],
        "1Ay7aDGgTzBkwZH5ErzoUVvNvVkwqHkDXA": [],
        "1BPXiPQLzWTEwMLyqo8TjD8tXWLQzBNNd4": [],
        "1CxxbG8Hr5RzKKupSbcu3VSQ8a1AQtx5mY": [],
        "1CzYYXWk5KcaDDvtUmLceUFA7jzWYqoDPg": [],
        "1E4yvX2CDxZQjq2Zo4JTXCgD9qucm3DDkx": [],
        "1ECw5cDutcckCmV4LKuopGzxYhqtStHp89": [],
        "1EX8sa47sGvDLZWcVok3s7DJLMyD8RVzYL": [],
        "1J6LqKc52w8Jvs9SiRJLabC8ntC92BdSzB": [],
        "1KAzv7zmnjDkVDfp8wXLQvPTHE94zAyMMb": [],
        "1L43wNWHWSKTxvy2h3nkLvgCprtLR1adTK": [],
        "1LBP5TeGdduRBnD2XKe1saWAgLHTv6XMg7": [],
        "1LSeAw5e4NZF7gKV9xu16SLmwfxZueZ4Un": [],
        "1NMoXRu4rmH7cqpvEaUtmtz36XEyoK4a9e": [],
        "1PJuf5pAjcwZMUxWwoCRAMAWPrDkykGamD": [],
        "1PW6iRnUn6tG1LngN2PdoArczvT4pUHddL": [],
        "1PnrYkaearLHxuxNPj1w2Wv8VzEyEmVnoN": [],
        "1PsHAmyG6GCwMYZscTGPVodts1hKRtZV6t": [],
        "1PuyGkV7DxP1PCMYkLyTEpQCMGEjG7guSF": [],
        "1aLMmek9Djdcn8BtT7G6Lmr8FYWxRkPHg": []
    },
    "addresses": {
        "change": [
            "1aLMmek9Djdcn8BtT7G6Lmr8FYWxRkPHg",
            "1AnN1mijeS8ZiRNo8ThiWNncPx8H239ibn",
            "16dNSZNsdDwE1sj8qPy3DppZumytmbYezJ",
            "15Gm3RyFCBejB28BGXD68PZCYUq1JuTGUH",
            "1EX8sa47sGvDLZWcVok3s7DJLMyD8RVzYL",
            "13Yi22iWzDv84sjSi6roomxvsAowNfiC1n",
            "1CzYYXWk5KcaDDvtUmLceUFA7jzWYqoDPg",
            "1PJuf5pAjcwZMUxWwoCRAMAWPrDkykGamD",
            "1ECw5cDutcckCmV4LKuopGzxYhqtStHp89",
            "1PW6iRnUn6tG1LngN2PdoArczvT4pUHddL"
        ],
        "receiving": [
            "1KAzv7zmnjDkVDfp8wXLQvPTHE94zAyMMb",
            "1J6LqKc52w8Jvs9SiRJLabC8ntC92BdSzB",
            "1BPXiPQLzWTEwMLyqo8TjD8tXWLQzBNNd4",
            "12s8zbA5zgmAzRQFLY5uMBmU4Zjzhkwnvi",
            "1PnrYkaearLHxuxNPj1w2Wv8VzEyEmVnoN",
            "1PuyGkV7DxP1PCMYkLyTEpQCMGEjG7guSF",
            "13C1frQTha6ePgn2L6Ng6ty1CVkW2WzPFS",
            "1NMoXRu4rmH7cqpvEaUtmtz36XEyoK4a9e",
            "1A8GzUtSpACgXrn8iLVSS1sqgbyDUh6rzY",
            "12H5LyUJ28GbLyx7XycWjVg2Z9VGYLb3dL",
            "1CxxbG8Hr5RzKKupSbcu3VSQ8a1AQtx5mY",
            "175oednYnu5YMX1KUasveUyTSpRPvwZGqt",
            "15e7F67So3C25wio6WbM8EWf7dMFh7oeBU",
            "1LSeAw5e4NZF7gKV9xu16SLmwfxZueZ4Un",
            "1Ay7aDGgTzBkwZH5ErzoUVvNvVkwqHkDXA",
            "19J5tqCoewamQopjHZ7SRuFE3KdBRDQoDk",
            "1LBP5TeGdduRBnD2XKe1saWAgLHTv6XMg7",
            "1L43wNWHWSKTxvy2h3nkLvgCprtLR1adTK",
            "1PsHAmyG6GCwMYZscTGPVodts1hKRtZV6t",
            "1E4yvX2CDxZQjq2Zo4JTXCgD9qucm3DDkx"
        ]
    },
    "fiat_value": {},
    "frozen_coins": {},
    "invoices": {},
    "keystore": {
        "derivation": "m",
        "pw_hash_version": 1,
        "root_fingerprint": "2106b94c",
        "seed": "minor zone pool arm remain combine follow claw medal settle grace capable",
        "seed_type": "standard",
        "type": "bip32",
        "xprv": "xprv9s21ZrQH143K2G3E8SQdps1kYuso17Xc68oJNQEBtSDig262Sd8Ewmf9ne7yS5EMW9RgKE2u6P4bKnxK1wW6ceCznvASdpkTCDxXEx8afgk",
        "xpub": "xpub661MyMwAqRbcEk7hETweBzxV6wiHQaFTTMiuAndoSmkhYpRAzASVVZyddtpiC9ebQB1E3BuaY32xy81FQnjCmxGxv9hNRBuSWz2kkuWYaKm"
    },
    "labels": {},
    "payment_requests": {},
    "prevouts_by_scripthash": {},
    "seed_version": 50,
    "spent_outpoints": {},
    "transactions": {},
    "tx_fees": {},
    "txi": {},
    "txo": {},
    "use_encryption": false,
    "verified_tx3": {},
    "wallet_type": "standard"
}