{
    "addr_history": {
        "113CJT8Zn28JoU365G5LM467PEQKx6RdPo": [],
        "15oRYFpXdCEBZeYCqjgaZyPwtxmbRg4fS2": [],
        "16dT45wm2Rh2znsgoV4m9dV8ywEmUzM77T": [],
        "16iyPJZRVcxyeG23A8cGuuJ6VY4Qa2v5kt": [],
        "1752BfRuyzbzwh6A6f96ppmeRn6ctL87h7": [],
        "1834EL8Qp4LsJBigdCvMzNW19jhECrzyic": [],
        "19FEdqbdVNehQMw1J5Ah58ZBqa13PnckBr": [],
        "1AABH9ADXdoK1qWsMCbGoiSvTQUGrb211M": [],
        "1Ba9cKv1XKpZje7M2D34SGuEozPGMbqF5r": [],
        "1D8qidSZzgMy7k6cXV8JHAcf9gWxQcepNi": [],
        "1DAH25z8K89b8aAwPP51Cp8VxoySpn1GeB": [],
        "1DauXk6UowHptzRFrLe7wA9jzQxyJocG9Q": [],
        "1DsQ79Z3aw5KjcyHmViS5LpjFuFLb5iSyS": [],
        "1HJDGbrGkiUUnjb5r7a6FMcdkufgacZVcY": [],
        "1JR4r9n1Q4atY4fHAXvjB8W1DKH6FaabMW": [],
        "1JdXzPEBLLrjpkkxRSr87xVcaZsWNxBLBU": [],
        "1KJ5FDAE7LuJN64WRpRYXidySTfxXkJYET": [],
        "1KkwAeZkbE8MVs3q167dhrje3jmrMYUif3": [],
        "1Lcae81zVaMQSTyfLpSzkQ2BMd4hzBu24N": [],
        "1MNYf3GfB96g4mdj7DqLNvGUcweso6w2uH": [],
        "1NeBNha2tbzsUVK6u9igkdDSEWULpqsrhf": [],
        "1NiNUYu1m1UHQTj3BumQyHqHX3K85vSLtM": [],
        "1NsbFAgDPFP2dBhJdvbTvaMnHvWzCegRMt": [],
        "1PKVZY4DS1QSy7RWSrScE7gFftq4bjNCtw": [],
        "1PMbqWSKLNSwcgYxBEvhoo5h7QML52Uxpi": [],
        "1PvPSre7jsqepAqK1JmnpGaYMNea11xoBa": [],
        "1QBdrdggXgp5LqccU9TW8GmuGJWkFmkbzm": [],
        "1R489S1FBA9ASkFDFJpiXYhFrhuMEGZhi": [],
        "1jxb1zWPNje6qTTudijceRmBJ4Les7Pq7": [],
        "1kAdQu7K38kYQebTrsoTkdQFsJmVje4uV": []
    },
    "addresses": {
        "change": [
            "1752BfRuyzbzwh6A6f96ppmeRn6ctL87h7",
            "1HJDGbrGkiUUnjb5r7a6FMcdkufgacZVcY",
            "1KkwAeZkbE8MVs3q167dhrje3jmrMYUif3",
            "16dT45wm2Rh2znsgoV4m9dV8ywEmUzM77T",
            "1PMbqWSKLNSwcgYxBEvhoo5h7QML52Uxpi",
            "1834EL8Qp4LsJBigdCvMzNW19jhECrzyic",
            "1PvPSre7jsqepAqK1JmnpGaYMNea11xoBa",
            "1PKVZY4DS1QSy7RWSrScE7gFftq4bjNCtw",
            "1R489S1FBA9ASkFDFJpiXYhFrhuMEGZhi",
            "1AABH9ADXdoK1qWsMCbGoiSvTQUGrb211M"
        ],
        "receiving": [
            "1MNYf3GfB96g4mdj7DqLNvGUcweso6w2uH",
            "1QBdrdggXgp5LqccU9TW8GmuGJWkFmkbzm",
            "16iyPJZRVcxyeG23A8cGuuJ6VY4Qa2v5kt",
            "1NsbFAgDPFP2dBhJdvbTvaMnHvWzCegRMt",
            "1NeBNha2tbzsUVK6u9igkdDSEWULpqsrhf",
            "1JR4r9n1Q4atY4fHAXvjB8W1DKH6FaabMW",
            "19FEdqbdVNehQMw1J5Ah58ZBqa13PnckBr",
            "1KJ5FDAE7LuJN64WRpRYXidySTfxXkJYET",
            "1DAH25z8K89b8aAwPP51Cp8VxoySpn1GeB",
            "15oRYFpXdCEBZeYCqjgaZyPwtxmbRg4fS2",
            "1jxb1zWPNje6qTTudijceRmBJ4Les7Pq7",
            "1DauXk6UowHptzRFrLe7wA9jzQxyJocG9Q",
            "1NiNUYu1m1UHQTj3BumQyHqHX3K85vSLtM",
            "1Ba9cKv1XKpZje7M2D34SGuEozPGMbqF5r",
            "1D8qidSZzgMy7k6cXV8JHAcf9gWxQcepNi",
            "113CJT8Zn28JoU365G5LM467PEQKx6RdPo",
            "1DsQ79Z3aw5KjcyHmViS5LpjFuFLb5iSyS",
            "1JdXzPEBLLrjpkkxRSr87xVcaZsWNxBLBU",
            "1kAdQu7K38kYQebTrsoTkdQFsJmVje4uV",
            "1Lcae81zVaMQSTyfLpSzkQ2BMd4hzBu24N"
        ]
    },
    "fiat_value": {},
    "frozen_coins": {},
    "invoices": {},
    "keystore": {
        "derivation": "m",
        "pw_hash_version": 1,
        "root_fingerprint": "70ddca7c",
        "seed": "minor zone pool chase remain combine able claw medal settle grace capable",
        "seed_type": "standard",
        "type": "bip32",
        "xprv": "xprv9s21ZrQH143K2mHqaPmL1Jn1aZTbc7RirwxLv8CSJdJFStYTUDqUkMAAPR2MYpnib9zYt25HKqpjmbu8kKVChWbD1WSGM9WTUx8dE1iT46z",
        "xpub": "xpub661MyMwAqRbcFFNJgRJLNSik8bJ61a9aEAswiWc3rxqEKgsc1m9jJ9UeEgSp2ZnjmRQn58DCyLC2GAx2usbwiSjwzTbBvTFQaFEsZwijUQ1"
    },
    "labels": {},
    "payment_requests": {},
    "prevouts_by_scripthash": {},
    "seed_version": 50,
    "spent_outpoints": {},
    "transactions": {},
    "tx_fees": {},
    "txi": {},
    "txo": {},
    "use_encryption": false,
    "verified_tx3": {},
    "wallet_type": "standard"
}