{
    "addr_history": {
        "14CMypioF2LiCPzSLo8xfXBYscwZ9VwG1F": [],
        "15K1VYtCwmaE4McE4fNtnREPnxz8EK4kAb": [],
        "17VjcUwy4tSJGwj1Qyah2wecTYkDtBzVad": [],
        "18V1D9PCutVZTbtW5vX6b9FBoBZAvyerqr": [],
        "1A2bYKwAsNSQSiMoV8DzN7CZvmBY4hs8xV": [],
        "1AoTXZxVzybD9SMaSkv4GXiJbYAreFary1": [],
        "1Bq2fy1jesVs8zYsZhEFnKN4e9ZVfzmULj": [],
        "1BvYJjZeKzM2nXUgahhjAoCuZgsBYtjEPC": [],
        "1ChATedCuT52LqVL4sJGserDvgrKr6iBNv": [],
        "1CnN6aeAMuEBvoVDLdyC74afiGXcysRgrs": [],
        "1DqgraP6jdVgZdUmUDVwHnDAsB3UNRrk6g": [],
        "1DvxpGPdK1jsxkJwtq582R277p77RSqRen": [],
        "1FDnBPYLCN8KWGAVePETwmzbGg1TSDWZDV": [],
        "1FeHNJaSsZH2ncv7CrXRnNYsij79dEpvQD": [],
        "1GNYvoRiinYSVxEKnbdUKqENmrxoJ4pR6c": [],
        "1GrK6qq9vjC6KtdoQpgV7ASnths7ZAGJgz": [],
        "1Hyjx77kqp1rprRNfWEMQKVgothALRW2Sk": [],
        "1Jsz3ph8AdqggDQxAxZJQt7Gf4aZhvnHEf": [],
        "1K5qFLPexeq7EBfhDs7dN2Z5jD3aeMzQhV": [],
        "1KcRkFnkaDEBoYgKLutmLwpkNLJDhqLZgK": [],
        "1LXG8YQMSMiGGqNpzxrixboaWnApvANgbe": [],
        "1LhMjHtgQyLiqqsVi9Vt3u9QMrf57tyG4Z": [],
        "1MZQisg7PMtyC1afesdttQvcLMtQUnqQYA": [],
        "1NGrSEAoGLvZ6gtj39ZajCXwyYjdMULbsA": [],
        "1NS7jmjPx2d5LFr2sQrxwXSTWR1scviPjq": [],
        "1NmsUSyeVQbe1dkiuaQm8qQfinv5DEUw3V": [],
        "1PFmrAQS3iF85ooWTXFw5WYq3Ht6k11dBa": [],
        "1Q6tE4HM1HzF6NbvPK7CmftJReY8CXtdMe": [],
        "1QB4MygS8PiY5SwKSV7931izZa31pMwdad": [],
        "1U5kJFTHRWsJStyUD64Mbh4pbjB2BzB3H": []
    },
    "addresses": {
        "change": [
            "1DvxpGPdK1jsxkJwtq582R277p77RSqRen",
            "1Q6tE4HM1HzF6NbvPK7CmftJReY8CXtdMe",
            "1NmsUSyeVQbe1dkiuaQm8qQfinv5DEUw3V",
            "1FeHNJaSsZH2ncv7CrXRnNYsij79dEpvQD",
            "1Jsz3ph8AdqggDQxAxZJQt7Gf4aZhvnHEf",
            "1BvYJjZeKzM2nXUgahhjAoCuZgsBYtjEPC",
            "1NS7jmjPx2d5LFr2sQrxwXSTWR1scviPjq",
            "1Bq2fy1jesVs8zYsZhEFnKN4e9ZVfzmULj",
            "1A2bYKwAsNSQSiMoV8DzN7CZvmBY4hs8xV",
            "1DqgraP6jdVgZdUmUDVwHnDAsB3UNRrk6g"
        ],
        "receiving": [
            "1FDnBPYLCN8KWGAVePETwmzbGg1TSDWZDV",
            "1QB4MygS8PiY5SwKSV7931izZa31pMwdad",
            "1GNYvoRiinYSVxEKnbdUKqENmrxoJ4pR6c",
            "1LXG8YQMSMiGGqNpzxrixboaWnApvANgbe",
            "1AoTXZxVzybD9SMaSkv4GXiJbYAreFary1",
            "1CnN6aeAMuEBvoVDLdyC74afiGXcysRgrs",
            "1ChATedCuT52LqVL4sJGserDvgrKr6iBNv",
            "1K5qFLPexeq7EBfhDs7dN2Z5jD3aeMzQhV",
            "1Hyjx77kqp1rprRNfWEMQKVgothALRW2Sk",
            "1U5kJFTHRWsJStyUD64Mbh4pbjB2BzB3H",
            "15K1VYtCwmaE4McE4fNtnREPnxz8EK4kAb",
            "18V1D9PCutVZTbtW5vX6b9FBoBZAvyerqr",
            "1KcRkFnkaDEBoYgKLutmLwpkNLJDhqLZgK",
            "17VjcUwy4tSJGwj1Qyah2wecTYkDtBzVad",
            "1GrK6qq9vjC6KtdoQpgV7ASnths7ZAGJgz",
            "1PFmrAQS3iF85ooWTXFw5WYq3Ht6k11dBa",
            "14CMypioF2LiCPzSLo8xfXBYscwZ9VwG1F",
            "1LhMjHtgQyLiqqsVi9Vt3u9QMrf57tyG4Z",
            "1NGrSEAoGLvZ6gtj39ZajCXwyYjdMULbsA",
            "1MZQisg7PMtyC1afesdttQvcLMtQUnqQYA"
        ]
    },
    "fiat_value": {},
    "frozen_coins": {},
    "invoices": {},
    "keystore": {
        "derivation": "m",
        "pw_hash_version": 1,
        "root_fingerprint": "42782364",
        "seed": "minor zone pool around remain combine they claw medal settle grace capable",
        "seed_type": "standard",
        "type": "bip32",
        "xprv": "xprv9s21ZrQH143K2TdQ1ZWSmn9wq5RBzG4Qaf3KtneuPMsC9Nhdjz2WbjRFKf3unEA7svtM21a716L7tWj9d1X3Zz2w4PphU8gtf8ionfgGy25",
        "xpub": "xpub661MyMwAqRbcEwhs7b3T8v6gP7FgPinFwsxvhB4WwhQB2B2nHXLm9XjjAxQfsR4S6V7RHiiGzj4gYiE865UDAQH5ZWnZ3G4XscFGybpSYvh"
    },
    "labels": {},
    "payment_requests": {},
    "prevouts_by_scripthash": {},
    "seed_version": 50,
    "spent_outpoints": {},
    "transactions": {},
    "tx_fees": {},
    "txi": {},
    "txo": {},
    "use_encryption": false,
    "verified_tx3": {},
    "wallet_type": "standard"
}