{
    "addr_history": {
        "12jzSKacvEj8uSCw7anTXU2XwnFSeFFLBh": [],
        "13kXm9waMhWN2SactR3E8vCPjVy7JD9TDQ": [],
        "16KiiKVa3Z367vY3Fz2yCzPjgJ3nzqqWUQ": [],
        "16UFX58sGd6WsvyvUcuU92WShif8NuXduB": [],
        "18qBigm5kVsGqb1Umf4kbRgF6GSTppUxyX": [],
        "18zJYCtTwXPDWyksXxjg1QnsvDKtfwHsPU": [],
        "1A77WAZwUv1okfM8JnxDNLWnhiMmaFTc14": [],
        "1BvpkEoyw8ra8qjCj31Tbq9yEpwgPupUw": [],
        "1BzknSFwD7hpK5oRjaEUPATzxxqdifPVaF": [],
        "1CyMcPdGW9vM1hP7VD2eqS19YFEDigwXmV": [],
        "1EDe6A6JkrAZ8RDSxSpRHaxaEJ3KjXf8Zq": [],
        "1Edk8qBstSrTrN3zb5wk2cDZtrVrUEHhC7": [],
        "1EdtPUqWJWcFX9Vpm4GhJXuq4PVYywGthf": [],
        "1EtMcdrfjtYqWjAotPh2vXEVrgiBpRx2ao": [],
        "1EvZsLqXTjVHcFib9D42jj5RsiXeGg6Uuu": [],
        "1Eyw8a22HtjEGm12jjzS3mrNXp1YwXbSj5": [],
        "1F5YcheCJ44YndT7wBCYHPCvuYfwuwZWvW": [],
        "1FT9dLA7vQyJe6skD3vrZe9CDpEEMTrWup": [],
        "1GZAhd6EJsJcgQA8NP4YywWDqE7VCxpErm": [],
        "1GqP1HpdN74v4K1xCvfXpzv3tWhTZTfMyu": [],
        "1HBsfoQLJ3EePEecRsbdoVZNRFiEaWCjdR": [],
        "1HMCWFyrr8wezgV9GYA5qLvWuKeiXgL5Tw": [],
        "1HVrxkevk5JRv52ePx3SoYkZ7txfTDkCL7": [],
        "1JHeZkEWGchYatdnBLB4RUYx6BA6bsfsAR": [],
        "1JnFUqDa7uzK1uQP9pijw7ZR4iW54egKv5": [],
        "1LtDNYjExPZgYFf2fK3JV39Wx71ayDmFbv": [],
        "1Ltwp6EdDc1A1qNqEJwzZpaYTHrC7DAKFg": [],
        "1MbD8cJQEhY9vtvqV4o6x969T3C5AB95Yx": [],
        "1NUFEEYJqhwx4LkRnfTJx8JWtYU6b6ci7C": [],
        "1mo1HW7xJobSwgP9NfpfGJVYx6t6vWKCi": []
    },
    "addresses": {
        "change": [
            "1CyMcPdGW9vM1hP7VD2eqS19YFEDigwXmV",
            "1GZAhd6EJsJcgQA8NP4YywWDqE7VCxpErm",
            "1NUFEEYJqhwx4LkRnfTJx8JWtYU6b6ci7C",
            "1BzknSFwD7hpK5oRjaEUPATzxxqdifPVaF",
            "1HVrxkevk5JRv52ePx3SoYkZ7txfTDkCL7",
            "1Edk8qBstSrTrN3zb5wk2cDZtrVrUEHhC7",
            "1JnFUqDa7uzK1uQP9pijw7ZR4iW54egKv5",
            "1A77WAZwUv1okfM8JnxDNLWnhiMmaFTc14",
            "1FT9dLA7vQyJe6skD3vrZe9CDpEEMTrWup",
            "1HBsfoQLJ3EePEecRsbdoVZNRFiEaWCjdR"
        ],
        "receiving": [
            "1F5YcheCJ44YndT7wBCYHPCvuYfwuwZWvW",
            "1MbD8cJQEhY9vtvqV4o6x969T3C5AB95Yx",
            "1EtMcdrfjtYqWjAotPh2vXEVrgiBpRx2ao",
            "12jzSKacvEj8uSCw7anTXU2XwnFSeFFLBh",
            "1GqP1HpdN74v4K1xCvfXpzv3tWhTZTfMyu",
            "18zJYCtTwXPDWyksXxjg1QnsvDKtfwHsPU",
            "1mo1HW7xJobSwgP9NfpfGJVYx6t6vWKCi",
            "1LtDNYjExPZgYFf2fK3JV39Wx71ayDmFbv",
            "1HMCWFyrr8wezgV9GYA5qLvWuKeiXgL5Tw",
            "1EdtPUqWJWcFX9Vpm4GhJXuq4PVYywGthf",
            "16UFX58sGd6WsvyvUcuU92WShif8NuXduB",
            "1Ltwp6EdDc1A1qNqEJwzZpaYTHrC7DAKFg",
            "1EDe6A6JkrAZ8RDSxSpRHaxaEJ3KjXf8Zq",
            "16KiiKVa3Z367vY3Fz2yCzPjgJ3nzqqWUQ",
            "1BvpkEoyw8ra8qjCj31Tbq9yEpwgPupUw",
            "1JHeZkEWGchYatdnBLB4RUYx6BA6bsfsAR",
            "18qBigm5kVsGqb1Umf4kbRgF6GSTppUxyX",
            "1Eyw8a22HtjEGm12jjzS3mrNXp1YwXbSj5",
            "1EvZsLqXTjVHcFib9D42jj5RsiXeGg6Uuu",
            "13kXm9waMhWN2SactR3E8vCPjVy7JD9TDQ"
        ]
    },
    "fiat_value": {},
    "frozen_coins": {},
    "invoices": {},
    "keystore": {
        "derivation": "m",
        "pw_hash_version": 1,
        "root_fingerprint": "c745f004",
        "seed": "minor zone pool approve remain combine someone claw medal settle grace capable",
        "seed_type": "standard",
        "type": "bip32",
        "xprv": "xprv9s21ZrQH143K4XJcrV9ruNitct9fk5QKJq9keY3woT4QmPeKpfkTRttY49KXYjywvUTrTdGLMUSg9PvvBWKwAGRn6v8kxnUzhAqm6WN45z9",
        "xpub": "xpub661MyMwAqRbcH1P5xWgsGWfdAuzA9Y8Ag45MSvTZMnbPeByUND4hyhD1uQHuZfocgVcSEiXw7oWcdr1xwKe3oHYqDiSefTD3umj1isjAVMc"
    },
    "labels": {},
    "payment_requests": {},
    "prevouts_by_scripthash": {},
    "seed_version": 50,
    "spent_outpoints": {},
    "transactions": {},
    "tx_fees": {},
    "txi": {},
    "txo": {},
    "use_encryption": false,
    "verified_tx3": {},
    "wallet_type": "standard"
}