{
    "addr_history": {
        "14AHLbG6r8yUc2fmkrxKS1b5aaxkL69cPr": [],
        "14ByEgyFpNa7scxV1xxbcaFmsjwqEfceRA": [],
        "16QrW8zqrTrdLbGdyQxbAV9CJgmG9f8RdH": [],
        "17U67rd74ftwe1L6Jt32QmUNxRDKNW5r8c": [],
        "17ad2PZQww4NHVfutYPy9WvYxpC7Z1XddF": [],
        "17qwadcDGk5sn4LApug3X78zbSkoUDNhPG": [],
        "189riCQcfnAmb4s1GPGmzH9tBUj1jLujmz": [],
        "18c1Jijuae3hNn6erPop3P6Eam74XmTMik": [],
        "1AbHtYQN9osPgRyCRtTP73mYu5SQ27WBfs": [],
        "1Aem7UnMhBgmm8FEBhsy42CkxyJ8vgayAU": [],
        "1BeA4D4UpSbaGxtFaC91CEafjcDiNqk8j4": [],
        "1CEAT4AymVgb6eGkCrGpxnwmXFdwainbXp": [],
        "1CUWEDtgZnUxX6sheawxgb26TjLPBSQgrb": [],
        "1CgrYfxFY7eBYmcvWgCnvC1RynDkZhew7n": [],
        "1Cs7PVf7kVVKsuCB5vorHRVmF9Q1VHYMm7": [],
        "1DTFD3e67hrMRVii8pW9tLrrNeywXJ3tvy": [],
        "1DUSUyqJTw5vcHYzG29XE17UhKRV445V8f": [],
        "1Dkh4YjLX62vjeuKCRf92BW8gfAQnFZ2aQ": [],
        "1EvCKk9SmwxRSP8P6Q49q5xckgERVYNTf3": [],
        "1FaskC2nuciG6rNu9iecXPUTMGDBYyJ8Nj": [],
        "1Fbt3bkUa2dMHvqiKqLZ7s7awhjUfAyeJN": [],
        "1FzK5CsfS5vYu8GXnuBXdjnH9YmrBgkcP": [],
        "1HqdGjuX5BXz1QEzdok7V91Q5ivYQ6y8zA": [],
        "1LDPcHUcBspMy1VgCq4HPt6hCPrPgSmsih": [],
        "1LrnwB55DpydUTkrbhtPqFoAdkuuvRbt4V": [],
        "1MCSC5VJ8rZwsyJbULBZxpxCh1FaGK2Vki": [],
        "1PCff7YxTzQv4Bz47p72eaujaF93kS5gY1": [],
        "1PgZ9uUGvqoyqEUdRW2jDfQC898be2zCbm": [],
        "1PxT6K1Do2iP2LrNnDPtPNDxBwUckXrBE": [],
        "1bBWwonySyqcbVEPVkUYJdsMANTSXpwB3": []
    },
    "addresses": {
        "change": [
            "1Dkh4YjLX62vjeuKCRf92BW8gfAQnFZ2aQ",
            "1MCSC5VJ8rZwsyJbULBZxpxCh1FaGK2Vki",
            "1EvCKk9SmwxRSP8P6Q49q5xckgERVYNTf3",
            "1Cs7PVf7kVVKsuCB5vorHRVmF9Q1VHYMm7",
            "1HqdGjuX5BXz1QEzdok7V91Q5ivYQ6y8zA",
            "14ByEgyFpNa7scxV1xxbcaFmsjwqEfceRA",
            "1Fbt3bkUa2dMHvqiKqLZ7s7awhjUfAyeJN",
            "1PCff7YxTzQv4Bz47p72eaujaF93kS5gY1",
            "1FzK5CsfS5vYu8GXnuBXdjnH9YmrBgkcP",
            "189riCQcfnAmb4s1GPGmzH9tBUj1jLujmz"
        ],
        "receiving": [
            "1PxT6K1Do2iP2LrNnDPtPNDxBwUckXrBE",
            "1DUSUyqJTw5vcHYzG29XE17UhKRV445V8f",
            "16QrW8zqrTrdLbGdyQxbAV9CJgmG9f8RdH",
            "1CUWEDtgZnUxX6sheawxgb26TjLPBSQgrb",
            "1PgZ9uUGvqoyqEUdRW2jDfQC898be2zCbm",
            "1LrnwB55DpydUTkrbhtPqFoAdkuuvRbt4V",
            "1AbHtYQN9osPgRyCRtTP73mYu5SQ27WBfs",
            "14AHLbG6r8yUc2fmkrxKS1b5aaxkL69cPr",
            "1FaskC2nuciG6rNu9iecXPUTMGDBYyJ8Nj",
            "17U67rd74ftwe1L6Jt32QmUNxRDKNW5r8c",
            "1Aem7UnMhBgmm8FEBhsy42CkxyJ8vgayAU",
            "1BeA4D4UpSbaGxtFaC91CEafjcDiNqk8j4",
            "17ad2PZQww4NHVfutYPy9WvYxpC7Z1XddF",
            "1bBWwonySyqcbVEPVkUYJdsMANTSXpwB3",
            "1DTFD3e67hrMRVii8pW9tLrrNeywXJ3tvy",
            "17qwadcDGk5sn4LApug3X78zbSkoUDNhPG",
            "1LDPcHUcBspMy1VgCq4HPt6hCPrPgSmsih",
            "1CgrYfxFY7eBYmcvWgCnvC1RynDkZhew7n",
            "18c1Jijuae3hNn6erPop3P6Eam74XmTMik",
            "1CEAT4AymVgb6eGkCrGpxnwmXFdwainbXp"
        ]
    },
    "fiat_value": {},
    "frozen_coins": {},
    "invoices": {},
    "keystore": {
        "derivation": "m",
        "pw_hash_version": 1,
        "root_fingerprint": "e141106d",
        "seed": "minor zone pool aspect remain combine athlete claw medal settle grace capable",
        "seed_type": "standard",
        "type": "bip32",
        "xprv": "xprv9s21ZrQH143K3DgMd3EctrfAbhhL6Wwo3hPdnucFgG7VSx7J1Cs5QN2CQmcNYd6cbDhh9kic9ypvRb1T3kej9XCvviMkznJ6fBttgh5NYdo",
        "xpub": "xpub661MyMwAqRbcFhkpj4mdFzbu9jXpVyfeQvKEbJ1sEbeUKkSSYkBKxALgG4KCu5Y4SfkJvYtyXnKrX2cwSvFffsHgtZuw6qusGTza7co4yj6"
    },
    "labels": {},
    "payment_requests": {},
    "prevouts_by_scripthash": {},
    "seed_version": 50,
    "spent_outpoints": {},
    "transactions": {},
    "tx_fees": {},
    "txi": {},
    "txo": {},
    "use_encryption": false,
    "verified_tx3": {},
    "wallet_type": "standard"
}