{
    "addr_history": {
        "12LPnDxf3ofisoae4B7WoaacsUXK4asUQ2": [],
        "136ac4TGTCWjg9QTzURubYEaBSYZKqxiUq": [],
        "13bBmk5F9YAWXeFTk6qtKF9Ug2N63p6kEJ": [],
        "147itSGiaE5F17h8YGGBcgk6iWeV9nfsQu": [],
        "15DoqfjnQHPe3v3fzLWDDTxrSx266NmiFC": [],
        "18EjiEtSa4kQF5PysDaP34HWjjrdXgnYMM": [],
        "18RKk7U9YCHfEvnJwoCXLguMY62EiqDzXR": [],
        "18wUNUWp6w1pkkGdbvz6zkacD5RXRxVFgg": [],
        "19kboLtELyn18XBoLmjSXaCBGiv1b9DdXZ": [],
        "1Bo8u76dxsY1oV1wjRhtS4eDv4MUGzzSZ": [],
        "1Cc8na8qPMz9pvzcuub5meNdUbhRmt9vC9": [],
        "1DEi2iqqcYU1qaCypbBY13ED1Bzfs2SZLg": [],
        "1DSwm1kCUNLiAHAmY18CbGtcWB71CGitqu": [],
        "1Dn8VDmvzDrJoY38WqjGku3CyM4gafPRTC": [],
        "1EDebNmRdcx28QX5BJAqCvL4MYfoR1sZF4": [],
        "1GDK1J9gXYRkvGE9zyJFVoVzcr5o48gJTh": [],
        "1JGxAHawDYjLi2T6N1C3YXvHU56dxBwP72": [],
        "1JKxGUN2sZ4oUsLTu2Nyo2JZwnXc898TWo": [],
        "1Jt7goSHsP9UWfr3yofYksAH4XdpUkk3a4": [],
        "1Jtm5e6sFoAgwrG1wuLymNwVzDArhaZ8dN": [],
        "1LPbGqob1A7Mxu4rqTEoU7eezwzeeKLdre": [],
        "1LeA4K5ienHT84DoofNBgoNdLoy7kSMNa8": [],
        "1Ln7BPhJBi6hgE36eku1pMCkJfECn26PFy": [],
        "1Mbz5P9Hqbw8VRkhygLzdbUBVLtBnv5QjK": [],
        "1Mo7MXwwkczvzKsyF7DbDCMDYszyNDAsAe": [],
        "1P3TiUU1FDctozskiV4MJJqpvJvVVWTpwQ": [],
        "1PFTwx6LtLSvxQ37zNwTQDxM1nXjyrAiHa": [],
        "1Pfgh45hTNEhJrrn8NE59pRUWzED75oaXM": [],
        "1QJ4diGbqFxX62tStC3jH5QxfsBdMsbc5": [],
        "1oBgKs15V41vNw8toPAqVvvTF8AcsHV8j": []
    },
    "addresses": {
        "change": [
            "1DSwm1kCUNLiAHAmY18CbGtcWB71CGitqu",
            "1Jt7goSHsP9UWfr3yofYksAH4XdpUkk3a4",
            "1Bo8u76dxsY1oV1wjRhtS4eDv4MUGzzSZ",
            "1oBgKs15V41vNw8toPAqVvvTF8AcsHV8j",
            "1Dn8VDmvzDrJoY38WqjGku3CyM4gafPRTC",
            "1JKxGUN2sZ4oUsLTu2Nyo2JZwnXc898TWo",
            "1EDebNmRdcx28QX5BJAqCvL4MYfoR1sZF4",
            "1Mo7MXwwkczvzKsyF7DbDCMDYszyNDAsAe",
            "1Pfgh45hTNEhJrrn8NE59pRUWzED75oaXM",
            "15DoqfjnQHPe3v3fzLWDDTxrSx266NmiFC"
        ],
        "receiving": [
            "1Cc8na8qPMz9pvzcuub5meNdUbhRmt9vC9",
            "1LeA4K5ienHT84DoofNBgoNdLoy7kSMNa8",
            "1P3TiUU1FDctozskiV4MJJqpvJvVVWTpwQ",
            "18RKk7U9YCHfEvnJwoCXLguMY62EiqDzXR",
            "12LPnDxf3ofisoae4B7WoaacsUXK4asUQ2",
            "18wUNUWp6w1pkkGdbvz6zkacD5RXRxVFgg",
            "1DEi2iqqcYU1qaCypbBY13ED1Bzfs2SZLg",
            "1GDK1J9gXYRkvGE9zyJFVoVzcr5o48gJTh",
            "1JGxAHawDYjLi2T6N1C3YXvHU56dxBwP72",
            "1QJ4diGbqFxX62tStC3jH5QxfsBdMsbc5",
            "13bBmk5F9YAWXeFTk6qtKF9Ug2N63p6kEJ",
            "18EjiEtSa4kQF5PysDaP34HWjjrdXgnYMM",
            "1PFTwx6LtLSvxQ37zNwTQDxM1nXjyrAiHa",
            "1Jtm5e6sFoAgwrG1wuLymNwVzDArhaZ8dN",
            "1Ln7BPhJBi6hgE36eku1pMCkJfECn26PFy",
            "1LPbGqob1A7Mxu4rqTEoU7eezwzeeKLdre",
            "136ac4TGTCWjg9QTzURubYEaBSYZKqxiUq",
            "147itSGiaE5F17h8YGGBcgk6iWeV9nfsQu",
            "19kboLtELyn18XBoLmjSXaCBGiv1b9DdXZ",
            "1Mbz5P9Hqbw8VRkhygLzdbUBVLtBnv5QjK"
        ]
    },
    "fiat_value": {},
    "frozen_coins": {},
    "invoices": {},
    "keystore": {
        "derivation": "m",
        "pw_hash_version": 1,
        "root_fingerprint": "0a45f906",
        "seed": "minor zone pool above remain combine bone claw medal settle grace capable",
        "seed_type": "standard",
        "type": "bip32",
        "xprv": "xprv9s21ZrQH143K42pAJDcgJm7fv5emocQFsssCEb93BbDWFSadDrjbxNAbdbHAUZtKhAhWymoSGVd6SFidupXi7Fdb5qXzk8F7DhxqCzti2h2",
        "xpub": "xpub661MyMwAqRbcGWtdQF9gfu4QU7VGD587F6no2yYejvkV8EummQ3rWAV5UtdQ7tyNuhngShxSCfWwEWupGGXr5sUfxEuUMrQzZb7ANcYLcGE"
    },
    "labels": {},
    "payment_requests": {},
    "prevouts_by_scripthash": {},
    "seed_version": 50,
    "spent_outpoints": {},
    "transactions": {},
    "tx_fees": {},
    "txi": {},
    "txo": {},
    "use_encryption": false,
    "verified_tx3": {},
    "wallet_type": "standard"
}