{
    "addr_history": {
        "121P99x9LfGUTYQYDJABeCSGvyEcwPwkoZ": [],
        "12YScWSyZ4BPcsidz9fxwNapzesyZDnSbQ": [],
        "12fyNjxw5PcV2Xdn1ZBotXespzMy5vDsLp": [],
        "13Cm6LR1vFoKPStgnVBfr2nXS2YfczijBt": [],
        "13TtFCFvZmJ5p2xgJvc1mKnKzceKTKtoJ1": [],
        "14mezmhYTgGvTrtsJeP25VM5xQUv5nvucT": [],
        "15QYe8BJTdb8QrV4nsigvKYx7ktGM2A6Yc": [],
        "16HNNJYXx6oaaSCcKLgUxrh5rYpPqUtji1": [],
        "16imuG7etbjbxPf2NUy33NPYksgzjgafTg": [],
        "16xTA1ZSJBrViHX3gYyL8upx6eL38EPEXV": [],
        "17Q6qCYSez18DNbu2mWdSb8DfhfJC7pdLC": [],
        "18Y9ztU59og6r685mjePFSZkg7HGMbsxtJ": [],
        "1CGsxaMT6MfB6Bv2mQjSWgKihjvWUv8LHj": [],
        "1EboKEAdt9L5mkQQpCzddsbozjVxLfyiqC": [],
        "1EvYZaJBTBqaEtgaFLjZkYAhPweABwF7u9": [],
        "1GyXMwsaPWH2reTV5a4c4fT5xkirSnidvn": [],
        "1H4z2d6ogJCfh2JBEWdT4AMVjXZXqzuRLh": [],
        "1KWcsJUa6ZgKrhCs73yCb4oxSZn9rzp1vF": [],
        "1L4ZpDTSKVbQpfJz6xZsioXsEMsu3T4wYo": [],
        "1LJUjRBVbj4AU52EBjiE6N66ows9gQe9BE": [],
        "1LPmEAFR3okLDyoMmVq7KD445YSrmPnV2h": [],
        "1LQ4ojbdpWUJ9kdbn5DAuY65GaoVCBPc8J": [],
        "1MG3kengnLWLVnbfJa64vemausjcBLrf7Q": [],
        "1MimLhtCKaad8QNHtkmP4KGYGt92wh9mXo": [],
        "1NM1anHpcF5BGnoP4ZqHPMYdHzeY5ugHhz": [],
        "1NV9TAzuySkUKAs2dYRMCVWiji8H53CEPe": [],
        "1NwUnEzeZi4Ag2d2RzzbsMoQBb7TpMfJb6": [],
        "1NxqeHrF1ycqfFgH93wwUCtSxrp9rLYAqQ": [],
        "1QHidu7m3SZ62xmQM58KnnFqyaid9jZj8w": [],
        "1q9sqn4Q5nM3369nApwrGzSw4MYgXeaKt": []
    },
    "addresses": {
        "change": [
            "1MG3kengnLWLVnbfJa64vemausjcBLrf7Q",
            "1MimLhtCKaad8QNHtkmP4KGYGt92wh9mXo",
            "1QHidu7m3SZ62xmQM58KnnFqyaid9jZj8w",
            "1EvYZaJBTBqaEtgaFLjZkYAhPweABwF7u9",
            "121P99x9LfGUTYQYDJABeCSGvyEcwPwkoZ",
            "18Y9ztU59og6r685mjePFSZkg7HGMbsxtJ",
            "16imuG7etbjbxPf2NUy33NPYksgzjgafTg",
            "1EboKEAdt9L5mkQQpCzddsbozjVxLfyiqC",
            "1L4ZpDTSKVbQpfJz6xZsioXsEMsu3T4wYo",
            "13TtFCFvZmJ5p2xgJvc1mKnKzceKTKtoJ1"
        ],
        "receiving": [
            "1NM1anHpcF5BGnoP4ZqHPMYdHzeY5ugHhz",
            "16HNNJYXx6oaaSCcKLgUxrh5rYpPqUtji1",
            "17Q6qCYSez18DNbu2mWdSb8DfhfJC7pdLC",
            "1LPmEAFR3okLDyoMmVq7KD445YSrmPnV2h",
            "14mezmhYTgGvTrtsJeP25VM5xQUv5nvucT",
            "1GyXMwsaPWH2reTV5a4c4fT5xkirSnidvn",
            "1LQ4ojbdpWUJ9kdbn5DAuY65GaoVCBPc8J",
            "12YScWSyZ4BPcsidz9fxwNapzesyZDnSbQ",
            "1NV9TAzuySkUKAs2dYRMCVWiji8H53CEPe",
            "1CGsxaMT6MfB6Bv2mQjSWgKihjvWUv8LHj",
            "1NwUnEzeZi4Ag2d2RzzbsMoQBb7TpMfJb6",
            "1LJUjRBVbj4AU52EBjiE6N66ows9gQe9BE",
            "1NxqeHrF1ycqfFgH93wwUCtSxrp9rLYAqQ",
            "16xTA1ZSJBrViHX3gYyL8upx6eL38EPEXV",
            "1q9sqn4Q5nM3369nApwrGzSw4MYgXeaKt",
            "1H4z2d6ogJCfh2JBEWdT4AMVjXZXqzuRLh",
            "12fyNjxw5PcV2Xdn1ZBotXespzMy5vDsLp",
            "13Cm6LR1vFoKPStgnVBfr2nXS2YfczijBt",
            "15QYe8BJTdb8QrV4nsigvKYx7ktGM2A6Yc",
            "1KWcsJUa6ZgKrhCs73yCb4oxSZn9rzp1vF"
        ]
    },
    "fiat_value": {},
    "frozen_coins": {},
    "invoices": {},
    "keystore": {
        "derivation": "m",
        "pw_hash_version": 1,
        "root_fingerprint": "8b6fc27d",
        "seed": "minor zone pool average remain combine donkey claw medal settle grace capable",
        "seed_type": "standard",
        "type": "bip32",
        "xprv": "xprv9s21ZrQH143K3PJpZicBZwQLN4qF3222YxRBiwh2szVUyFqTaTp7S6iT9tx95kb3ubNbtaZAWjBE7whdBxCqLyD1YASwyrfnpbRw8zYJYdw",
        "xpub": "xpub661MyMwAqRbcFsPHfk9Bw5M4v6fjSUjsvBLnXL6eSL2Tr4Ac818Myu2w1AkYNBJ2ohxDnq43QPWgcRDwEv9caCCSQVKKEpncgSF3ZGtSzmr"
    },
    "labels": {},
    "payment_requests": {},
    "prevouts_by_scripthash": {},
    "seed_version": 50,
    "spent_outpoints": {},
    "transactions": {},
    "tx_fees": {},
    "txi": {},
    "txo": {},
    "use_encryption": false,
    "verified_tx3": {},
    "wallet_type": "standard"
}