{
    "addr_history": {
        "114PL6xuFmkfHhCFXVw8yVLiVBSYSksu7e": [],
        "12GgehxN198VYrTULf8gjxt4nNVxJCmyaT": [],
        "12gv32eupVLuYJdYFeQreh8jQfjPSPLZ7L": [],
        "12h3i3pZPMZErdZVWKwxjUJq2Sj3eKrD45": [],
        "14ajDX6Vwd82cW2ExM62d31rjF6Nv5cG3v": [],
        "1544yARUYnrqjbZa7s4rGzRBNkGwc24DGt": [],
        "15U1uqhKHZba2RqHz2ceYtLKn8NVwGR5Nv": [],
        "15mTCtsgSwa6FBv3XeNzgKANJVz5sm451T": [],
        "16WyB5E1FXopaGShn5jF1W57jMynuJf8KE": [],
        "16y8UqjvjRd11Db4VyeMbypFgPMCTWDU9c": [],
        "17kGXSppYbT9SbytQ4gzntRYaKbWYuCUdT": [],
        "17y2AJNoQHiCSuC4GHZ7zAoMJ7nMtoLhaE": [],
        "181a8qfrqUWBBkWofpaxk428jdNyPKSTvJ": [],
        "1AH1zQpQv6rvFU58Edw63ThLbw59uimcpF": [],
        "1BTC1vHMJ5sdQCNvCpjUHm7QUWR3JBVwH": [],
        "1DfYMr5qUspMnzvm3VGuuEgUWwEhbbsdk": [],
        "1EjJLfC2hNwxeVTHPQ2p1yzkKysUMqNqRa": [],
        "1FsV2JGeHFziVgJmU3tgHJcrbewNNhw33G": [],
        "1H7dhYv2jiVQ1xdG29QzKtSrDBvZPSo1ZE": [],
        "1HhMyQ6Bggwx4CN6mmep8nuLMFyeFRL6S7": [],
        "1HpVkRxzMuHMApJLotojaioXjtG21QQStc": [],
        "1Hskhfr3wi89J98S52p3KBNByQ6CUoR1qu": [],
        "1JMGWw1TJWoUySez26hgVHj6eR2SFhegjp": [],
        "1Ji1a6rLQ46oXcs688ovgup66YC2fQsyWR": [],
        "1JvmN5KBCzAg5i4pALrcLd5ABnTBqC8J8t": [],
        "1MvBkbJgiifdH8z8QimhGejTFhmRZVvmtg": [],
        "1N1oQDGSpoBVJKTd5ciCfCEzoZMxyMDdVC": [],
        "1N46x22mt6rv7tt3SxSD66wtM1oLp4fVRV": [],
        "1NQEtcmSZx4PnWP2YFRyPidxy1mW34w2Wm": [],
        "1PLY9fvcuvi7szdpydZjetpTLnbZfBBFLT": []
    },
    "addresses": {
        "change": [
            "1HhMyQ6Bggwx4CN6mmep8nuLMFyeFRL6S7",
            "1AH1zQpQv6rvFU58Edw63ThLbw59uimcpF",
            "1JvmN5KBCzAg5i4pALrcLd5ABnTBqC8J8t",
            "1MvBkbJgiifdH8z8QimhGejTFhmRZVvmtg",
            "12h3i3pZPMZErdZVWKwxjUJq2Sj3eKrD45",
            "12gv32eupVLuYJdYFeQreh8jQfjPSPLZ7L",
            "17kGXSppYbT9SbytQ4gzntRYaKbWYuCUdT",
            "16y8UqjvjRd11Db4VyeMbypFgPMCTWDU9c",
            "1PLY9fvcuvi7szdpydZjetpTLnbZfBBFLT",
            "12GgehxN198VYrTULf8gjxt4nNVxJCmyaT"
        ],
        "receiving": [
            "14ajDX6Vwd82cW2ExM62d31rjF6Nv5cG3v",
            "1EjJLfC2hNwxeVTHPQ2p1yzkKysUMqNqRa",
            "1H7dhYv2jiVQ1xdG29QzKtSrDBvZPSo1ZE",
            "1N46x22mt6rv7tt3SxSD66wtM1oLp4fVRV",
            "1Ji1a6rLQ46oXcs688ovgup66YC2fQsyWR",
            "114PL6xuFmkfHhCFXVw8yVLiVBSYSksu7e",
            "15mTCtsgSwa6FBv3XeNzgKANJVz5sm451T",
            "1JMGWw1TJWoUySez26hgVHj6eR2SFhegjp",
            "1N1oQDGSpoBVJKTd5ciCfCEzoZMxyMDdVC",
            "1FsV2JGeHFziVgJmU3tgHJcrbewNNhw33G",
            "1544yARUYnrqjbZa7s4rGzRBNkGwc24DGt",
            "1DfYMr5qUspMnzvm3VGuuEgUWwEhbbsdk",
            "17y2AJNoQHiCSuC4GHZ7zAoMJ7nMtoLhaE",
            "1HpVkRxzMuHMApJLotojaioXjtG21QQStc",
            "1Hskhfr3wi89J98S52p3KBNByQ6CUoR1qu",
            "16WyB5E1FXopaGShn5jF1W57jMynuJf8KE",
            "1BTC1vHMJ5sdQCNvCpjUHm7QUWR3JBVwH",
            "181a8qfrqUWBBkWofpaxk428jdNyPKSTvJ",
            "1NQEtcmSZx4PnWP2YFRyPidxy1mW34w2Wm",
            "15U1uqhKHZba2RqHz2ceYtLKn8NVwGR5Nv"
        ]
    },
    "fiat_value": {},
    "frozen_coins": {},
    "invoices": {},
    "keystore": {
        "derivation": "m",
        "pw_hash_version": 1,
        "root_fingerprint": "8c7a77a4",
        "seed": "minor zone pool attend remain combine fever claw medal settle grace capable",
        "seed_type": "standard",
        "type": "bip32",
        "xprv": "xprv9s21ZrQH143K3XPSZNEHbY8Rps5VCAGo2DwMqU44SxBdgJEf7QSjT7YhWHoFu4CfTZF9exJkoDqCW8eQPraqvLAbxnkGubf3jT31qBN9hC6",
        "xpub": "xpub661MyMwAqRbcG1TufPmHxg5ANtuybczePSrxdrTg1HicZ6ZoewkyzusBMbjan2muGYJ4ttkY9a94Nd4KdyGZ7CzkLjmcpKzrnvKAXMdLx7C"
    },
    "labels": {},
    "payment_requests": {},
    "prevouts_by_scripthash": {},
    "seed_version": 50,
    "spent_outpoints": {},
    "transactions": {},
    "tx_fees": {},
    "txi": {},
    "txo": {},
    "use_encryption": false,
    "verified_tx3": {},
    "wallet_type": "standard"
}