{
    "addr_history": {
        "12p83rRQCD9mQUsx8yZFiVB8bwDSuL7iER": [],
        "14V7cPrZ4w3237jUmXY6P471NLaQHqAuvJ": [],
        "14w2VDvFXzpuavJN9CsWqxvxbJAnE6KvBJ": [],
        "14wHjmc27o7CpsimrP6qbtxEG34fTK8uxR": [],
        "158R3ivEBqCXCDiE6T9tEo8dwZiu5xPhTf": [],
        "15xh6BykJk8KgUq9feJKgZ8yoroGGkD74t": [],
        "17WcqmByQKqichav2eLgUiKrnc1cprqfz6": [],
        "18oJ8KZoucmJ7gyNn9rv8YDTuFpFgmhdqq": [],
        "19NaNPZkVeZaeDb7pxTdMbd1R3yzaWES11": [],
        "19pe9tmnHbEJ4jx2LFon2YLB4tYVQ3eYG4": [],
        "1Aa3dBcu4KuYs5S3LdTUnd9szRFmt3tW5T": [],
        "1AwsYFywQE6DZCCgM2MiqMXt7A4Ezx5oMy": [],
        "1B5moLWc4z7U88x9wU93sVNEzvehiKGAU": [],
        "1BBiWF84d8YX4P2DCKgp7ZDtPDktYGWSDb": [],
        "1Bwpn1PhKypFzaBNMhSTNFRwEbpyMUJt98": [],
        "1CBZyWgNiUAF47bdn6bx59WNt3ZA5kzcbw": [],
        "1CVCSkPfWu1nxTeJgA29JmS4kBNe6tkt7D": [],
        "1D9z1DSr7jDrokvruTkvBgaswSukTBHcx9": [],
        "1DfsKCpoc7CfZUnBiHLNcWq2VS5KrkYQLA": [],
        "1F8uDrXm5kefSoPC1KHQHCs8Ux59rLWsaC": [],
        "1H4HrpN8uTZi7yNhJ8W3G2ZdjTwAh3P8Wn": [],
        "1H8dXAZ3bRFbrgWoYoonnLEzH6YScQcbrb": [],
        "1HPy8172aXjqD36zu5HW2WLjynf4RJ2g47": [],
        "1JDP9rvwMPZf8tEaxxzmLquGfbshW3assz": [],
        "1JLudgMhMP2M2MYAewUGgpyVFxUg7fhoqs": [],
        "1KUPTPesWxYMSKzJCXnMFDNJjFFffwdfYa": [],
        "1LGBbfw9j3R5KmXjMmwCbCFnWKdntEGEkg": [],
        "1MPRBH5D3jJqhaqQPo8iyTGL5rM7mS9kEG": [],
        "1MjGRFxKoQzXoTKGEZbpytoiWojsdT3zQj": [],
        "1xaJ9MhxQXhG71MXJMs6G1qXt2UE6HsnW": []
    },
    "addresses": {
        "change": [
            "1CBZyWgNiUAF47bdn6bx59WNt3ZA5kzcbw",
            "19pe9tmnHbEJ4jx2LFon2YLB4tYVQ3eYG4",
            "18oJ8KZoucmJ7gyNn9rv8YDTuFpFgmhdqq",
            "1AwsYFywQE6DZCCgM2MiqMXt7A4Ezx5oMy",
            "1B5moLWc4z7U88x9wU93sVNEzvehiKGAU",
            "1D9z1DSr7jDrokvruTkvBgaswSukTBHcx9",
            "14V7cPrZ4w3237jUmXY6P471NLaQHqAuvJ",
            "1CVCSkPfWu1nxTeJgA29JmS4kBNe6tkt7D",
            "14w2VDvFXzpuavJN9CsWqxvxbJAnE6KvBJ",
            "1Bwpn1PhKypFzaBNMhSTNFRwEbpyMUJt98"
        ],
        "receiving": [
            "1MPRBH5D3jJqhaqQPo8iyTGL5rM7mS9kEG",
            "17WcqmByQKqichav2eLgUiKrnc1cprqfz6",
            "1H8dXAZ3bRFbrgWoYoonnLEzH6YScQcbrb",
            "19NaNPZkVeZaeDb7pxTdMbd1R3yzaWES11",
            "12p83rRQCD9mQUsx8yZFiVB8bwDSuL7iER",
            "1Aa3dBcu4KuYs5S3LdTUnd9szRFmt3tW5T",
            "1MjGRFxKoQzXoTKGEZbpytoiWojsdT3zQj",
            "14wHjmc27o7CpsimrP6qbtxEG34fTK8uxR",
            "1BBiWF84d8YX4P2DCKgp7ZDtPDktYGWSDb",
            "1JLudgMhMP2M2MYAewUGgpyVFxUg7fhoqs",
            "1LGBbfw9j3R5KmXjMmwCbCFnWKdntEGEkg",
            "1KUPTPesWxYMSKzJCXnMFDNJjFFffwdfYa",
            "1xaJ9MhxQXhG71MXJMs6G1qXt2UE6HsnW",
            "158R3ivEBqCXCDiE6T9tEo8dwZiu5xPhTf",
            "1HPy8172aXjqD36zu5HW2WLjynf4RJ2g47",
            "1H4HrpN8uTZi7yNhJ8W3G2ZdjTwAh3P8Wn",
            "1JDP9rvwMPZf8tEaxxzmLquGfbshW3assz",
            "15xh6BykJk8KgUq9feJKgZ8yoroGGkD74t",
            "1DfsKCpoc7CfZUnBiHLNcWq2VS5KrkYQLA",
            "1F8uDrXm5kefSoPC1KHQHCs8Ux59rLWsaC"
        ]
    },
    "fiat_value": {},
    "frozen_coins": {},
    "invoices": {},
    "keystore": {
        "derivation": "m",
        "pw_hash_version": 1,
        "root_fingerprint": "c1ca12e8",
        "seed": "minor zone pool actor remain combine legend claw medal settle grace capable",
        "seed_type": "standard",
        "type": "bip32",
        "xprv": "xprv9s21ZrQH143K4VzUhRhioo27NsMmXqMQt4HcK28xbvye74UHw1pXnQTskhN3jLifNggpdKhUV86NfXib4GbJ3jEwNCASPXvv5KLgYEZQKmM",
        "xpub": "xpub661MyMwAqRbcGz4woTEjAvxqvuCFwJ5GFHDD7QYaAGWcyroSUZ8nLCnMbxmzB38ixkEiXU4zKagJvubnVPqXN8nz7TnNdmi42H79wuHs9Tx"
    },
    "labels": {},
    "payment_requests": {},
    "prevouts_by_scripthash": {},
    "seed_version": 50,
    "spent_outpoints": {},
    "transactions": {},
    "tx_fees": {},
    "txi": {},
    "txo": {},
    "use_encryption": false,
    "verified_tx3": {},
    "wallet_type": "standard"
}