{
    "addr_history": {
        "125ppet54kvJjA7qBUSwq8J15HpN8hRmKc": [],
        "12JXgo9Lr4mevJfqWrmFmHBxpdqujzT3g1": [],
        "14q4XtJYgeEH7bPJBTpGLVEsy1bdEJKsST": [],
        "152m1pheXw8DWv7FGMnsuD1RXTE9LdPQ7F": [],
        "15b4t7y9GKZsxNQCQtMap2NnkjoXJYExFd": [],
        "16rgJUMU5rtfxxByAGkBvmKWcAZNfuVpRV": [],
        "176igbBczJEDUMUbH6Ea7brXJZqqytCpUx": [],
        "18ggLf5tFYiaX6xZNBoLDYvhgx4pVK4AtS": [],
        "19NrJvD7meVfkDFu8M93vZzLB8naLaFwVn": [],
        "19QLJCwwfqsidsvFwbtkQd3TbwnbP8uMrR": [],
        "19sLeEaUvSr2xFn6JNCGFwVVJh8eCBvHXv": [],
        "1AfzkzYqQRCidfS99nVd1SAUUfX2vsMYir": [],
        "1AyM3F9y7s5gu6LBzVcpqdDSeqj6Vw4Yn9": [],
        "1CEArDTwE2s7s2in5FoPskEu4rek65sjbi": [],
        "1CLB1m8xFKKFNVWkoChBJcq7pXsusTVXeZ": [],
        "1CV1MT2G7HH4k65v36RTLdS4nAD9Equ4WZ": [],
        "1ChpTkhvuEHXNQJwAU1crytbvasx7WAwch": [],
        "1D3Z7ynjDiF4iMS1Si4SP6YRwrsyxoiPND": [],
        "1DKKK7DRmdSubvh1CaETHnarVwHpCUVS8w": [],
        "1DZZXNu5A8rFgeuqKqUKW3KW4UMjMUeB37": [],
        "1FX7Et6KGAX7CNxpCCuNxKYfyCvambjr31": [],
        "1G1aZwnaB49U5a5dwUHAagVU44wD5AoYxm": [],
        "1Koo9otrvivpD47h68ZXqVKb7xgvdEYctf": [],
        "1Lfs6QDdvoQTekhPbPaKtT9pzyDmbL4AXi": [],
        "1M6h5kBpPJX3cSF2nA3bvcD9Q9kdvLQEnr": [],
        "1MNYzFwYJ4nfZiQdhNHyqvmFrV3oh5Gdy3": [],
        "1MUTGzKcrGqQxgbc4cRYGfesSA7bL7N7RV": [],
        "1Mk9Td8XJsghqVDz5Be3ojNyAVWU1G7dWk": [],
        "1PKjLQDcx4mW9gvtY6jC2YJenmR2NhfTAy": [],
        "1jLM3bSZ52sEj18gPE2FEo1iSgjUTEhcJ": []
    },
    "addresses": {
        "change": [
            "1DZZXNu5A8rFgeuqKqUKW3KW4UMjMUeB37",
            "1Lfs6QDdvoQTekhPbPaKtT9pzyDmbL4AXi",
            "1Mk9Td8XJsghqVDz5Be3ojNyAVWU1G7dWk",
            "19NrJvD7meVfkDFu8M93vZzLB8naLaFwVn",
            "1MNYzFwYJ4nfZiQdhNHyqvmFrV3oh5Gdy3",
            "16rgJUMU5rtfxxByAGkBvmKWcAZNfuVpRV",
            "14q4XtJYgeEH7bPJBTpGLVEsy1bdEJKsST",
            "1AfzkzYqQRCidfS99nVd1SAUUfX2vsMYir",
            "1PKjLQDcx4mW9gvtY6jC2YJenmR2NhfTAy",
            "1CV1MT2G7HH4k65v36RTLdS4nAD9Equ4WZ"
        ],
        "receiving": [
            "176igbBczJEDUMUbH6Ea7brXJZqqytCpUx",
            "19sLeEaUvSr2xFn6JNCGFwVVJh8eCBvHXv",
            "1D3Z7ynjDiF4iMS1Si4SP6YRwrsyxoiPND",
            "1Koo9otrvivpD47h68ZXqVKb7xgvdEYctf",
            "1AyM3F9y7s5gu6LBzVcpqdDSeqj6Vw4Yn9",
            "1M6h5kBpPJX3cSF2nA3bvcD9Q9kdvLQEnr",
            "1MUTGzKcrGqQxgbc4cRYGfesSA7bL7N7RV",
            "18ggLf5tFYiaX6xZNBoLDYvhgx4pVK4AtS",
            "1ChpTkhvuEHXNQJwAU1crytbvasx7WAwch",
            "1CEArDTwE2s7s2in5FoPskEu4rek65sjbi",
            "1jLM3bSZ52sEj18gPE2FEo1iSgjUTEhcJ",
            "1DKKK7DRmdSubvh1CaETHnarVwHpCUVS8w",
            "1G1aZwnaB49U5a5dwUHAagVU44wD5AoYxm",
            "12JXgo9Lr4mevJfqWrmFmHBxpdqujzT3g1",
            "1CLB1m8xFKKFNVWkoChBJcq7pXsusTVXeZ",
            "15b4t7y9GKZsxNQCQtMap2NnkjoXJYExFd",
            "19QLJCwwfqsidsvFwbtkQd3TbwnbP8uMrR",
            "1FX7Et6KGAX7CNxpCCuNxKYfyCvambjr31",
            "125ppet54kvJjA7qBUSwq8J15HpN8hRmKc",
            "152m1pheXw8DWv7FGMnsuD1RXTE9LdPQ7F"
        ]
    },
    "fiat_value": {},
    "frozen_coins": {},
    "invoices": {},
    "keystore": {
        "derivation": "m",
        "pw_hash_version": 1,
        "root_fingerprint": "a1486516",
        "seed": "minor zone pool alpha remain combine link claw medal settle grace capable",
        "seed_type": "standard",
        "type": "bip32",
        "xprv": "xprv9s21ZrQH143K3aHM8uXhoibXGmrdSDGGHTPJp56ZCnZZ8oEB8p2CPVbgh4zUYJCyMGH27CGVmH3uToj2Yj1UzdV9DQGUSoDRdB71ybnE6bf",
        "xpub": "xpub661MyMwAqRbcG4MpEw4iArYFpoh7qfz7egJucTWAm86Y1bZKgMLSwHvAYK5hDHskZxqbcqEykgMGmmkQv7YnwDmeJTwzUMhKGofq1xFabZW"
    },
    "labels": {},
    "payment_requests": {},
    "prevouts_by_scripthash": {},
    "seed_version": 50,
    "spent_outpoints": {},
    "transactions": {},
    "tx_fees": {},
    "txi": {},
    "txo": {},
    "use_encryption": false,
    "verified_tx3": {},
    "wallet_type": "standard"
}