{
    "addr_history": {
        "12eAzhtci23Sa3Vb9VH8e9NguNMgahnL7s": [],
        "13kpZVXAmjfRaNdk1tMLSZeLWrBh4NYeCi": [],
        "1653rrVyJ9KMkza91ASLc8BDFcGM7uBegh": [],
        "16RRfjGU5ULU6AmsXG4vK6iQAEDnfM4ivT": [],
        "16fPxg14HnvZYUvBMGenY419HFEPTy62oq": [],
        "177RunLAkpXNQuL4xAmghy62PEYD4Ky96j": [],
        "17nYr3DpdZ8cVQNtjRMpUz4c3z6GSoCkYx": [],
        "187WNpqwqfgABWJQTzdCiqYAB72qQi2ST": [],
        "18K5nRVn5Ku3QLR1gFoo1UEEJmNQDBMkkE": [],
        "18TGPgewtQwcYU8pX6xygzSVavoLHgY64Q": [],
        "19kqKh79zmigH1UiqPuUpLSMveZnJQRrQK": [],
        "19z45X6PeXYpQrgL4E6E2KCwhR4PUHJLKB": [],
        "1AxTNQKwJjh7ktMXXL7YVZ7oR4dxEcJskc": [],
        "1BM5xNnw1LMsDb2E8NHhNxVwUNRhD1ddaX": [],
        "1CDLWyZ155Sqgb7GYGL4N89rRnnzc3xLBH": [],
        "1EP8iPSHpSMPwJcc9CvBpMy6A7Kw5Jg973": [],
        "1Em3iHTQ3TvtTSkomig4oE4qeaGkHdJy9F": [],
        "1GHw25mfR6SEm5uqv785s5aethb6j7K2nD": [],
        "1GRf38R5UqE88BkbpugcYuK3rTbhY1y6L4": [],
        "1GUZVoUMgp6KaKsRfguxxKTwxitZrwMJgs": [],
        "1GefEuE75BZJ2d1hLebvJzASgmh9VBsgLE": [],
        "1H1yYaCb8BXoq2YceUqu8xDmYJCfqiMUtP": [],
        "1Hw3F7fs18DtNsKn8x4mWkgpCU3MCvMjBx": [],
        "1JJBBBEhVmzH72HU1v8rJEiMoS7F9PDUAT": [],
        "1Ju7H36XbHqdvBJdtpRoxnQkkf5JdoSn5h": [],
        "1KCqg3ytotatKjAdGRAgAGyVCWU6F2ibu9": [],
        "1KLkWwM2JmDRXPNvp8giNrxUeZE4V5Vx56": [],
        "1KYNJFEZedu5oD8WJynRfp9sSbNqdyG4ED": [],
        "1MfNDvfJEydrjqkJQyuvpwReh9p45WvW5E": [],
        "1PKx3Gmb8Ap4sc7Vxj63QZaCc4PiBDhZe8": []
    },
    "addresses": {
        "change": [
            "1GUZVoUMgp6KaKsRfguxxKTwxitZrwMJgs",
            "1KLkWwM2JmDRXPNvp8giNrxUeZE4V5Vx56",
            "16fPxg14HnvZYUvBMGenY419HFEPTy62oq",
            "1GHw25mfR6SEm5uqv785s5aethb6j7K2nD",
            "17nYr3DpdZ8cVQNtjRMpUz4c3z6GSoCkYx",
            "18TGPgewtQwcYU8pX6xygzSVavoLHgY64Q",
            "187WNpqwqfgABWJQTzdCiqYAB72qQi2ST",
            "1EP8iPSHpSMPwJcc9CvBpMy6A7Kw5Jg973",
            "12eAzhtci23Sa3Vb9VH8e9NguNMgahnL7s",
            "1CDLWyZ155Sqgb7GYGL4N89rRnnzc3xLBH"
        ],
        "receiving": [
            "1GRf38R5UqE88BkbpugcYuK3rTbhY1y6L4",
            "1AxTNQKwJjh7ktMXXL7YVZ7oR4dxEcJskc",
            "1Hw3F7fs18DtNsKn8x4mWkgpCU3MCvMjBx",
            "19kqKh79zmigH1UiqPuUpLSMveZnJQRrQK",
            "177RunLAkpXNQuL4xAmghy62PEYD4Ky96j",
            "1Ju7H36XbHqdvBJdtpRoxnQkkf5JdoSn5h",
            "1JJBBBEhVmzH72HU1v8rJEiMoS7F9PDUAT",
            "1BM5xNnw1LMsDb2E8NHhNxVwUNRhD1ddaX",
            "1KCqg3ytotatKjAdGRAgAGyVCWU6F2ibu9",
            "1Em3iHTQ3TvtTSkomig4oE4qeaGkHdJy9F",
            "1GefEuE75BZJ2d1hLebvJzASgmh9VBsgLE",
            "1MfNDvfJEydrjqkJQyuvpwReh9p45WvW5E",
            "13kpZVXAmjfRaNdk1tMLSZeLWrBh4NYeCi",
            "19z45X6PeXYpQrgL4E6E2KCwhR4PUHJLKB",
            "1KYNJFEZedu5oD8WJynRfp9sSbNqdyG4ED",
            "16RRfjGU5ULU6AmsXG4vK6iQAEDnfM4ivT",
            "1653rrVyJ9KMkza91ASLc8BDFcGM7uBegh",
            "1H1yYaCb8BXoq2YceUqu8xDmYJCfqiMUtP",
            "18K5nRVn5Ku3QLR1gFoo1UEEJmNQDBMkkE",
            "1PKx3Gmb8Ap4sc7Vxj63QZaCc4PiBDhZe8"
        ]
    },
    "fiat_value": {},
    "frozen_coins": {},
    "invoices": {},
    "keystore": {
        "derivation": "m",
        "pw_hash_version": 1,
        "root_fingerprint": "f9aa074f",
        "seed": "minor zone pool ankle remain combine maple claw medal settle grace capable",
        "seed_type": "standard",
        "type": "bip32",
        "xprv": "xprv9s21ZrQH143K4HuhZ8goM48t8ExpqDiwcuojwbPMxvUFyMkuRf7s4Vr3F6biMQzyp5zaJKiPK69SAXs3uJn3ip8VNPwZFChVRvFThjzC68a",
        "xpub": "xpub661MyMwAqRbcGmzAfADoiC5cgGoKEgSnz8jLjynyXG1ErA63yCS7cJAX6MbyfDNLSPEcPk7tr8RJuT69pGZpngNfut4jHHHpeDtdKrRbTg6"
    },
    "labels": {},
    "payment_requests": {},
    "prevouts_by_scripthash": {},
    "seed_version": 50,
    "spent_outpoints": {},
    "transactions": {},
    "tx_fees": {},
    "txi": {},
    "txo": {},
    "use_encryption": false,
    "verified_tx3": {},
    "wallet_type": "standard"
}