{
    "addr_history": {
        "11253e2XSqtmivghCveohiTgspcG3tHnKP": [],
        "114qUo4dnQPT3ECw558fD8sUFfAzVQHtvq": [],
        "137juxC4AKitbsuUWbvPC6yVXbz1XXxedt": [],
        "13nH1u4vqqGkvJE1KbCXbwWtt4U8njAWbm": [],
        "14A1gZWaLPdm9tco92mUV5AgRo2tiLhPZ3": [],
        "15Mos8pH6fHrvBBdzjX2Cbjm2Ktn4SA3KX": [],
        "15hiHnNTZcQ8pVz1tSDNgZETzDMPnfPcX2": [],
        "15uAtR2j3e5vPjZ3Z5VAktqPNH1FqcPsFa": [],
        "16H32E3ZQaboUmapuxu9sAthV1JZJFi23F": [],
        "19MF6eZQ3xcPSyZqhQd8MSzoWDjAfniLDq": [],
        "1AExubkKvmZoVcdsezVRhyrrE5GLx3J6Ug": [],
        "1AnmN2eJ3cgbRzNzT6T7CqeKBxDPgSTgJ5": [],
        "1AvjLRdDwdNH3CQgN2JawevzZsyzXZ6Xqx": [],
        "1CUL6AtzWTaGmqoTrKyc9wtH9R9WHTtWuW": [],
        "1CgNAjxC1jJ9Sz5czVVrSzNPuT1YoagLv6": [],
        "1DWdBPThuja2XPuuQwzuK7LAM1AQWoaXNH": [],
        "1FXFmUFqrJYsDKEfowdATCFF59Uw1GZJXE": [],
        "1GXZZmdt2jGoysYp4T4aV6vJeEUJGrXJ7J": [],
        "1H8gbak6sxST14TcJ1guXEC8jJHVe7SWUY": [],
        "1HBebE2Wa6521fH6214eZwjFCGxS3dQaU6": [],
        "1HFHdwSwWnhEiPk8v1Xxi14f9PpQzof42K": [],
        "1HojX3ciKhGQhPHZAjmWA9QZDd8g4LUr8x": [],
        "1JxE8dG4qUGSxJ1pjWxaD92BerFiuf81EP": [],
        "1KDjpzSkfhUQF3eG37hBcZvbvNMN3xUHN4": [],
        "1L5VvhTzacTUAwhZd9myfoqVSo9ppg3oD9": [],
        "1L8nWRknZgetQv8PdbaBNCDM8GcX7uJWSs": [],
        "1LSb7qxPbzGvckZszpv3HhHzZqTEcbdwBV": [],
        "1LnoNBCVRP73XmYzoK97WAFwYoSPqKX8Ek": [],
        "1M2H5gjPxgkngh5AyywYGynZYevg9pz4mD": [],
        "1PFWj6qhnYMVs7oJv42KykvcgJLFUcWsqc": []
    },
    "addresses": {
        "change": [
            "15Mos8pH6fHrvBBdzjX2Cbjm2Ktn4SA3KX",
            "1AvjLRdDwdNH3CQgN2JawevzZsyzXZ6Xqx",
            "1LSb7qxPbzGvckZszpv3HhHzZqTEcbdwBV",
            "1AExubkKvmZoVcdsezVRhyrrE5GLx3J6Ug",
            "15uAtR2j3e5vPjZ3Z5VAktqPNH1FqcPsFa",
            "1HFHdwSwWnhEiPk8v1Xxi14f9PpQzof42K",
            "1HojX3ciKhGQhPHZAjmWA9QZDd8g4LUr8x",
            "16H32E3ZQaboUmapuxu9sAthV1JZJFi23F",
            "13nH1u4vqqGkvJE1KbCXbwWtt4U8njAWbm",
            "1CUL6AtzWTaGmqoTrKyc9wtH9R9WHTtWuW"
        ],
        "receiving": [
            "1GXZZmdt2jGoysYp4T4aV6vJeEUJGrXJ7J",
            "11253e2XSqtmivghCveohiTgspcG3tHnKP",
            "1KDjpzSkfhUQF3eG37hBcZvbvNMN3xUHN4",
            "1LnoNBCVRP73XmYzoK97WAFwYoSPqKX8Ek",
            "1FXFmUFqrJYsDKEfowdATCFF59Uw1GZJXE",
            "14A1gZWaLPdm9tco92mUV5AgRo2tiLhPZ3",
            "137juxC4AKitbsuUWbvPC6yVXbz1XXxedt",
            "1DWdBPThuja2XPuuQwzuK7LAM1AQWoaXNH",
            "1M2H5gjPxgkngh5AyywYGynZYevg9pz4mD",
            "1L5VvhTzacTUAwhZd9myfoqVSo9ppg3oD9",
            "1JxE8dG4qUGSxJ1pjWxaD92BerFiuf81EP",
            "15hiHnNTZcQ8pVz1tSDNgZETzDMPnfPcX2",
            "114qUo4dnQPT3ECw558fD8sUFfAzVQHtvq",
            "1CgNAjxC1jJ9Sz5czVVrSzNPuT1YoagLv6",
            "1PFWj6qhnYMVs7oJv42KykvcgJLFUcWsqc",
            "1HBebE2Wa6521fH6214eZwjFCGxS3dQaU6",
            "19MF6eZQ3xcPSyZqhQd8MSzoWDjAfniLDq",
            "1H8gbak6sxST14TcJ1guXEC8jJHVe7SWUY",
            "1L8nWRknZgetQv8PdbaBNCDM8GcX7uJWSs",
            "1AnmN2eJ3cgbRzNzT6T7CqeKBxDPgSTgJ5"
        ]
    },
    "fiat_value": {},
    "frozen_coins": {},
    "invoices": {},
    "keystore": {
        "derivation": "m",
        "pw_hash_version": 1,
        "root_fingerprint": "ca2066db",
        "seed": "minor zone pool around remain combine artefact claw medal settle grace capable",
        "seed_type": "standard",
        "type": "bip32",
        "xprv": "xprv9s21ZrQH143K2rv3g6Y8GDGrjmv3DDJynZYvHVwrX8D5MabH22sMeB6qkgm8QQdvxFbn83wJzpNEJeaM262C4MwpS492tCY5WhU8x7vAVun",
        "xpub": "xpub661MyMwAqRbcFLzWn858dMDbHokXcg2q9nUX5tMU5Tk4ENvRZaBcByRKbwaERsNjig53JiEd73abEHEiLEon3uf8B5Vxw9duWfpwzFDu6M8"
    },
    "labels": {},
    "payment_requests": {},
    "prevouts_by_scripthash": {},
    "seed_version": 50,
    "spent_outpoints": {},
    "transactions": {},
    "tx_fees": {},
    "txi": {},
    "txo": {},
    "use_encryption": false,
    "verified_tx3": {},
    "wallet_type": "standard"
}