{
    "addr_history": {
        "124GziwgZTnMpjFsF7EvagMFytzjtruqip": [],
        "125rohjMbD6DFeLx4WmVeMuVawdDRYvnZU": [],
        "12JWZ3fdcRXg1rtY4wQKX9vAw2CQXGLtuD": [],
        "136vZB3eevWZ15Kwu7rMr5CRMTsejW3pDA": [],
        "14EGbF37hTh9kY3JPUP1R2sedGZz6gFvg7": [],
        "14X9486VtkRueZnieKiG1wKLcQGtVjjek8": [],
        "15ztZWAtGLYLa3wwYPxMTxEfGgZMAWyifk": [],
        "163voBvKxWJyBkcGVnRda4D8GjHWmxjciy": [],
        "16qFRkThEDVzdSBrNEVn9bGvkrbzFhzixd": [],
        "17AaoEEXHAxNqXosbv6oqHXxH7x24664GC": [],
        "17Y1dEyYqBFkgBC67WHfrAxS2rFtHdo2zf": [],
        "18G5g5bZEhu3WBRucwLDufGHsgfEWkwMuR": [],
        "18iVHgzihkfvh4AM6eyomw5YKsYPzQBKyp": [],
        "19vbWqh2k112D1R9NFiZ62Kw1BV33GSvFK": [],
        "1A4FpSL7j7VSBoUe2VYGekEKXLCSg5MUg5": [],
        "1C4cAyYwnTt9wPVKabedBjJ3faFKxHijaz": [],
        "1CtnpgsYXrbgK3uyreqBNuNNFrvweZSnQG": [],
        "1F1CcbuMNK1G6vGJTTRvcqpZrxRQtRvZea": [],
        "1F8BFmnmJtRknrTbFZztodS9k3UsffEAfh": [],
        "1FdQwr5s2QW4Dip9c3eaUGTuDYmS6WYvor": [],
        "1HoARihPKzxW6NZYB7KvVLJJXKrtu4xUDL": [],
        "1KArS3oTAd6HAPnVFrpQG8uK6YMuKh8vTh": [],
        "1LFcRZwDDZERcSWLZpSQ6wX3j12gwfhmid": [],
        "1LocuoRKiG4pbBix3bMtZgf6QBKbZ24VaD": [],
        "1LrFjEQiMgWf6wrUUgaqr3C16aFcnAr4v7": [],
        "1MrfunKgY8bRCXsE2py7kMexvrj3JnRsmJ": [],
        "1N5xvBi3UeXLYU9yJNDBLmWGsUyPZyLXkC": [],
        "1P5PCSVJisegr9Ug1WydpsuUz4iyKJUf1j": [],
        "1Pgpd5vU1WLMqMqZwCBP4TAQMeAG3yftBN": [],
        "1ggsQWRHnCbftghGCksYzgCY8M1E3KE2J": []
    },
    "addresses": {
        "change": [
            "15ztZWAtGLYLa3wwYPxMTxEfGgZMAWyifk",
            "14EGbF37hTh9kY3JPUP1R2sedGZz6gFvg7",
            "1MrfunKgY8bRCXsE2py7kMexvrj3JnRsmJ",
            "163voBvKxWJyBkcGVnRda4D8GjHWmxjciy",
            "1ggsQWRHnCbftghGCksYzgCY8M1E3KE2J",
            "1HoARihPKzxW6NZYB7KvVLJJXKrtu4xUDL",
            "1CtnpgsYXrbgK3uyreqBNuNNFrvweZSnQG",
            "125rohjMbD6DFeLx4WmVeMuVawdDRYvnZU",
            "17Y1dEyYqBFkgBC67WHfrAxS2rFtHdo2zf",
            "1FdQwr5s2QW4Dip9c3eaUGTuDYmS6WYvor"
        ],
        "receiving": [
            "18G5g5bZEhu3WBRucwLDufGHsgfEWkwMuR",
            "1N5xvBi3UeXLYU9yJNDBLmWGsUyPZyLXkC",
            "1P5PCSVJisegr9Ug1WydpsuUz4iyKJUf1j",
            "12JWZ3fdcRXg1rtY4wQKX9vAw2CQXGLtuD",
            "1LrFjEQiMgWf6wrUUgaqr3C16aFcnAr4v7",
            "18iVHgzihkfvh4AM6eyomw5YKsYPzQBKyp",
            "1F8BFmnmJtRknrTbFZztodS9k3UsffEAfh",
            "19vbWqh2k112D1R9NFiZ62Kw1BV33GSvFK",
            "1F1CcbuMNK1G6vGJTTRvcqpZrxRQtRvZea",
            "136vZB3eevWZ15Kwu7rMr5CRMTsejW3pDA",
            "1KArS3oTAd6HAPnVFrpQG8uK6YMuKh8vTh",
            "1C4cAyYwnTt9wPVKabedBjJ3faFKxHijaz",
            "16qFRkThEDVzdSBrNEVn9bGvkrbzFhzixd",
            "17AaoEEXHAxNqXosbv6oqHXxH7x24664GC",
            "124GziwgZTnMpjFsF7EvagMFytzjtruqip",
            "1A4FpSL7j7VSBoUe2VYGekEKXLCSg5MUg5",
            "1Pgpd5vU1WLMqMqZwCBP4TAQMeAG3yftBN",
            "1LFcRZwDDZERcSWLZpSQ6wX3j12gwfhmid",
            "1LocuoRKiG4pbBix3bMtZgf6QBKbZ24VaD",
            "14X9486VtkRueZnieKiG1wKLcQGtVjjek8"
        ]
    },
    "fiat_value": {},
    "frozen_coins": {},
    "invoices": {},
    "keystore": {
        "derivation": "m",
        "pw_hash_version": 1,
        "root_fingerprint": "ebfe6fb9",
        "seed": "minor zone pool anxiety remain combine wife claw medal settle grace capable",
        "seed_type": "standard",
        "type": "bip32",
        "xprv": "xprv9s21ZrQH143K3PvwjYxCcHE4isQ5oZMrGtXpHnnu9qZ45jUz6ReoNgwQzNgNtMoCE5i3fXXcBxnPutXyZfrEz9BnjE8iHBqWFN9fbgPdAZc",
        "xpub": "xpub661MyMwAqRbcFt1QqaVCyRAoGuEaD25he7TR6BCWiB62xXp8dxy3vVFtqedqiH2VptNdbArURZfRQx576sjf4AF3wKZC2P1wKuG6SfuzTXT"
    },
    "labels": {},
    "payment_requests": {},
    "prevouts_by_scripthash": {},
    "seed_version": 50,
    "spent_outpoints": {},
    "transactions": {},
    "tx_fees": {},
    "txi": {},
    "txo": {},
    "use_encryption": false,
    "verified_tx3": {},
    "wallet_type": "standard"
}