{
    "addr_history": {
        "137DjAiJNLixdnXWNXgtgjYD4e7bAimXbJ": [],
        "13bEnqvCEc7Vay59M9ZwxahDh75HguYUT9": [],
        "13mAkvuxTHb65qANsZ8aR68XFH1DHSQVP9": [],
        "14bEaAdstQysmULoLf3Waw7FEgJCUMPF8h": [],
        "14ukJk1MtN3ikGCdBpHuyAmPC8ViFXRYS5": [],
        "1614anuCepW9PRQ2p6h2AqHeXmU2LUsCGN": [],
        "16RWFGhwhQWJjuBmDDXLp2ue1LjT5AxDSU": [],
        "17YQATr3XpNZYENEdUMNbJgarV4useTZ3V": [],
        "17mSmaFqDvDr9vvtq2pBSArdjyKbTGxpn7": [],
        "18EDSwq8X9FuEbiCg9rrZw1RpkrACUFBM": [],
        "18XNm8XNoB2V7meNWVXDbZoJsvjptVTcm9": [],
        "19GPC8xf4pjmh3qwSKSRqLRSfDLuurpAgn": [],
        "19tTuGxg4j2PhmCraZdF1AZoKNtSUS564s": [],
        "1AMnF6RVdqLyyb9Feh53Cdzk74Y4Xe6bvM": [],
        "1Agco83zSjegyFBWXdPiJqWBmvPQtLy96w": [],
        "1BDYPWFsGdJUoFo47GCGTasMYyRvc7miAL": [],
        "1DsKovZd7T2dHYuxGq8TB1QJhaqZhptdja": [],
        "1EuaPiTvXDGSbG7iC8DAhSeNmt4VdBi4j8": [],
        "1F4VC1cLQrJhqcUxGjprZmJzmCTwd5CNic": [],
        "1FC6QEcJWdJPxsTR4QbrGwA12WRYJ9dyTe": [],
        "1FgDjh9kDQMmtb5mCNwbXWvVBSU9KK2pDC": [],
        "1GfLZEcdW7dtHmZfo7Do6sciUT7WN6diHk": [],
        "1HN4c2X3GSW9Kuqp8QeRJRKqB5kKLG1roT": [],
        "1Hqz3X9LfdzdzWRHp71T3ppGD3MiD3Vcdo": [],
        "1JcESZAL9H89oChxBkBG5WS3MbUYX6k1wa": [],
        "1KDGsbUYeS8Gr3heVFcCQFtxemxB9Sgec4": [],
        "1LgBPHJF6YGAUZtPMDU3WN2chVzcLnKuMQ": [],
        "1Nw5ZZtZKsgHnU7qRoLZLb8ykKsKtzVDPT": [],
        "1Q5adKD3zeRT9tw9utASdVYEvqrgWGDuwo": [],
        "1X11nrXxKgY9M12wDth4VvyeFw4sQcWEB": []
    },
    "addresses": {
        "change": [
            "14ukJk1MtN3ikGCdBpHuyAmPC8ViFXRYS5",
            "13bEnqvCEc7Vay59M9ZwxahDh75HguYUT9",
            "1Q5adKD3zeRT9tw9utASdVYEvqrgWGDuwo",
            "19GPC8xf4pjmh3qwSKSRqLRSfDLuurpAgn",
            "18XNm8XNoB2V7meNWVXDbZoJsvjptVTcm9",
            "1EuaPiTvXDGSbG7iC8DAhSeNmt4VdBi4j8",
            "1F4VC1cLQrJhqcUxGjprZmJzmCTwd5CNic",
            "17mSmaFqDvDr9vvtq2pBSArdjyKbTGxpn7",
            "1FC6QEcJWdJPxsTR4QbrGwA12WRYJ9dyTe",
            "1KDGsbUYeS8Gr3heVFcCQFtxemxB9Sgec4"
        ],
        "receiving": [
            "1X11nrXxKgY9M12wDth4VvyeFw4sQcWEB",
            "1GfLZEcdW7dtHmZfo7Do6sciUT7WN6diHk",
            "1Agco83zSjegyFBWXdPiJqWBmvPQtLy96w",
            "13mAkvuxTHb65qANsZ8aR68XFH1DHSQVP9",
            "1Hqz3X9LfdzdzWRHp71T3ppGD3MiD3Vcdo",
            "1Nw5ZZtZKsgHnU7qRoLZLb8ykKsKtzVDPT",
            "16RWFGhwhQWJjuBmDDXLp2ue1LjT5AxDSU",
            "14bEaAdstQysmULoLf3Waw7FEgJCUMPF8h",
            "1AMnF6RVdqLyyb9Feh53Cdzk74Y4Xe6bvM",
            "1HN4c2X3GSW9Kuqp8QeRJRKqB5kKLG1roT",
            "1BDYPWFsGdJUoFo47GCGTasMYyRvc7miAL",
            "1614anuCepW9PRQ2p6h2AqHeXmU2LUsCGN",
            "17YQATr3XpNZYENEdUMNbJgarV4useTZ3V",
            "1DsKovZd7T2dHYuxGq8TB1QJhaqZhptdja",
            "1JcESZAL9H89oChxBkBG5WS3MbUYX6k1wa",
            "1FgDjh9kDQMmtb5mCNwbXWvVBSU9KK2pDC",
            "18EDSwq8X9FuEbiCg9rrZw1RpkrACUFBM",
            "137DjAiJNLixdnXWNXgtgjYD4e7bAimXbJ",
            "1LgBPHJF6YGAUZtPMDU3WN2chVzcLnKuMQ",
            "19tTuGxg4j2PhmCraZdF1AZoKNtSUS564s"
        ]
    },
    "fiat_value": {},
    "frozen_coins": {},
    "invoices": {},
    "keystore": {
        "derivation": "m",
        "pw_hash_version": 1,
        "root_fingerprint": "fb14c1cf",
        "seed": "minor zone pool all remain combine liar claw medal settle grace capable",
        "seed_type": "standard",
        "type": "bip32",
        "xprv": "xprv9s21ZrQH143K2DuBU1GFvEcRgbowPF1TmVeFtcuJWLQzzi1vbUq1zTnvyudx1VmoNZBZyhX7wUnT3AwasZUCuPXBGLEGrKwSvP6ECY69Vks",
        "xpub": "xpub661MyMwAqRbcEhyea2oGHNZAEdeRnhjK8iZrh1Jv4fwysWM5929GYG7Qq8xvn6DGFKJSLGS4dWrHbfusLGZwDDMDBTEfjR4MncUGt9LPngx"
    },
    "labels": {},
    "payment_requests": {},
    "prevouts_by_scripthash": {},
    "seed_version": 50,
    "spent_outpoints": {},
    "transactions": {},
    "tx_fees": {},
    "txi": {},
    "txo": {},
    "use_encryption": false,
    "verified_tx3": {},
    "wallet_type": "standard"
}