{
    "addr_history": {
        "12T5XPegccSGNoEKbvbzuhtEvFNckiQcDm": [],
        "13n9zkYqSEy1c7pHaKSFW2KC3h5E29VP4X": [],
        "14UDgPMGjUz7JPHtxuyn7CJeM4sY1K6gfq": [],
        "16mHXDN8hKuJmRGBF4USQzbqUWv71zn9Qw": [],
        "171rpDtfrWCihLRSdNaEjP7QBNQdwgTXwH": [],
        "17T6QdFEnZEjAgi4oRRbGsJscwi9bqC25L": [],
        "1AHWAaQiso8ZzxMZP8bLqQF3o82HCaGtUS": [],
        "1Aho6k6Bst5TLqqnFNELgXt4oKHGuLQic4": [],
        "1CFmrxexnW7fwt13STJdUqPTvwBAU5TDEh": [],
        "1CiVKD9sDupDKMhjCFGE4QreoFnoBff4Lm": [],
        "1DaMVNwgyLnPA5qiETaBd6onfoyvchiERH": [],
        "1Du8nSeJM8QJ5kD8oSiELhmePAu8SoHCCj": [],
        "1DzF5kDL88SLoodE2qX8YsR14En4NkVyAr": [],
        "1GceSsTQfgW6PsqhpaFCXWmfYXrfiYZ69o": [],
        "1GjNQn8J2s4JnwppjPHMEtrwZsSoJ4GmtG": [],
        "1GwQFX8txYNWvLLQQbpZgPLMN8nw26Z98L": [],
        "1JQysRZM2v2exo628pMSTAyCtyEAFWeGom": [],
        "1KJ26BNSfo3h3QJUkC46FKrppdYmGL1EZt": [],
        "1KmM36QvHVKU7gdgCsJybHV3bCC9wdqbhq": [],
        "1Lv6Yyi6vRbonQRgRedTV2QuVyRgYdMViQ": [],
        "1LxNsFNEcYSPoko8sz7SdXunxxGafXSUAN": [],
        "1Ma9tyNDwyRxxkoaPwK4hbL5N24kVjEk9A": [],
        "1NK36hxYMXd4CCjeMvSbe2ov8cmozJbhgV": [],
        "1NPNHNi6FNR82BrKY6jynykDeqN8Dm7dTb": [],
        "1NyWCmuxvjQMdqo8VqyipsCagoxUgiXA8a": [],
        "1P7jR77oojxeXgDpjjZGErkxeXJYmSMZbh": [],
        "1PMYQ2WBW7fa3haJXbgGx5C4EGchYHtCwt": [],
        "1PepeowG8Egn2DQdbqd6CRJN9UY4HP3zCF": [],
        "1QK7vxGpB1qFgc5pTQFpCq1dPdyK7XFGQj": [],
        "1sdXyaUyb4r8jcFFyFeLCPZT8Rces6NrM": []
    },
    "addresses": {
        "change": [
            "1KmM36QvHVKU7gdgCsJybHV3bCC9wdqbhq",
            "1AHWAaQiso8ZzxMZP8bLqQF3o82HCaGtUS",
            "1GjNQn8J2s4JnwppjPHMEtrwZsSoJ4GmtG",
            "171rpDtfrWCihLRSdNaEjP7QBNQdwgTXwH",
            "1PepeowG8Egn2DQdbqd6CRJN9UY4HP3zCF",
            "1DzF5kDL88SLoodE2qX8YsR14En4NkVyAr",
            "1NK36hxYMXd4CCjeMvSbe2ov8cmozJbhgV",
            "1CiVKD9sDupDKMhjCFGE4QreoFnoBff4Lm",
            "1P7jR77oojxeXgDpjjZGErkxeXJYmSMZbh",
            "16mHXDN8hKuJmRGBF4USQzbqUWv71zn9Qw"
        ],
        "receiving": [
            "1GwQFX8txYNWvLLQQbpZgPLMN8nw26Z98L",
            "1Lv6Yyi6vRbonQRgRedTV2QuVyRgYdMViQ",
            "17T6QdFEnZEjAgi4oRRbGsJscwi9bqC25L",
            "1Ma9tyNDwyRxxkoaPwK4hbL5N24kVjEk9A",
            "1KJ26BNSfo3h3QJUkC46FKrppdYmGL1EZt",
            "1PMYQ2WBW7fa3haJXbgGx5C4EGchYHtCwt",
            "1GceSsTQfgW6PsqhpaFCXWmfYXrfiYZ69o",
            "1CFmrxexnW7fwt13STJdUqPTvwBAU5TDEh",
            "13n9zkYqSEy1c7pHaKSFW2KC3h5E29VP4X",
            "1QK7vxGpB1qFgc5pTQFpCq1dPdyK7XFGQj",
            "1LxNsFNEcYSPoko8sz7SdXunxxGafXSUAN",
            "1JQysRZM2v2exo628pMSTAyCtyEAFWeGom",
            "1NPNHNi6FNR82BrKY6jynykDeqN8Dm7dTb",
            "1NyWCmuxvjQMdqo8VqyipsCagoxUgiXA8a",
            "12T5XPegccSGNoEKbvbzuhtEvFNckiQcDm",
            "14UDgPMGjUz7JPHtxuyn7CJeM4sY1K6gfq",
            "1sdXyaUyb4r8jcFFyFeLCPZT8Rces6NrM",
            "1Aho6k6Bst5TLqqnFNELgXt4oKHGuLQic4",
            "1DaMVNwgyLnPA5qiETaBd6onfoyvchiERH",
            "1Du8nSeJM8QJ5kD8oSiELhmePAu8SoHCCj"
        ]
    },
    "fiat_value": {},
    "frozen_coins": {},
    "invoices": {},
    "keystore": {
        "derivation": "m",
        "pw_hash_version": 1,
        "root_fingerprint": "cca883d6",
        "seed": "minor zone pool act remain combine long claw medal settle grace capable",
        "seed_type": "standard",
        "type": "bip32",
        "xprv": "xprv9s21ZrQH143K4BCuMjKkAGYNYQmxk6WZ6mSTR2TEcmhJ8G1sNj5WvrAkTp4LKrfMP8ss9HPU62toVrKkSaqRmBe5P642Kk8zbUspw2ZF5th",
        "xpub": "xpub661MyMwAqRbcGfHNTkrkXQV76ScT9ZEQTzN4DQrrB7EH14M1vGPmUeVEK7VqgUXEJAzg8RqAYr3YtrGXJ24sXr35EWb2vEYnjrjm6k7VofY"
    },
    "labels": {},
    "payment_requests": {},
    "prevouts_by_scripthash": {},
    "seed_version": 50,
    "spent_outpoints": {},
    "transactions": {},
    "tx_fees": {},
    "txi": {},
    "txo": {},
    "use_encryption": false,
    "verified_tx3": {},
    "wallet_type": "standard"
}