{
    "addr_history": {
        "112wy8d5vtAL6zB9Ajj7kKqs6QYQTjvJTF": [],
        "129E971HoQeVe6TkA1275ViEPacKWwC81D": [],
        "12jCc3DcFNjEuzfDEpdMi6Qjs1WpqtwnPq": [],
        "13QhvFxLSSa4orgXdT8Fm61o9ufNtsFQKz": [],
        "155AG86GP6G42aEYNTgFbEtj5n5DHSri1H": [],
        "16ExukjN8N6WR9KLDiFGQ18BKh6jAAs4DW": [],
        "16H1J3mFPwv4jsHfSEi5CTkZYH1FtkysBk": [],
        "17MTBWbnPzLYBo756d5JEQJzpZfVje84pL": [],
        "17buKb3bGr36kKy1ubWRDGk6F5L9rVhU8y": [],
        "17qgAmZWD84jbaobJPxkjTraaKWdnZrb6R": [],
        "1854ic9ckBZkpfPWQDAkvrktSbwgVFJmv": [],
        "18G8vwqvyrNiMUH77XboMuNbQQfyzghGDd": [],
        "18GJRa29NF3rpjLv3s7ciUBab3FjbBKwT": [],
        "18e35xeTbaKv5EN2m8ivSS5AsqsuTWy2v": [],
        "18ejYtqoedQa6wf7zuzCXREn3A2JReh3Vb": [],
        "191qtMhNpeb7UmxUfWwf8B1MnX5mZ18S26": [],
        "19uQXxhRTprk36YDLdSw1a1F9Yi6sbbY66": [],
        "1AFg1hQ8KCgzK8YfgGSc5tWT2dPj2KxDKQ": [],
        "1BjKnYyBUzZdVvUeuYqx147Zp5LEDRnf1w": [],
        "1CnjY4E2pSjNetgsL52YxHZ1vSCduGDLby": [],
        "1D1nb1h38vSJbxqohTdVie83RgUbASvg1L": [],
        "1GCVCvWPH8cJqSvWyDyi74j6QUDMSdfMA5": [],
        "1JEX54Ho4AJybvpq6141JkXK3P9CNLXCHq": [],
        "1M1ZXCGrWWf23t6estz57iTVRjoX657wa1": [],
        "1NKzrULyfafr1PFtzBav6CPyyrPAViMjYu": [],
        "1NgTqbtfJTehb1USBjvbWtWuyKWbwLR4Rv": [],
        "1P2GYfGgXAgD9yMSunAFHp9aKv6ZqSetoN": [],
        "1PY7sDmqKB1ZPuAAhyNeYqZcWxMRZeiwkk": [],
        "1PgpqS2aGeqXzAgDCCjuQG2wDPbnPDcM49": [],
        "1PvpXyavro8kyGM7GmnWeT66YzqHFReiQo": []
    },
    "addresses": {
        "change": [
            "17qgAmZWD84jbaobJPxkjTraaKWdnZrb6R",
            "1D1nb1h38vSJbxqohTdVie83RgUbASvg1L",
            "13QhvFxLSSa4orgXdT8Fm61o9ufNtsFQKz",
            "1AFg1hQ8KCgzK8YfgGSc5tWT2dPj2KxDKQ",
            "16H1J3mFPwv4jsHfSEi5CTkZYH1FtkysBk",
            "17MTBWbnPzLYBo756d5JEQJzpZfVje84pL",
            "18G8vwqvyrNiMUH77XboMuNbQQfyzghGDd",
            "1M1ZXCGrWWf23t6estz57iTVRjoX657wa1",
            "1854ic9ckBZkpfPWQDAkvrktSbwgVFJmv",
            "18GJRa29NF3rpjLv3s7ciUBab3FjbBKwT"
        ],
        "receiving": [
            "12jCc3DcFNjEuzfDEpdMi6Qjs1WpqtwnPq",
            "1P2GYfGgXAgD9yMSunAFHp9aKv6ZqSetoN",
            "155AG86GP6G42aEYNTgFbEtj5n5DHSri1H",
            "1PgpqS2aGeqXzAgDCCjuQG2wDPbnPDcM49",
            "1CnjY4E2pSjNetgsL52YxHZ1vSCduGDLby",
            "1BjKnYyBUzZdVvUeuYqx147Zp5LEDRnf1w",
            "19uQXxhRTprk36YDLdSw1a1F9Yi6sbbY66",
            "18ejYtqoedQa6wf7zuzCXREn3A2JReh3Vb",
            "17buKb3bGr36kKy1ubWRDGk6F5L9rVhU8y",
            "1JEX54Ho4AJybvpq6141JkXK3P9CNLXCHq",
            "191qtMhNpeb7UmxUfWwf8B1MnX5mZ18S26",
            "1NKzrULyfafr1PFtzBav6CPyyrPAViMjYu",
            "1NgTqbtfJTehb1USBjvbWtWuyKWbwLR4Rv",
            "1GCVCvWPH8cJqSvWyDyi74j6QUDMSdfMA5",
            "1PY7sDmqKB1ZPuAAhyNeYqZcWxMRZeiwkk",
            "16ExukjN8N6WR9KLDiFGQ18BKh6jAAs4DW",
            "18e35xeTbaKv5EN2m8ivSS5AsqsuTWy2v",
            "129E971HoQeVe6TkA1275ViEPacKWwC81D",
            "1PvpXyavro8kyGM7GmnWeT66YzqHFReiQo",
            "112wy8d5vtAL6zB9Ajj7kKqs6QYQTjvJTF"
        ]
    },
    "fiat_value": {},
    "frozen_coins": {},
    "invoices": {},
    "keystore": {
        "derivation": "m",
        "pw_hash_version": 1,
        "root_fingerprint": "334d7f33",
        "seed": "minor zone pool ask remain combine version claw medal settle grace capable",
        "seed_type": "standard",
        "type": "bip32",
        "xprv": "xprv9s21ZrQH143K396iPHknQDCcACsZSDctqzJVrCTA4Zmk4ugtheumtqj62gsZbwoSSX6rZNYoEQjhLanyRxQyNTDrDfXTt4rPeHddUbqX7s4",
        "xpub": "xpub661MyMwAqRbcFdBBVKHnmM9LiEi3qgLkDDE6earmcuJiwi23FCE2Se3ZsxtfbKV3yCZqFbNFt5PqgNXFNVv26hcmhzNUL5UDu8S19koQpP2"
    },
    "labels": {},
    "payment_requests": {},
    "prevouts_by_scripthash": {},
    "seed_version": 50,
    "spent_outpoints": {},
    "transactions": {},
    "tx_fees": {},
    "txi": {},
    "txo": {},
    "use_encryption": false,
    "verified_tx3": {},
    "wallet_type": "standard"
}