{
    "addr_history": {
        "12Pg9DMkxw4nXJLYEVuaFi9GmzRdtJzX8L": [],
        "12TcGiNS5qj7LFX4oonsQvGhauyiZ9Ka3B": [],
        "14NZ7ypREXeJvdiRhf6yMuecaZNxqhELKa": [],
        "156FLQABX7tKjit61xcWTbccd9wbkFpYmT": [],
        "15KM6DCj95DEofkA4TDcd6BfcijVejPvBF": [],
        "15V8xo55QQ7UvC2wDXMHYizYV63VVAugPe": [],
        "15x2s8c8iuraseVCZ1JjDewrRYgzJsfrZV": [],
        "16RtSrvtekLq8bbB3n9BNdcLxgmRxLmhS1": [],
        "16kGfvefVJcftnayMk5K6AtbZPnrCmmGte": [],
        "174ndoS8Kxt6r4GpAqhYhhEEm7JejKHoxF": [],
        "17a6iLFosfxX4LyC5mB6hPrMeWePgFUFRg": [],
        "17yccG34N6XAB42eRtJsXi8ihmpK31dGuq": [],
        "18wd8U26U8UNLGb8Wt8UQZUgMTjNMT6kTE": [],
        "19YGH2syjQkNm1WjSUEx1nGRkyTw6H8xAK": [],
        "19yupGcsUagZ22jRWM6M7RaeXdjxFBNwxJ": [],
        "1AK3K886x9DQ9HYcXLr1BGARpHXdBPNCvb": [],
        "1AqNqVzy6Ubf7xJ1FTDhc2sPq8hHzcU5wi": [],
        "1BcsL5egZjeKUygoZ9GCfK6BXaPh2QEGWn": [],
        "1CiRMNWEZTf22iTPWJdmCfnctPQL2fiDsZ": [],
        "1D4ydbL7opeVE5PiD4nkPtfpHay9Bm19ta": [],
        "1FdacrsYqGTGS8krA1TipBe5JDbFJ3nCrh": [],
        "1JAupiRFnuC2kJ436aX2ceAnb5EcvpZFz4": [],
        "1JGfdNnJx9J7TZWK55gNbxuLXse6YPcRLn": [],
        "1KYL4hYNBmuQQWEsZCqg9bjEtwP3eMVDUx": [],
        "1KwJ2vwB7jctdvFb958exoFz6Egcg5MSTc": [],
        "1LDzXgrBb6a7ixAfgAMneYppkmp51ERM2P": [],
        "1LT9QMLf9oNDAEG6NLk8cGnG5osiu84HWL": [],
        "1Lvc1iZqs18B65yz9byCnkRWfaGVwfw6Tb": [],
        "1MegLhG9m8GphbCgNEeVkRxNhgpbXvS8xp": [],
        "1P5euVj75khJquQzfaVYyjdaYsbzEAnexc": []
    },
    "addresses": {
        "change": [
            "1BcsL5egZjeKUygoZ9GCfK6BXaPh2QEGWn",
            "174ndoS8Kxt6r4GpAqhYhhEEm7JejKHoxF",
            "12TcGiNS5qj7LFX4oonsQvGhauyiZ9Ka3B",
            "1MegLhG9m8GphbCgNEeVkRxNhgpbXvS8xp",
            "156FLQABX7tKjit61xcWTbccd9wbkFpYmT",
            "1D4ydbL7opeVE5PiD4nkPtfpHay9Bm19ta",
            "1JAupiRFnuC2kJ436aX2ceAnb5EcvpZFz4",
            "16RtSrvtekLq8bbB3n9BNdcLxgmRxLmhS1",
            "16kGfvefVJcftnayMk5K6AtbZPnrCmmGte",
            "1P5euVj75khJquQzfaVYyjdaYsbzEAnexc"
        ],
        "receiving": [
            "17a6iLFosfxX4LyC5mB6hPrMeWePgFUFRg",
            "12Pg9DMkxw4nXJLYEVuaFi9GmzRdtJzX8L",
            "15V8xo55QQ7UvC2wDXMHYizYV63VVAugPe",
            "1LDzXgrBb6a7ixAfgAMneYppkmp51ERM2P",
            "1KYL4hYNBmuQQWEsZCqg9bjEtwP3eMVDUx",
            "1JGfdNnJx9J7TZWK55gNbxuLXse6YPcRLn",
            "1KwJ2vwB7jctdvFb958exoFz6Egcg5MSTc",
            "1AqNqVzy6Ubf7xJ1FTDhc2sPq8hHzcU5wi",
            "1CiRMNWEZTf22iTPWJdmCfnctPQL2fiDsZ",
            "1FdacrsYqGTGS8krA1TipBe5JDbFJ3nCrh",
            "19YGH2syjQkNm1WjSUEx1nGRkyTw6H8xAK",
            "1AK3K886x9DQ9HYcXLr1BGARpHXdBPNCvb",
            "15x2s8c8iuraseVCZ1JjDewrRYgzJsfrZV",
            "17yccG34N6XAB42eRtJsXi8ihmpK31dGuq",
            "1LT9QMLf9oNDAEG6NLk8cGnG5osiu84HWL",
            "15KM6DCj95DEofkA4TDcd6BfcijVejPvBF",
            "19yupGcsUagZ22jRWM6M7RaeXdjxFBNwxJ",
            "1Lvc1iZqs18B65yz9byCnkRWfaGVwfw6Tb",
            "14NZ7ypREXeJvdiRhf6yMuecaZNxqhELKa",
            "18wd8U26U8UNLGb8Wt8UQZUgMTjNMT6kTE"
        ]
    },
    "fiat_value": {},
    "frozen_coins": {},
    "invoices": {},
    "keystore": {
        "derivation": "m",
        "pw_hash_version": 1,
        "root_fingerprint": "fc1ae805",
        "seed": "minor zone pool ancient remain combine satoshi claw medal settle grace capable",
        "seed_type": "standard",
        "type": "bip32",
        "xprv": "xprv9s21ZrQH143K4EEkeVE5nhCkvcsCnoyG6QYmZQB4K4EjCS8yxnu6hGBU6b2ArHwdtGr6TdtjZqocC7GzLw8vCBp1CgSUnX4vnoRWchMgMDU",
        "xpub": "xpub661MyMwAqRbcGiKDkWm69q9VUehhCGh7TdUNMnafsPmi5EU8WLDMF4VwwqBvoJaS8EmYNq92FmT1W3hY8AQqdsHVkVWUza99KxEEY7UMvMm"
    },
    "labels": {},
    "payment_requests": {},
    "prevouts_by_scripthash": {},
    "seed_version": 50,
    "spent_outpoints": {},
    "transactions": {},
    "tx_fees": {},
    "txi": {},
    "txo": {},
    "use_encryption": false,
    "verified_tx3": {},
    "wallet_type": "standard"
}