{
    "addr_history": {
        "bc1q2945fd0tkctq2z2hm8mxkz7mh0fasld67kffke": [],
        "bc1q3f4aj4kqq29yuvsndgz04084js6hnz4gqtrqkc": [],
        "bc1q3jawr8mvc5h45fmgf7s2krypp322zsxxs83p0v": [],
        "bc1q3xftxkvcj600y88mt2cdtxwegv26c0pm3narrt": [],
        "bc1q430rjf87qyn79yhkr4sytu0wsdhn5zr9uttgl8": [],
        "bc1q5ax28t9ahjd739y6h4dkgh6k53v660nx0cht08": [],
        "bc1qazsj3j34s8s6k0exp8phw8mvq4t94z3478vvzd": [],
        "bc1qdsdsx7flt3grr2kd423qqnx6xp5fvqee8rthjk": [],
        "bc1qdt2t8uce4czuvpt6cwzzgyhwka85tnw7y0yhxd": [],
        "bc1qdw224yzh4t50hdu9ptsvhdyz0hh5pn9ews9pj5": [],
        "bc1qdwsnmguy7trcgs0ca7knxc5gq4twxp32a666yp": [],
        "bc1qermxq8ac2l7csrymc5xetxaumzkrh2aha5rgu5": [],
        "bc1qexn0crhf7x5ydnpaak6ez767ua2qnuuajs8yaw": [],
        "bc1qhz3ql05ddcjtt2a35wew2qwnwdkt47gacayxd8": [],
        "bc1qjk5wj75xzfld8sgaayzg4empvs3uc0k5x6y58e": [],
        "bc1qjrem9ct949r7cxj8wt273n7v7rgrzc6r6u0ryh": [],
        "bc1qk88eruer2yfnt4wtpl9jgq30m28v2dtrdcyy9n": [],
        "bc1qlzk3qj6kf9nn8ywguxuqrw8kk5ul8j5dvmjtny": [],
        "bc1qn97yduurxh94sq5ug084vymuhfcrp7wflzpj27": [],
        "bc1qnea4290pd397wt9lwfdaefhpd8rv2rap8uxzrn": [],
        "bc1qneswepsf72c0z7rnyva440ywa35kxzsn2qtpzp": [],
        "bc1qnj4qchx0f4nw6tu6kp89u7h5qlhahlv2epeggp": [],
        "bc1qqndz5n8yjx80v00yxm7d9hcazz5hevr72jq20f": [],
        "bc1qqxq93rywvzpwnjd80p959d6hgatl5vzmy9mjqh": [],
        "bc1qtcvcdez92ltl9gaecdrutgg598gdqh6g8ezj75": [],
        "bc1qve6lzc9npk6n4w6fnrygszgrsg64uqwexh0c0q": [],
        "bc1qwn6q2cnl2uzdunmx2f2ta2m5u2zn58yy8rwepc": [],
        "bc1qxcs64pj9ay7jfplmw9xsfew4y3484q43jwthy6": [],
        "bc1qyds8ayt2cre2gykgucvep49wnzkvrcdr9cxcdt": [],
        "bc1qz0s80lffgjzxxpwnqs8ltajdyvlzqe48eaus5w": []
    },
    "addresses": {
        "change": [
            "bc1q3jawr8mvc5h45fmgf7s2krypp322zsxxs83p0v",
            "bc1qwn6q2cnl2uzdunmx2f2ta2m5u2zn58yy8rwepc",
            "bc1q3xftxkvcj600y88mt2cdtxwegv26c0pm3narrt",
            "bc1qyds8ayt2cre2gykgucvep49wnzkvrcdr9cxcdt",
            "bc1qve6lzc9npk6n4w6fnrygszgrsg64uqwexh0c0q",
            "bc1q430rjf87qyn79yhkr4sytu0wsdhn5zr9uttgl8",
            "bc1qermxq8ac2l7csrymc5xetxaumzkrh2aha5rgu5",
            "bc1qdw224yzh4t50hdu9ptsvhdyz0hh5pn9ews9pj5",
            "bc1q5ax28t9ahjd739y6h4dkgh6k53v660nx0cht08",
            "bc1qlzk3qj6kf9nn8ywguxuqrw8kk5ul8j5dvmjtny"
        ],
        "receiving": [
            "bc1qnea4290pd397wt9lwfdaefhpd8rv2rap8uxzrn",
            "bc1qneswepsf72c0z7rnyva440ywa35kxzsn2qtpzp",
            "bc1qxcs64pj9ay7jfplmw9xsfew4y3484q43jwthy6",
            "bc1qazsj3j34s8s6k0exp8phw8mvq4t94z3478vvzd",
            "bc1qhz3ql05ddcjtt2a35wew2qwnwdkt47gacayxd8",
            "bc1qz0s80lffgjzxxpwnqs8ltajdyvlzqe48eaus5w",
            "bc1q3f4aj4kqq29yuvsndgz04084js6hnz4gqtrqkc",
            "bc1qk88eruer2yfnt4wtpl9jgq30m28v2dtrdcyy9n",
            "bc1qdsdsx7flt3grr2kd423qqnx6xp5fvqee8rthjk",
            "bc1qn97yduurxh94sq5ug084vymuhfcrp7wflzpj27",
            "bc1qtcvcdez92ltl9gaecdrutgg598gdqh6g8ezj75",
            "bc1qqndz5n8yjx80v00yxm7d9hcazz5hevr72jq20f",
            "bc1qnj4qchx0f4nw6tu6kp89u7h5qlhahlv2epeggp",
            "bc1qjrem9ct949r7cxj8wt273n7v7rgrzc6r6u0ryh",
            "bc1qqxq93rywvzpwnjd80p959d6hgatl5vzmy9mjqh",
            "bc1q2945fd0tkctq2z2hm8mxkz7mh0fasld67kffke",
            "bc1qjk5wj75xzfld8sgaayzg4empvs3uc0k5x6y58e",
            "bc1qdt2t8uce4czuvpt6cwzzgyhwka85tnw7y0yhxd",
            "bc1qexn0crhf7x5ydnpaak6ez767ua2qnuuajs8yaw",
            "bc1qdwsnmguy7trcgs0ca7knxc5gq4twxp32a666yp"
        ]
    },
    "channels": {},
    "fiat_value": {},
    "frozen_coins": {},
    "imported_channel_backups": {},
    "invoices": {},
    "keystore": {
        "derivation": "m/0'",
        "pw_hash_version": 1,
        "root_fingerprint": "a0bb5ddd",
        "seed": "minor zone pool artist remain combine bulk claw medal settle grace capable",
        "seed_type": "segwit",
        "type": "bip32",
        "xprv": "zprvAZkCHxjpbDiWVkSPokAKUHNr8UAnkk1hPDkWRLiXkegSU25HcGpideu3j5S1CbQwSG9Abd3WPkdNbpKdgjJFcjJEr8cdjgGnnUa5pFPujzk",
        "xpub": "zpub6njYhUGiRbGoiEWrumhKqRKagW1HACjYkSg7Dj89JzDRLpQS9p8yBTDXaP5BH15oYk7a5rxXaRXexgm6F8zTDVmWapoPCQyHccdRKgfaB7G"
    },
    "labels": {},
    "lightning_payments": {},
    "lightning_preimages": {},
    "lightning_xprv": "zprvAcD8Tp1AhF6cUXajnmn9u1MQNh2AS35ASHmFcDrn4cC5jSynmymoNXv8epqC2WdXxXizVrcmr5QwkidsApqFc7sX9XMZHBV5Fvo9hPxXgav",
    "onchain_channel_backups": {},
    "payment_requests": {},
    "prevouts_by_scripthash": {},
    "seed_version": 50,
    "spent_outpoints": {},
    "submarine_swaps": {},
    "transactions": {},
    "tx_fees": {},
    "txi": {},
    "txo": {},
    "use_encryption": false,
    "verified_tx3": {},
    "wallet_type": "standard"
}