{
    "addr_history": {
        "12HicoQDVJ1C9wCZ2Jjy8e99ab2EPPR3KD": [],
        "142ecM61Qf64cy5VNV2FZ6nYcdj9wn5fCn": [],
        "14391GWwh9qaZhZPgoZNwjvsNFF9B63UyA": [],
        "14C78yMtEUngZ6Pd9wwdxdew5mYzTJxNsA": [],
        "14NUZWPo4rMgKAZGsunAe89Jg7aUFBvbbk": [],
        "14iZT7cydHcGZo7HtUeyDWU3YyELvcFrGw": [],
        "15FiN2QnKpuLFvLgmUogvS6LRhFaJziBXs": [],
        "16UvZGtuTDyHPa5yBsSairoZcRSVHXV2E1": [],
        "178qKj2gULMVk36Quvf6uQmVVhFQpYJDR": [],
        "17z8pb7GQyFyHJGh3zLp7rDsCxTZ794ufV": [],
        "1AKu1xidgxgWrxY5LxqKfDSBz5FyHN7Gmi": [],
        "1ANWvz535cdZguaDmy64fhEQhU3NhPbjsb": [],
        "1EDyXSoXNFTyRAJCG7ogwEuPWfH8C9CjsR": [],
        "1Eh3Tmqd6Snj9Xq73Jc9TTWR5PGmXEyMLs": [],
        "1FBdkTbm8S18vUxvd9H1LwTN2MpQxdvnqU": [],
        "1G57aCdwCYG8p4XspTC3tXEvSUfkAAow7W": [],
        "1GGEr28LNREUiFEn4GLdj7cUkwoMh5oTPW": [],
        "1GsHgm45sR86UnwifKCyWRE2XRCr2diwBh": [],
        "1Gzd3so9EG6gUByikfQbmjo7z8UtqLr8Ka": [],
        "1Hu2WBU8s1BkkSEJpUMgA118undknX56Wd": [],
        "1K5Xrm1hUdT2McKDXg68fDeW4zNARi9ZWQ": [],
        "1KnKBQkntthb7jGL4qUbJwaEZBbyyyTddm": [],
        "1LTKXpeRwYWbY3jxopNgpCyne8QPRJwUck": [],
        "1LhvNMpWCxoW1DeeYNv14i7TS4nqxY3A69": [],
        "1Li8sxmbYLRk5exLgCe3mBLC78ChR3X85h": [],
        "1Lru6m17vSLP3V2peStaAbXmx5yYJvkQ2Q": [],
        "1M4gNerMfd7qFQ3sGEZKB1c6YqH7Wankhs": [],
        "1MU1pEvqi6dUTi6HYV82sVEyE9QhKdZWnZ": [],
        "1NsvPU42ECHnGNC245gRUHPZqvbpHpWdeQ": [],
        "1Phch6MASQBfSwNbTPPyn8cEhQsAxJ2vhX": []
    },
    "addresses": {
        "change": [
            "1ANWvz535cdZguaDmy64fhEQhU3NhPbjsb",
            "12HicoQDVJ1C9wCZ2Jjy8e99ab2EPPR3KD",
            "1Eh3Tmqd6Snj9Xq73Jc9TTWR5PGmXEyMLs",
            "1Phch6MASQBfSwNbTPPyn8cEhQsAxJ2vhX",
            "16UvZGtuTDyHPa5yBsSairoZcRSVHXV2E1",
            "1M4gNerMfd7qFQ3sGEZKB1c6YqH7Wankhs",
            "1Li8sxmbYLRk5exLgCe3mBLC78ChR3X85h",
            "14NUZWPo4rMgKAZGsunAe89Jg7aUFBvbbk",
            "17z8pb7GQyFyHJGh3zLp7rDsCxTZ794ufV",
            "142ecM61Qf64cy5VNV2FZ6nYcdj9wn5fCn"
        ],
        "receiving": [
            "1KnKBQkntthb7jGL4qUbJwaEZBbyyyTddm",
            "1FBdkTbm8S18vUxvd9H1LwTN2MpQxdvnqU",
            "14C78yMtEUngZ6Pd9wwdxdew5mYzTJxNsA",
            "1Gzd3so9EG6gUByikfQbmjo7z8UtqLr8Ka",
            "1AKu1xidgxgWrxY5LxqKfDSBz5FyHN7Gmi",
            "14391GWwh9qaZhZPgoZNwjvsNFF9B63UyA",
            "14iZT7cydHcGZo7HtUeyDWU3YyELvcFrGw",
            "1K5Xrm1hUdT2McKDXg68fDeW4zNARi9ZWQ",
            "1G57aCdwCYG8p4XspTC3tXEvSUfkAAow7W",
            "1LTKXpeRwYWbY3jxopNgpCyne8QPRJwUck",
            "1EDyXSoXNFTyRAJCG7ogwEuPWfH8C9CjsR",
            "1MU1pEvqi6dUTi6HYV82sVEyE9QhKdZWnZ",
            "1LhvNMpWCxoW1DeeYNv14i7TS4nqxY3A69",
            "15FiN2QnKpuLFvLgmUogvS6LRhFaJziBXs",
            "1GsHgm45sR86UnwifKCyWRE2XRCr2diwBh",
            "1Hu2WBU8s1BkkSEJpUMgA118undknX56Wd",
            "1Lru6m17vSLP3V2peStaAbXmx5yYJvkQ2Q",
            "1GGEr28LNREUiFEn4GLdj7cUkwoMh5oTPW",
            "1NsvPU42ECHnGNC245gRUHPZqvbpHpWdeQ",
            "178qKj2gULMVk36Quvf6uQmVVhFQpYJDR"
        ]
    },
    "fiat_value": {},
    "frozen_coins": {},
    "invoices": {},
    "keystore": {
        "derivation": "m",
        "pw_hash_version": 1,
        "root_fingerprint": "71f60126",
        "seed": "minor zone pool accuse remain combine pretty claw medal settle grace capable",
        "seed_type": "standard",
        "type": "bip32",
        "xprv": "xprv9s21ZrQH143K2pZEG3kGoar6oecwCN2ddNKN7KJU1rKTU1SpK3hGHpLaRgFAcHDkXH1DwjEXkZc1xueXs7Eqysi5fmZwZjr9mPF4UZcgbqo",
        "xpub": "xpub661MyMwAqRbcFJdhN5HHAinqMgTRbpkUzbExuhi5aBrSLomxrb1Wqcf4GxH1gWANwP38p1VGtpQdmaFEL6kZrYYCkXzBbLKekvVzwB5Dsoh"
    },
    "labels": {},
    "payment_requests": {},
    "prevouts_by_scripthash": {},
    "seed_version": 50,
    "spent_outpoints": {},
    "transactions": {},
    "tx_fees": {},
    "txi": {},
    "txo": {},
    "use_encryption": false,
    "verified_tx3": {},
    "wallet_type": "standard"
}