{
    "addr_history": {
        "12byLkP5xuz6Lzh5ZeoerNohJtEFRTje7N": [],
        "13Z6GzbbYwR4ttDXaW1M5eUj6ZsEFN7DDJ": [],
        "14RLSdumfbDR5AjgifEquwcAmrtoujUJYh": [],
        "14jHV6N68pvppu4qMddV1zNw2BMbr1hgki": [],
        "15JLG58ZrB7oxcHptmHjoSQDWhwJwrezRE": [],
        "15PF3gmfmC5n4dxsgKD31gzevuJkTpehRv": [],
        "15gozoGw2j91zCzgsrW28U7pgYnDZ2bWFH": [],
        "15oRxds8Q5k4Ke8MKirLGMB8XDMVNizr2u": [],
        "17pbXNHhKMTWkMPyaZ6hYsDc2Q28XqyW1P": [],
        "17tUaLMRxZsb5aKbXizDRJqp88LtN7Fp87": [],
        "18LDit6uk9wNZmBrvNxtbcUeig1GRMJwR8": [],
        "18PRZJWE3heRXeHaQuoW6tAS51hh5KnSqK": [],
        "198LJVGCameMc6YD3FSDxP9UAPdLT1TGLJ": [],
        "19zo8pJqnp5ZupNFKTPsnoUixdDzMpZYku": [],
        "1AuHP8WGdPxjGWWUi1ms2aj4PGF3uFMEuf": [],
        "1C8tAnrxzAbub6PVkeUMqvvC3S4PWdiJyf": [],
        "1Cbvpo489bxsZeNuHxWEpgjXr1PrVv6KB": [],
        "1CrvDz4XX8zLZUvGteXZsZ6uew1K6nVyDk": [],
        "1EYeQqzpsb93qfqKQcGdfP3WYDnAmfKinK": [],
        "1FgdTFbACzWQvxkUNsGGKYPS6JFYcanzAc": [],
        "1GbzGcQQhFTLAW5ZyXagJAUyCjeWtoxF5C": [],
        "1H4qXomMUhxpwNFnhnoEwf6psYzUiY7mb2": [],
        "1HsVsfAamA1dJKgfCA8CEZQPNS7EvZ9MvB": [],
        "1JQiWx18wwacPAYWL7zmr31biJL8eVCgdz": [],
        "1JvsFFYDJaGBqRRvM4DrCPYVTezTAE5wL8": [],
        "1KWkar2BZLvMihDgoQKj44wpBiePsw6vTy": [],
        "1Ktb424EZLAhdGx2qd1gBhTFPcJt4CF2JH": [],
        "1L1PbghYW6Haxdy6esC3Z64riGpoWZ5btQ": [],
        "1Nmvg2g3Nyzhfkrsn3i6fTXjbCn5xx2ujZ": [],
        "1P1vuLoJ4ASeGd6oaeQF3zs3R1bifXJRhE": []
    },
    "addresses": {
        "change": [
            "17tUaLMRxZsb5aKbXizDRJqp88LtN7Fp87",
            "1Nmvg2g3Nyzhfkrsn3i6fTXjbCn5xx2ujZ",
            "1C8tAnrxzAbub6PVkeUMqvvC3S4PWdiJyf",
            "1CrvDz4XX8zLZUvGteXZsZ6uew1K6nVyDk",
            "18LDit6uk9wNZmBrvNxtbcUeig1GRMJwR8",
            "1EYeQqzpsb93qfqKQcGdfP3WYDnAmfKinK",
            "15JLG58ZrB7oxcHptmHjoSQDWhwJwrezRE",
            "1JQiWx18wwacPAYWL7zmr31biJL8eVCgdz",
            "18PRZJWE3heRXeHaQuoW6tAS51hh5KnSqK",
            "1Ktb424EZLAhdGx2qd1gBhTFPcJt4CF2JH"
        ],
        "receiving": [
            "17pbXNHhKMTWkMPyaZ6hYsDc2Q28XqyW1P",
            "1HsVsfAamA1dJKgfCA8CEZQPNS7EvZ9MvB",
            "1Cbvpo489bxsZeNuHxWEpgjXr1PrVv6KB",
            "13Z6GzbbYwR4ttDXaW1M5eUj6ZsEFN7DDJ",
            "14jHV6N68pvppu4qMddV1zNw2BMbr1hgki",
            "15oRxds8Q5k4Ke8MKirLGMB8XDMVNizr2u",
            "14RLSdumfbDR5AjgifEquwcAmrtoujUJYh",
            "1FgdTFbACzWQvxkUNsGGKYPS6JFYcanzAc",
            "1KWkar2BZLvMihDgoQKj44wpBiePsw6vTy",
            "1AuHP8WGdPxjGWWUi1ms2aj4PGF3uFMEuf",
            "1JvsFFYDJaGBqRRvM4DrCPYVTezTAE5wL8",
            "198LJVGCameMc6YD3FSDxP9UAPdLT1TGLJ",
            "15PF3gmfmC5n4dxsgKD31gzevuJkTpehRv",
            "19zo8pJqnp5ZupNFKTPsnoUixdDzMpZYku",
            "1P1vuLoJ4ASeGd6oaeQF3zs3R1bifXJRhE",
            "1GbzGcQQhFTLAW5ZyXagJAUyCjeWtoxF5C",
            "15gozoGw2j91zCzgsrW28U7pgYnDZ2bWFH",
            "12byLkP5xuz6Lzh5ZeoerNohJtEFRTje7N",
            "1L1PbghYW6Haxdy6esC3Z64riGpoWZ5btQ",
            "1H4qXomMUhxpwNFnhnoEwf6psYzUiY7mb2"
        ]
    },
    "fiat_value": {},
    "frozen_coins": {},
    "invoices": {},
    "keystore": {
        "derivation": "m",
        "pw_hash_version": 1,
        "root_fingerprint": "beb2b460",
        "seed": "minor zone pool admit remain combine unhappy claw medal settle grace capable",
        "seed_type": "standard",
        "type": "bip32",
        "xprv": "xprv9s21ZrQH143K35f6gmeobtcS9VjnLoVEvq44jnvu6z9FqGuMri6BVXf3Ex7xctKKWVuDVQYcoZ4cF7vVFuYEo8GgpvvWzrcXKC3KtLuKUew",
        "xpub": "xpub661MyMwAqRbcFZjZnoBoy2ZAhXaGkGD6J3yfYBLWfKgEi5EWQFQS3KyX6CBdff5WhnLonx1oyHXUUb3YAS7fuvUpSVMFCiaT6EaRWCjepWL"
    },
    "labels": {},
    "payment_requests": {},
    "prevouts_by_scripthash": {},
    "seed_version": 50,
    "spent_outpoints": {},
    "transactions": {},
    "tx_fees": {},
    "txi": {},
    "txo": {},
    "use_encryption": false,
    "verified_tx3": {},
    "wallet_type": "standard"
}