{
    "addr_history": {
        "12b349DuScGA7Y1txzvq2PDq5qfX8vKDrr": [],
        "13piVg4oo184L1tY6YkzCSUg9JaaBsebhZ": [],
        "168SrU7bM2FE8URrY1gwFkYxc5NHn1Behe": [],
        "16u9WjxAxyAp8iNkJmSxMNFoooxMu5sYa2": [],
        "17ZtHSWCddakMTZ7QumA19nX2PPYmBXPCg": [],
        "18s6eXPkrZbQUPDP8ZgnYf6XcwKnt97oxi": [],
        "18tjAMXeSnQsQLPnNW8LaXvnTxbFscHyAp": [],
        "193RLKe62CppQs7iLZVw325s6ePYtnzdSj": [],
        "19TzMSAZo5jDCxKUuiSztYDCq6tEcAT7p5": [],
        "19cb6RppVBUw934XVPDkTH2hf2g42VvQgC": [],
        "1ATzGaQ4WwxdugXUEALzyWhL9oATBW7Jqa": [],
        "1AmCm6NBnrgXqtu4qqFVL8Z3kP2TgHUaBR": [],
        "1B6XVKedifmm4gk8SkSkCikdCMjS67i2iS": [],
        "1BFnmGfFZsKumwjBm7fQRpWKDXpd2uVgSe": [],
        "1CXAyrwNwHNGvbn78KzPMDQ2tmGKtZiMd9": [],
        "1E9hGjGXUs3XHhaic5oQPt8HXw5sBUftyh": [],
        "1F7nWFBvFry2KZj87bUuU8MSEd6eCbgReE": [],
        "1FGmuwsPfnAoJu1LfX7XZMqqynNfQMb9AJ": [],
        "1J276Th9f2M5ya9AVEMF4tx3kQzmZnGZPb": [],
        "1JBQEpzY5HBHMbka4vRpNJTfCv46qj7A5c": [],
        "1JZsxZ72ydBpgAT5zQwp12NddPvzXru4Di": [],
        "1JqxU9JuA6YwoXRBfff3xbzYx8VtZQgmsz": [],
        "1JvcFvbfhFeBfQYGonrKaGUEjdWRWoHheL": [],
        "1KC72ce4MXUDKdcH3YKceLEf6KgKfU73dP": [],
        "1KMMwx84Aw7TqvqfnnNHAs4TyWFRuESABj": [],
        "1LmicsLbHm7yaVn1xerVG2zVcPZvx4QF17": [],
        "1MCH91KWf3AX35YmSaiMvT69tTH6CWYdPZ": [],
        "1NCKFHVvsE4EhThCjiQdv2FbHU2WzeuUae": [],
        "1NUCArkbbAmgqrqJBsjgyz3stPaUAQ9Eda": [],
        "1xuEavDHWLp9mBoeUUp7WSDiM3LHDzrSk": []
    },
    "addresses": {
        "change": [
            "18tjAMXeSnQsQLPnNW8LaXvnTxbFscHyAp",
            "1B6XVKedifmm4gk8SkSkCikdCMjS67i2iS",
            "1KMMwx84Aw7TqvqfnnNHAs4TyWFRuESABj",
            "1ATzGaQ4WwxdugXUEALzyWhL9oATBW7Jqa",
            "17ZtHSWCddakMTZ7QumA19nX2PPYmBXPCg",
            "1JZsxZ72ydBpgAT5zQwp12NddPvzXru4Di",
            "1F7nWFBvFry2KZj87bUuU8MSEd6eCbgReE",
            "1NCKFHVvsE4EhThCjiQdv2FbHU2WzeuUae",
            "1AmCm6NBnrgXqtu4qqFVL8Z3kP2TgHUaBR",
            "19cb6RppVBUw934XVPDkTH2hf2g42VvQgC"
        ],
        "receiving": [
            "193RLKe62CppQs7iLZVw325s6ePYtnzdSj",
            "1JvcFvbfhFeBfQYGonrKaGUEjdWRWoHheL",
            "1JqxU9JuA6YwoXRBfff3xbzYx8VtZQgmsz",
            "1J276Th9f2M5ya9AVEMF4tx3kQzmZnGZPb",
            "13piVg4oo184L1tY6YkzCSUg9JaaBsebhZ",
            "168SrU7bM2FE8URrY1gwFkYxc5NHn1Behe",
            "1CXAyrwNwHNGvbn78KzPMDQ2tmGKtZiMd9",
            "19TzMSAZo5jDCxKUuiSztYDCq6tEcAT7p5",
            "1BFnmGfFZsKumwjBm7fQRpWKDXpd2uVgSe",
            "1LmicsLbHm7yaVn1xerVG2zVcPZvx4QF17",
            "12b349DuScGA7Y1txzvq2PDq5qfX8vKDrr",
            "1KC72ce4MXUDKdcH3YKceLEf6KgKfU73dP",
            "1FGmuwsPfnAoJu1LfX7XZMqqynNfQMb9AJ",
            "18s6eXPkrZbQUPDP8ZgnYf6XcwKnt97oxi",
            "16u9WjxAxyAp8iNkJmSxMNFoooxMu5sYa2",
            "1E9hGjGXUs3XHhaic5oQPt8HXw5sBUftyh",
            "1NUCArkbbAmgqrqJBsjgyz3stPaUAQ9Eda",
            "1JBQEpzY5HBHMbka4vRpNJTfCv46qj7A5c",
            "1xuEavDHWLp9mBoeUUp7WSDiM3LHDzrSk",
            "1MCH91KWf3AX35YmSaiMvT69tTH6CWYdPZ"
        ]
    },
    "fiat_value": {},
    "frozen_coins": {},
    "invoices": {},
    "keystore": {
        "derivation": "m",
        "pw_hash_version": 1,
        "root_fingerprint": "ee07f3e3",
        "seed": "minor zone pool abuse remain combine harbor claw medal settle grace capable",
        "seed_type": "standard",
        "type": "bip32",
        "xprv": "xprv9s21ZrQH143K46EV3wZ6ZuTqg7tgQzNbYCEw6RDHA7QHLC6Z4YVWpRhGGariw9xQEagkk8EKqG1FEPyt8prUMCuLrecZSR3q8zKe77FtW5n",
        "xpub": "xpub661MyMwAqRbcGaJx9y66w3QaE9jApT6SuRAXtoctiSwGCzRhc5omNE1k7rwxRXPxvg3eX5RoctvN6TATRrEUvxjQnuiNW4FRsxpcdXVCbQ9"
    },
    "labels": {},
    "payment_requests": {},
    "prevouts_by_scripthash": {},
    "seed_version": 50,
    "spent_outpoints": {},
    "transactions": {},
    "tx_fees": {},
    "txi": {},
    "txo": {},
    "use_encryption": false,
    "verified_tx3": {},
    "wallet_type": "standard"
}