{
    "addr_history": {
        "12ArdnHjtHymaWryTXMPti8QrpdcsktQgd": [],
        "13ckcVus3uc12tA2QSzv51RzLsGKpH5Tsk": [],
        "161E68DgRiz3QsoWdXmzph2cjLGKKeNSgQ": [],
        "186jkyBX1zZu6u1RPn3iCufnWECwJsGUMe": [],
        "18DyfK7eNprwzBxYod2JSRo6jodAafoDSr": [],
        "18eFyBpYLwaEqJ32CiZzRvPYCbFzmGSUBo": [],
        "18tqZSC7CYTqCQxXhT1YL22LNbx85RjQcU": [],
        "19xhRYyhsXQKLeQF1wLZiN2RSdFG4Af1Vc": [],
        "1Bp4igSpzyQkomHLwqdDkrdf4FYGRe6ECT": [],
        "1CL2GCxpFWgRSrY3m8vfKwdsmA422prsAm": [],
        "1CPi6svZdskE9iWZDcaXqFJb7BbyV39KE": [],
        "1CnwqH8NHTaJ5YQwbM9dqKuqLbpMJtMJFP": [],
        "1DNf1hHnCV56eSqstiqQSgGbVcQ2rR1GxA": [],
        "1Dp1wAQsWwRPobuuG9BS9eFrbFZCVfuG1J": [],
        "1EMfUjtAVGgzuzoN3UZayeawPVATtGsWso": [],
        "1EpwgX6zcW5KWS8YVg2rDHN9aeAjqZA1FT": [],
        "1GMxQzPoN5JgRH8vSHWE46wJW8gX4Lfw1M": [],
        "1GmdqN4CCPTYFCFjTjnXv2fJhocuMYL7ZZ": [],
        "1H873ARXWYMy65n47oqBa4hH87RjGCg8zn": [],
        "1HBDkuqJyboPKdpSFn5WMM4zw53iFzgqwf": [],
        "1HrA3tNKcWp5RGoUCQkC5DUgzjHyU169mA": [],
        "1KFba3hGL4uxXmQtVqZmmisNqg9hci1GpL": [],
        "1KrRAxMdPoFKxDuvoxdQJUzRnywWGZoaF2": [],
        "1MUGakbt1Nd2fdNB9RfEn1umhhVD8ufyQK": [],
        "1N7XqybUS4jpmRyEckeRisyQpAtbW9b9Dc": [],
        "1N94axzri2f7AjAwJQFEwbzaWdELLMA16k": [],
        "1Ncg8s4JK3wtspR3nU5Nzn9Ch9oUdysWnf": [],
        "1PTqiwNiQ5kB29hHKHzD7LDYtgjeFYWtSr": [],
        "1VhcFS8raBLRr7GUGvQAkCK1pqM7Ao1uG": [],
        "1c1UbZjnqMKA2KjznMo4Wf8KViPTvEY7T": []
    },
    "addresses": {
        "change": [
            "1DNf1hHnCV56eSqstiqQSgGbVcQ2rR1GxA",
            "1VhcFS8raBLRr7GUGvQAkCK1pqM7Ao1uG",
            "1Bp4igSpzyQkomHLwqdDkrdf4FYGRe6ECT",
            "13ckcVus3uc12tA2QSzv51RzLsGKpH5Tsk",
            "1HBDkuqJyboPKdpSFn5WMM4zw53iFzgqwf",
            "19xhRYyhsXQKLeQF1wLZiN2RSdFG4Af1Vc",
            "1N94axzri2f7AjAwJQFEwbzaWdELLMA16k",
            "1KFba3hGL4uxXmQtVqZmmisNqg9hci1GpL",
            "1CPi6svZdskE9iWZDcaXqFJb7BbyV39KE",
            "1Dp1wAQsWwRPobuuG9BS9eFrbFZCVfuG1J"
        ],
        "receiving": [
            "1MUGakbt1Nd2fdNB9RfEn1umhhVD8ufyQK",
            "1c1UbZjnqMKA2KjznMo4Wf8KViPTvEY7T",
            "161E68DgRiz3QsoWdXmzph2cjLGKKeNSgQ",
            "186jkyBX1zZu6u1RPn3iCufnWECwJsGUMe",
            "12ArdnHjtHymaWryTXMPti8QrpdcsktQgd",
            "18DyfK7eNprwzBxYod2JSRo6jodAafoDSr",
            "1PTqiwNiQ5kB29hHKHzD7LDYtgjeFYWtSr",
            "18eFyBpYLwaEqJ32CiZzRvPYCbFzmGSUBo",
            "1CnwqH8NHTaJ5YQwbM9dqKuqLbpMJtMJFP",
            "1GmdqN4CCPTYFCFjTjnXv2fJhocuMYL7ZZ",
            "1N7XqybUS4jpmRyEckeRisyQpAtbW9b9Dc",
            "18tqZSC7CYTqCQxXhT1YL22LNbx85RjQcU",
            "1KrRAxMdPoFKxDuvoxdQJUzRnywWGZoaF2",
            "1H873ARXWYMy65n47oqBa4hH87RjGCg8zn",
            "1CL2GCxpFWgRSrY3m8vfKwdsmA422prsAm",
            "1Ncg8s4JK3wtspR3nU5Nzn9Ch9oUdysWnf",
            "1HrA3tNKcWp5RGoUCQkC5DUgzjHyU169mA",
            "1EMfUjtAVGgzuzoN3UZayeawPVATtGsWso",
            "1EpwgX6zcW5KWS8YVg2rDHN9aeAjqZA1FT",
            "1GMxQzPoN5JgRH8vSHWE46wJW8gX4Lfw1M"
        ]
    },
    "fiat_value": {},
    "frozen_coins": {},
    "invoices": {},
    "keystore": {
        "derivation": "m",
        "pw_hash_version": 1,
        "root_fingerprint": "2c0970eb",
        "seed": "minor zone pool admit remain combine next claw medal settle grace capable",
        "seed_type": "standard",
        "type": "bip32",
        "xprv": "xprv9s21ZrQH143K2ByFMux9UkWqUvyo9J3LyrX1FqrLW8mV6p4jPyucQ9YRj4Bv5wABtY5pAHPsKSDDrFp1CsSsp3g8wgXvSF7HkkxYL1TeifA",
        "xpub": "xpub661MyMwAqRbcEg3iTwV9qtTa2xpHYkmCM5Sc4EFx4UJTycPswXDrwwruaKDqwhcq9M98tUpt9w3VAVXQ9k5fmnzTjvSdNKfeKx8ZHYpTpye"
    },
    "labels": {},
    "payment_requests": {},
    "prevouts_by_scripthash": {},
    "seed_version": 50,
    "spent_outpoints": {},
    "transactions": {},
    "tx_fees": {},
    "txi": {},
    "txo": {},
    "use_encryption": false,
    "verified_tx3": {},
    "wallet_type": "standard"
}