{
    "addr_history": {
        "12kkxVgkhUWinkVyFU1HyKUePS5kHz8UNb": [],
        "1419oCGX7snKXYkRfYfjauERKd8QrXRmz3": [],
        "147GETMSg8iPsoPutV8SywUr7DeYquF9Df": [],
        "14nq9QQ4sZhb5Hn3UswpmDZsqzYmWLRFJt": [],
        "15idebC5zTyqb9G9BjgwhXzZUEsgF1P3y2": [],
        "15k8RyzZd2N5FS7mca5dGpLg5Um7A9cvzc": [],
        "16QDv9iiZ5upimgRYa9TXywaYjk5T7Tptc": [],
        "16ry6NwCNcvgzQpu24KGJQTz4AFJm1ntxM": [],
        "184yt83GZ5QtM2z8QhRLaXM9qp67w9RNH6": [],
        "18A8Sk4tmANu878B2VBkz2bPa9NTzKWhk1": [],
        "18NCv1iftsbgrQbZXukH9hZC2VZ8W71nDp": [],
        "19QJw3oyaHiHSMeY4y4w7YB5NR2ijz5KdE": [],
        "1ACT3YtiFQhke92bVbt9jHq7a42ZG68hNt": [],
        "1B9J9qSQmuaHGDeRTkLciBtShAFMMg3oFb": [],
        "1CdpBTuhbHPTR1aExaDe4TjJ9kgJTd4Z3o": [],
        "1CerJF1XrkYqkBssR6V3Nk3EtQqGKUjZnt": [],
        "1D35vw5AT49ofCNs2B4dS5SNimmxbiYhyq": [],
        "1DB2DyDwDkC1GZRMdXBv69mbx7Dm546GJw": [],
        "1DnmuZJTUSYKjwf3VSi7Q2CCyNdrsQ5Ucd": [],
        "1DpHaqBWSTBTP6xYS1JiRJ7DjShwqZer25": [],
        "1DxXGeYouPGKquK4BYe7AgDZ16uNj4udD": [],
        "1Eb3bvDfh7Le7uAmdtZffUzGJx8p94j1Ng": [],
        "1GfNogG59tZHAvXGdthfGMUh664JpsmLhD": [],
        "1H82egnJiduRL3BxxQgb3RqGiagxQzbWFB": [],
        "1HsJkT6MEqWNSVoCXmSdkSfHRrX1cyazkB": [],
        "1Hu8z6k4tHjEr3A8FApsMBrwQKtWMshyp7": [],
        "1JUpmytjfG6qBki7WGvHvjqdxe5YhWYhM3": [],
        "1MT35SQLnJ3po9Aip6MEVuHouqkKQKyumx": [],
        "1PrfJGjsGvUPYLs7GQHxS4FzF5JuhtaVNB": [],
        "1Q6QgN2Wjrc3CrWhMb1JtpEa7dDxGDsbwc": []
    },
    "addresses": {
        "change": [
            "1PrfJGjsGvUPYLs7GQHxS4FzF5JuhtaVNB",
            "1CdpBTuhbHPTR1aExaDe4TjJ9kgJTd4Z3o",
            "1B9J9qSQmuaHGDeRTkLciBtShAFMMg3oFb",
            "147GETMSg8iPsoPutV8SywUr7DeYquF9Df",
            "18NCv1iftsbgrQbZXukH9hZC2VZ8W71nDp",
            "1DnmuZJTUSYKjwf3VSi7Q2CCyNdrsQ5Ucd",
            "19QJw3oyaHiHSMeY4y4w7YB5NR2ijz5KdE",
            "16QDv9iiZ5upimgRYa9TXywaYjk5T7Tptc",
            "1419oCGX7snKXYkRfYfjauERKd8QrXRmz3",
            "1Q6QgN2Wjrc3CrWhMb1JtpEa7dDxGDsbwc"
        ],
        "receiving": [
            "18A8Sk4tmANu878B2VBkz2bPa9NTzKWhk1",
            "1Hu8z6k4tHjEr3A8FApsMBrwQKtWMshyp7",
            "1DB2DyDwDkC1GZRMdXBv69mbx7Dm546GJw",
            "1Eb3bvDfh7Le7uAmdtZffUzGJx8p94j1Ng",
            "1DxXGeYouPGKquK4BYe7AgDZ16uNj4udD",
            "1GfNogG59tZHAvXGdthfGMUh664JpsmLhD",
            "1HsJkT6MEqWNSVoCXmSdkSfHRrX1cyazkB",
            "1ACT3YtiFQhke92bVbt9jHq7a42ZG68hNt",
            "1JUpmytjfG6qBki7WGvHvjqdxe5YhWYhM3",
            "1D35vw5AT49ofCNs2B4dS5SNimmxbiYhyq",
            "1MT35SQLnJ3po9Aip6MEVuHouqkKQKyumx",
            "1CerJF1XrkYqkBssR6V3Nk3EtQqGKUjZnt",
            "12kkxVgkhUWinkVyFU1HyKUePS5kHz8UNb",
            "14nq9QQ4sZhb5Hn3UswpmDZsqzYmWLRFJt",
            "16ry6NwCNcvgzQpu24KGJQTz4AFJm1ntxM",
            "1H82egnJiduRL3BxxQgb3RqGiagxQzbWFB",
            "15k8RyzZd2N5FS7mca5dGpLg5Um7A9cvzc",
            "184yt83GZ5QtM2z8QhRLaXM9qp67w9RNH6",
            "1DpHaqBWSTBTP6xYS1JiRJ7DjShwqZer25",
            "15idebC5zTyqb9G9BjgwhXzZUEsgF1P3y2"
        ]
    },
    "fiat_value": {},
    "frozen_coins": {},
    "invoices": {},
    "keystore": {
        "derivation": "m",
        "pw_hash_version": 1,
        "root_fingerprint": "9241e054",
        "seed": "minor zone pool amazing remain combine good claw medal settle grace capable",
        "seed_type": "standard",
        "type": "bip32",
        "xprv": "xprv9s21ZrQH143K366SYmVRWa7ggwBbWjXKj1aA2uJHtniGSS2gTDPMiotjrZCzXfY13hX6eP2LyR4tUK7GxUSdydnE6jcmf2NAy8GJ83fkLNu",
        "xpub": "xpub661MyMwAqRbcFaAueo2Rsi4REy25vCFB6EVkqHhuT8FFKEMpzkhcGcDDhpgeQq3rBhLMm6xYKAAvnAjBnniJag2zabJWRouKPehZJBEDdrn"
    },
    "labels": {},
    "payment_requests": {},
    "prevouts_by_scripthash": {},
    "seed_version": 50,
    "spent_outpoints": {},
    "transactions": {},
    "tx_fees": {},
    "txi": {},
    "txo": {},
    "use_encryption": false,
    "verified_tx3": {},
    "wallet_type": "standard"
}