{
    "addr_history": {
        "12NtfvNN48cGXUU6L2QK698UHCK2JA6WG8": [],
        "13HVY37XAy48RjDmLMAbNqFB9VGp9vwfrw": [],
        "1412rvKb2CkDG3htrkurD61ZYPkiTvYyfw": [],
        "14WaJeRB58urpNsnrNophZUHgkg1qGojty": [],
        "15MvHpkTFgeR1567kzZARubnvTTdM8wej2": [],
        "15qyC3sfcDNQ3inQJCtZQ2ioJdcisXzMwH": [],
        "1685LjL6yP1Lvqj4kGToJ9CBkgfs52ctkR": [],
        "16SZK1WnBa9GUKq5o4fkGWdqmnKzEevyG8": [],
        "16efrssejQWYe6YijYBmH4notmtr5r5ZEu": [],
        "17d2CuaWDxeajGtYhutJTcS6ty6ydtoExV": [],
        "17nKx3GEjr9Hrqa2Mo8HJqdHgcjXgvmsfF": [],
        "18MemDMpJGna4Cx2Y4xQQLs2z9PerJMmPv": [],
        "19C1dMtiSCu3BF6sLdg1SjVRZbFiRYyfUG": [],
        "19pGbPPmgrmKs3Sw77nVmyYrs3Absim5F8": [],
        "19zbBQJD5VtuqdkzZK29aPoRAd5KfUTnSm": [],
        "1AAZbYAjcJFp3cpYdcjUxeK9eUUyHGuzvs": [],
        "1ATaDZvYGoNr7yyvm6m6YLfXwWVcHCUB9C": [],
        "1AfsgWfJgMYr7qTvdpqPETHUhPintGiNpx": [],
        "1BusoUYDSdwEQi8nrYoowmKVdyxWxJ8PLY": [],
        "1Ciw3tP52eD3DFW5KdbEBNgLV23mSmooBR": [],
        "1DRbYcFrVNVDG1KEfdXmuNP4vb37iRh2RS": [],
        "1Erd9wu7zG1HkxuSEuYkgQVcv19CLHXiTs": [],
        "1F9bV3Yk6ggEow381huTTfEv28yVDc4Yuj": [],
        "1Fb9jWUMtDcRHM7NTcnrH1ughuwadPheoT": [],
        "1JLSdgzdVRzWe5kGJj5CG9nH5TMmFQvoEM": [],
        "1JpjHboevuiVWCeffb2gugxMe7PeHRvE13": [],
        "1MW6E1TuJGvT3wT22CCZCk9664sWWhBhNP": [],
        "1PVXPvHJaigvQ2du8yr9NYtsDamu4aP1ws": [],
        "1VAnq4TLXcPdPnJH9odset1m9JCrGFuiQ": [],
        "1wi25Z9umkcVgb65RPU6ue8rrt2EnuHPf": []
    },
    "addresses": {
        "change": [
            "12NtfvNN48cGXUU6L2QK698UHCK2JA6WG8",
            "1MW6E1TuJGvT3wT22CCZCk9664sWWhBhNP",
            "1AAZbYAjcJFp3cpYdcjUxeK9eUUyHGuzvs",
            "16efrssejQWYe6YijYBmH4notmtr5r5ZEu",
            "14WaJeRB58urpNsnrNophZUHgkg1qGojty",
            "17d2CuaWDxeajGtYhutJTcS6ty6ydtoExV",
            "1412rvKb2CkDG3htrkurD61ZYPkiTvYyfw",
            "1AfsgWfJgMYr7qTvdpqPETHUhPintGiNpx",
            "1JpjHboevuiVWCeffb2gugxMe7PeHRvE13",
            "1F9bV3Yk6ggEow381huTTfEv28yVDc4Yuj"
        ],
        "receiving": [
            "18MemDMpJGna4Cx2Y4xQQLs2z9PerJMmPv",
            "19zbBQJD5VtuqdkzZK29aPoRAd5KfUTnSm",
            "13HVY37XAy48RjDmLMAbNqFB9VGp9vwfrw",
            "1BusoUYDSdwEQi8nrYoowmKVdyxWxJ8PLY",
            "1685LjL6yP1Lvqj4kGToJ9CBkgfs52ctkR",
            "1Erd9wu7zG1HkxuSEuYkgQVcv19CLHXiTs",
            "1Ciw3tP52eD3DFW5KdbEBNgLV23mSmooBR",
            "1PVXPvHJaigvQ2du8yr9NYtsDamu4aP1ws",
            "16SZK1WnBa9GUKq5o4fkGWdqmnKzEevyG8",
            "1JLSdgzdVRzWe5kGJj5CG9nH5TMmFQvoEM",
            "17nKx3GEjr9Hrqa2Mo8HJqdHgcjXgvmsfF",
            "15qyC3sfcDNQ3inQJCtZQ2ioJdcisXzMwH",
            "1wi25Z9umkcVgb65RPU6ue8rrt2EnuHPf",
            "1Fb9jWUMtDcRHM7NTcnrH1ughuwadPheoT",
            "15MvHpkTFgeR1567kzZARubnvTTdM8wej2",
            "19pGbPPmgrmKs3Sw77nVmyYrs3Absim5F8",
            "1ATaDZvYGoNr7yyvm6m6YLfXwWVcHCUB9C",
            "1VAnq4TLXcPdPnJH9odset1m9JCrGFuiQ",
            "1DRbYcFrVNVDG1KEfdXmuNP4vb37iRh2RS",
            "19C1dMtiSCu3BF6sLdg1SjVRZbFiRYyfUG"
        ]
    },
    "fiat_value": {},
    "frozen_coins": {},
    "invoices": {},
    "keystore": {
        "derivation": "m",
        "pw_hash_version": 1,
        "root_fingerprint": "f6142acd",
        "seed": "minor zone pool atom remain combine light claw medal settle grace capable",
        "seed_type": "standard",
        "type": "bip32",
        "xprv": "xprv9s21ZrQH143K2kmfRX2tQ9Swp79BfkrZ3yfmuEXbRnqdSaKgqrfN2xdWGtKt7YCsrrZESNsehAWqESeoV28AZQMbfUzFGjmpiQHXzQYHdMU",
        "xpub": "xpub661MyMwAqRbcFEr8XYZtmHPgN8yg5DaQRCbNhcwCz8NcKNeqPPycakwz8ANN5nCjjvhKthvjUXnZfcmQupiU2oFwfgj14Nsp7AFDasprWEJ"
    },
    "labels": {},
    "payment_requests": {},
    "prevouts_by_scripthash": {},
    "seed_version": 50,
    "spent_outpoints": {},
    "transactions": {},
    "tx_fees": {},
    "txi": {},
    "txo": {},
    "use_encryption": false,
    "verified_tx3": {},
    "wallet_type": "standard"
}