{
    "addr_history": {
        "12qmoejeGtEyA9GE2y9yzZEjLw5SYQCUwt": [],
        "13gNgdVt12rBn8N92DVHmznUMyvVZ41x6j": [],
        "14JQi8P1uWSgTEdAsjLAaTFnyhwDuHz7iz": [],
        "14wEgBiTbS1F9pdZbk2ECwKH72JtfrSBhw": [],
        "15NmpNzWeiiioM6uVUW8L6BvSgdVuaifRt": [],
        "15Zik4g8iPNdjg9TYB5DXB7jHQVYVsSifw": [],
        "15rWrLDdgNxyrUL9AzpCQjeGhoo1myri26": [],
        "16RS8SpyM9FBJMwsAcMb1NHetZQDGWQMUv": [],
        "1716ZnYPvoszuF4FEpvEQViJvjWbgqarJB": [],
        "17B8yseoFNZEfFxeTf9FboB8e4oxh8RHsz": [],
        "185LpQuA2RxzL8zzfCcdKtkuVGMihPhHmu": [],
        "188BsKadwQPZvgtP9R3HJk2QhDCotm9XzS": [],
        "192mr2JLdWepF4GH8pLh1o3GV6rpBdBQMA": [],
        "19SNa8aGkUSsdVUi11vouvb1A3LVsvJpA5": [],
        "19vqjnwEpHViLuGThm366s39sHZUEhUB2j": [],
        "1AWm4tcPZBWCbKcSUP67P7JNv9KJ4vE938": [],
        "1AwAf3KcfHQwQc62Br9rpGjPGKwgas8DDg": [],
        "1CVP9Wihs95HDwsaLkfSLmxwSo5ELvK79y": [],
        "1DkH543AZSHKBjFCUdSUkXEiYmECQ9rdUS": [],
        "1EkQ788zVzPEbKidg5s9ikLX92kzMmouRK": [],
        "1FM1LpNujoaJshJJ5QLw1pZGZRPdk1haTV": [],
        "1FQYQhoAgGQas5E5ixkR5rBdXNtH3NbVRp": [],
        "1Jdv9su4s2QjcAQWauo6jiaLuKGp5C87mY": [],
        "1KFMeDyv8ZJSS79i4r1XdoVzaSLUR5dCQ3": [],
        "1KZMPj7SBXgstEeJm9p1ATK54bngJftgWX": [],
        "1Km1YNkt5VCq1LrcBHi45NsLbz58e4cNzD": [],
        "1LHvkQoTxoM21G4rPecpN7svBVd8R9Z9y6": [],
        "1LMePJsZk6Fv4Aw5wznUQAW9VPrAxKqWAC": [],
        "1MxEoZzbtQ8RsmkU6HkGxUEm4n2KijQgkk": [],
        "1bPJRXpX6uneqVL1rLEswvGqT85jV3tXo": []
    },
    "addresses": {
        "change": [
            "14wEgBiTbS1F9pdZbk2ECwKH72JtfrSBhw",
            "14JQi8P1uWSgTEdAsjLAaTFnyhwDuHz7iz",
            "1Jdv9su4s2QjcAQWauo6jiaLuKGp5C87mY",
            "16RS8SpyM9FBJMwsAcMb1NHetZQDGWQMUv",
            "192mr2JLdWepF4GH8pLh1o3GV6rpBdBQMA",
            "17B8yseoFNZEfFxeTf9FboB8e4oxh8RHsz",
            "1AWm4tcPZBWCbKcSUP67P7JNv9KJ4vE938",
            "1FM1LpNujoaJshJJ5QLw1pZGZRPdk1haTV",
            "1KFMeDyv8ZJSS79i4r1XdoVzaSLUR5dCQ3",
            "1FQYQhoAgGQas5E5ixkR5rBdXNtH3NbVRp"
        ],
        "receiving": [
            "188BsKadwQPZvgtP9R3HJk2QhDCotm9XzS",
            "1Km1YNkt5VCq1LrcBHi45NsLbz58e4cNzD",
            "185LpQuA2RxzL8zzfCcdKtkuVGMihPhHmu",
            "1716ZnYPvoszuF4FEpvEQViJvjWbgqarJB",
            "1LMePJsZk6Fv4Aw5wznUQAW9VPrAxKqWAC",
            "12qmoejeGtEyA9GE2y9yzZEjLw5SYQCUwt",
            "19vqjnwEpHViLuGThm366s39sHZUEhUB2j",
            "19SNa8aGkUSsdVUi11vouvb1A3LVsvJpA5",
            "1bPJRXpX6uneqVL1rLEswvGqT85jV3tXo",
            "15Zik4g8iPNdjg9TYB5DXB7jHQVYVsSifw",
            "1EkQ788zVzPEbKidg5s9ikLX92kzMmouRK",
            "15NmpNzWeiiioM6uVUW8L6BvSgdVuaifRt",
            "1MxEoZzbtQ8RsmkU6HkGxUEm4n2KijQgkk",
            "1CVP9Wihs95HDwsaLkfSLmxwSo5ELvK79y",
            "1KZMPj7SBXgstEeJm9p1ATK54bngJftgWX",
            "15rWrLDdgNxyrUL9AzpCQjeGhoo1myri26",
            "13gNgdVt12rBn8N92DVHmznUMyvVZ41x6j",
            "1LHvkQoTxoM21G4rPecpN7svBVd8R9Z9y6",
            "1DkH543AZSHKBjFCUdSUkXEiYmECQ9rdUS",
            "1AwAf3KcfHQwQc62Br9rpGjPGKwgas8DDg"
        ]
    },
    "fiat_value": {},
    "frozen_coins": {},
    "invoices": {},
    "keystore": {
        "derivation": "m",
        "pw_hash_version": 1,
        "root_fingerprint": "6c51817a",
        "seed": "minor zone pool arch remain combine shell claw medal settle grace capable",
        "seed_type": "standard",
        "type": "bip32",
        "xprv": "xprv9s21ZrQH143K4A8L8HHYLtBcUqTQ7Sy6tEDwBoTUvCUFp3tjpqfLf2Z82yEYpdBvuPPEDG9R8zexUVzhbzgzaJqtt6BFfUVvQKFtVYRaQ9S",
        "xpub": "xpub661MyMwAqRbcGeCoEJpYi28M2sHtWugxFT9XzBs6UY1EgrDtNNybCpsbtFXNzPTqmEsvRu23c4WdgoWoMHqSz2vMen7cXYkrTeGEE2gShub"
    },
    "labels": {},
    "payment_requests": {},
    "prevouts_by_scripthash": {},
    "seed_version": 50,
    "spent_outpoints": {},
    "transactions": {},
    "tx_fees": {},
    "txi": {},
    "txo": {},
    "use_encryption": false,
    "verified_tx3": {},
    "wallet_type": "standard"
}