{
    "addr_history": {
        "131GFU8QxYdkvyzH6fCZiqCJswXop49Nri": [],
        "13oXc5d5mGxMvQkdFeSkLqAdKJShjrKw8x": [],
        "14kwj4S2RGck87eCAG2H2Ehdpn4skT322o": [],
        "15XPUdyk8Pn3cwX2XfKjSDhmctUKzpPS1i": [],
        "16G4FhFHkZSgwNrsPrjBxqHwmsQwTU6ZaE": [],
        "16jV4mC6cmNJpFdz3a1T8fhNcFCLUDtfBw": [],
        "16t11vDL3vV1zEWvcj2MFcifKwRMoa6ybN": [],
        "17amLKL59KXYh7Lc31Lc1gDyhmVtoEQELD": [],
        "17atxs5jCJ4yvKYGKFrvRcFgHYDZt3fikS": [],
        "18PxxpRzYXYEbKs18c41YRZL5LzuBRKUxz": [],
        "19e8VtjaooxL4YhtiSoyEKh6vR19Q4Nyde": [],
        "1AKetxK8fWU5AL3HEuzUu6kSrm8Y15VxdS": [],
        "1AeAV51HCkX12SRTyNamubPGDqBjkR5N7e": [],
        "1AoWxAL5zjEtR7kgym2Gr9hKP8Q1uwxWtG": [],
        "1BrmJMtFuoeCukZoW6PdsbNgBhQhsX89XL": [],
        "1DQET9UF7Ja52CdKLwqcUG4HggF5hPk1yq": [],
        "1DW1gTZDq9VWtLueiSnV5PUnJY6CSnS5h": [],
        "1E2BEQrvshmb2FVR9P4xJqFaQg8hywWEMU": [],
        "1ERXEoG4PjAd55ex8969eHcwTfx3cd6pdT": [],
        "1GKL187u1Sjzt2DoDZmGDFAUH7RWHviYP3": [],
        "1GPCGzGZ8za3Kn5QqM948gLvvMLjknHD7j": [],
        "1HeDtbB8m6wcdwihrbDDvRYonSxEA9KB9m": [],
        "1JTEmfmmSoFQWi72axGAZ8keXv8SphZ9LC": [],
        "1KJZCkeJkVpgZMQDpakKXX82BWmrBJgdS1": [],
        "1Mg3dthv6HF8P2iVfaMoFswMKijaYoX6ry": [],
        "1MyXSbZWn2CHWBsZ1FX6qvCvJBP5cjZRSV": [],
        "1N6FB6s3rj6RNRR72ngU7xfhiDURqQnbUe": [],
        "1NwxtxBuziQqmv43ekpMLJccaFoZHMEh6q": [],
        "1P8md9sK5opN958ocoiGWC68nU1nYzKrbV": [],
        "1kxnhaFjYZcaFJq21CL4GbmDKbFpw6KA5": []
    },
    "addresses": {
        "change": [
            "18PxxpRzYXYEbKs18c41YRZL5LzuBRKUxz",
            "1N6FB6s3rj6RNRR72ngU7xfhiDURqQnbUe",
            "1ERXEoG4PjAd55ex8969eHcwTfx3cd6pdT",
            "1GKL187u1Sjzt2DoDZmGDFAUH7RWHviYP3",
            "13oXc5d5mGxMvQkdFeSkLqAdKJShjrKw8x",
            "1AeAV51HCkX12SRTyNamubPGDqBjkR5N7e",
            "17atxs5jCJ4yvKYGKFrvRcFgHYDZt3fikS",
            "1KJZCkeJkVpgZMQDpakKXX82BWmrBJgdS1",
            "1MyXSbZWn2CHWBsZ1FX6qvCvJBP5cjZRSV",
            "15XPUdyk8Pn3cwX2XfKjSDhmctUKzpPS1i"
        ],
        "receiving": [
            "1E2BEQrvshmb2FVR9P4xJqFaQg8hywWEMU",
            "1GPCGzGZ8za3Kn5QqM948gLvvMLjknHD7j",
            "1NwxtxBuziQqmv43ekpMLJccaFoZHMEh6q",
            "16jV4mC6cmNJpFdz3a1T8fhNcFCLUDtfBw",
            "1AKetxK8fWU5AL3HEuzUu6kSrm8Y15VxdS",
            "1AoWxAL5zjEtR7kgym2Gr9hKP8Q1uwxWtG",
            "16G4FhFHkZSgwNrsPrjBxqHwmsQwTU6ZaE",
            "1DQET9UF7Ja52CdKLwqcUG4HggF5hPk1yq",
            "17amLKL59KXYh7Lc31Lc1gDyhmVtoEQELD",
            "1kxnhaFjYZcaFJq21CL4GbmDKbFpw6KA5",
            "19e8VtjaooxL4YhtiSoyEKh6vR19Q4Nyde",
            "1JTEmfmmSoFQWi72axGAZ8keXv8SphZ9LC",
            "1HeDtbB8m6wcdwihrbDDvRYonSxEA9KB9m",
            "1BrmJMtFuoeCukZoW6PdsbNgBhQhsX89XL",
            "1Mg3dthv6HF8P2iVfaMoFswMKijaYoX6ry",
            "16t11vDL3vV1zEWvcj2MFcifKwRMoa6ybN",
            "131GFU8QxYdkvyzH6fCZiqCJswXop49Nri",
            "1P8md9sK5opN958ocoiGWC68nU1nYzKrbV",
            "1DW1gTZDq9VWtLueiSnV5PUnJY6CSnS5h",
            "14kwj4S2RGck87eCAG2H2Ehdpn4skT322o"
        ]
    },
    "fiat_value": {},
    "frozen_coins": {},
    "invoices": {},
    "keystore": {
        "derivation": "m",
        "pw_hash_version": 1,
        "root_fingerprint": "df66c92b",
        "seed": "minor zone pool appear remain combine husband claw medal settle grace capable",
        "seed_type": "standard",
        "type": "bip32",
        "xprv": "xprv9s21ZrQH143K37pWTLdgD8xKwYRofUd5a5btvwLpZvR7A4NyMevfVVcjAzn8TZMDBqAXQyahxj8wR3wzexAz3JC4dajamZARZJv6HsGZNis",
        "xpub": "xpub661MyMwAqRbcFbtyZNAgaGu4VaGJ4wLvwJXVjKkS8Fx62ri7uCEv3HwD2GURLBuxhkm2SbRmj8KLSgJc23vD34ca5sSXFZuBsEvYJmJoLVr"
    },
    "labels": {},
    "payment_requests": {},
    "prevouts_by_scripthash": {},
    "seed_version": 50,
    "spent_outpoints": {},
    "transactions": {},
    "tx_fees": {},
    "txi": {},
    "txo": {},
    "use_encryption": false,
    "verified_tx3": {},
    "wallet_type": "standard"
}