{
    "addr_history": {
        "bc1q0d09ypuwdz0wfgr2xch2xx6pqpwemm7algm2j6": [],
        "bc1q2rqe062e6jz3v2fl5q9lunnvn4r3lq0ukjzhxa": [],
        "bc1q3dszhf9e8dkaf8zmmymykeljd4dz6lxa8cuea9": [],
        "bc1q4f8ft3ydxhc0wfgl28r4su7s5zyqml2j9ah60u": [],
        "bc1q67cqrendhq7qgus0uwjpwmjvc0kqse9px03dna": [],
        "bc1q7tl63e6zfpchmncpzah92spcvx645kyj4pyt7n": [],
        "bc1q8kv006u0tv3yl85rt3fd2ljrj4helguup5g753": [],
        "bc1q9kd5qv0mdvf7frdpae8tmlfqemlf9mqu4zc6dc": [],
        "bc1q9m3qezjlnwmz373e39xvh9qte4fjxcv7dk3fez": [],
        "bc1qa9ac48rfcfxf9sszmq6rlpaq4fex00ha2ql2xt": [],
        "bc1qcuekxj0c7gydhutddghj3txwayhe6dehfwm5e8": [],
        "bc1qe397l99m49my99awmcm8kmh7chpzljpexqt0ae": [],
        "bc1qe8y2rzt88q4vn8e0tchq7zmcj0rk0aucws4yxv": [],
        "bc1qej3cctk8l05cywwfj98ls6y0qj93g6lgcl427n": [],
        "bc1qh62002lkvadue3875q6hv2hfx6pvchxq294vks": [],
        "bc1qj3usljvcy4ru8v7fe02w7k24a6zmvtk2hl3ehj": [],
        "bc1qjlkhz0epx086jd5fyhk4c7szreps8rvp42cy5v": [],
        "bc1qlz6cd2k0tu79xxwmz8xv0dljelpykdts38rddr": [],
        "bc1qpcrrkjmvwdakvq60ey43kxnglu6rr7vppk3mqx": [],
        "bc1qpfgy43pggsgyfkpt89emgw6582zw274sx97m3t": [],
        "bc1qpn34xp7z8jsmt58s3wj6g6tssycml2ur9vag0y": [],
        "bc1qpuswx85lve773g9y0npylmmrta53v8z62u6zzu": [],
        "bc1qrechw8zecqssfntsrxw9wv2yl844hh2zwvymeg": [],
        "bc1qrgfymwm64xaagg0w5awjvnlayutfm838k46k3j": [],
        "bc1qrwateh3pgxnyy33sazt9uz884zadpnmfj63tvm": [],
        "bc1qvmsmmp20dqvfzsf2ps22ptak2whgdsz2f2666k": [],
        "bc1qw5j5sgt7zyq2qze774wr2dlsqse288zka934wq": [],
        "bc1qwcpm7jnkg8fpgxy80r8exklgzcwj73wu9mknpl": [],
        "bc1qwwvhcczvryljkwmngqjnq5hj427kmzgtnm4ve7": [],
        "bc1qxap2fz9p48d0av29e5rjgdragmr3uu85g57pqp": []
    },
    "addresses": {
        "change": [
            "bc1qa9ac48rfcfxf9sszmq6rlpaq4fex00ha2ql2xt",
            "bc1qej3cctk8l05cywwfj98ls6y0qj93g6lgcl427n",
            "bc1qlz6cd2k0tu79xxwmz8xv0dljelpykdts38rddr",
            "bc1qh62002lkvadue3875q6hv2hfx6pvchxq294vks",
            "bc1qrechw8zecqssfntsrxw9wv2yl844hh2zwvymeg",
            "bc1q9m3qezjlnwmz373e39xvh9qte4fjxcv7dk3fez",
            "bc1qpn34xp7z8jsmt58s3wj6g6tssycml2ur9vag0y",
            "bc1qj3usljvcy4ru8v7fe02w7k24a6zmvtk2hl3ehj",
            "bc1q0d09ypuwdz0wfgr2xch2xx6pqpwemm7algm2j6",
            "bc1qe8y2rzt88q4vn8e0tchq7zmcj0rk0aucws4yxv"
        ],
        "receiving": [
            "bc1q2rqe062e6jz3v2fl5q9lunnvn4r3lq0ukjzhxa",
            "bc1qwcpm7jnkg8fpgxy80r8exklgzcwj73wu9mknpl",
            "bc1q3dszhf9e8dkaf8zmmymykeljd4dz6lxa8cuea9",
            "bc1q8kv006u0tv3yl85rt3fd2ljrj4helguup5g753",
            "bc1qrwateh3pgxnyy33sazt9uz884zadpnmfj63tvm",
            "bc1q7tl63e6zfpchmncpzah92spcvx645kyj4pyt7n",
            "bc1qcuekxj0c7gydhutddghj3txwayhe6dehfwm5e8",
            "bc1q67cqrendhq7qgus0uwjpwmjvc0kqse9px03dna",
            "bc1q9kd5qv0mdvf7frdpae8tmlfqemlf9mqu4zc6dc",
            "bc1qvmsmmp20dqvfzsf2ps22ptak2whgdsz2f2666k",
            "bc1qpuswx85lve773g9y0npylmmrta53v8z62u6zzu",
            "bc1qrgfymwm64xaagg0w5awjvnlayutfm838k46k3j",
            "bc1qjlkhz0epx086jd5fyhk4c7szreps8rvp42cy5v",
            "bc1q4f8ft3ydxhc0wfgl28r4su7s5zyqml2j9ah60u",
            "bc1qpcrrkjmvwdakvq60ey43kxnglu6rr7vppk3mqx",
            "bc1qpfgy43pggsgyfkpt89emgw6582zw274sx97m3t",
            "bc1qwwvhcczvryljkwmngqjnq5hj427kmzgtnm4ve7",
            "bc1qe397l99m49my99awmcm8kmh7chpzljpexqt0ae",
            "bc1qxap2fz9p48d0av29e5rjgdragmr3uu85g57pqp",
            "bc1qw5j5sgt7zyq2qze774wr2dlsqse288zka934wq"
        ]
    },
    "channels": {},
    "fiat_value": {},
    "frozen_coins": {},
    "imported_channel_backups": {},
    "invoices": {},
    "keystore": {
        "derivation": "m/0'",
        "pw_hash_version": 1,
        "root_fingerprint": "bba489e2",
        "seed": "minor zone pool absurd remain combine clever claw medal settle grace capable",
        "seed_type": "segwit",
        "type": "bip32",
        "xprv": "zprvAZwfh1XKJhfoWwXCxBwQQA1ubZohXPvKpCTGTL5bdiDw29383LXttqsMTE1ezqgBS4mbw4SRqZLEp8L9CDh5znzDSmm7UMrUN7WFEpu3zpP",
        "xpub": "zpub6nw26X4D95E6jRbg4DUQmHxe9beBvreBBRNsFiVDC3kutwNGasr9SeBqJW19xFwVbNLCvJeBqzXhhwqffso7Zm2NSbWV7ZHnGqYEyiKoxxq"
    },
    "labels": {},
    "lightning_payments": {},
    "lightning_preimages": {},
    "lightning_xprv": "zprvAcFo8BMCMHY1e2un1WjTymkzxXjgsgKvCst2tTUdvixy5K2HGPh8sAHWg8b5HffiyKW352879Uu9d1nQv6k2aj7zg2YmgRSACEZ8JWJh8nD",
    "onchain_channel_backups": {},
    "payment_requests": {},
    "prevouts_by_scripthash": {},
    "seed_version": 50,
    "spent_outpoints": {},
    "submarine_swaps": {},
    "transactions": {},
    "tx_fees": {},
    "txi": {},
    "txo": {},
    "use_encryption": false,
    "verified_tx3": {},
    "wallet_type": "standard"
}