{
    "addr_history": {
        "12ToM5rsnR8xkh3zT5tsgQWdHwfnxjiT4h": [],
        "12w3nPdUuGqmKWkQrKx5p2L9HvpidAQyqw": [],
        "132qJndsYYzYT4j8MykMnAwFNeNiABQnnt": [],
        "13FdV5Y7qDwpVHh9nxbwbgYUgW88fuMzYj": [],
        "13aJi13KRcvTyPzAWUqrP1PjN3DaajmWEM": [],
        "145Vi6MS7Z2EokRhpyVVK5kJcv8kACRjVT": [],
        "147gqLLEwqMTjUERYv5sSN5KAt1tfY76Yy": [],
        "14cYAtSMbVRBFeC6a74Pv6wnL6tYwV699i": [],
        "154PDGB6eMNKQ2zWPivAQDMFTNnuxpfcEP": [],
        "15pCb7hfFvYbtgDCt9Uz6ZgKUKjAcgX2Sh": [],
        "16EV2bZsK7mKY2zzPcSufHkrgxYXPiY6TV": [],
        "17BKZCPjdqNMZYdccroDdWFS9BtRcB8gA6": [],
        "18UvnG31EchhPjfY7MB2LwsrAzQf9mGKdW": [],
        "1BDXeapRXrymkLf2wTQtnt7C5U4NwobYC4": [],
        "1CVLwKiMHF14NCcVGRJnYoDBN7qYNJEQ4D": [],
        "1EGMjGdhimnHCdQf8D64vi31ArnP5786Zt": [],
        "1EsbTNtCGp9houzqezF249LGgKKfJGGMKf": [],
        "1FFDG6xTk6oL48Xf2vJfLXgJUWeFRLgrny": [],
        "1FaHqf77KBJWktmhHDjMtTpqWd7oDhz1pB": [],
        "1FbQJ3hNhpjCUMGLtT8Muv5q6U79oXY5E2": [],
        "1GhyFC37Ln1p5YQ8UosoVxakRNX2SwtirU": [],
        "1HN2Hz2zUhmtZEfvVedTMXkV4coN83fhmY": [],
        "1JmQ2FrGKGJ6BooCwjWZmiR9J3V875ujvo": [],
        "1LBbXxBuDkPy8rmYuwgYiZdR8UjdNxnzj3": [],
        "1LGBPYz1opdzWb2RfytQRcQ3jaeJn4Tz9q": [],
        "1LiiwpGQ2tvkje6A1apZw2KJpjEjuo6AT6": [],
        "1NRfECQGPKwFNtRkxjXGMjLg15xDiD7upB": [],
        "1PFmo2BEZTfYJvDT7GJXjZzoySC5Gxib6h": [],
        "1Q2PVb3cTa5RPZQmF9vSX7ZY1JQzqMcUHH": [],
        "1zVLB7eZtBJCpKqVmy2dDEFKfYD6PPswW": []
    },
    "addresses": {
        "change": [
            "1LBbXxBuDkPy8rmYuwgYiZdR8UjdNxnzj3",
            "1LGBPYz1opdzWb2RfytQRcQ3jaeJn4Tz9q",
            "1EsbTNtCGp9houzqezF249LGgKKfJGGMKf",
            "12ToM5rsnR8xkh3zT5tsgQWdHwfnxjiT4h",
            "132qJndsYYzYT4j8MykMnAwFNeNiABQnnt",
            "147gqLLEwqMTjUERYv5sSN5KAt1tfY76Yy",
            "1EGMjGdhimnHCdQf8D64vi31ArnP5786Zt",
            "1FFDG6xTk6oL48Xf2vJfLXgJUWeFRLgrny",
            "17BKZCPjdqNMZYdccroDdWFS9BtRcB8gA6",
            "13FdV5Y7qDwpVHh9nxbwbgYUgW88fuMzYj"
        ],
        "receiving": [
            "1PFmo2BEZTfYJvDT7GJXjZzoySC5Gxib6h",
            "145Vi6MS7Z2EokRhpyVVK5kJcv8kACRjVT",
            "16EV2bZsK7mKY2zzPcSufHkrgxYXPiY6TV",
            "1zVLB7eZtBJCpKqVmy2dDEFKfYD6PPswW",
            "1FbQJ3hNhpjCUMGLtT8Muv5q6U79oXY5E2",
            "1LiiwpGQ2tvkje6A1apZw2KJpjEjuo6AT6",
            "12w3nPdUuGqmKWkQrKx5p2L9HvpidAQyqw",
            "1Q2PVb3cTa5RPZQmF9vSX7ZY1JQzqMcUHH",
            "1CVLwKiMHF14NCcVGRJnYoDBN7qYNJEQ4D",
            "1GhyFC37Ln1p5YQ8UosoVxakRNX2SwtirU",
            "154PDGB6eMNKQ2zWPivAQDMFTNnuxpfcEP",
            "15pCb7hfFvYbtgDCt9Uz6ZgKUKjAcgX2Sh",
            "1NRfECQGPKwFNtRkxjXGMjLg15xDiD7upB",
            "1BDXeapRXrymkLf2wTQtnt7C5U4NwobYC4",
            "1HN2Hz2zUhmtZEfvVedTMXkV4coN83fhmY",
            "18UvnG31EchhPjfY7MB2LwsrAzQf9mGKdW",
            "1FaHqf77KBJWktmhHDjMtTpqWd7oDhz1pB",
            "1JmQ2FrGKGJ6BooCwjWZmiR9J3V875ujvo",
            "13aJi13KRcvTyPzAWUqrP1PjN3DaajmWEM",
            "14cYAtSMbVRBFeC6a74Pv6wnL6tYwV699i"
        ]
    },
    "fiat_value": {},
    "frozen_coins": {},
    "invoices": {},
    "keystore": {
        "derivation": "m",
        "pw_hash_version": 1,
        "root_fingerprint": "68ca59f3",
        "seed": "minor zone pool actor remain combine model claw medal settle grace capable",
        "seed_type": "standard",
        "type": "bip32",
        "xprv": "xprv9s21ZrQH143K3ef9MxsC6t1MRyxPm8fo2NDozQC16fmjNB2ATHhaJ26LWsK2i9Seuh8ziUUkjC1pxheGrEEb9QH3txsmdNxzUP3U3vnzFtX",
        "xpub": "xpub661MyMwAqRbcG8jcTzQCU1x5z1ntAbPePb9Qnnbcf1JiEyMJzq1pqpQpN93iqmdatjw6mWnfjYA37PMHPLmEkCmZuDQbAMQrfEWF2q5xUfi"
    },
    "labels": {},
    "payment_requests": {},
    "prevouts_by_scripthash": {},
    "seed_version": 50,
    "spent_outpoints": {},
    "transactions": {},
    "tx_fees": {},
    "txi": {},
    "txo": {},
    "use_encryption": false,
    "verified_tx3": {},
    "wallet_type": "standard"
}