{
    "addr_history": {
        "bc1q0pp3nuyc3rcfjj9mhf00eajpg3twqjjqr8nr69": [],
        "bc1q0xemm9jjknquyadm4zskvy5mdcfrjur4zk4prn": [],
        "bc1q2urg0mauue2nruqfgyy4z8uzu6l6t5u26acjp8": [],
        "bc1q8q3vxcxzts02lju5s30a97430hn7pzvzl6pkav": [],
        "bc1q9tzvm785neu0tlnrr8p94tt95hxvz3xysudc25": [],
        "bc1qatfysn5k05h0tcwyvxyhh9zx3h4uex0a3hx6zv": [],
        "bc1qceafkllukv8n35pqmv742wcj9yuh962dxsyvly": [],
        "bc1qceedz9f98zd6djqxr35dr70dkq0e98rqu3q4m9": [],
        "bc1qd7qspvjrjsfma0e9cwje2fug92epkhc424x25m": [],
        "bc1qdj4200yvcwmc0zu2qkz7aj5n80q3m57etafnlk": [],
        "bc1qe9hjtdz04gxw7ez9uk494scgrzpc3s47qzm5r3": [],
        "bc1qf9shmg28qcspqhs84g29hda5g055yd3dlyp9cg": [],
        "bc1qfftn7aaawd3vput4a5enc3gvna7d9sqn3a38cq": [],
        "bc1qfpcq9cpj3crdugn0msj0v705z64hmrk4agcrcn": [],
        "bc1qfvl88tne4u26d62gjhsy28tg6lgpu3ccmhzru0": [],
        "bc1qj9d43rlf98tqhlctx4l4v7dq5n5vmy0qu79ps8": [],
        "bc1qkse8a46t0qqe7e5uhdtu558ysyltrna37av4c2": [],
        "bc1qldfh87dv2g08k4wahkx3ned4dgnkasq8vnnuve": [],
        "bc1qlhz9lrwkaq3vq5a3mht3jnpq9n2hmfrted28hc": [],
        "bc1qn67vuwrfy594qx490fxw83jyn34jgalkl0s3l3": [],
        "bc1qnn9u67h38umuz84u32p9sykrq4hv8t2vfz5qg4": [],
        "bc1qnv6jckrfyddl4tftu7lg04yjyfqgmpr4wcfhh6": [],
        "bc1qr8zdnr2nl9vwxf8aqhqgpuvn34u5ee7hfy52cc": [],
        "bc1qs7402c4zfwfla770w0qpj27g5cyp8pvvfypnsp": [],
        "bc1qv5yrhxvw8xwhuug8ecaumtmnncmcaykafuzdnd": [],
        "bc1qvjx6ed8me3x2pllaggcx8j2kp86nyp3r3vpry6": [],
        "bc1qwk4j08py5ejsnrl65ps943f3c8e8vxed7mqewk": [],
        "bc1qwqezzzaavfpufu5l5ye3k9jlstga2rz9dy9tx2": [],
        "bc1qx6s0f44gjv382krwa059ld49mhrqscf4t5yyt7": [],
        "bc1qxnzu7exnv86ld8c87fcfq2rupyy6cg36vz7f6w": []
    },
    "addresses": {
        "change": [
            "bc1qdj4200yvcwmc0zu2qkz7aj5n80q3m57etafnlk",
            "bc1qvjx6ed8me3x2pllaggcx8j2kp86nyp3r3vpry6",
            "bc1q2urg0mauue2nruqfgyy4z8uzu6l6t5u26acjp8",
            "bc1qr8zdnr2nl9vwxf8aqhqgpuvn34u5ee7hfy52cc",
            "bc1qkse8a46t0qqe7e5uhdtu558ysyltrna37av4c2",
            "bc1qwk4j08py5ejsnrl65ps943f3c8e8vxed7mqewk",
            "bc1qceedz9f98zd6djqxr35dr70dkq0e98rqu3q4m9",
            "bc1qnn9u67h38umuz84u32p9sykrq4hv8t2vfz5qg4",
            "bc1q0xemm9jjknquyadm4zskvy5mdcfrjur4zk4prn",
            "bc1qlhz9lrwkaq3vq5a3mht3jnpq9n2hmfrted28hc"
        ],
        "receiving": [
            "bc1qe9hjtdz04gxw7ez9uk494scgrzpc3s47qzm5r3",
            "bc1q0pp3nuyc3rcfjj9mhf00eajpg3twqjjqr8nr69",
            "bc1q9tzvm785neu0tlnrr8p94tt95hxvz3xysudc25",
            "bc1qj9d43rlf98tqhlctx4l4v7dq5n5vmy0qu79ps8",
            "bc1qf9shmg28qcspqhs84g29hda5g055yd3dlyp9cg",
            "bc1qwqezzzaavfpufu5l5ye3k9jlstga2rz9dy9tx2",
            "bc1qd7qspvjrjsfma0e9cwje2fug92epkhc424x25m",
            "bc1qatfysn5k05h0tcwyvxyhh9zx3h4uex0a3hx6zv",
            "bc1qxnzu7exnv86ld8c87fcfq2rupyy6cg36vz7f6w",
            "bc1qs7402c4zfwfla770w0qpj27g5cyp8pvvfypnsp",
            "bc1qfpcq9cpj3crdugn0msj0v705z64hmrk4agcrcn",
            "bc1qfftn7aaawd3vput4a5enc3gvna7d9sqn3a38cq",
            "bc1qx6s0f44gjv382krwa059ld49mhrqscf4t5yyt7",
            "bc1q8q3vxcxzts02lju5s30a97430hn7pzvzl6pkav",
            "bc1qv5yrhxvw8xwhuug8ecaumtmnncmcaykafuzdnd",
            "bc1qnv6jckrfyddl4tftu7lg04yjyfqgmpr4wcfhh6",
            "bc1qceafkllukv8n35pqmv742wcj9yuh962dxsyvly",
            "bc1qfvl88tne4u26d62gjhsy28tg6lgpu3ccmhzru0",
            "bc1qn67vuwrfy594qx490fxw83jyn34jgalkl0s3l3",
            "bc1qldfh87dv2g08k4wahkx3ned4dgnkasq8vnnuve"
        ]
    },
    "channels": {},
    "fiat_value": {},
    "frozen_coins": {},
    "imported_channel_backups": {},
    "invoices": {},
    "keystore": {
        "derivation": "m/0'",
        "pw_hash_version": 1,
        "root_fingerprint": "40f54d59",
        "seed": "minor zone pool acoustic remain combine extra claw medal settle grace capable",
        "seed_type": "segwit",
        "type": "bip32",
        "xprv": "zprvAZ3NC6YKbaSBJxYH41w628iGmnTQ1F6yhMc5e3ns6nceswYkzZEst74ueqcNuoBwT27tJ3Uo8SWstGTcPvEBYtbrnYgWzj9ku9SKmnKW5Z2",
        "xpub": "zpub6n2ibc5DRwzUXSckA3U6PGf1KpHtQhpq4aXgSSCUf89dkjsuY6Z8RuPPW6jdphi9ojRoHPgJvtQ1esgM28umgtqFqHUHySN9Yc5uGC2983r"
    },
    "labels": {},
    "lightning_payments": {},
    "lightning_preimages": {},
    "lightning_xprv": "zprvAaz9C74wuqc1vBTyf8e9yUaiaxXEa5YNVdVhTp17i4RJyTur3CF4E37th2LG9S3d5k1Nb3HyqorZQ8CstKHNLoYTrTo44kqFk1T4reB3kdR",
    "onchain_channel_backups": {},
    "payment_requests": {},
    "prevouts_by_scripthash": {},
    "seed_version": 50,
    "spent_outpoints": {},
    "submarine_swaps": {},
    "transactions": {},
    "tx_fees": {},
    "txi": {},
    "txo": {},
    "use_encryption": false,
    "verified_tx3": {},
    "wallet_type": "standard"
}