{
    "addr_history": {
        "12EpPmnaYgLxaWL2KTACVgVKuAa2WYZXDn": [],
        "13LP73MBxK4h2k9FnqoQXRtDwxVdoTjHGX": [],
        "13Ww88mZxKX3JpUwX53hgc4nWwZZk2zNWj": [],
        "169hXKXcRWrCxXCpAbs2TNR3WgyWa9HCkU": [],
        "16ghpkzSnBEkZi4NE4uF4bAAw4st7DBxvw": [],
        "1BSdw65rRxaWEwUD6TNgRpSbvrvkxs8tsd": [],
        "1C3ynbJkkyygmvMjgi9Wk6N9H3wtnBdaLN": [],
        "1DRKyNWWaj21qA3QYAXzGKAEeLDE15gV3N": [],
        "1DkvxzSgr4UzQK9yZXrHVVLY93CtroZGVd": [],
        "1EWijk7RE3VMFHFNHyCjTsSy4BKs6JvSPb": [],
        "1FSXkBXvHP4ZgZ1ehp3fFdX6f3rkXHgiX7": [],
        "1HGDhbZUg4kkC2HwZzQdr9Hv13vQm2oDjE": [],
        "1HGFUSQGW1Sc6NYjjRo4KaZJjHkUG1hn8c": [],
        "1HVCToXUgWRFjK7w4ZduwTqmUitFb8vUD6": [],
        "1HZanJaEgkE8ZVCLUawTefuaVAyKWVNhKi": [],
        "1HmtPjZU6SZoQ1uXc8pzXFcngqtkdcPqa1": [],
        "1J9avZH7GzkkFv23STDgV43UvGmxrgG7CJ": [],
        "1KxcqoBPg48puzWVG1adzwXcXLwLWvFuf2": [],
        "1LUT8LQ4zMnL49LaNBsJYiXRz6CLLxonRo": [],
        "1Leeabsbm4q2AG6HXdAiae2fgQEy6gwTFs": [],
        "1NEFZTBgVxnHzXr93eHfyDgFqw2b5ayeZz": [],
        "1NJmkw2VPvJS2q1HJHEViUGMGwF2nbrbfb": [],
        "1NRyuq2GDJnwNW3Nn3zwCBxizWRK3225rh": [],
        "1Nno42JiK6osQCgtTHH5kYvJjRpBieDszw": [],
        "1NtsqgoCqtZQCoYHtGHacTBMRCyFfc2krK": [],
        "1P3aseaXXcc1dBoqJ2MCvbcL6qbppiUcgX": [],
        "1PRaxcXvtyH5demeKWEHpkAzgX2dNHs818": [],
        "1PVrH4bNt1EGxNzkAXiFURWShQnZapySLa": [],
        "1PyoNqnJot9M87RtrJSSurrz38x26TxZgK": [],
        "1QEe5tA7kp6FGMyorEf3Mh5yiVTVip1HRm": []
    },
    "addresses": {
        "change": [
            "1NRyuq2GDJnwNW3Nn3zwCBxizWRK3225rh",
            "1HVCToXUgWRFjK7w4ZduwTqmUitFb8vUD6",
            "1Leeabsbm4q2AG6HXdAiae2fgQEy6gwTFs",
            "13Ww88mZxKX3JpUwX53hgc4nWwZZk2zNWj",
            "1HmtPjZU6SZoQ1uXc8pzXFcngqtkdcPqa1",
            "1KxcqoBPg48puzWVG1adzwXcXLwLWvFuf2",
            "1DkvxzSgr4UzQK9yZXrHVVLY93CtroZGVd",
            "1PRaxcXvtyH5demeKWEHpkAzgX2dNHs818",
            "1P3aseaXXcc1dBoqJ2MCvbcL6qbppiUcgX",
            "1NtsqgoCqtZQCoYHtGHacTBMRCyFfc2krK"
        ],
        "receiving": [
            "1NEFZTBgVxnHzXr93eHfyDgFqw2b5ayeZz",
            "1QEe5tA7kp6FGMyorEf3Mh5yiVTVip1HRm",
            "1J9avZH7GzkkFv23STDgV43UvGmxrgG7CJ",
            "1HGFUSQGW1Sc6NYjjRo4KaZJjHkUG1hn8c",
            "1LUT8LQ4zMnL49LaNBsJYiXRz6CLLxonRo",
            "1PyoNqnJot9M87RtrJSSurrz38x26TxZgK",
            "13LP73MBxK4h2k9FnqoQXRtDwxVdoTjHGX",
            "12EpPmnaYgLxaWL2KTACVgVKuAa2WYZXDn",
            "1NJmkw2VPvJS2q1HJHEViUGMGwF2nbrbfb",
            "1HGDhbZUg4kkC2HwZzQdr9Hv13vQm2oDjE",
            "1C3ynbJkkyygmvMjgi9Wk6N9H3wtnBdaLN",
            "169hXKXcRWrCxXCpAbs2TNR3WgyWa9HCkU",
            "1FSXkBXvHP4ZgZ1ehp3fFdX6f3rkXHgiX7",
            "16ghpkzSnBEkZi4NE4uF4bAAw4st7DBxvw",
            "1EWijk7RE3VMFHFNHyCjTsSy4BKs6JvSPb",
            "1HZanJaEgkE8ZVCLUawTefuaVAyKWVNhKi",
            "1Nno42JiK6osQCgtTHH5kYvJjRpBieDszw",
            "1PVrH4bNt1EGxNzkAXiFURWShQnZapySLa",
            "1BSdw65rRxaWEwUD6TNgRpSbvrvkxs8tsd",
            "1DRKyNWWaj21qA3QYAXzGKAEeLDE15gV3N"
        ]
    },
    "fiat_value": {},
    "frozen_coins": {},
    "invoices": {},
    "keystore": {
        "derivation": "m",
        "pw_hash_version": 1,
        "root_fingerprint": "46d2244a",
        "seed": "minor zone pool almost remain combine transfer claw medal settle grace capable",
        "seed_type": "standard",
        "type": "bip32",
        "xprv": "xprv9s21ZrQH143K36ZwahKPPBHj3i7tRe9xE4ntaG4vzby8F5Y7mDHwUb4KoqQH5MowkFfhXfs1f55RWoNpkNQbrPhVGbMcTHAwhJCoT7vmVgD",
        "xpub": "xpub661MyMwAqRbcFaeQgirPkKETbjxNq6sobHiVNeUYYwW77ssGJkcC2PNof85i3zLgsCBmeWxS2TQzQbJ99wcEoN2CprPWiBgWAN2rHjaeGbd"
    },
    "labels": {},
    "payment_requests": {},
    "prevouts_by_scripthash": {},
    "seed_version": 50,
    "spent_outpoints": {},
    "transactions": {},
    "tx_fees": {},
    "txi": {},
    "txo": {},
    "use_encryption": false,
    "verified_tx3": {},
    "wallet_type": "standard"
}