{
    "addr_history": {
        "13DwrvJedL2X8zbKpeH3SbT7QegFRmEuCy": [],
        "13cE2sVxpWaQN4gxajcvPh8dGxqD7onVej": [],
        "13pyMzMhySbg3857Y7SZ7TyY9v179EXUnJ": [],
        "13uBnUg1uYia79rPfuKZCwQxC9r6RPoJzX": [],
        "141Y8hmKmjnKCP5qdo8SKy7F2c499c1H5k": [],
        "15bwpYFDAiGapEoi899yUNGs4F57dMWptV": [],
        "15k9BJoWdAvKLKRpqKwxpWGywJjqd9SW5P": [],
        "15tvERXfg1X7UMXJWsPeU4ejMEZp5j7qFA": [],
        "16uPFhNLco9Nvhci1dWBkRYDTWtPGfPjtS": [],
        "16ydMyV5ypU8bgMvTnjWwioBerSJrmG1ca": [],
        "17iynvoMzE8yq4R66aRcSDf8urVTjYM7cC": [],
        "1AfeXkY69vouWMgWQcjnLoj7NdqfRn1YoK": [],
        "1BWTy8wa5ZVwRRQhtwhkiHuqeHDbUbux7E": [],
        "1ByCZk8Ju4Kukkjhs5fizteU9buk3DQ1vA": [],
        "1EMEoKCUkEKUfxfgL8eQS3m5VForYLNKEr": [],
        "1Fa13FjVeX7yNa2bwYxCjBwbGJue7uJ3e5": [],
        "1FmJBeAsiv4F2E6NtyK5PtR8o3V6HMM4kE": [],
        "1FvvyCM93EiQDs7yNSzqjgf2WM7dZS8ps6": [],
        "1Fx8RzHk1znPvuMWaZMaC8Hh4huQGPp8AV": [],
        "1G1tLXPZkKJ5vCdKum5bGpLpTMJf354GhT": [],
        "1GBGzLC9vHHSvE7o7ZAYrSgkBAPWd5r9Z3": [],
        "1GVUjyUCXpPDSNdkgDCs6AdTgwxbivZmNc": [],
        "1GZb2dwqCZYjSPdjx2WyobRbh6sV6rHCmJ": [],
        "1JgcVQY33ZgF9GmLyGg54Hx9ppitZcS2vE": [],
        "1JqHnQJnKVhgo14uEqoGTCGEx9kG8uUagp": [],
        "1KAjquHUiViHpCZsMfqdcBZqXbnrNfY2rc": [],
        "1KiBkqFs6VBrSXVdKjXomFWarURWyUAPz": [],
        "1NVwJswgBfCmCUs6bNZfWa66S8Ms1UiWKs": [],
        "1NjhF9MboEQvzteivaYqH7K3XPjJptG2KY": [],
        "1No4r1BFR1gDcbfsQ2xriZdKjKJZ873po": []
    },
    "addresses": {
        "change": [
            "1FvvyCM93EiQDs7yNSzqjgf2WM7dZS8ps6",
            "1G1tLXPZkKJ5vCdKum5bGpLpTMJf354GhT",
            "15k9BJoWdAvKLKRpqKwxpWGywJjqd9SW5P",
            "13uBnUg1uYia79rPfuKZCwQxC9r6RPoJzX",
            "1JgcVQY33ZgF9GmLyGg54Hx9ppitZcS2vE",
            "17iynvoMzE8yq4R66aRcSDf8urVTjYM7cC",
            "1KAjquHUiViHpCZsMfqdcBZqXbnrNfY2rc",
            "1EMEoKCUkEKUfxfgL8eQS3m5VForYLNKEr",
            "1NjhF9MboEQvzteivaYqH7K3XPjJptG2KY",
            "15bwpYFDAiGapEoi899yUNGs4F57dMWptV"
        ],
        "receiving": [
            "1No4r1BFR1gDcbfsQ2xriZdKjKJZ873po",
            "15tvERXfg1X7UMXJWsPeU4ejMEZp5j7qFA",
            "13DwrvJedL2X8zbKpeH3SbT7QegFRmEuCy",
            "1GZb2dwqCZYjSPdjx2WyobRbh6sV6rHCmJ",
            "1Fx8RzHk1znPvuMWaZMaC8Hh4huQGPp8AV",
            "1BWTy8wa5ZVwRRQhtwhkiHuqeHDbUbux7E",
            "1GBGzLC9vHHSvE7o7ZAYrSgkBAPWd5r9Z3",
            "1AfeXkY69vouWMgWQcjnLoj7NdqfRn1YoK",
            "1ByCZk8Ju4Kukkjhs5fizteU9buk3DQ1vA",
            "1KiBkqFs6VBrSXVdKjXomFWarURWyUAPz",
            "1GVUjyUCXpPDSNdkgDCs6AdTgwxbivZmNc",
            "1FmJBeAsiv4F2E6NtyK5PtR8o3V6HMM4kE",
            "1NVwJswgBfCmCUs6bNZfWa66S8Ms1UiWKs",
            "13cE2sVxpWaQN4gxajcvPh8dGxqD7onVej",
            "16uPFhNLco9Nvhci1dWBkRYDTWtPGfPjtS",
            "16ydMyV5ypU8bgMvTnjWwioBerSJrmG1ca",
            "141Y8hmKmjnKCP5qdo8SKy7F2c499c1H5k",
            "13pyMzMhySbg3857Y7SZ7TyY9v179EXUnJ",
            "1Fa13FjVeX7yNa2bwYxCjBwbGJue7uJ3e5",
            "1JqHnQJnKVhgo14uEqoGTCGEx9kG8uUagp"
        ]
    },
    "fiat_value": {},
    "frozen_coins": {},
    "invoices": {},
    "keystore": {
        "derivation": "m",
        "pw_hash_version": 1,
        "root_fingerprint": "90ca09b8",
        "seed": "minor zone pool actress remain combine buzz claw medal settle grace capable",
        "seed_type": "standard",
        "type": "bip32",
        "xprv": "xprv9s21ZrQH143K3sjbmj3o8W7jRcm4pCM9793HPT6vjHzdXTDWRxsNHgDfTYHLocFuYgz7QSBxBwTaui8hZZGtN4Y5gRW7LBmP1DzNxiiKphv",
        "xpub": "xpub661MyMwAqRbcGMp4skaoVe4TyebZDf4zUMxtBqWYHdXcQFYeyWBcqUY9JrDxQ64PYRFsJz7CS5EynVduRpRiBKHSWGPyeCTxF9CmcFG2jSZ"
    },
    "labels": {},
    "payment_requests": {},
    "prevouts_by_scripthash": {},
    "seed_version": 50,
    "spent_outpoints": {},
    "transactions": {},
    "tx_fees": {},
    "txi": {},
    "txo": {},
    "use_encryption": false,
    "verified_tx3": {},
    "wallet_type": "standard"
}