{
    "addr_history": {
        "13rGcDEr6Xdr5H1E8XvSCmbh6FE9kyfo7w": [],
        "14HAuMF6sRL1KExmyt5hXrizWWUmFmdijQ": [],
        "14bTpjGVxX8aVaCN8G3rTnUEqQonzBd1xr": [],
        "15AEhpAwMHUvNrzAzKVHNNQzhxVKxF9S56": [],
        "15HVfusJkmYW3TxSGMz8PV23nQUpFrXgiH": [],
        "16hHVr6VL1G5qHiu9kc97ngmk5YTS2rg8s": [],
        "18AocR9JeeYkivVLPYyvEzWQxKnd5ZM3tN": [],
        "19BUtLC2SUN198UtLX93jDxmDnwKqikhCu": [],
        "19CegESptgxE1Bn95dhWfYDi1WAgaz8dw5": [],
        "19tqPRbhV9g38CH1SjGY4b7QveFP8zS63W": [],
        "19wpyUP4XQxsFBi7RYBPByeyy1JSQL4acH": [],
        "1ASWNj9mzqKaBdmLhXhZgNd8b8PB7XAbua": [],
        "1CEfDHqNMaF197MidzLxeekkADYz7CHFXy": [],
        "1CPJZ2jvkAJMiQghEvbSdztuBjvuEFRuUL": [],
        "1DFir4xHkVPkC3weDZGSEm4VZYpD1veqzp": [],
        "1F9RDgQMdrCzA1Wus1N2Vn7Wh2LrurWzFk": [],
        "1F9n8PLQPfzHcYexp12XAbsbDJXZgeUyPh": [],
        "1FWEgezZTFbuPY2GsoVaMX88yQamv6fktj": [],
        "1FjHYeNBfohvky6toLjXiPn29CdQfH3PdB": [],
        "1G2VQjnxEqun3kKsjcZG8zHyNYHnctdyLU": [],
        "1H1aVMQAhiAthWnoBbujsmRngjrJ33eMZK": [],
        "1HzoCi6vA246wQtGDbXnn5xzz5BJ92MbpV": [],
        "1JL54XZn23Tpebw1k9aw7aPkCFVfmHokab": [],
        "1JcK5YLdfjWewNmH6eVHKKKoQtNcKf7xrt": [],
        "1Jqu5Uvd9rqK64dKTGiyR8KLvpgNMi4trX": [],
        "1KkUDzXkV9pR2BgiSgSVn4aFAXvfZQNTLG": [],
        "1LLpY8P27UZ3KdRPvmyYxPZrMdX69kXKnD": [],
        "1Lbiqm2uKbF3svxkBVknZsJJmr2vTQ4XNN": [],
        "1Mia4pwr6DcsXZ7VzfENujidSJt2K3dMEa": [],
        "1NV1tbMSBekMQiU42yrZmGqqHRFUdNakA4": []
    },
    "addresses": {
        "change": [
            "13rGcDEr6Xdr5H1E8XvSCmbh6FE9kyfo7w",
            "1Mia4pwr6DcsXZ7VzfENujidSJt2K3dMEa",
            "15AEhpAwMHUvNrzAzKVHNNQzhxVKxF9S56",
            "1JL54XZn23Tpebw1k9aw7aPkCFVfmHokab",
            "1G2VQjnxEqun3kKsjcZG8zHyNYHnctdyLU",
            "1F9n8PLQPfzHcYexp12XAbsbDJXZgeUyPh",
            "1Lbiqm2uKbF3svxkBVknZsJJmr2vTQ4XNN",
            "19BUtLC2SUN198UtLX93jDxmDnwKqikhCu",
            "19CegESptgxE1Bn95dhWfYDi1WAgaz8dw5",
            "1Jqu5Uvd9rqK64dKTGiyR8KLvpgNMi4trX"
        ],
        "receiving": [
            "1FWEgezZTFbuPY2GsoVaMX88yQamv6fktj",
            "1ASWNj9mzqKaBdmLhXhZgNd8b8PB7XAbua",
            "1LLpY8P27UZ3KdRPvmyYxPZrMdX69kXKnD",
            "19wpyUP4XQxsFBi7RYBPByeyy1JSQL4acH",
            "1NV1tbMSBekMQiU42yrZmGqqHRFUdNakA4",
            "18AocR9JeeYkivVLPYyvEzWQxKnd5ZM3tN",
            "1JcK5YLdfjWewNmH6eVHKKKoQtNcKf7xrt",
            "1F9RDgQMdrCzA1Wus1N2Vn7Wh2LrurWzFk",
            "1CEfDHqNMaF197MidzLxeekkADYz7CHFXy",
            "1CPJZ2jvkAJMiQghEvbSdztuBjvuEFRuUL",
            "15HVfusJkmYW3TxSGMz8PV23nQUpFrXgiH",
            "14bTpjGVxX8aVaCN8G3rTnUEqQonzBd1xr",
            "19tqPRbhV9g38CH1SjGY4b7QveFP8zS63W",
            "1DFir4xHkVPkC3weDZGSEm4VZYpD1veqzp",
            "1HzoCi6vA246wQtGDbXnn5xzz5BJ92MbpV",
            "14HAuMF6sRL1KExmyt5hXrizWWUmFmdijQ",
            "1FjHYeNBfohvky6toLjXiPn29CdQfH3PdB",
            "1H1aVMQAhiAthWnoBbujsmRngjrJ33eMZK",
            "16hHVr6VL1G5qHiu9kc97ngmk5YTS2rg8s",
            "1KkUDzXkV9pR2BgiSgSVn4aFAXvfZQNTLG"
        ]
    },
    "fiat_value": {},
    "frozen_coins": {},
    "invoices": {},
    "keystore": {
        "derivation": "m",
        "pw_hash_version": 1,
        "root_fingerprint": "60708762",
        "seed": "minor zone pool bacon remain combine page claw medal settle grace capable",
        "seed_type": "standard",
        "type": "bip32",
        "xprv": "xprv9s21ZrQH143K4WChpyMG7b3u9akbFz6CGMiuAdoTxDQaMwqtovFMqZQQF29Gzhr3KKDs76yu5E2qYVyM75hf63A9BL9TKR9fLhA6sioxayc",
        "xpub": "xpub661MyMwAqRbcGzHAvztGUizdhcb5fSp3daeVy2D5WYwZEkB3MTZcPMit6LbYDUnNuqUPoENhDDNrPYuTKzbgiWTdcsiRCKRUDJKRtquAFkG"
    },
    "labels": {},
    "payment_requests": {},
    "prevouts_by_scripthash": {},
    "seed_version": 50,
    "spent_outpoints": {},
    "transactions": {},
    "tx_fees": {},
    "txi": {},
    "txo": {},
    "use_encryption": false,
    "verified_tx3": {},
    "wallet_type": "standard"
}