{
    "addr_history": {
        "13dt5ni8xGoGtMzSjeceirNtpGkM5kQ8uh": [],
        "14mzsaAiounH23iWMhUbFAGJyLjxiJosYq": [],
        "15jxgJReZh73cPvGDrjRGmGFvjAvkoXxZX": [],
        "15zecvtzB6h4p81m24cjjXiQXb9x5iz1dZ": [],
        "166sNH3VsxeVZBaxHYGdboFVLgVSmkrVVs": [],
        "17G3d6KxJmXDKw1YtUo9mhaL2tFkW7UxZp": [],
        "17vGYWniEPd9KPXkYwxMyJQdAmBxKcjTEf": [],
        "18pR6jYFZHpxBDaAonqs1FcqMsE3Xi6h1X": [],
        "19fDzRkPk3ae8JZk9BdfXejWJfNDprvrsj": [],
        "1CXDdBuuVfegBDrDfgTgd6vS4W2ea3e6NL": [],
        "1CZ8bGS3jF6LJR8GdqSntWMUmYYZMc1AMy": [],
        "1Ca7VPMjCZQVEk2paTngfZC4cf2yRjoJuK": [],
        "1Cjr3wxuDKStjprNieEoJAAQsskukNhNEA": [],
        "1Dj4UvxjDuyd4DDhRYV9kPPk7ufPt7MsVe": [],
        "1DmXJiQewZr8tviK1v2ozWJTnbj4h7y1c3": [],
        "1GEb5q9hQchQymkaAFo5WXkhYspuVN852U": [],
        "1GGHxHZ3cYmufuGySHPGYbum8Fh1Dj2h44": [],
        "1GY6a45nWDj83jiFo9ouG4jGQP6XGh89cv": [],
        "1GuasaqCQpd2wKpS1GP61iDi6je9opeMpE": [],
        "1K6JFBvJCi4PhDhrZuCoTtZeKTPsrqRLXq": [],
        "1KNDqhkeTG9EFNekSw4HWDYC2BxhC7zzEK": [],
        "1L13ERgqjptJVD6q98sio1GmSvmg6wMym": [],
        "1LFpMnnv3T2pRz9vcSibozDre5k8ebfzcX": [],
        "1LMrHhPtSCMggHtsDkxfv2KY3b8KqF35bo": [],
        "1MqiSvqNJMoK9i1TdmvuGke5g3t9zL5avW": [],
        "1MutX3NwbGajRRHthJZGXp8KsHmtUp1hMQ": [],
        "1NVVzyvah7AdgPH4jwX5XEiqkNHac8M3RD": [],
        "1NnbVWfeuLoUYCqJTi6FDQcPDUzdnHd2um": [],
        "1Q6y2npM2gqFicYLtHPeYgBJo3zsrTC6FX": [],
        "1qwqu4mScYWdbGroVriimtMD3w54m8kmH": []
    },
    "addresses": {
        "change": [
            "1NnbVWfeuLoUYCqJTi6FDQcPDUzdnHd2um",
            "1MutX3NwbGajRRHthJZGXp8KsHmtUp1hMQ",
            "1GGHxHZ3cYmufuGySHPGYbum8Fh1Dj2h44",
            "1KNDqhkeTG9EFNekSw4HWDYC2BxhC7zzEK",
            "1Ca7VPMjCZQVEk2paTngfZC4cf2yRjoJuK",
            "1LMrHhPtSCMggHtsDkxfv2KY3b8KqF35bo",
            "15jxgJReZh73cPvGDrjRGmGFvjAvkoXxZX",
            "13dt5ni8xGoGtMzSjeceirNtpGkM5kQ8uh",
            "1L13ERgqjptJVD6q98sio1GmSvmg6wMym",
            "1CZ8bGS3jF6LJR8GdqSntWMUmYYZMc1AMy"
        ],
        "receiving": [
            "1GEb5q9hQchQymkaAFo5WXkhYspuVN852U",
            "19fDzRkPk3ae8JZk9BdfXejWJfNDprvrsj",
            "1Dj4UvxjDuyd4DDhRYV9kPPk7ufPt7MsVe",
            "166sNH3VsxeVZBaxHYGdboFVLgVSmkrVVs",
            "1NVVzyvah7AdgPH4jwX5XEiqkNHac8M3RD",
            "14mzsaAiounH23iWMhUbFAGJyLjxiJosYq",
            "1GuasaqCQpd2wKpS1GP61iDi6je9opeMpE",
            "1qwqu4mScYWdbGroVriimtMD3w54m8kmH",
            "18pR6jYFZHpxBDaAonqs1FcqMsE3Xi6h1X",
            "1LFpMnnv3T2pRz9vcSibozDre5k8ebfzcX",
            "1Q6y2npM2gqFicYLtHPeYgBJo3zsrTC6FX",
            "1CXDdBuuVfegBDrDfgTgd6vS4W2ea3e6NL",
            "1MqiSvqNJMoK9i1TdmvuGke5g3t9zL5avW",
            "15zecvtzB6h4p81m24cjjXiQXb9x5iz1dZ",
            "1DmXJiQewZr8tviK1v2ozWJTnbj4h7y1c3",
            "17vGYWniEPd9KPXkYwxMyJQdAmBxKcjTEf",
            "1GY6a45nWDj83jiFo9ouG4jGQP6XGh89cv",
            "1Cjr3wxuDKStjprNieEoJAAQsskukNhNEA",
            "17G3d6KxJmXDKw1YtUo9mhaL2tFkW7UxZp",
            "1K6JFBvJCi4PhDhrZuCoTtZeKTPsrqRLXq"
        ]
    },
    "fiat_value": {},
    "frozen_coins": {},
    "invoices": {},
    "keystore": {
        "derivation": "m",
        "pw_hash_version": 1,
        "root_fingerprint": "641840d2",
        "seed": "minor zone pool apple remain combine spoon claw medal settle grace capable",
        "seed_type": "standard",
        "type": "bip32",
        "xprv": "xprv9s21ZrQH143K4FVpxx29iNvmtcTC69FWKUQg4mpy6zVrZ5bdgYkUTb5KnrCp9k5ZBHUff3voJWJw4nUdSMhr3kd7NcuUBy7RUV1tpVnJ7Ee",
        "xpub": "xpub661MyMwAqRbcGjaJ4yZA5WsWSeHgVbyMghLGsAEafL2qRsvnE64j1PPoe8S4UBAaBBmcFuUjQyLKqSAhsjXi7ZuRsFdQp3trL9H8vtDap9V"
    },
    "labels": {},
    "payment_requests": {},
    "prevouts_by_scripthash": {},
    "seed_version": 50,
    "spent_outpoints": {},
    "transactions": {},
    "tx_fees": {},
    "txi": {},
    "txo": {},
    "use_encryption": false,
    "verified_tx3": {},
    "wallet_type": "standard"
}