{
    "addr_history": {
        "12GapdRFApGx9x2qhMtnMr4xeSUxNAfS6y": [],
        "12mimdonWAcCVyJXopRWTg9mFJFKhMqQyj": [],
        "13mmUA3zNJQg9n2bP7TJ22xMatMyVYnY2T": [],
        "14q6k8bKF9LCDzWGZALhxxoEZTCBkvUKET": [],
        "17nrGMV9ua8dJ2tMiahPrLqkAaqfSay3zA": [],
        "18oe8Z6Nj3EjyDfw9KjcMYCKhFqUr9iymC": [],
        "19e2q72bMFMWVRcppQkLkzAb28N6YnYo8s": [],
        "1AWKqMnrSLBgNxJj2bZM3Ec1qTQaX6MHhE": [],
        "1BUwGC1RTrgwUvmAgqW156crm5zVHUHf7W": [],
        "1BWrqrHEUq3WYkQ4VWMezzqyvw2PUMJEea": [],
        "1C2P5f8oRJZ8X4NFNPyCcUZvkJZaHXQKtk": [],
        "1DGs7AoaaKV2ZHcNKYBKarK7uyeEzJCcGa": [],
        "1DXgPg6SKLuu4WRAi9YpgFuqXkgyBZVxyy": [],
        "1DuxvoxFyka34sRtznchornzAwt5vPEdKG": [],
        "1DxPuMSg524AdJdiQHfda9cqjGssyZ7Hw8": [],
        "1EMex9WvmncDPXcJVVcHTjGd2arpCpAaUV": [],
        "1ETsZunnF2L8v2qSsVw8k6xGwiK4bNiJad": [],
        "1EUNDD3ymFQTZBQGk3sfd43EZzsuS3Cg2W": [],
        "1FBEYjbmPmrqSFMZiTYZyxYmbbMs3qVZZ4": [],
        "1FkeZp3x3pEEA277XZ2NJuMsVdu9GfhHar": [],
        "1G8xJMKymSWVhCprgyimrxezWPR9eDkhFD": [],
        "1GLN9hAV1cyLUM54oXXEp4mqP5v2ANcXut": [],
        "1Gi4SUu2C6kHmdkoApgg7JDe5CowuoDbXh": [],
        "1KihkGuWmBH3DVYnvsjk7cKWvmyweWXztX": [],
        "1KqPK9RsbcqAjUMepyzyVvv4fPP2oNgYKX": [],
        "1LS5gTEZTC1mrDwZKat45As2TgYdU3Vsgv": [],
        "1NmaQxkM2k9eZssxcS7zt8RV8SZZpdCUVm": [],
        "1PUWBfU2Kf3C6H8Tz75TFDdnppe4DSawDf": [],
        "1PfRymPEWK1uHctVSt1nWuBNqwTAyXrNqD": [],
        "1QEYZnbHKdZQFVws6uUWc4pi976JXvjFB3": []
    },
    "addresses": {
        "change": [
            "1DGs7AoaaKV2ZHcNKYBKarK7uyeEzJCcGa",
            "1KqPK9RsbcqAjUMepyzyVvv4fPP2oNgYKX",
            "1EUNDD3ymFQTZBQGk3sfd43EZzsuS3Cg2W",
            "1ETsZunnF2L8v2qSsVw8k6xGwiK4bNiJad",
            "1BUwGC1RTrgwUvmAgqW156crm5zVHUHf7W",
            "13mmUA3zNJQg9n2bP7TJ22xMatMyVYnY2T",
            "12GapdRFApGx9x2qhMtnMr4xeSUxNAfS6y",
            "1AWKqMnrSLBgNxJj2bZM3Ec1qTQaX6MHhE",
            "1DxPuMSg524AdJdiQHfda9cqjGssyZ7Hw8",
            "1GLN9hAV1cyLUM54oXXEp4mqP5v2ANcXut"
        ],
        "receiving": [
            "12mimdonWAcCVyJXopRWTg9mFJFKhMqQyj",
            "1PUWBfU2Kf3C6H8Tz75TFDdnppe4DSawDf",
            "1FkeZp3x3pEEA277XZ2NJuMsVdu9GfhHar",
            "1G8xJMKymSWVhCprgyimrxezWPR9eDkhFD",
            "19e2q72bMFMWVRcppQkLkzAb28N6YnYo8s",
            "17nrGMV9ua8dJ2tMiahPrLqkAaqfSay3zA",
            "1FBEYjbmPmrqSFMZiTYZyxYmbbMs3qVZZ4",
            "1NmaQxkM2k9eZssxcS7zt8RV8SZZpdCUVm",
            "1BWrqrHEUq3WYkQ4VWMezzqyvw2PUMJEea",
            "1Gi4SUu2C6kHmdkoApgg7JDe5CowuoDbXh",
            "18oe8Z6Nj3EjyDfw9KjcMYCKhFqUr9iymC",
            "1KihkGuWmBH3DVYnvsjk7cKWvmyweWXztX",
            "1C2P5f8oRJZ8X4NFNPyCcUZvkJZaHXQKtk",
            "1EMex9WvmncDPXcJVVcHTjGd2arpCpAaUV",
            "14q6k8bKF9LCDzWGZALhxxoEZTCBkvUKET",
            "1LS5gTEZTC1mrDwZKat45As2TgYdU3Vsgv",
            "1DuxvoxFyka34sRtznchornzAwt5vPEdKG",
            "1QEYZnbHKdZQFVws6uUWc4pi976JXvjFB3",
            "1PfRymPEWK1uHctVSt1nWuBNqwTAyXrNqD",
            "1DXgPg6SKLuu4WRAi9YpgFuqXkgyBZVxyy"
        ]
    },
    "fiat_value": {},
    "frozen_coins": {},
    "invoices": {},
    "keystore": {
        "derivation": "m",
        "pw_hash_version": 1,
        "root_fingerprint": "22646dce",
        "seed": "minor zone pool angle remain combine immune claw medal settle grace capable",
        "seed_type": "standard",
        "type": "bip32",
        "xprv": "xprv9s21ZrQH143K3vXLnSugX4RmwuDkz1J1nXNHcDnaCGTS4WBRy1pN1D1dfVtaQaCVhReHheAbfjYdAZBjPu42842F8YL1AsUZAFoq2QsondJ",
        "xpub": "xpub661MyMwAqRbcGQbotUSgtCNWVw4FPU1s9kHtQcCBkbzQwJWaWZ8cZ1L7WpCp13PHFQWs7FcKRg3beQDzd2Lnw1f3pn2ez3EuUxPkjrgBjwU"
    },
    "labels": {},
    "payment_requests": {},
    "prevouts_by_scripthash": {},
    "seed_version": 50,
    "spent_outpoints": {},
    "transactions": {},
    "tx_fees": {},
    "txi": {},
    "txo": {},
    "use_encryption": false,
    "verified_tx3": {},
    "wallet_type": "standard"
}