{
    "addr_history": {
        "133URQsmt8fQTXgXveAwpimdPEL3EXF8dg": [],
        "135HwHAc64jACdB3FrGCR3QUYEfkiYb1Ev": [],
        "13Fpgs94GAWP1KWw8gLgkgN7WgsCehdNRV": [],
        "14HiYbG1TMfZm4cPEeNf6ok66GCWaqmyCa": [],
        "14huoeZChB2hvKWcWwo9guYhN7igm9o4eo": [],
        "15QjAi8eszLQ3P2XMrXerMsVedwo66Xpsc": [],
        "15cY8gaSEjH2kZSgJw2pcb2hntNZ1XEKWE": [],
        "16EhFDVhb6S3wd3VVVBRD393mT8M8Sqxef": [],
        "17zAgzzEQcTAEBXEfD6kRNEb8eVAmU8t1d": [],
        "19Xrz3BoAZuDcfLvnJw1ZnwxHVdSA6U13k": [],
        "19YZRhxy5uPMWwue7VpQ7gegq5nWFkZBFJ": [],
        "1CMry5fRVmjgnoSUmNJzRMneFmDLLsuymT": [],
        "1DNNe1kEd5p97gFcddEX8eZzxFpH44ET7e": [],
        "1DbYZqoddZDhn3TKr3nsCm8krcty3bhSNT": [],
        "1EcitFAVj5eycD5hApWHjgnppLYWnLLDKf": [],
        "1GqSChghbcYgHaJPMPuZw2W8AFWwfWfUbR": [],
        "1Gr7UbuNpG8KeVw9Lnvp5TLa66fT6hYkVH": [],
        "1HDkXFwkm4pXG54jCftf3H7J9YtLQxSadk": [],
        "1HTLJHnavKfWc6KS7NV6EUBoE4T6sFgQXS": [],
        "1JpbQxA2MUg86J8mgA1jSX1zy4MRBRtvxv": [],
        "1KRuneit6hkNnoUwnxT1rWvLYQTifNzGjt": [],
        "1KXbzJMAxzgcqfWktGzJHifQb1pDbAJZwg": [],
        "1LN2vJFcbyFBwCxVYEob8nJo4J5mjeEsFs": [],
        "1Lprvjttp19yrmVguQ5zYY9VoF4dUsLHFD": [],
        "1N1AjPFmN446BpAotGKnREAfnrskZgYfEj": [],
        "1NHs2ASggf8FUx3s864sF62vC3yVTkcn3T": [],
        "1NnutdNb1zbExiCx1A5vLYFmt7nySKhjJK": [],
        "1P2w2B5AsGgiGnZF53KchLYLketdX2WXEK": [],
        "1PkfusTncCshmDdjPYCgX7B4K3pbwq5iaL": [],
        "1Q8qSNoJdst9vicmtm6nPP3uEhgGub6Twd": []
    },
    "addresses": {
        "change": [
            "16EhFDVhb6S3wd3VVVBRD393mT8M8Sqxef",
            "15QjAi8eszLQ3P2XMrXerMsVedwo66Xpsc",
            "1Gr7UbuNpG8KeVw9Lnvp5TLa66fT6hYkVH",
            "14huoeZChB2hvKWcWwo9guYhN7igm9o4eo",
            "1DbYZqoddZDhn3TKr3nsCm8krcty3bhSNT",
            "1KXbzJMAxzgcqfWktGzJHifQb1pDbAJZwg",
            "1CMry5fRVmjgnoSUmNJzRMneFmDLLsuymT",
            "14HiYbG1TMfZm4cPEeNf6ok66GCWaqmyCa",
            "1GqSChghbcYgHaJPMPuZw2W8AFWwfWfUbR",
            "1JpbQxA2MUg86J8mgA1jSX1zy4MRBRtvxv"
        ],
        "receiving": [
            "19YZRhxy5uPMWwue7VpQ7gegq5nWFkZBFJ",
            "1LN2vJFcbyFBwCxVYEob8nJo4J5mjeEsFs",
            "1Lprvjttp19yrmVguQ5zYY9VoF4dUsLHFD",
            "17zAgzzEQcTAEBXEfD6kRNEb8eVAmU8t1d",
            "1KRuneit6hkNnoUwnxT1rWvLYQTifNzGjt",
            "135HwHAc64jACdB3FrGCR3QUYEfkiYb1Ev",
            "1EcitFAVj5eycD5hApWHjgnppLYWnLLDKf",
            "1PkfusTncCshmDdjPYCgX7B4K3pbwq5iaL",
            "1DNNe1kEd5p97gFcddEX8eZzxFpH44ET7e",
            "1P2w2B5AsGgiGnZF53KchLYLketdX2WXEK",
            "13Fpgs94GAWP1KWw8gLgkgN7WgsCehdNRV",
            "1N1AjPFmN446BpAotGKnREAfnrskZgYfEj",
            "1Q8qSNoJdst9vicmtm6nPP3uEhgGub6Twd",
            "19Xrz3BoAZuDcfLvnJw1ZnwxHVdSA6U13k",
            "1HDkXFwkm4pXG54jCftf3H7J9YtLQxSadk",
            "1NnutdNb1zbExiCx1A5vLYFmt7nySKhjJK",
            "1HTLJHnavKfWc6KS7NV6EUBoE4T6sFgQXS",
            "15cY8gaSEjH2kZSgJw2pcb2hntNZ1XEKWE",
            "1NHs2ASggf8FUx3s864sF62vC3yVTkcn3T",
            "133URQsmt8fQTXgXveAwpimdPEL3EXF8dg"
        ]
    },
    "fiat_value": {},
    "frozen_coins": {},
    "invoices": {},
    "keystore": {
        "derivation": "m",
        "pw_hash_version": 1,
        "root_fingerprint": "408e97f8",
        "seed": "minor zone pool arena remain combine thought claw medal settle grace capable",
        "seed_type": "standard",
        "type": "bip32",
        "xprv": "xprv9s21ZrQH143K2BaZdUuMDCcY5gtbtZxxCoUxh3ZHVjikGpx5E55UVAzr9ULTnwVUdV7uzJrnin2zRHkZ3W1gtobY8y4EDXjkhV6E3TzVS2z",
        "xpub": "xpub661MyMwAqRbcEff2jWSMaLZGdij6J2goa2QZVRxu45Fj9dHDmcPj2yKKzjsENWd5MNV1iSrkGB1M6U4cS1MpX6wvjuwuvZK97SGVEanNngf"
    },
    "labels": {},
    "payment_requests": {},
    "prevouts_by_scripthash": {},
    "seed_version": 50,
    "spent_outpoints": {},
    "transactions": {},
    "tx_fees": {},
    "txi": {},
    "txo": {},
    "use_encryption": false,
    "verified_tx3": {},
    "wallet_type": "standard"
}