{
    "addr_history": {
        "12k6RwFYhS83CatrpBXhTMDqCzFRphes4R": [],
        "14N2sznWe6AMeeG1jmmB1MB9yPh1Svd64z": [],
        "14r1XUETkGTeNU2goYhRaWoS4S7zG3A1c3": [],
        "15xzXCaPYFq9DtRT7nPjitgFub7oTXf94v": [],
        "17NjQfovsYvmCt1HU1heZrmza22n7TAVmN": [],
        "18t4zNoRhcr7ubBDjrDf6mmHqDDEm6Q7Rn": [],
        "19M1DVkiT5xGRYjazynwicE2Q5JvgT653T": [],
        "1AU9arJRHdB2c9jC3DkshqoaMWvgAr5Q6Q": [],
        "1B6ejBp8Bi2DP9dUqPDxvdMY6YNXwgiRcG": [],
        "1Bz3UZ6RobzMC59JYJEByzXUgPahZb977Q": [],
        "1Cw2Fr8LJdTWty5YpsDJKbZ33WkoCVe6Bw": [],
        "1EZ5GQiigfUvRc1vVR37QtjBiZZG9NezNi": [],
        "1F7TnPHH9Sh5otRe7Rk1W8YDNmzLPqXANT": [],
        "1Gwp7tYEqVZkX5KubSkRwwRLuxi3AoLiL9": [],
        "1HDoNjXtptvHc2TAXgrUDb4JeVX9GpTT9R": [],
        "1HNuaXsopGrFaMjuToUDmjHN5wh6nJRCR3": [],
        "1HawWgbvV7C5VsitmjbZWDfdQPizfdhBif": [],
        "1HjAZLfpyvRkond4LsFGLb58y6pHi3QJTv": [],
        "1JKCh9dhhjEAEF9CDL3KbCY8S3xF7pzgSH": [],
        "1JiYaSHeNYWTmGexBW8uGdvWzTrfrGvheL": [],
        "1KU1hp6f6YRJoKpbpERTJXQGVZubUmoaUZ": [],
        "1KW6oAHoNcVp1MtVUeVkXKLRnEnoNfPwZY": [],
        "1KekBTRyKKDEWfw8VjLG5mKZUHSYDMH73B": [],
        "1KrYUvK81ZKfrrPC7t1cxjbuDdecDzKyWC": [],
        "1LCrW1m3SseNsjXpmQoGxGK6VwVgaFQ7ED": [],
        "1LXk9147eWjDfngXvCRNU3L5qJAR2mr8s": [],
        "1MmgDr1KGjvGQecw4xw4EjNBTYhv7P9cMz": [],
        "1NM6jYpszvSqLQeJgM6ba5Y61ABX2zjP8C": [],
        "1Nf5KA89LDiunziokKqqNzPnKg4H96ec58": [],
        "1thAA1wDJRHeez6uLSpb6iqZM9G7yGbxb": []
    },
    "addresses": {
        "change": [
            "1LXk9147eWjDfngXvCRNU3L5qJAR2mr8s",
            "1F7TnPHH9Sh5otRe7Rk1W8YDNmzLPqXANT",
            "1LCrW1m3SseNsjXpmQoGxGK6VwVgaFQ7ED",
            "18t4zNoRhcr7ubBDjrDf6mmHqDDEm6Q7Rn",
            "1NM6jYpszvSqLQeJgM6ba5Y61ABX2zjP8C",
            "1Cw2Fr8LJdTWty5YpsDJKbZ33WkoCVe6Bw",
            "1B6ejBp8Bi2DP9dUqPDxvdMY6YNXwgiRcG",
            "17NjQfovsYvmCt1HU1heZrmza22n7TAVmN",
            "1HDoNjXtptvHc2TAXgrUDb4JeVX9GpTT9R",
            "1KW6oAHoNcVp1MtVUeVkXKLRnEnoNfPwZY"
        ],
        "receiving": [
            "1JKCh9dhhjEAEF9CDL3KbCY8S3xF7pzgSH",
            "15xzXCaPYFq9DtRT7nPjitgFub7oTXf94v",
            "1Nf5KA89LDiunziokKqqNzPnKg4H96ec58",
            "1AU9arJRHdB2c9jC3DkshqoaMWvgAr5Q6Q",
            "1JiYaSHeNYWTmGexBW8uGdvWzTrfrGvheL",
            "14r1XUETkGTeNU2goYhRaWoS4S7zG3A1c3",
            "1thAA1wDJRHeez6uLSpb6iqZM9G7yGbxb",
            "1KrYUvK81ZKfrrPC7t1cxjbuDdecDzKyWC",
            "14N2sznWe6AMeeG1jmmB1MB9yPh1Svd64z",
            "1MmgDr1KGjvGQecw4xw4EjNBTYhv7P9cMz",
            "19M1DVkiT5xGRYjazynwicE2Q5JvgT653T",
            "1HawWgbvV7C5VsitmjbZWDfdQPizfdhBif",
            "12k6RwFYhS83CatrpBXhTMDqCzFRphes4R",
            "1Bz3UZ6RobzMC59JYJEByzXUgPahZb977Q",
            "1HNuaXsopGrFaMjuToUDmjHN5wh6nJRCR3",
            "1KekBTRyKKDEWfw8VjLG5mKZUHSYDMH73B",
            "1HjAZLfpyvRkond4LsFGLb58y6pHi3QJTv",
            "1Gwp7tYEqVZkX5KubSkRwwRLuxi3AoLiL9",
            "1EZ5GQiigfUvRc1vVR37QtjBiZZG9NezNi",
            "1KU1hp6f6YRJoKpbpERTJXQGVZubUmoaUZ"
        ]
    },
    "fiat_value": {},
    "frozen_coins": {},
    "invoices": {},
    "keystore": {
        "derivation": "m",
        "pw_hash_version": 1,
        "root_fingerprint": "70c8cba7",
        "seed": "minor zone pool arctic remain combine bring claw medal settle grace capable",
        "seed_type": "standard",
        "type": "bip32",
        "xprv": "xprv9s21ZrQH143K3tHqNANUW5uDHxASpPdCoACCFH1HTVvM4JgQd98Gd9SU3hAtas2Dm88reJSvsdMdw38qvVJEfw9XY3iMbYCggJSqNzUwdF6",
        "xpub": "xpub661MyMwAqRbcGNNJUBuUsDqwqyzwDrM4AP7o3fQu1qTKw71ZAgSXAwkwtyaPzXxw4JwcqTrxPLcJj6Rucggw4P9r5yTH9P2fpLrjsbJ4ja6"
    },
    "labels": {},
    "payment_requests": {},
    "prevouts_by_scripthash": {},
    "seed_version": 50,
    "spent_outpoints": {},
    "transactions": {},
    "tx_fees": {},
    "txi": {},
    "txo": {},
    "use_encryption": false,
    "verified_tx3": {},
    "wallet_type": "standard"
}