{
    "addr_history": {
        "bc1q36aa8ckt2z009g0vtyq94whmpnejmnwpxufj5v": [],
        "bc1q4cgrz6rhmn0wuuj36tnqadl7y6ffa3yf76gx5u": [],
        "bc1q5zrgpya9rvp2kh3m760gr28x7ypsshjr6l26kj": [],
        "bc1q6w0smafheppp2ujr9sdkgp443vle224qa8efh6": [],
        "bc1q82cyuw8udcwq3467e2tjsyl4wekk4phsfrsv3x": [],
        "bc1q867avx06r4r022gng7v44ly4lhhs5jkuhh9s6l": [],
        "bc1q8hhal0atyu67wf88kf9xngk8w7yghxeyrafcgl": [],
        "bc1q8nvrglhg98cv5zyhh4j765gecmluneaamrn2y7": [],
        "bc1q98lrrcdwmm5zxa0ejcct28u7ejjz6jdddy4q66": [],
        "bc1qc5dndan78k4d8d40aa6c8h36hy0ua8hc245zav": [],
        "bc1qdrn7s542y9s63eckva79fs8m3l9dp6h3pzfsvt": [],
        "bc1qeaf4fwdyg3akdnkn8fs9umlyy6zx5htuvarvny": [],
        "bc1qeknn4xqq29fy663wyta0mjc6uqrfwr23urme32": [],
        "bc1qgha8x4rkynhq6w09kr00f6p3e0txekc59dlms5": [],
        "bc1qhma56u4j97pskvgyup0y0u7eh38wgndn7rxxf4": [],
        "bc1qjlsulkmxwjjyr6ulq6ptahrkurhfcwh8vf6xah": [],
        "bc1qkxf93uktjdnvkhmqw3ffp9xdnehyhcdkxc9s7x": [],
        "bc1qlar797knck8dfau4n3we6w8zm3qyazf9jnctau": [],
        "bc1qm92r695kjf5rg3cl3d4k909c58tnvgwrtnqfs7": [],
        "bc1qmcj898semk9hcw604c949jhz6tcu0hjv829fts": [],
        "bc1qmuht9jqshn8xer2cl5nnzygpa5nnnctusuk0y8": [],
        "bc1qpydumd9wpprqkwwcp3yw3fulg67g7zfn7nu4jv": [],
        "bc1qq3hn25l769az2at26zw7xn4jlegzh3ah87kqfs": [],
        "bc1qqjyp5j4v2d45h9l2mmdsnhzvg2a2j5dycupj0e": [],
        "bc1qryqa42zy49sys9ve9gwv7vc4nhha63rp8j7qa9": [],
        "bc1qs04htgg837ne8sfwnx2nfdzlydknyaj823ll3m": [],
        "bc1qsqtynrwnsqdsljapnuz2um3xhrfpfgycj29tn4": [],
        "bc1qvw0qppdvx7f0h7jqwwr4pzvxlg5sa9qyffr4vp": [],
        "bc1qyaxlfaafpnu9t7q0ksl7utjul0h4h63taedtv9": [],
        "bc1qyt9nevz84eyxaa7srwuylry834ay2g8v5sjjvt": []
    },
    "addresses": {
        "change": [
            "bc1q4cgrz6rhmn0wuuj36tnqadl7y6ffa3yf76gx5u",
            "bc1qqjyp5j4v2d45h9l2mmdsnhzvg2a2j5dycupj0e",
            "bc1qc5dndan78k4d8d40aa6c8h36hy0ua8hc245zav",
            "bc1qvw0qppdvx7f0h7jqwwr4pzvxlg5sa9qyffr4vp",
            "bc1q6w0smafheppp2ujr9sdkgp443vle224qa8efh6",
            "bc1qs04htgg837ne8sfwnx2nfdzlydknyaj823ll3m",
            "bc1qm92r695kjf5rg3cl3d4k909c58tnvgwrtnqfs7",
            "bc1qlar797knck8dfau4n3we6w8zm3qyazf9jnctau",
            "bc1qmcj898semk9hcw604c949jhz6tcu0hjv829fts",
            "bc1qsqtynrwnsqdsljapnuz2um3xhrfpfgycj29tn4"
        ],
        "receiving": [
            "bc1q82cyuw8udcwq3467e2tjsyl4wekk4phsfrsv3x",
            "bc1qmuht9jqshn8xer2cl5nnzygpa5nnnctusuk0y8",
            "bc1qeknn4xqq29fy663wyta0mjc6uqrfwr23urme32",
            "bc1qjlsulkmxwjjyr6ulq6ptahrkurhfcwh8vf6xah",
            "bc1qryqa42zy49sys9ve9gwv7vc4nhha63rp8j7qa9",
            "bc1q36aa8ckt2z009g0vtyq94whmpnejmnwpxufj5v",
            "bc1q867avx06r4r022gng7v44ly4lhhs5jkuhh9s6l",
            "bc1qeaf4fwdyg3akdnkn8fs9umlyy6zx5htuvarvny",
            "bc1qyaxlfaafpnu9t7q0ksl7utjul0h4h63taedtv9",
            "bc1q5zrgpya9rvp2kh3m760gr28x7ypsshjr6l26kj",
            "bc1q8nvrglhg98cv5zyhh4j765gecmluneaamrn2y7",
            "bc1qpydumd9wpprqkwwcp3yw3fulg67g7zfn7nu4jv",
            "bc1qhma56u4j97pskvgyup0y0u7eh38wgndn7rxxf4",
            "bc1q8hhal0atyu67wf88kf9xngk8w7yghxeyrafcgl",
            "bc1qkxf93uktjdnvkhmqw3ffp9xdnehyhcdkxc9s7x",
            "bc1qgha8x4rkynhq6w09kr00f6p3e0txekc59dlms5",
            "bc1q98lrrcdwmm5zxa0ejcct28u7ejjz6jdddy4q66",
            "bc1qq3hn25l769az2at26zw7xn4jlegzh3ah87kqfs",
            "bc1qdrn7s542y9s63eckva79fs8m3l9dp6h3pzfsvt",
            "bc1qyt9nevz84eyxaa7srwuylry834ay2g8v5sjjvt"
        ]
    },
    "channels": {},
    "fiat_value": {},
    "frozen_coins": {},
    "imported_channel_backups": {},
    "invoices": {},
    "keystore": {
        "derivation": "m/0'",
        "pw_hash_version": 1,
        "root_fingerprint": "5e52d9e3",
        "seed": "minor zone pool always remain combine athlete claw medal settle grace capable",
        "seed_type": "segwit",
        "type": "bip32",
        "xprv": "zprvAZFtHJakX8zE2QwzhbtqAZPtU5w9HVB1jU3X424ounR44N3Fk5q5F76kc5PffFnfDCPfQ1293z92oMdqtBxJAUtu1Wa7QYZqy1abvpEQRpY",
        "xpub": "zpub6nFEgp7eMWYXEu2TodRqXhLd27mdgwts6gy7rQURU7x2wANQHd9KnuRETKjK1ngqrpxMPKeaUaGCqo4187chHfpA3wfNbYAz281M6DoW9e1"
    },
    "labels": {},
    "lightning_payments": {},
    "lightning_preimages": {},
    "lightning_xprv": "zprvAc8eEJApFikxbWP3FJi4AsdeFH762tgjC6AozMmmrc1ajN7BKvGiSiy89fVK7h7Ua38RgMhUM1kPphDXMBK2zvVQ57WEGSqDfwkvGT8dsZu",
    "onchain_channel_backups": {},
    "payment_requests": {},
    "prevouts_by_scripthash": {},
    "seed_version": 50,
    "spent_outpoints": {},
    "submarine_swaps": {},
    "transactions": {},
    "tx_fees": {},
    "txi": {},
    "txo": {},
    "use_encryption": false,
    "verified_tx3": {},
    "wallet_type": "standard"
}