{
    "addr_history": {
        "12V8E14PcpiyG6ZYgrspFafMQ6bHDJeDQF": [],
        "12YAfYKPaZQqM1ZuWwVAADKs4U18Xr7u5P": [],
        "13BwqHb3L4tfaMSWjGUqgnMEeQyvbYUz3t": [],
        "14iyM4Z8uTUn6tcxY88otuVL7VqAqayx26": [],
        "152HHnVWE4K5qTxUVHVYyo4fVqbvZN23TB": [],
        "15QaF6oFGwg6Hy7FbuxixaEgpNFYzT7Eu6": [],
        "163yxmFSqVh9W9WebKUpLFGdaS7Vqs9v8B": [],
        "166o9UdX8z66AhEvfYcuXLjfhRctNZfEtQ": [],
        "16WBdGMGxA2JGSSjCn8dgR1hveMe71nQo2": [],
        "16ftDrtDUVRhrKHPi2GUtgoVn4oA4fWNDJ": [],
        "17N6pMb68HDjuh9mSMtpbEiBqU4FNy5ok8": [],
        "18AGAeKhnhn7sdUimEcDhdDc3eLpqrQUDk": [],
        "19wC9y8YhMGzQstarT8QEqEmnVVVNBaZmE": [],
        "1CXCZfT7Pscc5qQnHJ3qi1HEmwStd9dAcn": [],
        "1CkYmoLcqs9mYM8GetQ9Cuf9d1BGL2jnGC": [],
        "1CwNxxyRZHcVvB5oQRunYrMciXHh7JAtxP": [],
        "1DkFnVgw4getVoGetdu64qGoWprCHzA8B8": [],
        "1DnWiaEU3hDEjvGnVvVYDffxKmY183HNHr": [],
        "1DsJ1yLUYYGizjCLn8gH729DeEGP7dDhVF": [],
        "1E1bzky5NadWm6s3NvXVUeYLSxuJdXU88o": [],
        "1EA5QCMrf4g7A26K3cgzvybqaZ4HLgXZdP": [],
        "1HYu8dXPjkSSurkV5Sj1gySQcncYKYg5vb": [],
        "1HaXczsYdg95fYwrheDZUKUoQQHQRuegK3": [],
        "1JTnUpezq6cDnWDuRyocGBfXYycLY7Grq4": [],
        "1KpyU7p3zKCConpfXD2otECHrk8NPVJecH": [],
        "1LMXsiwinHm2T9YjQ3ZdYSReshNZEeqXfi": [],
        "1MLdtuTAxivRikmYag96ewzjj7TNkYUuPR": [],
        "1NAPhb99zaFLfMLQBezedwP6MC3whExSYw": [],
        "1PRD2C6xU137ZdwscimUWXGcaAWg7PRKhr": [],
        "1wz2VHFpeQgUTFfEwLdUcRv6UftPdqFKG": []
    },
    "addresses": {
        "change": [
            "19wC9y8YhMGzQstarT8QEqEmnVVVNBaZmE",
            "15QaF6oFGwg6Hy7FbuxixaEgpNFYzT7Eu6",
            "18AGAeKhnhn7sdUimEcDhdDc3eLpqrQUDk",
            "13BwqHb3L4tfaMSWjGUqgnMEeQyvbYUz3t",
            "1EA5QCMrf4g7A26K3cgzvybqaZ4HLgXZdP",
            "1KpyU7p3zKCConpfXD2otECHrk8NPVJecH",
            "1DsJ1yLUYYGizjCLn8gH729DeEGP7dDhVF",
            "166o9UdX8z66AhEvfYcuXLjfhRctNZfEtQ",
            "12V8E14PcpiyG6ZYgrspFafMQ6bHDJeDQF",
            "1wz2VHFpeQgUTFfEwLdUcRv6UftPdqFKG"
        ],
        "receiving": [
            "16ftDrtDUVRhrKHPi2GUtgoVn4oA4fWNDJ",
            "1DnWiaEU3hDEjvGnVvVYDffxKmY183HNHr",
            "1CwNxxyRZHcVvB5oQRunYrMciXHh7JAtxP",
            "1NAPhb99zaFLfMLQBezedwP6MC3whExSYw",
            "12YAfYKPaZQqM1ZuWwVAADKs4U18Xr7u5P",
            "17N6pMb68HDjuh9mSMtpbEiBqU4FNy5ok8",
            "1CXCZfT7Pscc5qQnHJ3qi1HEmwStd9dAcn",
            "1PRD2C6xU137ZdwscimUWXGcaAWg7PRKhr",
            "1JTnUpezq6cDnWDuRyocGBfXYycLY7Grq4",
            "1LMXsiwinHm2T9YjQ3ZdYSReshNZEeqXfi",
            "152HHnVWE4K5qTxUVHVYyo4fVqbvZN23TB",
            "1HaXczsYdg95fYwrheDZUKUoQQHQRuegK3",
            "1E1bzky5NadWm6s3NvXVUeYLSxuJdXU88o",
            "1HYu8dXPjkSSurkV5Sj1gySQcncYKYg5vb",
            "163yxmFSqVh9W9WebKUpLFGdaS7Vqs9v8B",
            "14iyM4Z8uTUn6tcxY88otuVL7VqAqayx26",
            "1MLdtuTAxivRikmYag96ewzjj7TNkYUuPR",
            "16WBdGMGxA2JGSSjCn8dgR1hveMe71nQo2",
            "1CkYmoLcqs9mYM8GetQ9Cuf9d1BGL2jnGC",
            "1DkFnVgw4getVoGetdu64qGoWprCHzA8B8"
        ]
    },
    "fiat_value": {},
    "frozen_coins": {},
    "invoices": {},
    "keystore": {
        "derivation": "m",
        "pw_hash_version": 1,
        "root_fingerprint": "d29faab6",
        "seed": "minor zone pool art remain combine supply claw medal settle grace capable",
        "seed_type": "standard",
        "type": "bip32",
        "xprv": "xprv9s21ZrQH143K24UkEqnue9XqPpKkZGb7vUn7TffjgskJqFTjSR6Eez3qobnFSBjJDJ4MDYypZhKnax53VqVQziWXCxFEd23qi1dsFgirfMF",
        "xpub": "xpub661MyMwAqRbcEYZDLsKv1HUZwrAExjJyHhhiG45MFDHHi3nsyxQVCnNKeuysUHVnRwtBAq2f5k336rtRVDtXZTGetKGgYd67TGBUvCAq9FW"
    },
    "labels": {},
    "payment_requests": {},
    "prevouts_by_scripthash": {},
    "seed_version": 50,
    "spent_outpoints": {},
    "transactions": {},
    "tx_fees": {},
    "txi": {},
    "txo": {},
    "use_encryption": false,
    "verified_tx3": {},
    "wallet_type": "standard"
}