{
    "addr_history": {
        "12L3bUoqeFXQd8GKXPdJnwwJ5J3oQULqAH": [],
        "12vrPs7mK8jDP5PJ4Vn8y96ErLiCT2b2VR": [],
        "136JhULVvMpYusj75KDybaeEEXyEscn9tm": [],
        "13Y9TXE9QsEAdKfRm2y3RhBWJRzKMnrLgw": [],
        "141d89K2VsytsDtzLN1A6tkSd28hGD7yYA": [],
        "15HL81H6HNTfCi22mE8FJbHgzjTq4iWBep": [],
        "16J3h7gTNHRPVwmLA6MU5Hk2ZMepNBE5Dt": [],
        "16MVrfU7LyEHtyCXZyEe7ds9JRVhTsgyYy": [],
        "16sTd9nW4yxYrbbyWa9cBKPUB8MLSq3GpK": [],
        "17ne4X2Mbwqkuesrs2QCAsv12Eh3cu7rxY": [],
        "17svnJUdAS7uFXdc3qjhgZefN5mvD69a6M": [],
        "18g2DBQmgfJYxQ1dqN7MsudbkfbzCzGf58": [],
        "19atzxEj4oofW3kzVsBKt7mcRFdQMRhP8m": [],
        "1ADoKBwWkgdNUsPMZJGfZgXtcZV1aKZrdM": [],
        "1AfexdHeRU1cKvMVJg5MngrBxFJ1nmMZVq": [],
        "1Amzv9iQTas3bdDe5HtVkUmdxYSXUtCJjD": [],
        "1Bp8TPkE6Z6cDMLv7PeDA1dgyr1y34YXVk": [],
        "1CxXJjfQGAVrRWRfJ1bAYPbg2otc39MUTq": [],
        "1DtubAkgbpdRcXiBWfTykYUA2v2XdQz42J": [],
        "1EHa75QXsciCuTaWkHXeTUkFD5D5fYaY9J": [],
        "1F6gGgkJ1NfiwQsCkbFa7mhS7Hbjdnmjni": [],
        "1HaiycxXpdcuvLbEGsKeR3GcS1Zf3cK8ft": [],
        "1JQyvDV7Ks4JMfkCnPxqDEEBVWqE7CdpZH": [],
        "1L8QPtkd84obWapxSLRCUUnRgaT6CDHi6d": [],
        "1N5mEtDkibEcjxUks5Eu3zgaAwrCpd9ibb": [],
        "1NA8r4HEKVUEEs5GJuSac9w6MtReAAFH7T": [],
        "1NL6UxcWeUF83xCCwdsS2h5B3rWC4fkAkN": [],
        "1NV5eSpTEMfGwqLKhKKnLebiMUbdyKvoH3": [],
        "1PFnE7jZWiJ27EMqrJSuntFigac9y9iSEf": [],
        "1Ug5296We1kMNTn3GgGk1e1ZZ9nrXSqgF": []
    },
    "addresses": {
        "change": [
            "1N5mEtDkibEcjxUks5Eu3zgaAwrCpd9ibb",
            "136JhULVvMpYusj75KDybaeEEXyEscn9tm",
            "1PFnE7jZWiJ27EMqrJSuntFigac9y9iSEf",
            "1DtubAkgbpdRcXiBWfTykYUA2v2XdQz42J",
            "17ne4X2Mbwqkuesrs2QCAsv12Eh3cu7rxY",
            "1Amzv9iQTas3bdDe5HtVkUmdxYSXUtCJjD",
            "1F6gGgkJ1NfiwQsCkbFa7mhS7Hbjdnmjni",
            "1NL6UxcWeUF83xCCwdsS2h5B3rWC4fkAkN",
            "1AfexdHeRU1cKvMVJg5MngrBxFJ1nmMZVq",
            "1CxXJjfQGAVrRWRfJ1bAYPbg2otc39MUTq"
        ],
        "receiving": [
            "12vrPs7mK8jDP5PJ4Vn8y96ErLiCT2b2VR",
            "19atzxEj4oofW3kzVsBKt7mcRFdQMRhP8m",
            "1ADoKBwWkgdNUsPMZJGfZgXtcZV1aKZrdM",
            "1HaiycxXpdcuvLbEGsKeR3GcS1Zf3cK8ft",
            "16J3h7gTNHRPVwmLA6MU5Hk2ZMepNBE5Dt",
            "1Ug5296We1kMNTn3GgGk1e1ZZ9nrXSqgF",
            "1JQyvDV7Ks4JMfkCnPxqDEEBVWqE7CdpZH",
            "13Y9TXE9QsEAdKfRm2y3RhBWJRzKMnrLgw",
            "1NA8r4HEKVUEEs5GJuSac9w6MtReAAFH7T",
            "16sTd9nW4yxYrbbyWa9cBKPUB8MLSq3GpK",
            "16MVrfU7LyEHtyCXZyEe7ds9JRVhTsgyYy",
            "15HL81H6HNTfCi22mE8FJbHgzjTq4iWBep",
            "1NV5eSpTEMfGwqLKhKKnLebiMUbdyKvoH3",
            "1Bp8TPkE6Z6cDMLv7PeDA1dgyr1y34YXVk",
            "1EHa75QXsciCuTaWkHXeTUkFD5D5fYaY9J",
            "141d89K2VsytsDtzLN1A6tkSd28hGD7yYA",
            "17svnJUdAS7uFXdc3qjhgZefN5mvD69a6M",
            "1L8QPtkd84obWapxSLRCUUnRgaT6CDHi6d",
            "12L3bUoqeFXQd8GKXPdJnwwJ5J3oQULqAH",
            "18g2DBQmgfJYxQ1dqN7MsudbkfbzCzGf58"
        ]
    },
    "fiat_value": {},
    "frozen_coins": {},
    "invoices": {},
    "keystore": {
        "derivation": "m",
        "pw_hash_version": 1,
        "root_fingerprint": "00751971",
        "seed": "minor zone pool argue remain combine person claw medal settle grace capable",
        "seed_type": "standard",
        "type": "bip32",
        "xprv": "xprv9s21ZrQH143K25139QfYMBDTn6ai28msW5ZNkSvzP38zyTLRQiXBQrpzuPoVSxYc3xK5b9bQTFa3jpKeufLQiuGfWj9ynjRGYFtSJcY9PZe",
        "xpub": "xpub661MyMwAqRbcEZ5WFSCYiKACL8RCRbVisJUyYqLbwNfyrFfZxFqRxf9Ukg68DpK8LpanQpqzy88U9RZRkTb5VYHucuUGb7wXtBGDwGVez98"
    },
    "labels": {},
    "payment_requests": {},
    "prevouts_by_scripthash": {},
    "seed_version": 50,
    "spent_outpoints": {},
    "transactions": {},
    "tx_fees": {},
    "txi": {},
    "txo": {},
    "use_encryption": false,
    "verified_tx3": {},
    "wallet_type": "standard"
}