{
    "addr_history": {
        "12q4wLPLNzBPHWhGfMwzXXR5nRTbcMbhRc": [],
        "143KFK8S2JCs87eTTEbr3oUgmGwJEPYzvE": [],
        "14TYJQcwP3umpTZ8bQhWemNACimU6BVTJd": [],
        "14eTnKLCX4JBrwGpfNP1e9K6bm45GdJoeE": [],
        "14fNakYeXVgcGNdhv2H52wetLv64pDjewS": [],
        "15GGf8fbdRjPkNdsK8EX6Mo7e4wSWuBsEA": [],
        "15y1nNdyVqXRHzykkt1nfZXZeFCPKWbF4r": [],
        "16kzh6ARkyGq83ifKDVB94Cv6K1JoP87n8": [],
        "16qJUqBuyjLvkVvu62rtCEu8EP6MEh8X8t": [],
        "16vrdU31WzyrKrSegsaxwxK1bRphTvAXgB": [],
        "17wdCHNe5iAntSLf4veLCnBo33HEPM1uQB": [],
        "185n7uzcrUymgcNgQzw6z5AVd1mD8AuuRD": [],
        "18hyeJxkvzBRLUQjP8EWt8Vn9iA2xvQKGJ": [],
        "18qtgYZ6pLD24hXhJgyFUaCi7h2Jw1X6Di": [],
        "19TdoEVycopmVmFmUgyDRQHMdre3tZCk7Z": [],
        "19fziq3emukTp1LvKpipUYTrX6zCoEGAo1": [],
        "1BiCWjHki4Ze27PogMc5MgSzm4sjvyK11J": [],
        "1DAn8oHqHg7iQfZpjFFgZBppAm6NTuPDWh": [],
        "1DjzxKRKAQ5syN5B2pdUpZXRVXLM2d8BcM": [],
        "1H8Y2MwBqcBuVTgKZ4XT7rHH25NXuns93D": [],
        "1HqScnySJBLxGX7eVTc1hmJXiNGy52NDY5": [],
        "1Jxa2cud2Yrfo6dmZuA6aYsaFg6RUSh6hJ": [],
        "1L3jenCn2UXkbuyTC3JEWzjUJtFASBWJiM": [],
        "1LFMLUifDc64bdNRN2V1pe9UPx3JtApkn7": [],
        "1M3r5ZUqaSAkxjv3boBPM9aDjdi89xFSnG": [],
        "1MDgqjW6LeMr83qoL2igcKcBVVHUfnCoVS": [],
        "1MpzqXPvzH3XFReUmhfuekA9wTJ5hHPKfV": [],
        "1MyJbDhHAiRuzSmhimJPGP7mFWM2XBsrb5": [],
        "1NEmXZF3ydrveiwKKYV4rYEjTWiTnZYttu": [],
        "1NjwcgUiXMSNKpgwXcXmyqNUR4fVNb2UxX": []
    },
    "addresses": {
        "change": [
            "1BiCWjHki4Ze27PogMc5MgSzm4sjvyK11J",
            "1LFMLUifDc64bdNRN2V1pe9UPx3JtApkn7",
            "17wdCHNe5iAntSLf4veLCnBo33HEPM1uQB",
            "1DjzxKRKAQ5syN5B2pdUpZXRVXLM2d8BcM",
            "12q4wLPLNzBPHWhGfMwzXXR5nRTbcMbhRc",
            "1M3r5ZUqaSAkxjv3boBPM9aDjdi89xFSnG",
            "15GGf8fbdRjPkNdsK8EX6Mo7e4wSWuBsEA",
            "1H8Y2MwBqcBuVTgKZ4XT7rHH25NXuns93D",
            "1NjwcgUiXMSNKpgwXcXmyqNUR4fVNb2UxX",
            "19TdoEVycopmVmFmUgyDRQHMdre3tZCk7Z"
        ],
        "receiving": [
            "14eTnKLCX4JBrwGpfNP1e9K6bm45GdJoeE",
            "1DAn8oHqHg7iQfZpjFFgZBppAm6NTuPDWh",
            "19fziq3emukTp1LvKpipUYTrX6zCoEGAo1",
            "16kzh6ARkyGq83ifKDVB94Cv6K1JoP87n8",
            "18qtgYZ6pLD24hXhJgyFUaCi7h2Jw1X6Di",
            "1Jxa2cud2Yrfo6dmZuA6aYsaFg6RUSh6hJ",
            "16qJUqBuyjLvkVvu62rtCEu8EP6MEh8X8t",
            "185n7uzcrUymgcNgQzw6z5AVd1mD8AuuRD",
            "1MyJbDhHAiRuzSmhimJPGP7mFWM2XBsrb5",
            "15y1nNdyVqXRHzykkt1nfZXZeFCPKWbF4r",
            "1HqScnySJBLxGX7eVTc1hmJXiNGy52NDY5",
            "1NEmXZF3ydrveiwKKYV4rYEjTWiTnZYttu",
            "16vrdU31WzyrKrSegsaxwxK1bRphTvAXgB",
            "14fNakYeXVgcGNdhv2H52wetLv64pDjewS",
            "14TYJQcwP3umpTZ8bQhWemNACimU6BVTJd",
            "143KFK8S2JCs87eTTEbr3oUgmGwJEPYzvE",
            "1L3jenCn2UXkbuyTC3JEWzjUJtFASBWJiM",
            "18hyeJxkvzBRLUQjP8EWt8Vn9iA2xvQKGJ",
            "1MDgqjW6LeMr83qoL2igcKcBVVHUfnCoVS",
            "1MpzqXPvzH3XFReUmhfuekA9wTJ5hHPKfV"
        ]
    },
    "fiat_value": {},
    "frozen_coins": {},
    "invoices": {},
    "keystore": {
        "derivation": "m",
        "pw_hash_version": 1,
        "root_fingerprint": "095f74fa",
        "seed": "minor zone pool avoid remain combine predict claw medal settle grace capable",
        "seed_type": "standard",
        "type": "bip32",
        "xprv": "xprv9s21ZrQH143K4Tk62Ga4WfFgWR4bBAa56EU2B4qch1Gb89Jic1hZYxLZiQ2YoqPxTswpZVosfQzxX5bM2zGEetNgQDxv19ejtUcTETb5zEr",
        "xpub": "xpub661MyMwAqRbcGwpZ8J74soCR4Su5adHvTTPcyTFEFLoZzwds9Z1p6kf3ZgchkpsDGk2MqjGFSQoDCbzfXMCk6fYcjrvK3yoaCp22prRcNXs"
    },
    "labels": {},
    "payment_requests": {},
    "prevouts_by_scripthash": {},
    "seed_version": 50,
    "spent_outpoints": {},
    "transactions": {},
    "tx_fees": {},
    "txi": {},
    "txo": {},
    "use_encryption": false,
    "verified_tx3": {},
    "wallet_type": "standard"
}