{
    "addr_history": {
        "1247ECfuTMQzL6A4Rd551uoBaD8pdMoBwy": [],
        "13g6iktMBasshkHpvKF4HpvfyxUPFU8MaU": [],
        "13xYGSCA9wppwVpF6WBeAHXKsHcdmAiYwt": [],
        "15SU5dXEaZuZ9rwcZtzj5gBeSXNg7Vj83S": [],
        "15hGGXQTrXXptrDiW4m5oAJMcHQFydZwjk": [],
        "15ks59YjuKUd7KNcEHpJFZpmae3mxXuaxq": [],
        "15zf3guscTTjN6HD2cRSQQB4PTJqDj9vw3": [],
        "16NY5Nxzf7quj8ybgKsCNT3gMppXGYeEiG": [],
        "16fWC5M8EKv5C2gbZFcdLfZYCCGLj4MKgT": [],
        "16sBc71DtoYF8vuKNGvzpsGctNXTqEgbbm": [],
        "17JLTopVPhdg7zyc1MY94R8tJuMp1YK6K": [],
        "17XVALUFBfPvSiW1jw1HJ5GarRuD8KUs2T": [],
        "1BGtdQwYw4tDBnrAvhMYZevgSws2BKjq5H": [],
        "1FKbunW9k9eFRYZrWNDHffucbxmAW4TKrU": [],
        "1FN3kDZAW7WvA4zLVzuFcTSNV1zzi517Pj": [],
        "1FPhAgdDrDHMPyucgRAZpkADJFe3tAXnzg": [],
        "1FVMxzHsjJTLbpmjfnJcvf8rhd3Zz34yRr": [],
        "1GLm7b9kmA3ZZcVDEhBnmmconCMCCLrv8r": [],
        "1GuhGG6mf4iZZN7w3nnd4uFgYToPSeijMy": [],
        "1Hh3oRBNuUKFPSVXm6F2MUcB3unhntmpwA": [],
        "1KbfgLuYf3ZsLhHRS9SQwmeXpEfd8VftjN": [],
        "1KfQRmXi1C3g9SfAeTJU4p86fwzw4NsB8Z": [],
        "1McECES8m3ysoHe7WNoYJQhxi4ixFAxijN": [],
        "1N9HNKGnqit1Q1x6Fr374VSLUm41Q56Av6": [],
        "1NK9VLUgEdhG5B29XVn6tT6Pr8Tmb33RW3": [],
        "1P4uPrMAay84rqZR9HtKBgCozjDXH7QqmW": [],
        "1P6trMPGtHyAq4AsczknMFMGHKEwpq3K4E": [],
        "1PErDyKQTAtseMbdiHR1jnwG8xqTAxrkdD": [],
        "1PSDWgyKnctv44TPtMXdDgPvuiDR7ADn7H": [],
        "1PpPaZ7XHxhyxwDnaVpc7A4UGhGJTnAm37": []
    },
    "addresses": {
        "change": [
            "16NY5Nxzf7quj8ybgKsCNT3gMppXGYeEiG",
            "1P6trMPGtHyAq4AsczknMFMGHKEwpq3K4E",
            "15ks59YjuKUd7KNcEHpJFZpmae3mxXuaxq",
            "1FN3kDZAW7WvA4zLVzuFcTSNV1zzi517Pj",
            "15SU5dXEaZuZ9rwcZtzj5gBeSXNg7Vj83S",
            "1FKbunW9k9eFRYZrWNDHffucbxmAW4TKrU",
            "1NK9VLUgEdhG5B29XVn6tT6Pr8Tmb33RW3",
            "1GLm7b9kmA3ZZcVDEhBnmmconCMCCLrv8r",
            "1PpPaZ7XHxhyxwDnaVpc7A4UGhGJTnAm37",
            "1KfQRmXi1C3g9SfAeTJU4p86fwzw4NsB8Z"
        ],
        "receiving": [
            "15zf3guscTTjN6HD2cRSQQB4PTJqDj9vw3",
            "1KbfgLuYf3ZsLhHRS9SQwmeXpEfd8VftjN",
            "1FVMxzHsjJTLbpmjfnJcvf8rhd3Zz34yRr",
            "1N9HNKGnqit1Q1x6Fr374VSLUm41Q56Av6",
            "17JLTopVPhdg7zyc1MY94R8tJuMp1YK6K",
            "1P4uPrMAay84rqZR9HtKBgCozjDXH7QqmW",
            "1GuhGG6mf4iZZN7w3nnd4uFgYToPSeijMy",
            "13g6iktMBasshkHpvKF4HpvfyxUPFU8MaU",
            "1Hh3oRBNuUKFPSVXm6F2MUcB3unhntmpwA",
            "16fWC5M8EKv5C2gbZFcdLfZYCCGLj4MKgT",
            "1BGtdQwYw4tDBnrAvhMYZevgSws2BKjq5H",
            "17XVALUFBfPvSiW1jw1HJ5GarRuD8KUs2T",
            "15hGGXQTrXXptrDiW4m5oAJMcHQFydZwjk",
            "1PSDWgyKnctv44TPtMXdDgPvuiDR7ADn7H",
            "1McECES8m3ysoHe7WNoYJQhxi4ixFAxijN",
            "13xYGSCA9wppwVpF6WBeAHXKsHcdmAiYwt",
            "1247ECfuTMQzL6A4Rd551uoBaD8pdMoBwy",
            "1FPhAgdDrDHMPyucgRAZpkADJFe3tAXnzg",
            "1PErDyKQTAtseMbdiHR1jnwG8xqTAxrkdD",
            "16sBc71DtoYF8vuKNGvzpsGctNXTqEgbbm"
        ]
    },
    "fiat_value": {},
    "frozen_coins": {},
    "invoices": {},
    "keystore": {
        "derivation": "m",
        "pw_hash_version": 1,
        "root_fingerprint": "1924c10a",
        "seed": "minor zone pool above remain combine omit claw medal settle grace capable",
        "seed_type": "standard",
        "type": "bip32",
        "xprv": "xprv9s21ZrQH143K2nSvxr6MGsDYVXBFiW56Y5N2z9vDNRrhpLgRpkZJUDB8NcY8qBuhmex36x76pCoTS6uaawR6c2r9ayzN5dMxzbtdeL48KTq",
        "xpub": "xpub661MyMwAqRbcFGXQ4sdMe1AH3Z1k7xnwuJHdnYKpvmPgh91aNHsZ21VcDrozv4MY1DGkbd5v5ve1v3qrcTKtsLPiEFXEPft9gXbBEMA364k"
    },
    "labels": {},
    "payment_requests": {},
    "prevouts_by_scripthash": {},
    "seed_version": 50,
    "spent_outpoints": {},
    "transactions": {},
    "tx_fees": {},
    "txi": {},
    "txo": {},
    "use_encryption": false,
    "verified_tx3": {},
    "wallet_type": "standard"
}