{
    "addr_history": {
        "13yiMwrF9f2vwi4PWof617P3CJBFH19CdX": [],
        "141QXwyFAj46N8TDhmrxvXgY1FHYpwL8CV": [],
        "14M3yfhSwcWgVGVRBnRJEKv9sFwhpRj681": [],
        "14UBp5dch5kEzjrqVF6jBCZw844hfppS1P": [],
        "14nrkUNoQxHssw4Yd8QGZcrQuEEsntRwjC": [],
        "14vBPKU4G14DM1fnfur22gP57stnRfBo2d": [],
        "15C6FVPvVjMnsASbVWMt6S9PTsYdhwf9br": [],
        "16zpgvLwwhDQZ7zZvTUpEEmcHvXzBAyHEk": [],
        "17guaYT2yrKWyzb23tJVgkekrw9KroS3gN": [],
        "18RwjDM7SYYZjWGtQCnFfiqPLnh2MnJEnZ": [],
        "18kokPkHrJ4eGfyZbnYqkPVYThWdkfrYba": [],
        "1BmjEko3161AvU4pwsKMpqJ9WDNpEHhbbB": [],
        "1DaV5dQnx2NnCudXkYSYL2i61LZzHp7nFP": [],
        "1Dh9JwKDCPk6SCTPrTX4KpN7ivcAcz1G1Z": [],
        "1EoELCX6NgpcEeYHSrK7jYKrV1aqvb2Xg1": [],
        "1Fvp7hP3dVtoaDCJQajpdst5G8WN8ZRaFp": [],
        "1HKFyt5EGjbuittnzM2rpZ4v6skxtHtu8w": [],
        "1Hss7zrktFL4BMZmapJBKSkYGZkfXbU82s": [],
        "1J1NbMaoiTrLxnK9c9agsN6FUBaMsdoekU": [],
        "1J5MeJLMvRDu2gP41mZ7nmcY2YLS6FRgh6": [],
        "1Jnc3PYZvhrrDBn4LULaoNAMb5gcY5z48R": [],
        "1K93Bbc64mJ7ZjGDbZKR4n1XeD37ZETypP": [],
        "1KXn1vJjtUPDP7BNJd9xYaMEoCStSYWgLn": [],
        "1LNJZYpALhkzegLs73FwDDfLhw4q6Jgn7": [],
        "1LRA9GNaR9M1D6ya5YjLVeFRHNNYuF5L42": [],
        "1NSogs1qYb8eU96uTF2WLH1qcwPeFAy7eK": [],
        "1NX54JrKeNsx7qzkLABxpYXoNfvY339Ybm": [],
        "1NdJmp5ExD2NY9yF358nyyvHoBQx8hnesy": [],
        "1PowvJEof45mJc1ZTVgJGMvrX2sugzuuet": [],
        "1QJ5YcL5hfoEaZegBixwuJxHFvGsUKB7ae": []
    },
    "addresses": {
        "change": [
            "1HKFyt5EGjbuittnzM2rpZ4v6skxtHtu8w",
            "1EoELCX6NgpcEeYHSrK7jYKrV1aqvb2Xg1",
            "17guaYT2yrKWyzb23tJVgkekrw9KroS3gN",
            "18kokPkHrJ4eGfyZbnYqkPVYThWdkfrYba",
            "1BmjEko3161AvU4pwsKMpqJ9WDNpEHhbbB",
            "1J5MeJLMvRDu2gP41mZ7nmcY2YLS6FRgh6",
            "1NX54JrKeNsx7qzkLABxpYXoNfvY339Ybm",
            "1LNJZYpALhkzegLs73FwDDfLhw4q6Jgn7",
            "1KXn1vJjtUPDP7BNJd9xYaMEoCStSYWgLn",
            "1QJ5YcL5hfoEaZegBixwuJxHFvGsUKB7ae"
        ],
        "receiving": [
            "14nrkUNoQxHssw4Yd8QGZcrQuEEsntRwjC",
            "14M3yfhSwcWgVGVRBnRJEKv9sFwhpRj681",
            "1Jnc3PYZvhrrDBn4LULaoNAMb5gcY5z48R",
            "16zpgvLwwhDQZ7zZvTUpEEmcHvXzBAyHEk",
            "1NdJmp5ExD2NY9yF358nyyvHoBQx8hnesy",
            "1K93Bbc64mJ7ZjGDbZKR4n1XeD37ZETypP",
            "141QXwyFAj46N8TDhmrxvXgY1FHYpwL8CV",
            "15C6FVPvVjMnsASbVWMt6S9PTsYdhwf9br",
            "18RwjDM7SYYZjWGtQCnFfiqPLnh2MnJEnZ",
            "1LRA9GNaR9M1D6ya5YjLVeFRHNNYuF5L42",
            "1Hss7zrktFL4BMZmapJBKSkYGZkfXbU82s",
            "1Fvp7hP3dVtoaDCJQajpdst5G8WN8ZRaFp",
            "14vBPKU4G14DM1fnfur22gP57stnRfBo2d",
            "14UBp5dch5kEzjrqVF6jBCZw844hfppS1P",
            "1J1NbMaoiTrLxnK9c9agsN6FUBaMsdoekU",
            "1DaV5dQnx2NnCudXkYSYL2i61LZzHp7nFP",
            "1NSogs1qYb8eU96uTF2WLH1qcwPeFAy7eK",
            "1Dh9JwKDCPk6SCTPrTX4KpN7ivcAcz1G1Z",
            "13yiMwrF9f2vwi4PWof617P3CJBFH19CdX",
            "1PowvJEof45mJc1ZTVgJGMvrX2sugzuuet"
        ]
    },
    "fiat_value": {},
    "frozen_coins": {},
    "invoices": {},
    "keystore": {
        "derivation": "m",
        "pw_hash_version": 1,
        "root_fingerprint": "39220847",
        "seed": "minor zone pool anger remain combine glory claw medal settle grace capable",
        "seed_type": "standard",
        "type": "bip32",
        "xprv": "xprv9s21ZrQH143K4Bu8r9F4MpUj25cxhky7wTLy71HwUe77EyUt5kA2ZSRzESYpcvduENM1GcURLpiACdgWcGFxbZpQELnNoMUbGEKpxUvwUq2",
        "xpub": "xpub661MyMwAqRbcGfybxAn4ixRTa7TT7DgyJgGZuPhZ2ye67mp2dHUH7EkU5hL7j2dCkSSvPhdSGN44u8gDnmDT5hpDhNH4Zb5NM7euXMpu8VG"
    },
    "labels": {},
    "payment_requests": {},
    "prevouts_by_scripthash": {},
    "seed_version": 50,
    "spent_outpoints": {},
    "transactions": {},
    "tx_fees": {},
    "txi": {},
    "txo": {},
    "use_encryption": false,
    "verified_tx3": {},
    "wallet_type": "standard"
}