{
    "addr_history": {
        "129kLa8X25re7w8pBxt4DLu3c12EhMmdxW": [],
        "15XWVifrWVBgeH7M9r4oHM5kNkYyBSzne9": [],
        "169aQwW8UJgEVncZUrq6HEwr2cMhsoQnCV": [],
        "16KA5T7ESgNjAErzckBX1Uey8FB5KgWmPv": [],
        "16p7zGtvXaacLD3wVuC3HwuwrAT78Pe3S3": [],
        "17iA8qdaLD6U2GErQUUKanDBWmg5RAfBkC": [],
        "18YcvNyGuS1jy3hdioUbB7zz9UwZyf5WrB": [],
        "19wqKaJsRqUN5VKeGHqSyjVbAgXGYF6Qko": [],
        "1A3en2EZXek69Tt2dyXq24HfasRj678vzL": [],
        "1ATbSYDvDUvvydJnrETcJS5XAuN1v6fvhW": [],
        "1BJAEveF5WXRGD6aGWcemDfTmqy7FspSyJ": [],
        "1BV9ESLaiy2FHfQ7bXHnExSsAhmGoGRisj": [],
        "1C1ePmt9KEDPHqj8S7GfkfRyFFk87sGPzR": [],
        "1D9g5uVUmxAdeG3wgfPdEZsmqQtn8SmQga": [],
        "1E8KDXbTSnNP8DJgCZPqjoGoJSCgnGvbUu": [],
        "1E8PP9pT62LoNeNvG9KuPXXKZ3DPVhdQdN": [],
        "1EmzFykEvg9eJ13Sk76AFcAupkRpnTm3Bq": [],
        "1FtfdcEka3YQuw91WrsX2UAw8wATPZyGso": [],
        "1FuCXmEnCr7cL378tL2dLidJvbJaZigV6F": [],
        "1G5V3ed9JqGas4JRMgScJ8Ekehw7sNGFfe": [],
        "1KrDZz3wsZvQHfYVDegJyVveFdGLuvNgb7": [],
        "1Lpxb8dx67AH1qALaNTNPsrN45Xz1qDpH6": [],
        "1M91zLZ67Etd5DH5J23ZBPaQSkuqzjzcuE": [],
        "1MNdkJ6TuKp41RwrFBonvwHJv4kmYoyGFB": [],
        "1N9KHK4CRfGC6vUzrEws4XbvAd182n7UYt": [],
        "1Nba8tsAy94vDHt9Z5HAHGfNfjeMHtRwDx": [],
        "1NkAGLrou5cAa7o559TCEMqAByrUXyUkey": [],
        "1Pe8KAoELLmu4E7XFab2D3CYYdf9SPYMfS": [],
        "1QFCoVroZwkW7JP9wV82WRiqFqEy3MbMEQ": [],
        "1mPxeuiSPwrf85TjhUpm6b97SUpcf3XoU": []
    },
    "addresses": {
        "change": [
            "1ATbSYDvDUvvydJnrETcJS5XAuN1v6fvhW",
            "1M91zLZ67Etd5DH5J23ZBPaQSkuqzjzcuE",
            "1NkAGLrou5cAa7o559TCEMqAByrUXyUkey",
            "1MNdkJ6TuKp41RwrFBonvwHJv4kmYoyGFB",
            "16KA5T7ESgNjAErzckBX1Uey8FB5KgWmPv",
            "16p7zGtvXaacLD3wVuC3HwuwrAT78Pe3S3",
            "18YcvNyGuS1jy3hdioUbB7zz9UwZyf5WrB",
            "17iA8qdaLD6U2GErQUUKanDBWmg5RAfBkC",
            "1N9KHK4CRfGC6vUzrEws4XbvAd182n7UYt",
            "1FuCXmEnCr7cL378tL2dLidJvbJaZigV6F"
        ],
        "receiving": [
            "1Nba8tsAy94vDHt9Z5HAHGfNfjeMHtRwDx",
            "169aQwW8UJgEVncZUrq6HEwr2cMhsoQnCV",
            "1G5V3ed9JqGas4JRMgScJ8Ekehw7sNGFfe",
            "1QFCoVroZwkW7JP9wV82WRiqFqEy3MbMEQ",
            "1BV9ESLaiy2FHfQ7bXHnExSsAhmGoGRisj",
            "1D9g5uVUmxAdeG3wgfPdEZsmqQtn8SmQga",
            "1KrDZz3wsZvQHfYVDegJyVveFdGLuvNgb7",
            "1mPxeuiSPwrf85TjhUpm6b97SUpcf3XoU",
            "129kLa8X25re7w8pBxt4DLu3c12EhMmdxW",
            "1E8KDXbTSnNP8DJgCZPqjoGoJSCgnGvbUu",
            "19wqKaJsRqUN5VKeGHqSyjVbAgXGYF6Qko",
            "1C1ePmt9KEDPHqj8S7GfkfRyFFk87sGPzR",
            "1EmzFykEvg9eJ13Sk76AFcAupkRpnTm3Bq",
            "1E8PP9pT62LoNeNvG9KuPXXKZ3DPVhdQdN",
            "15XWVifrWVBgeH7M9r4oHM5kNkYyBSzne9",
            "1A3en2EZXek69Tt2dyXq24HfasRj678vzL",
            "1Lpxb8dx67AH1qALaNTNPsrN45Xz1qDpH6",
            "1Pe8KAoELLmu4E7XFab2D3CYYdf9SPYMfS",
            "1BJAEveF5WXRGD6aGWcemDfTmqy7FspSyJ",
            "1FtfdcEka3YQuw91WrsX2UAw8wATPZyGso"
        ]
    },
    "fiat_value": {},
    "frozen_coins": {},
    "invoices": {},
    "keystore": {
        "derivation": "m",
        "pw_hash_version": 1,
        "root_fingerprint": "af4b5f36",
        "seed": "minor zone pool abuse remain combine dash claw medal settle grace capable",
        "seed_type": "standard",
        "type": "bip32",
        "xprv": "xprv9s21ZrQH143K4a5aMAcYoNW8m6qk76eZFGTc98qVtRMANneL9CB6LAhyBUxiX3p72tdTD2bj6bf2vv2oNTvppagnAvVSoaYZmzaP5gTJjJS",
        "xpub": "xpub661MyMwAqRbcH4A3TC9ZAWSsK8gEWZNQcVPCwXF7Skt9FayUgjVLsy2T2jtwyaYHXBnRq43THdi5HGWfd2AzJBBN9RLdK7pWLyVjZZmbM9L"
    },
    "labels": {},
    "payment_requests": {},
    "prevouts_by_scripthash": {},
    "seed_version": 50,
    "spent_outpoints": {},
    "transactions": {},
    "tx_fees": {},
    "txi": {},
    "txo": {},
    "use_encryption": false,
    "verified_tx3": {},
    "wallet_type": "standard"
}