{
    "addr_history": {
        "12j1ybPadridP3WuDTYNAHEVaVhELGmPWd": [],
        "13PFK5EfXtvMP8AkVuMFVvNcgqnMNZstjD": [],
        "141EUrmxkbnuVdfaqi7Kvbbe32XzkwGS8A": [],
        "14sKh3Td1uUAnCiQ6m9Nohg7MU98o38SmA": [],
        "16hHXqbkffwi75DX7pcv2KJSRZxUGiaWVF": [],
        "16sj4NihJnk7nsQDMWzZTNGPGE5qdkUMxm": [],
        "17uh9i7Y5LMwaTd8VxPS3qmUdM6tRp9VVr": [],
        "19YA8LKF8uYQsRXUewKGQDJ7QcvbSYMgUj": [],
        "19vPthBP4FQ9bKrwfe7aCjpx3bbYSqSozR": [],
        "1AVx8c8iUJTPDqQ6P9TFKWTdLbc8Jk5Z7W": [],
        "1BbAU4ra82dPDCvED6F3MT9cN3F9TqM2vJ": [],
        "1BuNnEjZUnQC8rrENXYiM6dTpN2yiQKR83": [],
        "1CdnpJWUoPHKcUm6fs9toPV31LLpXW3orf": [],
        "1Ctzb428MTW47NHVgaGKPL6Nz5qUUzeSyy": [],
        "1E44eHBXyJ9qYyqQ4emFJyXpGMq3fsgM8X": [],
        "1E8BFMKAiXRKoSHGJHgyz6qqrfQ3p5ZfPM": [],
        "1EGxE62zMr2h3GLiyDoUaetrXu5JBvP2LY": [],
        "1FGhuLdtLtza4KXfur2U8EmohQmkCLRk46": [],
        "1FkafsUzB4Zt8aaw4MSiy1uAzXWPgBxeH2": [],
        "1GFGyx2qvfPUteSEkLEgW9hXBNWDuVqN2g": [],
        "1Gs59XSm7BDYdoqHuNpiX54ZAXH5FcRxgM": [],
        "1H6p8T96bjcoJKcHvRycfEd8qmEFDiR1H": [],
        "1L5sWFDwJtjGZxEfHcNwz8KcvQH4w3r2rK": [],
        "1L9TDGs5Vp5dyNmg3qAnvcMb2PZcz7UiN1": [],
        "1LCvq5ypooqFstWHZ5dkZJTTq8nYdWxDuk": [],
        "1LMCWdTDBe25QH3ekqKWSKy27Yh8VJxExm": [],
        "1Lw3rtDzuGRi6xTWDXQpLm7qPNtV2kjeGk": [],
        "1MXGCeEMwcxTwsrxWmxtrvZ16K9Dh6qKAq": [],
        "1YpHTZkfLFr5wofrZWcHeXmBPdXNnBKs8": [],
        "1m3rCm1QEvRWznzsARVoPPUap4SgAVis7": []
    },
    "addresses": {
        "change": [
            "1FkafsUzB4Zt8aaw4MSiy1uAzXWPgBxeH2",
            "1BbAU4ra82dPDCvED6F3MT9cN3F9TqM2vJ",
            "1H6p8T96bjcoJKcHvRycfEd8qmEFDiR1H",
            "141EUrmxkbnuVdfaqi7Kvbbe32XzkwGS8A",
            "1Ctzb428MTW47NHVgaGKPL6Nz5qUUzeSyy",
            "1YpHTZkfLFr5wofrZWcHeXmBPdXNnBKs8",
            "17uh9i7Y5LMwaTd8VxPS3qmUdM6tRp9VVr",
            "1LMCWdTDBe25QH3ekqKWSKy27Yh8VJxExm",
            "1m3rCm1QEvRWznzsARVoPPUap4SgAVis7",
            "1FGhuLdtLtza4KXfur2U8EmohQmkCLRk46"
        ],
        "receiving": [
            "1Gs59XSm7BDYdoqHuNpiX54ZAXH5FcRxgM",
            "14sKh3Td1uUAnCiQ6m9Nohg7MU98o38SmA",
            "1L5sWFDwJtjGZxEfHcNwz8KcvQH4w3r2rK",
            "1GFGyx2qvfPUteSEkLEgW9hXBNWDuVqN2g",
            "1MXGCeEMwcxTwsrxWmxtrvZ16K9Dh6qKAq",
            "1BuNnEjZUnQC8rrENXYiM6dTpN2yiQKR83",
            "19vPthBP4FQ9bKrwfe7aCjpx3bbYSqSozR",
            "1E44eHBXyJ9qYyqQ4emFJyXpGMq3fsgM8X",
            "1AVx8c8iUJTPDqQ6P9TFKWTdLbc8Jk5Z7W",
            "1Lw3rtDzuGRi6xTWDXQpLm7qPNtV2kjeGk",
            "1CdnpJWUoPHKcUm6fs9toPV31LLpXW3orf",
            "1L9TDGs5Vp5dyNmg3qAnvcMb2PZcz7UiN1",
            "16sj4NihJnk7nsQDMWzZTNGPGE5qdkUMxm",
            "13PFK5EfXtvMP8AkVuMFVvNcgqnMNZstjD",
            "19YA8LKF8uYQsRXUewKGQDJ7QcvbSYMgUj",
            "1LCvq5ypooqFstWHZ5dkZJTTq8nYdWxDuk",
            "12j1ybPadridP3WuDTYNAHEVaVhELGmPWd",
            "1EGxE62zMr2h3GLiyDoUaetrXu5JBvP2LY",
            "1E8BFMKAiXRKoSHGJHgyz6qqrfQ3p5ZfPM",
            "16hHXqbkffwi75DX7pcv2KJSRZxUGiaWVF"
        ]
    },
    "fiat_value": {},
    "frozen_coins": {},
    "invoices": {},
    "keystore": {
        "derivation": "m",
        "pw_hash_version": 1,
        "root_fingerprint": "2222d3d6",
        "seed": "minor zone pool assume remain combine goose claw medal settle grace capable",
        "seed_type": "standard",
        "type": "bip32",
        "xprv": "xprv9s21ZrQH143K2omwuQApGjk9KBijUxkuzpMfodgoj1aPACxcjTXCDPye2AuvExoUp4krK3kuZJVVi4wiJMf5E5pJ1nWV6u5VLm8jaMKse8E",
        "xpub": "xpub661MyMwAqRbcFHrR1RhpdsgssDZDtRUmN3HGc26RHM7N31HmGzqSmCJ7sTJZGzsZ75M6HG27VjJr5vN9nx9QarHJT4EJQrHr1uQMgZaZjU4"
    },
    "labels": {},
    "payment_requests": {},
    "prevouts_by_scripthash": {},
    "seed_version": 50,
    "spent_outpoints": {},
    "transactions": {},
    "tx_fees": {},
    "txi": {},
    "txo": {},
    "use_encryption": false,
    "verified_tx3": {},
    "wallet_type": "standard"
}