{
    "addr_history": {
        "12H874Zrz2WzUqyDeeCPmoENWYSzfwwo8s": [],
        "12x9aWKmKr3jhPAkCCYCcfRQpEcGEFeKjZ": [],
        "14MbV8hL5ryCjMR4yiCrwUXAzhBoK6XVPV": [],
        "14NV3kLUVghC4JPBvjW9HY88M94pxQ383S": [],
        "14Sm3djrRLgyQs5gBxmvpgKWShaguEdeTf": [],
        "15p6hrPPXCWYFkS9mxVwjZJuaFCcvr53Eh": [],
        "16cedGC9tPB3RuD9sNaKVBPc982vRZFNRR": [],
        "17NzeFxbtrqqdCi6QYtYfVPFYBAzbCy7Bh": [],
        "18dNynF9rJwQPbdkSjeX43Kqq2FdrqdPCh": [],
        "18wUDMpJwfFeyVidTxBc2RgQhxLLEEWgTR": [],
        "19AHBEeE8Zn51SWa5EeUEJAenr9yJ8DuXZ": [],
        "1BJepfw8aNsuP4zgwmWAcrc935ecC2Bz8f": [],
        "1C2tZa6xmbfEFLBe2BKJ3vTxJ18LvgwN8G": [],
        "1Ccm1ZkQbP93aJk5rgQzLxAthpD3fEv2ku": [],
        "1GRL6xcUV1JCePhB4sydxxsvgKgktK1Cbn": [],
        "1H37u2ZmtUNqxm1LsLKGY1n7nDKyJ5e8dg": [],
        "1HGSPVydJpuVamTk1esKrg1kD8cb6xRRNy": [],
        "1HoZuEFwtTfkvm7F3TF88cmPKyq2BdxY9a": [],
        "1Jt2nHvc5Q7MhnndWLvzxmupaiLWySLEFz": [],
        "1L3U4LGgvKVkx1mhDszbHfeXDxNjPP6EmN": [],
        "1L9C2Ran8erNmYfSbtivbqJpVtnWengXuT": [],
        "1L9Rd87gimfw2GYpVAwTT8XfiSxBVFMW2c": [],
        "1LGT7G5GKWVmNxcqWsnKhnsRmUqF5gFHX6": [],
        "1LskL6S6h9g7Vo62hjcdTPGNuamVkQMyxi": [],
        "1LwwqaD1sxx3n1mZireMLfsFac6vuwvyuT": [],
        "1NXtmaakdnXxbLRtmZzsBaYFMiAqpenhD": [],
        "1P77fa5uaNJzEcSHxXwrwzXHZhugVZRthK": [],
        "1PYXckpofaR5KAyRj8Z34RE29fe8eLt9ni": [],
        "1Pci5pTiNuF5iBps9iqYLJ8g2dsZJkUduK": [],
        "1QFTDLvYsmrWTUkJZcGSe5cRdABDCbc2V6": []
    },
    "addresses": {
        "change": [
            "1LGT7G5GKWVmNxcqWsnKhnsRmUqF5gFHX6",
            "1L9C2Ran8erNmYfSbtivbqJpVtnWengXuT",
            "18wUDMpJwfFeyVidTxBc2RgQhxLLEEWgTR",
            "19AHBEeE8Zn51SWa5EeUEJAenr9yJ8DuXZ",
            "1PYXckpofaR5KAyRj8Z34RE29fe8eLt9ni",
            "1LskL6S6h9g7Vo62hjcdTPGNuamVkQMyxi",
            "1L3U4LGgvKVkx1mhDszbHfeXDxNjPP6EmN",
            "1C2tZa6xmbfEFLBe2BKJ3vTxJ18LvgwN8G",
            "1HoZuEFwtTfkvm7F3TF88cmPKyq2BdxY9a",
            "1Ccm1ZkQbP93aJk5rgQzLxAthpD3fEv2ku"
        ],
        "receiving": [
            "16cedGC9tPB3RuD9sNaKVBPc982vRZFNRR",
            "18dNynF9rJwQPbdkSjeX43Kqq2FdrqdPCh",
            "15p6hrPPXCWYFkS9mxVwjZJuaFCcvr53Eh",
            "1Jt2nHvc5Q7MhnndWLvzxmupaiLWySLEFz",
            "1P77fa5uaNJzEcSHxXwrwzXHZhugVZRthK",
            "1NXtmaakdnXxbLRtmZzsBaYFMiAqpenhD",
            "1LwwqaD1sxx3n1mZireMLfsFac6vuwvyuT",
            "1GRL6xcUV1JCePhB4sydxxsvgKgktK1Cbn",
            "12x9aWKmKr3jhPAkCCYCcfRQpEcGEFeKjZ",
            "1Pci5pTiNuF5iBps9iqYLJ8g2dsZJkUduK",
            "1QFTDLvYsmrWTUkJZcGSe5cRdABDCbc2V6",
            "17NzeFxbtrqqdCi6QYtYfVPFYBAzbCy7Bh",
            "1HGSPVydJpuVamTk1esKrg1kD8cb6xRRNy",
            "14MbV8hL5ryCjMR4yiCrwUXAzhBoK6XVPV",
            "1BJepfw8aNsuP4zgwmWAcrc935ecC2Bz8f",
            "12H874Zrz2WzUqyDeeCPmoENWYSzfwwo8s",
            "14NV3kLUVghC4JPBvjW9HY88M94pxQ383S",
            "1H37u2ZmtUNqxm1LsLKGY1n7nDKyJ5e8dg",
            "1L9Rd87gimfw2GYpVAwTT8XfiSxBVFMW2c",
            "14Sm3djrRLgyQs5gBxmvpgKWShaguEdeTf"
        ]
    },
    "fiat_value": {},
    "frozen_coins": {},
    "invoices": {},
    "keystore": {
        "derivation": "m",
        "pw_hash_version": 1,
        "root_fingerprint": "ef4e1a15",
        "seed": "minor zone pool address remain combine logic claw medal settle grace capable",
        "seed_type": "standard",
        "type": "bip32",
        "xprv": "xprv9s21ZrQH143K3EffdKxkynPJw6GRiSUtLuD5nzrDG5Q3w8J9fZBPHg2SpDwwfFxeX7oYyAkMx4Cq2gBSXLPywVWod6dY6BobtgyQKP2khx8",
        "xpub": "xpub661MyMwAqRbcFik8jMVmLvL3V86v7uCji88gbPFppQw2ovdJD6VdqULvfWqX2d2NLciSmEymKTW8iJXikQVwpucXiwjC5trFaCsbGTEShwf"
    },
    "labels": {},
    "payment_requests": {},
    "prevouts_by_scripthash": {},
    "seed_version": 50,
    "spent_outpoints": {},
    "transactions": {},
    "tx_fees": {},
    "txi": {},
    "txo": {},
    "use_encryption": false,
    "verified_tx3": {},
    "wallet_type": "standard"
}