{
    "addr_history": {
        "12WTriqEJKnUR3L2ERqHdA4mrjxiac3Gcb": [],
        "13fkLLbkEYBihGQxdSveyBLiL3Ujui6gtU": [],
        "13oXAucoPdC6TyhHV8BWwhAtUt4WTsx9AG": [],
        "14nrtgTNtwzxR2cHL656mCDStuwp3xXEVh": [],
        "14xhd2y8s4DzeoS6577DkyPDiLo7mMtbRN": [],
        "15MfhDbefRKpXuuLVU5jU8aaoSjm967i6R": [],
        "17quFhbdygdCvapQbyHFQ8RMXdnKGPYyWB": [],
        "18MfV8MjAjUUAR7f41eZCzube5fSsS5fRF": [],
        "18zuhRfbQKskDxYMaCYFAkzkCVmUYdgS8v": [],
        "1BQUXRMKjhQtqkb6BQp6bo3NTkmX91qvZS": [],
        "1Bb59xUhkMD7fDaomDfpCgVevxVueoDERB": [],
        "1BmwbWQ3A5Pgnm4ZWkLVKc5125jmYnZD1S": [],
        "1Cs7dhoax9zXT6KgD8ek4tnoe2TnBTGmoE": [],
        "1FN4EdBGUzvSWzd4UPgYhCmVvA6Abxhq9f": [],
        "1Fadhk6KuJRtVh3spAdD4bc4HaY49na9Hc": [],
        "1FyBVvonELZd37wNj3TY4SRqtaDN8VxS1E": [],
        "1G1GXCehGikUjn5teWNA1jAQ4ZixKVFK1D": [],
        "1GxRHuK7S7LE7e4UB6x1Db4pR7Lb9VdtgU": [],
        "1JGha7WzqUU4qtrHKTF1Q4qzHUrQUVZp6v": [],
        "1JSQsBk63s5jnECAk5tKqbdFrWWsiEF1b8": [],
        "1KZnunxta13VwQdx1KiJe5upY1xxjHGshc": [],
        "1KhuX5mrB93ntVa3pwreKGs6ufnaCpV5Za": [],
        "1LAjKDgtWyg2aszMSuCp2jHAp5skgffF9W": [],
        "1N4tHEBYQr2KXSdATFznqcT2XuP1HuB4yc": [],
        "1N67Epnr5bkjfDXfsDYnXbGRKAGkFEoifS": [],
        "1NKVETuVgydTbRgfocfhPtK2Lx1r6HdvwB": [],
        "1Nset4P2GjyBBW3YGMZHjC4LgBDZuWYu1G": [],
        "1QJfuofbF19b7XTNV3bmZXhStcwXfUJCm4": [],
        "1mwdwF16LzebRbuuCLuypQhEGXMETu1H9": [],
        "1sLAcuaJeP4JPfq1FgQfZ3WtvrQpqcEyM": []
    },
    "addresses": {
        "change": [
            "1Nset4P2GjyBBW3YGMZHjC4LgBDZuWYu1G",
            "1QJfuofbF19b7XTNV3bmZXhStcwXfUJCm4",
            "14xhd2y8s4DzeoS6577DkyPDiLo7mMtbRN",
            "1JSQsBk63s5jnECAk5tKqbdFrWWsiEF1b8",
            "1mwdwF16LzebRbuuCLuypQhEGXMETu1H9",
            "1GxRHuK7S7LE7e4UB6x1Db4pR7Lb9VdtgU",
            "17quFhbdygdCvapQbyHFQ8RMXdnKGPYyWB",
            "12WTriqEJKnUR3L2ERqHdA4mrjxiac3Gcb",
            "1LAjKDgtWyg2aszMSuCp2jHAp5skgffF9W",
            "13oXAucoPdC6TyhHV8BWwhAtUt4WTsx9AG"
        ],
        "receiving": [
            "1BQUXRMKjhQtqkb6BQp6bo3NTkmX91qvZS",
            "1Fadhk6KuJRtVh3spAdD4bc4HaY49na9Hc",
            "15MfhDbefRKpXuuLVU5jU8aaoSjm967i6R",
            "1FN4EdBGUzvSWzd4UPgYhCmVvA6Abxhq9f",
            "14nrtgTNtwzxR2cHL656mCDStuwp3xXEVh",
            "1NKVETuVgydTbRgfocfhPtK2Lx1r6HdvwB",
            "18MfV8MjAjUUAR7f41eZCzube5fSsS5fRF",
            "1BmwbWQ3A5Pgnm4ZWkLVKc5125jmYnZD1S",
            "18zuhRfbQKskDxYMaCYFAkzkCVmUYdgS8v",
            "1KZnunxta13VwQdx1KiJe5upY1xxjHGshc",
            "1Bb59xUhkMD7fDaomDfpCgVevxVueoDERB",
            "13fkLLbkEYBihGQxdSveyBLiL3Ujui6gtU",
            "1G1GXCehGikUjn5teWNA1jAQ4ZixKVFK1D",
            "1N67Epnr5bkjfDXfsDYnXbGRKAGkFEoifS",
            "1KhuX5mrB93ntVa3pwreKGs6ufnaCpV5Za",
            "1N4tHEBYQr2KXSdATFznqcT2XuP1HuB4yc",
            "1Cs7dhoax9zXT6KgD8ek4tnoe2TnBTGmoE",
            "1JGha7WzqUU4qtrHKTF1Q4qzHUrQUVZp6v",
            "1FyBVvonELZd37wNj3TY4SRqtaDN8VxS1E",
            "1sLAcuaJeP4JPfq1FgQfZ3WtvrQpqcEyM"
        ]
    },
    "fiat_value": {},
    "frozen_coins": {},
    "invoices": {},
    "keystore": {
        "derivation": "m",
        "pw_hash_version": 1,
        "root_fingerprint": "a6802e3b",
        "seed": "minor zone pool account remain combine guide claw medal settle grace capable",
        "seed_type": "standard",
        "type": "bip32",
        "xprv": "xprv9s21ZrQH143K2TbEfTd2wEV3vHzseUAVKpcZNDA3kdWXGaWdGoiJLE8bZijes3XSF21Mzo9rygVWd2xcSs6itr2khVFRQEgA4xzaKJNZRw9",
        "xpub": "xpub661MyMwAqRbcEwfhmVA3JNRnUKqN3vtLh3YAAbZfJy3W9NqmpM2Yt2T5Qyg4KD7LJdTq2Dwxuev4M1nJkYrkt15tkpUQwGPwpinHdSJWpT6"
    },
    "labels": {},
    "payment_requests": {},
    "prevouts_by_scripthash": {},
    "seed_version": 50,
    "spent_outpoints": {},
    "transactions": {},
    "tx_fees": {},
    "txi": {},
    "txo": {},
    "use_encryption": false,
    "verified_tx3": {},
    "wallet_type": "standard"
}