{
    "addr_history": {
        "12bbtDwZVDojxe9jVuuCNAT4genawX7CsW": [],
        "14QQhipH47qz7HEDJRXkfdPwq31wVrkKHi": [],
        "15BP4p1rLBTTpZL5Z6UoUnmeVikos7ktyA": [],
        "16DQNbbojGBwStvmtp7dzR6VapM5Jcz4um": [],
        "16sm57TpZYDNvyC8ypcDdcj9S93uYB1Jqh": [],
        "173JSdYejrRTrdbuSEWtneXADrHDptzg5S": [],
        "18zcHZUs81Dfwvt4WUNiqWuPD2PLGQu229": [],
        "1AMZEruXdbbsfv5MjHkHnbvMezWrko8a9G": [],
        "1ANVFguNz6KtTpVGZDJzjhFBp1yYGAUT5U": [],
        "1AYXm4i53VkfAP6RFj5METGN7rATh8TJRz": [],
        "1B4fhLrzwPCFAB26DoSTvPAxR9DARMfhU6": [],
        "1B6bqnCvNMdGkffNo2M99NRPg8Wcn4zQcf": [],
        "1BUrWbqaGNybqjk8HFxqs7eaa7G7Fv2nWk": [],
        "1CE3eB8meQX3MnRahVb1vFKhJySaeJ3xGA": [],
        "1DNQHwQUWmqWDT1Tsmdq1Kbgvt9XKpu7oF": [],
        "1DUWWYVP7BiL94v62Vs1RNdBoFcfZdrJYF": [],
        "1DZWMCiUjEvWGMcXuhRiHjq18VMxsbryqP": [],
        "1DsgZKGMk6KKsCSrdDwTq2Jk6hWX3z8q3Y": [],
        "1HUvoc5A8TEvEV6uESFm9BuZb8XGkXqWQp": [],
        "1JEbz7GSRcZCAfYC2N4on7wS1hweTZ2qN4": [],
        "1JfezahQ1TBB2Lsm2n7kuhMUbsKRDHtxdo": [],
        "1KCAUjqNuT81wqWBLc7RVDYm9Q4Hm9A5Wz": [],
        "1LanRdfBDv21Y85G6jbivv7HdX5VxYmcAu": [],
        "1LcQXc2ToFYEdAKdAAuJPQvsKLYvWxYFZm": [],
        "1MLGugG9GXBaV7wHhWLFTJZtU7oC1qKWZZ": [],
        "1MeYctbzhYi28Ct4nLVn6qce8Apt26Qxp": [],
        "1NcDxw6CJtqVT1oFxBPLiFDvF2CEaFx5TS": [],
        "1Nky8AV7e1FEVga27JhoFcDgBGPxzsUhoy": [],
        "1PKQ5ES6pXDu4GhcPXhFH4Q8fhwk1yNKBJ": [],
        "1yMKSze6QPkeqxYPW1fBJxvzremwvy9tx": []
    },
    "addresses": {
        "change": [
            "1B6bqnCvNMdGkffNo2M99NRPg8Wcn4zQcf",
            "18zcHZUs81Dfwvt4WUNiqWuPD2PLGQu229",
            "14QQhipH47qz7HEDJRXkfdPwq31wVrkKHi",
            "1PKQ5ES6pXDu4GhcPXhFH4Q8fhwk1yNKBJ",
            "1AMZEruXdbbsfv5MjHkHnbvMezWrko8a9G",
            "1KCAUjqNuT81wqWBLc7RVDYm9Q4Hm9A5Wz",
            "1JfezahQ1TBB2Lsm2n7kuhMUbsKRDHtxdo",
            "16sm57TpZYDNvyC8ypcDdcj9S93uYB1Jqh",
            "1LcQXc2ToFYEdAKdAAuJPQvsKLYvWxYFZm",
            "1MeYctbzhYi28Ct4nLVn6qce8Apt26Qxp"
        ],
        "receiving": [
            "1CE3eB8meQX3MnRahVb1vFKhJySaeJ3xGA",
            "1HUvoc5A8TEvEV6uESFm9BuZb8XGkXqWQp",
            "1DNQHwQUWmqWDT1Tsmdq1Kbgvt9XKpu7oF",
            "1DUWWYVP7BiL94v62Vs1RNdBoFcfZdrJYF",
            "1ANVFguNz6KtTpVGZDJzjhFBp1yYGAUT5U",
            "173JSdYejrRTrdbuSEWtneXADrHDptzg5S",
            "1NcDxw6CJtqVT1oFxBPLiFDvF2CEaFx5TS",
            "12bbtDwZVDojxe9jVuuCNAT4genawX7CsW",
            "1B4fhLrzwPCFAB26DoSTvPAxR9DARMfhU6",
            "1JEbz7GSRcZCAfYC2N4on7wS1hweTZ2qN4",
            "1DZWMCiUjEvWGMcXuhRiHjq18VMxsbryqP",
            "1DsgZKGMk6KKsCSrdDwTq2Jk6hWX3z8q3Y",
            "1LanRdfBDv21Y85G6jbivv7HdX5VxYmcAu",
            "1BUrWbqaGNybqjk8HFxqs7eaa7G7Fv2nWk",
            "1yMKSze6QPkeqxYPW1fBJxvzremwvy9tx",
            "15BP4p1rLBTTpZL5Z6UoUnmeVikos7ktyA",
            "1Nky8AV7e1FEVga27JhoFcDgBGPxzsUhoy",
            "1AYXm4i53VkfAP6RFj5METGN7rATh8TJRz",
            "16DQNbbojGBwStvmtp7dzR6VapM5Jcz4um",
            "1MLGugG9GXBaV7wHhWLFTJZtU7oC1qKWZZ"
        ]
    },
    "fiat_value": {},
    "frozen_coins": {},
    "invoices": {},
    "keystore": {
        "derivation": "m",
        "pw_hash_version": 1,
        "root_fingerprint": "be3233bd",
        "seed": "minor zone pool artist remain combine cousin claw medal settle grace capable",
        "seed_type": "standard",
        "type": "bip32",
        "xprv": "xprv9s21ZrQH143K2EbAovvYQr73sb7owCnN72q8ACgjVmSEB7VMHysdK9jnnw7XjetjFZiz3CREQ5Riy7eacetMU2qsAk2NEzkRA79SdHwVoRD",
        "xpub": "xpub661MyMwAqRbcEifduxTYmz3nRcxJLfWDUFkixb6M46yD3upVqXBsrx4GeDQG5E97jbWB2yJk1jgCLezQhgxkdbu2x1BYMch1BTd88TCrvi3"
    },
    "labels": {},
    "payment_requests": {},
    "prevouts_by_scripthash": {},
    "seed_version": 50,
    "spent_outpoints": {},
    "transactions": {},
    "tx_fees": {},
    "txi": {},
    "txo": {},
    "use_encryption": false,
    "verified_tx3": {},
    "wallet_type": "standard"
}