{
    "addr_history": {
        "12cKLs8inWQPz13sGrtcKtqsW1WxSYDqA5": [],
        "12mSuhT9AQ3ftVpsngf7SDYL4SCS7mVqm6": [],
        "13QRddTnZk1J3y2bX5ZBHbuZDua8oetCYC": [],
        "13YiLxgKgBZcK1VUDgHARFMdbwLPzWLU9T": [],
        "13Ztg9nfqndMRhw9xe8qnD6k1iS9G1FTWw": [],
        "13hv8ysw22LG9NG4UoPhHigNaaHZaqFhVd": [],
        "14dmAbW5oCLzvN2CDeqXbcq4cKYZp7i7LS": [],
        "14nNqP6jWm25dYBj1d2qWTeCd2iAN5XyrJ": [],
        "14q6CBDyk5Qc95jnF3g4cu1zudzYYhXwzN": [],
        "15RUCswzEaL8qPn5PGjnMGZewzyZH9Stao": [],
        "15z1pTDgcpVXc146hr6YRGRx8javFodwRg": [],
        "16yTCmY1Xu6c8BeNKbb2wL1R5pFALfhKiH": [],
        "17Vf3pwS9K39dPrg7fdfgBAjy2SawnqVrS": [],
        "187Jr4x3FXhKvEDNzYStcRsbvA7Y2B9cF2": [],
        "19ygq9xeYdyK4ckk38mCtzTHxuufhvqKoF": [],
        "1AFpRvy3ZVvnj9jWC4m6watgXyHK7jhm1R": [],
        "1ASACEUW8kRVtr2SEmWmc4zkMCEGtpT12V": [],
        "1AqaKtDUb1JzJzb4e4CHSQQG6xE2aP43ST": [],
        "1Aw5FJCawa23Q9DJDrwZoKK3LRMJVonRf6": [],
        "1BnT6om5eiuaJcProzw4igax9WmkDbZvKe": [],
        "1DB29BTAAepM27MbNEW9FSSvmeKXHCVTEA": [],
        "1ETjXbWn8AprxBU6fUFfntCbRRumFXPARv": [],
        "1KtogHYckNccm93Jz5kjR7YfEaiE4ENZyL": [],
        "1LWSDxSXzzTsExrVRdGaUuZWaVS3Xo4zP2": [],
        "1MVL7WheVEw6kr3od9DVqd1QSzXJDTRBQF": [],
        "1NJM5q4HtqVDADPe2m2443GzV1n8HWiV5M": [],
        "1NJeY33V2PqgYCfYTNDZRH1EsF85SrHSE2": [],
        "1Nh6nCxp5gVdfDxiCtMHAvdLD6nmK6siWK": [],
        "1Px4kqDDyRtXMZgH2yisw7BXH1y2tr7BT": [],
        "1jZWscGKiXo7oXBew7YGucuhFauCAU99D": []
    },
    "addresses": {
        "change": [
            "1AFpRvy3ZVvnj9jWC4m6watgXyHK7jhm1R",
            "13hv8ysw22LG9NG4UoPhHigNaaHZaqFhVd",
            "1NJM5q4HtqVDADPe2m2443GzV1n8HWiV5M",
            "1NJeY33V2PqgYCfYTNDZRH1EsF85SrHSE2",
            "1BnT6om5eiuaJcProzw4igax9WmkDbZvKe",
            "1MVL7WheVEw6kr3od9DVqd1QSzXJDTRBQF",
            "16yTCmY1Xu6c8BeNKbb2wL1R5pFALfhKiH",
            "1KtogHYckNccm93Jz5kjR7YfEaiE4ENZyL",
            "14dmAbW5oCLzvN2CDeqXbcq4cKYZp7i7LS",
            "1DB29BTAAepM27MbNEW9FSSvmeKXHCVTEA"
        ],
        "receiving": [
            "15z1pTDgcpVXc146hr6YRGRx8javFodwRg",
            "1jZWscGKiXo7oXBew7YGucuhFauCAU99D",
            "1ASACEUW8kRVtr2SEmWmc4zkMCEGtpT12V",
            "17Vf3pwS9K39dPrg7fdfgBAjy2SawnqVrS",
            "1Nh6nCxp5gVdfDxiCtMHAvdLD6nmK6siWK",
            "13QRddTnZk1J3y2bX5ZBHbuZDua8oetCYC",
            "187Jr4x3FXhKvEDNzYStcRsbvA7Y2B9cF2",
            "14nNqP6jWm25dYBj1d2qWTeCd2iAN5XyrJ",
            "15RUCswzEaL8qPn5PGjnMGZewzyZH9Stao",
            "1AqaKtDUb1JzJzb4e4CHSQQG6xE2aP43ST",
            "1Px4kqDDyRtXMZgH2yisw7BXH1y2tr7BT",
            "1Aw5FJCawa23Q9DJDrwZoKK3LRMJVonRf6",
            "12cKLs8inWQPz13sGrtcKtqsW1WxSYDqA5",
            "19ygq9xeYdyK4ckk38mCtzTHxuufhvqKoF",
            "12mSuhT9AQ3ftVpsngf7SDYL4SCS7mVqm6",
            "1ETjXbWn8AprxBU6fUFfntCbRRumFXPARv",
            "13YiLxgKgBZcK1VUDgHARFMdbwLPzWLU9T",
            "1LWSDxSXzzTsExrVRdGaUuZWaVS3Xo4zP2",
            "14q6CBDyk5Qc95jnF3g4cu1zudzYYhXwzN",
            "13Ztg9nfqndMRhw9xe8qnD6k1iS9G1FTWw"
        ]
    },
    "fiat_value": {},
    "frozen_coins": {},
    "invoices": {},
    "keystore": {
        "derivation": "m",
        "pw_hash_version": 1,
        "root_fingerprint": "871f7184",
        "seed": "minor zone pool analyst remain combine foot claw medal settle grace capable",
        "seed_type": "standard",
        "type": "bip32",
        "xprv": "xprv9s21ZrQH143K4HYHxssc96dRdnHF8bT6ph4zSbyy27Y6oHTuncepqiWFnbijNZjgGmtnFb8uTLmaSsYUAXi76WLXLcWfoKnP5n922fWwQzU",
        "xpub": "xpub661MyMwAqRbcGmcm4uQcWEaABp7jY4AxBuzbEzPaaT55g5o4L9y5PWpjdufZEonGYhfCQN7AWesi2DTNAUngWL4Tjnija318FVGJE4y8UfX"
    },
    "labels": {},
    "payment_requests": {},
    "prevouts_by_scripthash": {},
    "seed_version": 50,
    "spent_outpoints": {},
    "transactions": {},
    "tx_fees": {},
    "txi": {},
    "txo": {},
    "use_encryption": false,
    "verified_tx3": {},
    "wallet_type": "standard"
}