{
    "addr_history": {
        "14J71TmK89QUmbZ8PpeLgCZLtTGrRsC1Db": [],
        "15G4SinuZiyM1xGgTekqM4LbvuZdiaZw1B": [],
        "16441xjFNs4J15ZepUZrNaVPc7Jy6WJqUA": [],
        "17ZgqgBArkbSLtY2PWB8HX6B6G12XJca5F": [],
        "17orZCbrjYSzK5BmsQugYvfKgicGcoojX6": [],
        "18VKmMorkomt1A9ndLpy1xKTZcYc1AN4h": [],
        "19DvKs9GWtBeSaorqBanmBCbaxtPQZ8yNT": [],
        "19FsaC51BggyYeMf1NRfCCeEJA2sjpm6mL": [],
        "19f47U7RwY63GwdPLBtgXFccoYVjCHhVqJ": [],
        "19xqCt9H7cyYqRLyV8mXaLLfNdtV3sLZaK": [],
        "1B9TvyNv1qk2kfXGYM8aYgwR9VqFrV5c2P": [],
        "1B9mo5QSSyVh5gYapA5G8jp8fYCz2ZyKT4": [],
        "1BLuwYRy6Qw7eV1tnyjqW1hHp46kf2v9gt": [],
        "1BbBM413XsnwpHFaNb4UDJxLRVE1FZ9B6s": [],
        "1DAJ87FC8PECBk8SBgqvu5EkZYhYp9Lrf5": [],
        "1DZKGq5EyQ5ytuE1vGDknEi1SbXG3LaAt1": [],
        "1DkpSxos2edtyamSsbx8QCbWnjzq1ZhH2T": [],
        "1Dx7QQf4bAaC6qutS4VxPijFVfhEhbjCXU": [],
        "1FJfapACaNqycQ5YMTBcyGYbpYtkNQc1FC": [],
        "1Fa95ZQeDncSbmSP3opHNcGXJdPgXpowQy": [],
        "1Hcfmh7WuKf1iYhnvPJ4Vi5XabTdFVnV8E": [],
        "1Hu159HYDtJPcfK64fvqFXWL95SmWqmfQe": [],
        "1JJQncfv3a4gMG5cw4uj6LT87g3rd7DQNG": [],
        "1KH1QHAVXg3MCDXDSNipyEAG45xSz9uAHT": [],
        "1KtNmDrQ8wC6CDmabWkaJvSALioG3Bf8pH": [],
        "1Mn7m5CTBqG4sg47iKJJmGdHfkPsBt4gRK": [],
        "1MzzUKceawbsAUcDuaAFLyEMJCfMys7Q5N": [],
        "1PGDorHddALPbeAewdwjQ3gPfA1ndPkaxf": [],
        "1PhbU3RvE5DSKXSpQw4gcECvPTKydMRKew": [],
        "1Pu333uuhHmMQRup11tFqWeSTfWrqxjxfv": []
    },
    "addresses": {
        "change": [
            "1Fa95ZQeDncSbmSP3opHNcGXJdPgXpowQy",
            "16441xjFNs4J15ZepUZrNaVPc7Jy6WJqUA",
            "1FJfapACaNqycQ5YMTBcyGYbpYtkNQc1FC",
            "1PGDorHddALPbeAewdwjQ3gPfA1ndPkaxf",
            "1Pu333uuhHmMQRup11tFqWeSTfWrqxjxfv",
            "1PhbU3RvE5DSKXSpQw4gcECvPTKydMRKew",
            "1BbBM413XsnwpHFaNb4UDJxLRVE1FZ9B6s",
            "1Mn7m5CTBqG4sg47iKJJmGdHfkPsBt4gRK",
            "19xqCt9H7cyYqRLyV8mXaLLfNdtV3sLZaK",
            "17ZgqgBArkbSLtY2PWB8HX6B6G12XJca5F"
        ],
        "receiving": [
            "1Dx7QQf4bAaC6qutS4VxPijFVfhEhbjCXU",
            "1B9mo5QSSyVh5gYapA5G8jp8fYCz2ZyKT4",
            "1Hcfmh7WuKf1iYhnvPJ4Vi5XabTdFVnV8E",
            "1DZKGq5EyQ5ytuE1vGDknEi1SbXG3LaAt1",
            "1KtNmDrQ8wC6CDmabWkaJvSALioG3Bf8pH",
            "14J71TmK89QUmbZ8PpeLgCZLtTGrRsC1Db",
            "18VKmMorkomt1A9ndLpy1xKTZcYc1AN4h",
            "1JJQncfv3a4gMG5cw4uj6LT87g3rd7DQNG",
            "1B9TvyNv1qk2kfXGYM8aYgwR9VqFrV5c2P",
            "19FsaC51BggyYeMf1NRfCCeEJA2sjpm6mL",
            "15G4SinuZiyM1xGgTekqM4LbvuZdiaZw1B",
            "1DAJ87FC8PECBk8SBgqvu5EkZYhYp9Lrf5",
            "1MzzUKceawbsAUcDuaAFLyEMJCfMys7Q5N",
            "1Hu159HYDtJPcfK64fvqFXWL95SmWqmfQe",
            "1BLuwYRy6Qw7eV1tnyjqW1hHp46kf2v9gt",
            "1KH1QHAVXg3MCDXDSNipyEAG45xSz9uAHT",
            "19DvKs9GWtBeSaorqBanmBCbaxtPQZ8yNT",
            "17orZCbrjYSzK5BmsQugYvfKgicGcoojX6",
            "19f47U7RwY63GwdPLBtgXFccoYVjCHhVqJ",
            "1DkpSxos2edtyamSsbx8QCbWnjzq1ZhH2T"
        ]
    },
    "fiat_value": {},
    "frozen_coins": {},
    "invoices": {},
    "keystore": {
        "derivation": "m",
        "pw_hash_version": 1,
        "root_fingerprint": "5be785d8",
        "seed": "minor zone pool answer remain combine undo claw medal settle grace capable",
        "seed_type": "standard",
        "type": "bip32",
        "xprv": "xprv9s21ZrQH143K4bSkMuC2ahtQjf3pCjyspddrprrsR7CGjKJ7Kv8d91fHaqsdJwW8y4iDPKman8cwLi3dHpYrY9KU3apwjoEg6TosSiLDhVp",
        "xpub": "xpub661MyMwAqRbcH5XDTvj2wqq9HgtJcChjBrZTdFGUySjFc7dFsTSsgoymS67NKSXXQD1yZ4Hp22LUpitMFzcxrjrX5hEK6GYmQU3Kxp7Tpz9"
    },
    "labels": {},
    "payment_requests": {},
    "prevouts_by_scripthash": {},
    "seed_version": 50,
    "spent_outpoints": {},
    "transactions": {},
    "tx_fees": {},
    "txi": {},
    "txo": {},
    "use_encryption": false,
    "verified_tx3": {},
    "wallet_type": "standard"
}