{
    "addr_history": {
        "114b5cXwqZ7erSYm3JbpiAR8SGK32TRRFR": [],
        "13umc4okaZoiN2XtvufUQVx36RmTccbAkT": [],
        "15f3QRpPfe1npZP4tAKQ6hehea5RR2M7N5": [],
        "15kd418Tn9T7qgdYHxaR2nYfKpMGsnbMHH": [],
        "162XzxpMsnoqsvCr7rvvurxvj2F8PvEeLU": [],
        "16JNxUoR654BcfM5ZwCVevv5YpWWWxiha9": [],
        "16TvcLcBrXVA1d4qLfjxqczAH51f8y4u42": [],
        "16kx5L8jRkd62EXcDPda5dZjYAkJHDsE7J": [],
        "18vyUJ3jzTn4B8nVCBxWoGwS2NYhgoFwTK": [],
        "19gq2Ei3Th3mT39oHE3xFHoLuDnUk6tgj2": [],
        "19tZuYH3LnB5xnQFcmUTiXBvykoYWqQUiM": [],
        "1B1b8TVUHbGCcWEp9B9fzdPwYHP4HbWutN": [],
        "1BBnBQEbVKpzBRtmYWMiRGrd1HQfKLtV5q": [],
        "1BhqevmAyQTg7FVxcEw9scSfwWWrjeBT3v": [],
        "1BvoBxV8gZLeVVZyRzi7rnzyQpGmzSrySK": [],
        "1C1EXEPXSJ3MTddThqhbReXitJtwxjC7Xq": [],
        "1CPgEk9tonQ4xpqv36t47JoDFJ1MYx2FHN": [],
        "1DPTydotf7wBBekqRJdSVAw7MfHWzYMmVh": [],
        "1DaxmiFaYX5cbzFvCFkfuabTfG3AHQdsFC": [],
        "1E7oa18rSqi6RF2AUu41PyvaAQzBhMEnS": [],
        "1EYhbMShACueNC22sfQeC4Jwc45Kb67qoM": [],
        "1F9NFWMLP7sA1kuUuDwz8KbHy7mtXcKAyQ": [],
        "1G1eu3X4PMRKQkp5o1rxoCsNiGxmB8hwZH": [],
        "1GL4uCt8j48eS6zE59zuM6tyDDoiJAqT2k": [],
        "1H9CPGuDaPstkrrwfS4ta2MQuHEozbQYNG": [],
        "1LCmj6UNC6FQLH54Qr7YhrScMzQURWNPos": [],
        "1LJLs67nL8CbXSC8AWFez6QpYa5T6DJ2QU": [],
        "1MDyecvbBuJebpNJRf32TXVw88bdaB5PAy": [],
        "1PXrUoQExxYQ6ksM7GoTCiM28peHuMLFfA": [],
        "1PtrY5cWf6duVqwyavAkx15qXMLs4M9ScF": []
    },
    "addresses": {
        "change": [
            "1B1b8TVUHbGCcWEp9B9fzdPwYHP4HbWutN",
            "13umc4okaZoiN2XtvufUQVx36RmTccbAkT",
            "1CPgEk9tonQ4xpqv36t47JoDFJ1MYx2FHN",
            "1DaxmiFaYX5cbzFvCFkfuabTfG3AHQdsFC",
            "16TvcLcBrXVA1d4qLfjxqczAH51f8y4u42",
            "1G1eu3X4PMRKQkp5o1rxoCsNiGxmB8hwZH",
            "1LCmj6UNC6FQLH54Qr7YhrScMzQURWNPos",
            "1BvoBxV8gZLeVVZyRzi7rnzyQpGmzSrySK",
            "15kd418Tn9T7qgdYHxaR2nYfKpMGsnbMHH",
            "1LJLs67nL8CbXSC8AWFez6QpYa5T6DJ2QU"
        ],
        "receiving": [
            "1MDyecvbBuJebpNJRf32TXVw88bdaB5PAy",
            "19gq2Ei3Th3mT39oHE3xFHoLuDnUk6tgj2",
            "15f3QRpPfe1npZP4tAKQ6hehea5RR2M7N5",
            "1GL4uCt8j48eS6zE59zuM6tyDDoiJAqT2k",
            "1EYhbMShACueNC22sfQeC4Jwc45Kb67qoM",
            "1E7oa18rSqi6RF2AUu41PyvaAQzBhMEnS",
            "16kx5L8jRkd62EXcDPda5dZjYAkJHDsE7J",
            "1PXrUoQExxYQ6ksM7GoTCiM28peHuMLFfA",
            "1PtrY5cWf6duVqwyavAkx15qXMLs4M9ScF",
            "162XzxpMsnoqsvCr7rvvurxvj2F8PvEeLU",
            "18vyUJ3jzTn4B8nVCBxWoGwS2NYhgoFwTK",
            "1F9NFWMLP7sA1kuUuDwz8KbHy7mtXcKAyQ",
            "114b5cXwqZ7erSYm3JbpiAR8SGK32TRRFR",
            "1DPTydotf7wBBekqRJdSVAw7MfHWzYMmVh",
            "16JNxUoR654BcfM5ZwCVevv5YpWWWxiha9",
            "19tZuYH3LnB5xnQFcmUTiXBvykoYWqQUiM",
            "1BhqevmAyQTg7FVxcEw9scSfwWWrjeBT3v",
            "1C1EXEPXSJ3MTddThqhbReXitJtwxjC7Xq",
            "1H9CPGuDaPstkrrwfS4ta2MQuHEozbQYNG",
            "1BBnBQEbVKpzBRtmYWMiRGrd1HQfKLtV5q"
        ]
    },
    "fiat_value": {},
    "frozen_coins": {},
    "invoices": {},
    "keystore": {
        "derivation": "m",
        "pw_hash_version": 1,
        "root_fingerprint": "b4446d77",
        "seed": "minor zone pool actual remain combine radar claw medal settle grace capable",
        "seed_type": "standard",
        "type": "bip32",
        "xprv": "xprv9s21ZrQH143K4VqMxDYp9urUrZFRA9cAhvBMSn4JSECrsFQdZGTAQSfK4XA8nimQe9nhAPwTYQRxc735zeJBBkdJNRDfJgh82ywXFVJhJgQ",
        "xpub": "xpub661MyMwAqRbcGyuq4F5pX3oDQb5uZcL2596xFATuzZjqk3jn6omQxEynupxPK4fGTC8cuU8LNMZiUsQR3E9ebhUKnV8QrLSqni9ksGgHGEL"
    },
    "labels": {},
    "payment_requests": {},
    "prevouts_by_scripthash": {},
    "seed_version": 50,
    "spent_outpoints": {},
    "transactions": {},
    "tx_fees": {},
    "txi": {},
    "txo": {},
    "use_encryption": false,
    "verified_tx3": {},
    "wallet_type": "standard"
}