{
    "addr_history": {
        "bc1q0cjgx80nfg5zpse58x4zttg7zqflywvexpf4nd": [],
        "bc1q29w82udkggmznn0pk2ypazrwad5y6tlyn675d3": [],
        "bc1q2u78tsz83nuqa00fy8tkag8k67tgey8s0vjtll": [],
        "bc1q3jdmc3dj2v4dz4uupaz087w642r70psaqzuh0l": [],
        "bc1q5lfslj5n0pky25cz65h8sht6gpyhnmdyd0rh5u": [],
        "bc1q6cd4h2pry9mnp2ygnm2fx5e4g0xha4uthjfl3n": [],
        "bc1q77lafkxa9z0qmq2epskkjapcudx4h8qr7g6a9e": [],
        "bc1q7a9x70l2eec2cu6z4d759m64jwg0vn8ktjgv5v": [],
        "bc1q7tg60zvxqndhzlymxrurmdtrlhve0kp9drdv6s": [],
        "bc1qa9kss4hmffcngypqa2vn4eqn6z2zs0nur9ecp2": [],
        "bc1qg8dq5wg7zcd0q2kgqhhp36p08x4g6wrz4ahp9z": [],
        "bc1qgk33unxtcq0g6z8v54gg8dn598rut8pr3xptz0": [],
        "bc1qgy724c38dnqzmfccw2qvcayrvrus8qra9xgwuk": [],
        "bc1qk65lvh0cwdwcgkcrfj98hh2wxjssrl6jmc3x7z": [],
        "bc1qknqsp8juuhsxjaslzlke7yc03endw2ptr2qv40": [],
        "bc1qkyest0p0nstn77nnmtpnyqsdml9kr8f25j8yuj": [],
        "bc1qq2q6ayzg45q7z4npsnwer48nvjdg5ds4uw84yw": [],
        "bc1qqqam8djptglphdev2na3p5e48crsnv4ar2hh3r": [],
        "bc1qrpz65ydhj45a7pr80y6wfhwwsvgq45gmy40r5x": [],
        "bc1qrx9p8lg7r576hryp043vc0m4a0vjgek9rv5ugx": [],
        "bc1qrys20v6ghwh99a5vj6glwmkdpwae2pn4a744pg": [],
        "bc1qs648n94l7wmdjymasg09x7vs7p5a73788h07a9": [],
        "bc1qtqy5ay5psq0cf7z3wppf7u06fwtre6m4e0xcze": [],
        "bc1qtu9xru6n64vgwwjwk3eu8gcf0xlrgdstzxazlp": [],
        "bc1quqnqjfsjqmesllpx99jn5rm5wpgjah0lap9j2t": [],
        "bc1quzz9um0802mspqcjzl38x9kgfsa7v8uchatqy3": [],
        "bc1qv3ghyp8wcczxyzcnm4dtva4yjmkzl48slxvh4z": [],
        "bc1qvyvwgr4383wsee723k8mp2umkhxn2usn7mz639": [],
        "bc1qyf2nyqya4ycejekhln56qfdex5waxlyd6p4dq0": [],
        "bc1qz4t503zngt6aqtrwquwmukpy76w3y2n8nqtfgt": []
    },
    "addresses": {
        "change": [
            "bc1qkyest0p0nstn77nnmtpnyqsdml9kr8f25j8yuj",
            "bc1qgy724c38dnqzmfccw2qvcayrvrus8qra9xgwuk",
            "bc1qs648n94l7wmdjymasg09x7vs7p5a73788h07a9",
            "bc1qyf2nyqya4ycejekhln56qfdex5waxlyd6p4dq0",
            "bc1q77lafkxa9z0qmq2epskkjapcudx4h8qr7g6a9e",
            "bc1qgk33unxtcq0g6z8v54gg8dn598rut8pr3xptz0",
            "bc1qqqam8djptglphdev2na3p5e48crsnv4ar2hh3r",
            "bc1quqnqjfsjqmesllpx99jn5rm5wpgjah0lap9j2t",
            "bc1qrys20v6ghwh99a5vj6glwmkdpwae2pn4a744pg",
            "bc1qrpz65ydhj45a7pr80y6wfhwwsvgq45gmy40r5x"
        ],
        "receiving": [
            "bc1q7tg60zvxqndhzlymxrurmdtrlhve0kp9drdv6s",
            "bc1q5lfslj5n0pky25cz65h8sht6gpyhnmdyd0rh5u",
            "bc1qv3ghyp8wcczxyzcnm4dtva4yjmkzl48slxvh4z",
            "bc1qtu9xru6n64vgwwjwk3eu8gcf0xlrgdstzxazlp",
            "bc1qz4t503zngt6aqtrwquwmukpy76w3y2n8nqtfgt",
            "bc1quzz9um0802mspqcjzl38x9kgfsa7v8uchatqy3",
            "bc1qq2q6ayzg45q7z4npsnwer48nvjdg5ds4uw84yw",
            "bc1q2u78tsz83nuqa00fy8tkag8k67tgey8s0vjtll",
            "bc1q0cjgx80nfg5zpse58x4zttg7zqflywvexpf4nd",
            "bc1qg8dq5wg7zcd0q2kgqhhp36p08x4g6wrz4ahp9z",
            "bc1q6cd4h2pry9mnp2ygnm2fx5e4g0xha4uthjfl3n",
            "bc1qknqsp8juuhsxjaslzlke7yc03endw2ptr2qv40",
            "bc1qa9kss4hmffcngypqa2vn4eqn6z2zs0nur9ecp2",
            "bc1qrx9p8lg7r576hryp043vc0m4a0vjgek9rv5ugx",
            "bc1qvyvwgr4383wsee723k8mp2umkhxn2usn7mz639",
            "bc1qtqy5ay5psq0cf7z3wppf7u06fwtre6m4e0xcze",
            "bc1q7a9x70l2eec2cu6z4d759m64jwg0vn8ktjgv5v",
            "bc1q29w82udkggmznn0pk2ypazrwad5y6tlyn675d3",
            "bc1qk65lvh0cwdwcgkcrfj98hh2wxjssrl6jmc3x7z",
            "bc1q3jdmc3dj2v4dz4uupaz087w642r70psaqzuh0l"
        ]
    },
    "channels": {},
    "fiat_value": {},
    "frozen_coins": {},
    "imported_channel_backups": {},
    "invoices": {},
    "keystore": {
        "derivation": "m/0'",
        "pw_hash_version": 1,
        "root_fingerprint": "31cef618",
        "seed": "minor zone pool average remain combine immense claw medal settle grace capable",
        "seed_type": "segwit",
        "type": "bip32",
        "xprv": "zprvAYvubgbUK5qsFsWz6CCShqWToBRTwwTacGSiFVQzhnmKHDgUzUsWZbWQyUsWdBfPoFVTh4cyaWGb9nAkRf9DAePwc7KHnJSnWTmqyp67pw8",
        "xpub": "zpub6mvG1C8N9TQAUMbTCDjT4yTCMDFxMQBRyVNK3spcG8JJA21dY2Bm7Pptpkqwi8YfFaLVUS9uj6nhAvvvdvLZfGBgWokRmnpf7DLQdwtpkVz"
    },
    "labels": {},
    "lightning_payments": {},
    "lightning_preimages": {},
    "lightning_xprv": "zprvAawX5y5gJaGd8HfZgcCTNH4gCkYkxtbnpfo7VJ7h426SKMoCBJ9AzBYMmcpoWTa92JzeZBua2QuEfwAyndr2YPE8BRFNESH5SPRXGWJNZzm",
    "onchain_channel_backups": {},
    "payment_requests": {},
    "prevouts_by_scripthash": {},
    "seed_version": 50,
    "spent_outpoints": {},
    "submarine_swaps": {},
    "transactions": {},
    "tx_fees": {},
    "txi": {},
    "txo": {},
    "use_encryption": false,
    "verified_tx3": {},
    "wallet_type": "standard"
}