{
    "addr_history": {
        "bc1q03524xnrefjfm3vfkwndyh5fjr3pv5drd2g5ue": [],
        "bc1q359l9ulykmtkz2388uqmw8kel2fhnj5haj2h8m": [],
        "bc1q3pgrdw7q2tt3e9r5pq9vw5eu36dmd6kgyfhv0n": [],
        "bc1q44lvz0qnffwc0nfmcj0yy7uyvfcm4vzqatsz24": [],
        "bc1q4tffpwg0dyrzm5ms5juzjllc4685pf938z2w4x": [],
        "bc1q58gx4q9mmulkjs50u72laf7wx9vhqspxqszx9u": [],
        "bc1q6d44l4a2l0gsv3dlqzven9equava6xql7pxzxa": [],
        "bc1q6fuulyety2rqu56g5g26pruh7uj42dse2plypw": [],
        "bc1q6yjelscyvgk90s33anu6nez3nwrwcsdfu3l6uv": [],
        "bc1q8q2z4649a0anekeqj99alcdgyfh3r64cnr27r0": [],
        "bc1q8t47ev44kfmuw2xts29dmkt29y48g83ze6e2w9": [],
        "bc1q9cx547wq6z6k2r2dkvj604cqzxtzpgkm4l3289": [],
        "bc1q9ema6mka46vkmc5ec76fhuv25eu86k0y0s2d97": [],
        "bc1qadcdlf5sd7ngkhrlstg8v5fst2sv799lf3fngq": [],
        "bc1qagh5rv9uvec652p0nly39rjxxpra4gehj98dcv": [],
        "bc1qcxw8qg8qymn40034208ytm73zcgy0w59a9423r": [],
        "bc1qdjws093kp3yw4v365dk6jjtpr6yfusx5l8v95a": [],
        "bc1qf369eder3f4ep5428advhxky6yjpspe9n8ahrg": [],
        "bc1qgr25nyur84t9yfut4sfajg6xrrlakx2j40c3x4": [],
        "bc1qjh4mzf7zvtr0qc3r3u7m08a3d56s8a96qrnvrc": [],
        "bc1qmprrpzx466k4dqwhw82upnvm8p00a6hnkq89ze": [],
        "bc1qra5pgvedcjcxrawcfuflqq70d6jtuleamzu3hs": [],
        "bc1qrdctnpjl5zf0tj0d5yed0nzktsaqe9206jwm32": [],
        "bc1qrh62f6a35849czgt2w25k90jd96ety5eewutd2": [],
        "bc1quc72k5rylnrzjn80z0y3cgu0zlnwdyu044cfu0": [],
        "bc1quv789lnf5v885mwrcgst66s4gum7dhdjstpm34": [],
        "bc1quyn65zjy5mj6dzu265nnan8yugxedrtd7j8gpm": [],
        "bc1qwd6selc4cdjfp96xu76kkqsupn8hwz3sqz2862": [],
        "bc1qxucp9cf5qyzynnaxe36lh2kl43mxpvlnkr4qzx": [],
        "bc1qzqeefjweul86fck9hup0emwqkszg5xw4ef037c": []
    },
    "addresses": {
        "change": [
            "bc1qxucp9cf5qyzynnaxe36lh2kl43mxpvlnkr4qzx",
            "bc1qrdctnpjl5zf0tj0d5yed0nzktsaqe9206jwm32",
            "bc1q03524xnrefjfm3vfkwndyh5fjr3pv5drd2g5ue",
            "bc1qcxw8qg8qymn40034208ytm73zcgy0w59a9423r",
            "bc1quv789lnf5v885mwrcgst66s4gum7dhdjstpm34",
            "bc1q9cx547wq6z6k2r2dkvj604cqzxtzpgkm4l3289",
            "bc1q359l9ulykmtkz2388uqmw8kel2fhnj5haj2h8m",
            "bc1qdjws093kp3yw4v365dk6jjtpr6yfusx5l8v95a",
            "bc1q6d44l4a2l0gsv3dlqzven9equava6xql7pxzxa",
            "bc1qadcdlf5sd7ngkhrlstg8v5fst2sv799lf3fngq"
        ],
        "receiving": [
            "bc1quc72k5rylnrzjn80z0y3cgu0zlnwdyu044cfu0",
            "bc1qjh4mzf7zvtr0qc3r3u7m08a3d56s8a96qrnvrc",
            "bc1q44lvz0qnffwc0nfmcj0yy7uyvfcm4vzqatsz24",
            "bc1q4tffpwg0dyrzm5ms5juzjllc4685pf938z2w4x",
            "bc1qagh5rv9uvec652p0nly39rjxxpra4gehj98dcv",
            "bc1qra5pgvedcjcxrawcfuflqq70d6jtuleamzu3hs",
            "bc1qwd6selc4cdjfp96xu76kkqsupn8hwz3sqz2862",
            "bc1q8t47ev44kfmuw2xts29dmkt29y48g83ze6e2w9",
            "bc1q9ema6mka46vkmc5ec76fhuv25eu86k0y0s2d97",
            "bc1q6yjelscyvgk90s33anu6nez3nwrwcsdfu3l6uv",
            "bc1qrh62f6a35849czgt2w25k90jd96ety5eewutd2",
            "bc1q6fuulyety2rqu56g5g26pruh7uj42dse2plypw",
            "bc1qgr25nyur84t9yfut4sfajg6xrrlakx2j40c3x4",
            "bc1q8q2z4649a0anekeqj99alcdgyfh3r64cnr27r0",
            "bc1qzqeefjweul86fck9hup0emwqkszg5xw4ef037c",
            "bc1q3pgrdw7q2tt3e9r5pq9vw5eu36dmd6kgyfhv0n",
            "bc1qf369eder3f4ep5428advhxky6yjpspe9n8ahrg",
            "bc1quyn65zjy5mj6dzu265nnan8yugxedrtd7j8gpm",
            "bc1q58gx4q9mmulkjs50u72laf7wx9vhqspxqszx9u",
            "bc1qmprrpzx466k4dqwhw82upnvm8p00a6hnkq89ze"
        ]
    },
    "channels": {},
    "fiat_value": {},
    "frozen_coins": {},
    "imported_channel_backups": {},
    "invoices": {},
    "keystore": {
        "derivation": "m/0'",
        "pw_hash_version": 1,
        "root_fingerprint": "798db8a1",
        "seed": "minor zone pool asset remain combine chief claw medal settle grace capable",
        "seed_type": "segwit",
        "type": "bip32",
        "xprv": "zprvAZTVa2LLuvneHc3SAmwNcrKixWsU537n2e4R7Y55xwDfYZqu7QkEGQyntV7YRGE1MEfd2jHXzmVofpuNxtrdFfeVbzEHd8KHLUvKPj4SC4z",
        "xpub": "zpub6nSqyXsEkJLwW67uGoUNyzGTWYhxUVqdPrz1uvUhXGkeRNB3ex4UpDJGjmkxqPMWb61kk7HT7ByMUSp5rp9untGdJcZsRn51cssCSdbxtBc"
    },
    "labels": {},
    "lightning_payments": {},
    "lightning_preimages": {},
    "lightning_xprv": "zprvAaqjjLsTzM9CN7hXFa6tJPDee9TzmrH4qESrLZCCSH2A1K3F2dwxtayEsUT9F9zFnnwULCkDt5XwU89eNQ4pqisxM632gBdYAFYYagKQdN8",
    "onchain_channel_backups": {},
    "payment_requests": {},
    "prevouts_by_scripthash": {},
    "seed_version": 50,
    "spent_outpoints": {},
    "submarine_swaps": {},
    "transactions": {},
    "tx_fees": {},
    "txi": {},
    "txo": {},
    "use_encryption": false,
    "verified_tx3": {},
    "wallet_type": "standard"
}