{
    "addr_history": {
        "129XbLkFB48GKT3uQuWNeN7Wb6gHaz1Zn7": [],
        "12Pw1iqZ4onQSjcwAr3rFB52SnW2JKPDab": [],
        "1328oxF3ZKUVhk6XnsCxcdm8K7gbEwyTyo": [],
        "139mpQ4zTfFgNKEXLPhRocoTLixjA2Cqgg": [],
        "13BfnnPrSxTeYNvNGxgh5jM6oWHpsyERVL": [],
        "141SFHuufarwHMSkAGDAjrP7RJjyZtxEdP": [],
        "14Duf4eZ3mXEqQpj3418dfy856YRfSHUfX": [],
        "15zFSMAczDS7DCXDLK57WmSKyt8Pu5zFQY": [],
        "16kRnYXoeeszPkXkdtqSJCFwf25b9saQt2": [],
        "16m9XMkzwCTNpUuzkfsFheMqtob8dE4kpH": [],
        "16uitXgyP2ig6ZUKxsBHZPVYoXWeyhQFvE": [],
        "171WJFdUz4C3HxcYfLwyVQTEhjTXLMmSWw": [],
        "171h5H2Y91hn6SLGaSNEpScNaiBRmvi8WZ": [],
        "17BK6LPZ8Z34uDQyZc9cwW1SRLfe3S7VUV": [],
        "17z19fwcqFx98zPyRK1rLTwhrLhUJZEEXy": [],
        "19UshTNtc8sLy6RuKTgmsMehQL7N54asqG": [],
        "1Bm2L5CHhqgHXhas5Z4LKrUz2R2GgAxphv": [],
        "1EmJ9gk3UjtZpGSkCAqpWpzDtSpxqBpqmW": [],
        "1FjMKxjac5yhSySihm2kKMX3TMQfpW7wew": [],
        "1FnAToEoxkBbYoSkxYCWE4MUVqS9LdFgWd": [],
        "1FvLBu1XSjMpLYYgZeGoywbkEJtRTtEbVM": [],
        "1JMbLeM4WcoDBoNCr9v2agaLpfJTv1Xeo4": [],
        "1Jns86hksUSFiercVjSgP4QbyGyRE1R7xR": [],
        "1JtwZPfLP3QJPEouWTQ72UfmLswcQCqz4Z": [],
        "1KKjs8SGrmMyVDy4oczmnzZv3293TtDV2P": [],
        "1M3L5vuJ2mCDMtc5azScMnGc8xhzTzZNpn": [],
        "1MM1ASvpo7YdbiVCphHiFDWPxvCiUC3Qu1": [],
        "1MZckzHgm6itUt1YmH5vWhKBWafQZ4P2od": [],
        "1NLxWrAsBss6Edq1Kub82MSSS9hoVNgNbc": [],
        "1PyH2AoJbcg16aVDU9t9KwCdwxqgzLRmVW": []
    },
    "addresses": {
        "change": [
            "16kRnYXoeeszPkXkdtqSJCFwf25b9saQt2",
            "141SFHuufarwHMSkAGDAjrP7RJjyZtxEdP",
            "15zFSMAczDS7DCXDLK57WmSKyt8Pu5zFQY",
            "1JtwZPfLP3QJPEouWTQ72UfmLswcQCqz4Z",
            "16m9XMkzwCTNpUuzkfsFheMqtob8dE4kpH",
            "1MZckzHgm6itUt1YmH5vWhKBWafQZ4P2od",
            "1Bm2L5CHhqgHXhas5Z4LKrUz2R2GgAxphv",
            "16uitXgyP2ig6ZUKxsBHZPVYoXWeyhQFvE",
            "1PyH2AoJbcg16aVDU9t9KwCdwxqgzLRmVW",
            "1FvLBu1XSjMpLYYgZeGoywbkEJtRTtEbVM"
        ],
        "receiving": [
            "171WJFdUz4C3HxcYfLwyVQTEhjTXLMmSWw",
            "1M3L5vuJ2mCDMtc5azScMnGc8xhzTzZNpn",
            "1328oxF3ZKUVhk6XnsCxcdm8K7gbEwyTyo",
            "14Duf4eZ3mXEqQpj3418dfy856YRfSHUfX",
            "1Jns86hksUSFiercVjSgP4QbyGyRE1R7xR",
            "13BfnnPrSxTeYNvNGxgh5jM6oWHpsyERVL",
            "129XbLkFB48GKT3uQuWNeN7Wb6gHaz1Zn7",
            "12Pw1iqZ4onQSjcwAr3rFB52SnW2JKPDab",
            "1FnAToEoxkBbYoSkxYCWE4MUVqS9LdFgWd",
            "1JMbLeM4WcoDBoNCr9v2agaLpfJTv1Xeo4",
            "139mpQ4zTfFgNKEXLPhRocoTLixjA2Cqgg",
            "17BK6LPZ8Z34uDQyZc9cwW1SRLfe3S7VUV",
            "17z19fwcqFx98zPyRK1rLTwhrLhUJZEEXy",
            "1FjMKxjac5yhSySihm2kKMX3TMQfpW7wew",
            "1EmJ9gk3UjtZpGSkCAqpWpzDtSpxqBpqmW",
            "171h5H2Y91hn6SLGaSNEpScNaiBRmvi8WZ",
            "19UshTNtc8sLy6RuKTgmsMehQL7N54asqG",
            "1KKjs8SGrmMyVDy4oczmnzZv3293TtDV2P",
            "1NLxWrAsBss6Edq1Kub82MSSS9hoVNgNbc",
            "1MM1ASvpo7YdbiVCphHiFDWPxvCiUC3Qu1"
        ]
    },
    "fiat_value": {},
    "frozen_coins": {},
    "invoices": {},
    "keystore": {
        "derivation": "m",
        "pw_hash_version": 1,
        "root_fingerprint": "6dfcb5b1",
        "seed": "minor zone pool addict remain combine swift claw medal settle grace capable",
        "seed_type": "standard",
        "type": "bip32",
        "xprv": "xprv9s21ZrQH143K2eB2CQUjVMxvPbuTawdGZ6x1e27okJ25eSVULwUtb4B6KDTR7iAwH1ceKkXyMp1TkALmJgY1Mr17r2hfxe3dhPgaTaMTqW2",
        "xpub": "xpub661MyMwAqRbcF8FVJS1jrVuewdjwzQM7vKscSQXRJdZ4XEpctUo98rVaAXGBY2LA5v7eTXF9XwWvB9UMXPdhHkXHxhJL9tURw27cb3qm9iy"
    },
    "labels": {},
    "payment_requests": {},
    "prevouts_by_scripthash": {},
    "seed_version": 50,
    "spent_outpoints": {},
    "transactions": {},
    "tx_fees": {},
    "txi": {},
    "txo": {},
    "use_encryption": false,
    "verified_tx3": {},
    "wallet_type": "standard"
}