{
    "addr_history": {
        "113ou1xG17Xpuc657Dq2LXaEy3ukLnGHpb": [],
        "12oJ6ohhXhdM2KmAehZ7mfotCPG7WUZxE9": [],
        "13vWwcz6Rw9uHFRVYVTkUVTQBvYiuVBaRd": [],
        "14TL6GbrZKfPYwnP3RjjyUc5w6AtyHxkUv": [],
        "16MCKno3ZFgydcvCvN65r3omMWYLuv574T": [],
        "16miWTXiUAybUrN5HXBKMK4CBfLbgi9kqi": [],
        "16xSbbWkmj8GC9KuVxDh6NZiD8LKAxRbDU": [],
        "17MQcV3vtrLdExhMrhXLB75FJnp5XVeYcE": [],
        "18B8678nHfjtsqQnnFbQTqihNHGGdbQUi8": [],
        "1BJYWxxYAeFoW77UGcjeoK3RgNtA4xwd9J": [],
        "1BcD5FcKh6VpNGUVzA7PK2pHD9wxw4VUQy": [],
        "1DA45gk2RuWApfCqztMSxbsU25vjXuqssC": [],
        "1E8Aqk5aBvuvX6UEPGAFyHkxRDXvtgW1D7": [],
        "1FKcJv7cpSokiqACHWasgMBiYTttDfaVnj": [],
        "1GUxQ8TYbhEPLrW6DuhQPwkYn9pqRxtoU8": [],
        "1HzvneLHQs3rvmpAcCjZAfbbyFtc4N3nS": [],
        "1Kr31UZBAQMzN2wfpUxTRhEMgpzkMBMNeX": [],
        "1KzJo4XRcrAfCDQtSBCwqb5gKWQ6sdHLYC": [],
        "1L13xBwkQCFx7u4rfHZDRPm3UimYsNQV2p": [],
        "1LCuBy9bb7EaDWUEcs8g6g4fmG6igL3cRc": [],
        "1Lc3DH92La74yQCeCTaZxszn1bTa4jKhd9": [],
        "1LnNrqVvbAv6dfqFRvZ7dRP9mJhmfoukmR": [],
        "1M2GoRTDcnohQuLwtQ4S4JCa9Lw65VFaN5": [],
        "1MEob5713QZpQNHjd6bCWXQLTvZgeP2aBM": [],
        "1MUUSzEvZUqMa13r1VjxYv54xp5CCxGrWC": [],
        "1MzbDYLF4GHN6n4RXD1CokCcmd21ptnEbq": [],
        "1NLDsMdyQXNXFsnHHCzBmLqLkobtADh5SB": [],
        "1P8Egy1VtcqRnzheiSFRpGTo7NmPJwgtCt": [],
        "1PXR7hNqBEtxygUY9uaEUC56Zi5WZQZ8kG": [],
        "1PkFcUqrH2k3Nm6PAxqeYG5xeZaTUFbhC2": []
    },
    "addresses": {
        "change": [
            "1MzbDYLF4GHN6n4RXD1CokCcmd21ptnEbq",
            "1L13xBwkQCFx7u4rfHZDRPm3UimYsNQV2p",
            "1MUUSzEvZUqMa13r1VjxYv54xp5CCxGrWC",
            "113ou1xG17Xpuc657Dq2LXaEy3ukLnGHpb",
            "1Lc3DH92La74yQCeCTaZxszn1bTa4jKhd9",
            "1BcD5FcKh6VpNGUVzA7PK2pHD9wxw4VUQy",
            "1MEob5713QZpQNHjd6bCWXQLTvZgeP2aBM",
            "1Kr31UZBAQMzN2wfpUxTRhEMgpzkMBMNeX",
            "14TL6GbrZKfPYwnP3RjjyUc5w6AtyHxkUv",
            "1LnNrqVvbAv6dfqFRvZ7dRP9mJhmfoukmR"
        ],
        "receiving": [
            "1GUxQ8TYbhEPLrW6DuhQPwkYn9pqRxtoU8",
            "16xSbbWkmj8GC9KuVxDh6NZiD8LKAxRbDU",
            "16miWTXiUAybUrN5HXBKMK4CBfLbgi9kqi",
            "1PkFcUqrH2k3Nm6PAxqeYG5xeZaTUFbhC2",
            "1FKcJv7cpSokiqACHWasgMBiYTttDfaVnj",
            "13vWwcz6Rw9uHFRVYVTkUVTQBvYiuVBaRd",
            "16MCKno3ZFgydcvCvN65r3omMWYLuv574T",
            "1HzvneLHQs3rvmpAcCjZAfbbyFtc4N3nS",
            "1M2GoRTDcnohQuLwtQ4S4JCa9Lw65VFaN5",
            "1E8Aqk5aBvuvX6UEPGAFyHkxRDXvtgW1D7",
            "18B8678nHfjtsqQnnFbQTqihNHGGdbQUi8",
            "1BJYWxxYAeFoW77UGcjeoK3RgNtA4xwd9J",
            "1NLDsMdyQXNXFsnHHCzBmLqLkobtADh5SB",
            "1KzJo4XRcrAfCDQtSBCwqb5gKWQ6sdHLYC",
            "1PXR7hNqBEtxygUY9uaEUC56Zi5WZQZ8kG",
            "1P8Egy1VtcqRnzheiSFRpGTo7NmPJwgtCt",
            "1DA45gk2RuWApfCqztMSxbsU25vjXuqssC",
            "17MQcV3vtrLdExhMrhXLB75FJnp5XVeYcE",
            "12oJ6ohhXhdM2KmAehZ7mfotCPG7WUZxE9",
            "1LCuBy9bb7EaDWUEcs8g6g4fmG6igL3cRc"
        ]
    },
    "fiat_value": {},
    "frozen_coins": {},
    "invoices": {},
    "keystore": {
        "derivation": "m",
        "pw_hash_version": 1,
        "root_fingerprint": "bddd9afb",
        "seed": "minor zone pool allow remain combine language claw medal settle grace capable",
        "seed_type": "standard",
        "type": "bip32",
        "xprv": "xprv9s21ZrQH143K3tWvgacgUzi9CXL8a5f1WNKcksQwrH7UUcGM5buz28c5ocrZSRDrCxQ6YuT5tsE8yuND5zYsVpj42HBeikAatUwDj7TTRZG",
        "xpub": "xpub661MyMwAqRbcGNbPnc9gr8eskZAcyYNrsbFDZFpZQceTMQbVd9EEZvvZetkcKMWLvk4Z86xEWd4saVeV1EGrQdosctx7HdLjeS8u2ZvrEg3"
    },
    "labels": {},
    "payment_requests": {},
    "prevouts_by_scripthash": {},
    "seed_version": 50,
    "spent_outpoints": {},
    "transactions": {},
    "tx_fees": {},
    "txi": {},
    "txo": {},
    "use_encryption": false,
    "verified_tx3": {},
    "wallet_type": "standard"
}