{
    "addr_history": {
        "12PFtJXyr3FqSgv6X6knenu4sUigEkDo6e": [],
        "12XMAH6fAc6dWN63zUxbf8x2kzqXzQiuU1": [],
        "12kzkQYrvwKMHt3WDh5fMXcDuz5jhp6S7n": [],
        "13U7UovMHssowMXaycgesuPBJ6BRAEMpNz": [],
        "147sHbuSAedkHPMPosNoYxkMx8Y4W8AzhU": [],
        "16Z1gwibtsuYPdEXivRWJbBnnN3W1WHE7n": [],
        "16jexpTGYP1Yha1KHCJKcacxQxrfLRazpa": [],
        "17gQu3QP6Ess53WEsGHDPzwHjy5WNzYpwz": [],
        "19vKeN8ryvhAoXBQnpFDcZKXg4BstkmV5f": [],
        "1A399DVe2teWC3nk5VeBBrUoHp2TSHG33r": [],
        "1BkxEa7h3QqzSiPCtfhBddB6dV4YRcgXac": [],
        "1C3Xf2Dv2Nvg7ZQXkQi62JLhzpxzVfd6VJ": [],
        "1CKobKbYUXBCQt36Y3REifYLTg5t38s47C": [],
        "1Dz35rPEMZZ16rsoPUU7xBDw3f5EYdWQbH": [],
        "1Grs7az6FAwm8HsQ5bYZ8ryYpcMEcybMXC": [],
        "1HdnbUE49H7F3fxvLcMDu8Ha7XCStp8ujH": [],
        "1HrqaDoHZkJu9eaJqhmnbY3A4RjrTSTVZj": [],
        "1JHK7g2zRehe7XSk77dcxtaGsJbGdsRB6": [],
        "1KyvGr2N2CrhgmDkJW2W9WnUTv1F7NGGJw": [],
        "1LhZARrEXWyaLRFYawNgExuz1PtB9TJcTS": [],
        "1MT8mqvpBj8PmasDu2sbXrFDqsuYVA9uTa": [],
        "1MkPMCTnhgrEWNZv51MBJB4LUGV7qfs2bs": [],
        "1N5yUau74zLzYqxSp1Vdbevz1TPnZAJa69": [],
        "1NWHew2meFYgbrb2sgi5Y2GoS5Ugq5wWPG": [],
        "1NcMJXSYLuvNokbMyifFEYbtMYDuDbWBUT": [],
        "1U7wxMjYnAWs7GN9pqtc4nF41xnQ1KDsM": [],
        "1bNxM2QhX4EoUZk3rohdngdX9cXnfvg9k": [],
        "1iRs6sKFZe1tr2AHAzctXPLDizytU5ypF": [],
        "1oPVrNv8hQfnYPHqm5Dsi66HeBZD5XS2E": [],
        "1v5kMcChWXiRqSnTFu6wjqtdJuNNhu1x6": []
    },
    "addresses": {
        "change": [
            "12PFtJXyr3FqSgv6X6knenu4sUigEkDo6e",
            "1Dz35rPEMZZ16rsoPUU7xBDw3f5EYdWQbH",
            "16jexpTGYP1Yha1KHCJKcacxQxrfLRazpa",
            "1KyvGr2N2CrhgmDkJW2W9WnUTv1F7NGGJw",
            "16Z1gwibtsuYPdEXivRWJbBnnN3W1WHE7n",
            "1C3Xf2Dv2Nvg7ZQXkQi62JLhzpxzVfd6VJ",
            "1HdnbUE49H7F3fxvLcMDu8Ha7XCStp8ujH",
            "1U7wxMjYnAWs7GN9pqtc4nF41xnQ1KDsM",
            "1CKobKbYUXBCQt36Y3REifYLTg5t38s47C",
            "1MT8mqvpBj8PmasDu2sbXrFDqsuYVA9uTa"
        ],
        "receiving": [
            "13U7UovMHssowMXaycgesuPBJ6BRAEMpNz",
            "147sHbuSAedkHPMPosNoYxkMx8Y4W8AzhU",
            "12kzkQYrvwKMHt3WDh5fMXcDuz5jhp6S7n",
            "1bNxM2QhX4EoUZk3rohdngdX9cXnfvg9k",
            "1v5kMcChWXiRqSnTFu6wjqtdJuNNhu1x6",
            "1A399DVe2teWC3nk5VeBBrUoHp2TSHG33r",
            "1LhZARrEXWyaLRFYawNgExuz1PtB9TJcTS",
            "1iRs6sKFZe1tr2AHAzctXPLDizytU5ypF",
            "1Grs7az6FAwm8HsQ5bYZ8ryYpcMEcybMXC",
            "19vKeN8ryvhAoXBQnpFDcZKXg4BstkmV5f",
            "1N5yUau74zLzYqxSp1Vdbevz1TPnZAJa69",
            "12XMAH6fAc6dWN63zUxbf8x2kzqXzQiuU1",
            "1MkPMCTnhgrEWNZv51MBJB4LUGV7qfs2bs",
            "1HrqaDoHZkJu9eaJqhmnbY3A4RjrTSTVZj",
            "1JHK7g2zRehe7XSk77dcxtaGsJbGdsRB6",
            "1BkxEa7h3QqzSiPCtfhBddB6dV4YRcgXac",
            "17gQu3QP6Ess53WEsGHDPzwHjy5WNzYpwz",
            "1NWHew2meFYgbrb2sgi5Y2GoS5Ugq5wWPG",
            "1oPVrNv8hQfnYPHqm5Dsi66HeBZD5XS2E",
            "1NcMJXSYLuvNokbMyifFEYbtMYDuDbWBUT"
        ]
    },
    "fiat_value": {},
    "frozen_coins": {},
    "invoices": {},
    "keystore": {
        "derivation": "m",
        "pw_hash_version": 1,
        "root_fingerprint": "d30f6f25",
        "seed": "minor zone pool about remain combine broccoli claw medal settle grace capable",
        "seed_type": "standard",
        "type": "bip32",
        "xprv": "xprv9s21ZrQH143K4F9dL5KSrNAZasewb7rV9Putiz2s66JyzbCAvSD3xS6WH7yqpsPxh3Dtpf6wbbA5d6WiYCDywEzRezfZybCEJ1bvTkgTAhK",
        "xpub": "xpub661MyMwAqRbcGjE6S6rTDW7J8uVRzaaLWcqVXNSUeRqxsPXKTyXJWEQz8QDSFeffULyorAKWFqwVFWgX9yK5wjGqz42xzsKJQDXKzBhLasp"
    },
    "labels": {},
    "payment_requests": {},
    "prevouts_by_scripthash": {},
    "seed_version": 50,
    "spent_outpoints": {},
    "transactions": {},
    "tx_fees": {},
    "txi": {},
    "txo": {},
    "use_encryption": false,
    "verified_tx3": {},
    "wallet_type": "standard"
}