{
    "addr_history": {
        "123Q5xiYmbQQDvGVfymf7BNwrxVUBvoyDq": [],
        "12wdaB1fFWitYqn9aMVNhKaTNEoT9v1Qm4": [],
        "1541rKrWVH3gmGd5Kkrhogn3Yq8C3kNvos": [],
        "15d2eCVdHdaoxphCvCxa6zhXdDx7pM4LDf": [],
        "16DpPZ72AD54k24Zr8uXtAyRrHcxzMEN8K": [],
        "16UdzJfePzkSkFdLfm3DNhtfjvuYddjHvu": [],
        "17tCpNc4z87ZAfFnFnvdLiDiiGyNYF5CjJ": [],
        "19yHtH6uqnXq6934NuCmb6qk55iMVjHrAU": [],
        "1BPTqv4Az4SJqiEUVQ97eqMF5SpDzSrMvN": [],
        "1Bz1iHVf428KtnRpDpEAaopwUdZG8j1hwj": [],
        "1CZYw93t3pZmARxANKCq85zvvgVKuY2yq5": [],
        "1DeBH86wvm1tnz7K8nMDdMhpwoKMGCFFDr": [],
        "1EM91jgLTwLEN8QcEz1mGivvCF17fyeYh9": [],
        "1EYkgqjKjxxE6crVQWMTFxUtSXUpeLG6k5": [],
        "1F45kVMJiXjMapJuRrmMfvWd341mYnNgVP": [],
        "1FS4LzZHgQgoGWTbYtMCawMmcLgpRxrPVM": [],
        "1FevTzywFJPVBpmnDX2sQQmWXsYKdi5vpv": [],
        "1GMdZMzcuxwH5iWPi4QgdYAtwfZn9bWBYy": [],
        "1GSf5ZgjU4tbtFeQxDA3VnbjdNapCgeyJS": [],
        "1H9XJAMSjMevHJpkteHM58friXarM4MgQf": [],
        "1HM3ppihwfUXp65SPBgJcb8sYLaxobynUE": [],
        "1HdK49KSNEnBfEcf1BCUyvoyrY35fpfGUg": [],
        "1HeEgpdz5RAoehn3kajJbyEWq3LjEXbxrs": [],
        "1Heg85rdsUbap4dkPZ2h7xrgqXwP64bTDB": [],
        "1K5THiKVzaBEmMkq3b15afWxdoyepDtYDQ": [],
        "1LHGNpnDiW8WGCPnxwx67vxAwzuPqByAek": [],
        "1MTvhCRic3ysdbEXvocWpEp4T4g4MCrnCS": [],
        "1Mm8HJoENU7fQjQazMQ2mKnb981vBc3DfZ": [],
        "1P7oJU5LuQQyasfjyNU2isHZEyUS7K3qF8": [],
        "1PqtTTdPfLP7FQL5o3PcDovdH49LQpWg4q": []
    },
    "addresses": {
        "change": [
            "1GSf5ZgjU4tbtFeQxDA3VnbjdNapCgeyJS",
            "17tCpNc4z87ZAfFnFnvdLiDiiGyNYF5CjJ",
            "1Bz1iHVf428KtnRpDpEAaopwUdZG8j1hwj",
            "1541rKrWVH3gmGd5Kkrhogn3Yq8C3kNvos",
            "16UdzJfePzkSkFdLfm3DNhtfjvuYddjHvu",
            "1F45kVMJiXjMapJuRrmMfvWd341mYnNgVP",
            "1GMdZMzcuxwH5iWPi4QgdYAtwfZn9bWBYy",
            "1HeEgpdz5RAoehn3kajJbyEWq3LjEXbxrs",
            "12wdaB1fFWitYqn9aMVNhKaTNEoT9v1Qm4",
            "1PqtTTdPfLP7FQL5o3PcDovdH49LQpWg4q"
        ],
        "receiving": [
            "1LHGNpnDiW8WGCPnxwx67vxAwzuPqByAek",
            "1EM91jgLTwLEN8QcEz1mGivvCF17fyeYh9",
            "1H9XJAMSjMevHJpkteHM58friXarM4MgQf",
            "123Q5xiYmbQQDvGVfymf7BNwrxVUBvoyDq",
            "19yHtH6uqnXq6934NuCmb6qk55iMVjHrAU",
            "1P7oJU5LuQQyasfjyNU2isHZEyUS7K3qF8",
            "1HdK49KSNEnBfEcf1BCUyvoyrY35fpfGUg",
            "1DeBH86wvm1tnz7K8nMDdMhpwoKMGCFFDr",
            "1Mm8HJoENU7fQjQazMQ2mKnb981vBc3DfZ",
            "1FevTzywFJPVBpmnDX2sQQmWXsYKdi5vpv",
            "1BPTqv4Az4SJqiEUVQ97eqMF5SpDzSrMvN",
            "1Heg85rdsUbap4dkPZ2h7xrgqXwP64bTDB",
            "1K5THiKVzaBEmMkq3b15afWxdoyepDtYDQ",
            "1EYkgqjKjxxE6crVQWMTFxUtSXUpeLG6k5",
            "1HM3ppihwfUXp65SPBgJcb8sYLaxobynUE",
            "16DpPZ72AD54k24Zr8uXtAyRrHcxzMEN8K",
            "1MTvhCRic3ysdbEXvocWpEp4T4g4MCrnCS",
            "1CZYw93t3pZmARxANKCq85zvvgVKuY2yq5",
            "1FS4LzZHgQgoGWTbYtMCawMmcLgpRxrPVM",
            "15d2eCVdHdaoxphCvCxa6zhXdDx7pM4LDf"
        ]
    },
    "fiat_value": {},
    "frozen_coins": {},
    "invoices": {},
    "keystore": {
        "derivation": "m",
        "pw_hash_version": 1,
        "root_fingerprint": "00cedd94",
        "seed": "minor zone pool armor remain combine track claw medal settle grace capable",
        "seed_type": "standard",
        "type": "bip32",
        "xprv": "xprv9s21ZrQH143K2xBpGiiRa9MKc7GoJxjZnMjDdAXVc4AbhFnryXPe47JaxMCobXK6nDSQFkXvXH6GuFmRy8rMCoDuu6jcSfA6oyekjmpb1bx",
        "xpub": "xpub661MyMwAqRbcFSGHNkFRwHJ4A97HiRTR9aepRYw7APhaa481X4htbud4oc3fS3kdDrYCaNHX9qcUM2LLDSN7FjkRpbQsxUwCShty5DdBiMU"
    },
    "labels": {},
    "payment_requests": {},
    "prevouts_by_scripthash": {},
    "seed_version": 50,
    "spent_outpoints": {},
    "transactions": {},
    "tx_fees": {},
    "txi": {},
    "txo": {},
    "use_encryption": false,
    "verified_tx3": {},
    "wallet_type": "standard"
}