{
    "addr_history": {
        "12YKQoWi17SrL94xJSvSUjisb26TVFWT9t": [],
        "12Z38Vmqi2RKq2qJQ3He3HfeVSuAYk9P7P": [],
        "12gDRLasA8KU5tVQKsX7ZRwVP2xiMc3ipB": [],
        "13PMpDAPbhDVSJi2fN7CQvuPqgqFoySy9C": [],
        "147F5LTB5W97ZS9vZfzxUkN2Tqa9d77AHK": [],
        "14i8ek4C5p9cB7ieewn34B1GA8gscdF3DP": [],
        "15FwH8TimkQTwa8n6j6997L5Rm8sUPrhjo": [],
        "16jWZJeikTkLEpJsEywja2E2wk6VchMxoW": [],
        "17PHD65MxXNf7mKXiegrUiqZbUHPz6tJDN": [],
        "17pVA7yFz6gECDrTKYbq1mBiVkZiA2xWxY": [],
        "18Coj7cqaxFjtzqYfhf3ZKpRQEe6eUmVbs": [],
        "18Mn1LnG7rbqFYzge6wMroZo39MWLo722x": [],
        "18ZjVCBokqG56tgNZoZXuszeKmGqma6v1V": [],
        "19ESR8Vhu1N89JEfvaBnhD7sHqVKdVXSMx": [],
        "1AL7Loz4SgVLdDoPfUQYSEjkiuPjbCanFF": [],
        "1DhhAtZkAWhvSdCjqaCo8v7iDxbwqEx9Eb": [],
        "1FEzqReDUHP4bEpG2kF7RaBpGGncCtnwRq": [],
        "1GqnD4V6yoHVqbyasHuTF2DdobgVbwN5TU": [],
        "1GvauHepQc5Umu63tK6GMFCqDnzhgM4DtV": [],
        "1Hybfb2x2A4CJDwhuABEMhFCY4SnrE98Y": [],
        "1JsDwkTVsQozhzAKsbQYCxANdPAR9oYjQJ": [],
        "1K75Z2THdeFBm1kevLn1EdGhp5BxQcVs17": [],
        "1KN7k7BZ7eYdx73zfoH8rpHQauKBjKkLBV": [],
        "1LDGLWQPQ2fvj1KmgKNV18JC5cjMYjewn": [],
        "1LPmaboBLztUAW2R78CbjvD5XnxdYyoL2P": [],
        "1MnDJQys22DfYfLAskXMaH2mbCCsnLBu8a": [],
        "1NAfuDMWyyehPGPgv5iF7yCyM5BTo4tcrU": [],
        "1P6V4FTNsEtEq9QXXK5ddZ8ZjdPwFXv5AJ": [],
        "1Q1LR5VeiyZHdFTCKRkNkUZs64Tj9bpgB8": [],
        "1Q7Ftow2djBRFLKS1qb1YvNLVkcSXvkZFW": []
    },
    "addresses": {
        "change": [
            "13PMpDAPbhDVSJi2fN7CQvuPqgqFoySy9C",
            "17PHD65MxXNf7mKXiegrUiqZbUHPz6tJDN",
            "1FEzqReDUHP4bEpG2kF7RaBpGGncCtnwRq",
            "1GqnD4V6yoHVqbyasHuTF2DdobgVbwN5TU",
            "1P6V4FTNsEtEq9QXXK5ddZ8ZjdPwFXv5AJ",
            "15FwH8TimkQTwa8n6j6997L5Rm8sUPrhjo",
            "1LPmaboBLztUAW2R78CbjvD5XnxdYyoL2P",
            "1Q7Ftow2djBRFLKS1qb1YvNLVkcSXvkZFW",
            "1Q1LR5VeiyZHdFTCKRkNkUZs64Tj9bpgB8",
            "14i8ek4C5p9cB7ieewn34B1GA8gscdF3DP"
        ],
        "receiving": [
            "1JsDwkTVsQozhzAKsbQYCxANdPAR9oYjQJ",
            "147F5LTB5W97ZS9vZfzxUkN2Tqa9d77AHK",
            "1KN7k7BZ7eYdx73zfoH8rpHQauKBjKkLBV",
            "17pVA7yFz6gECDrTKYbq1mBiVkZiA2xWxY",
            "1GvauHepQc5Umu63tK6GMFCqDnzhgM4DtV",
            "1MnDJQys22DfYfLAskXMaH2mbCCsnLBu8a",
            "1NAfuDMWyyehPGPgv5iF7yCyM5BTo4tcrU",
            "19ESR8Vhu1N89JEfvaBnhD7sHqVKdVXSMx",
            "12gDRLasA8KU5tVQKsX7ZRwVP2xiMc3ipB",
            "18ZjVCBokqG56tgNZoZXuszeKmGqma6v1V",
            "1DhhAtZkAWhvSdCjqaCo8v7iDxbwqEx9Eb",
            "1K75Z2THdeFBm1kevLn1EdGhp5BxQcVs17",
            "18Mn1LnG7rbqFYzge6wMroZo39MWLo722x",
            "12Z38Vmqi2RKq2qJQ3He3HfeVSuAYk9P7P",
            "1LDGLWQPQ2fvj1KmgKNV18JC5cjMYjewn",
            "12YKQoWi17SrL94xJSvSUjisb26TVFWT9t",
            "16jWZJeikTkLEpJsEywja2E2wk6VchMxoW",
            "1Hybfb2x2A4CJDwhuABEMhFCY4SnrE98Y",
            "18Coj7cqaxFjtzqYfhf3ZKpRQEe6eUmVbs",
            "1AL7Loz4SgVLdDoPfUQYSEjkiuPjbCanFF"
        ]
    },
    "fiat_value": {},
    "frozen_coins": {},
    "invoices": {},
    "keystore": {
        "derivation": "m",
        "pw_hash_version": 1,
        "root_fingerprint": "d41663ae",
        "seed": "minor zone pool august remain combine inject claw medal settle grace capable",
        "seed_type": "standard",
        "type": "bip32",
        "xprv": "xprv9s21ZrQH143K3exw1sk7Aze2WMDB2VBSmR1J2Zifdt6SPnv3ADK5guRq5kaawd4ZZhef245fhzTrFYZeLi5Xzoffd2CxT5xggyhm6aGeNHQ",
        "xpub": "xpub661MyMwAqRbcG93Q7uH7Y8am4P3fRwuJ8dvtpx8HCDdRGbFBhkdLEhkJw35KWcdBUJtwQWCtAsG2Vdj7VNF8JBdp4iu8Eao4j7736Q48usZ"
    },
    "labels": {},
    "payment_requests": {},
    "prevouts_by_scripthash": {},
    "seed_version": 50,
    "spent_outpoints": {},
    "transactions": {},
    "tx_fees": {},
    "txi": {},
    "txo": {},
    "use_encryption": false,
    "verified_tx3": {},
    "wallet_type": "standard"
}