{
    "addr_history": {
        "12p5iAVeA7nDyH3PmSvTevD7GDJ6e2MiCk": [],
        "13QCEzf669csoF6jibELBgPq2bpsbzEyyS": [],
        "13i5DiaxjqURD3UFLn8J1SPiGqfEKf9YZz": [],
        "13yHujkMgTCW548kDvpSRVovF99rDr8biQ": [],
        "14ybf1bxS2qqCu5FYQ1tPrtnTbzaXDDW9R": [],
        "16KTyQHsZHgWuccuEYTimoDCiFGeSUKsGm": [],
        "16fsb87RxJ4a3RCZjVjqo5mvwnw6FgMoi": [],
        "18SqyEGdkhGPL2K2HKps943JVeL7dJK3gz": [],
        "18n1i3h2pTqzWp1L9FdGvtXrvowCRMtBhF": [],
        "19CCJGYpeS5dzriuSR8aoQYjvkCdmfWGiS": [],
        "1A37wiNMFLDWqricjTbCyzS4AC6KCPQ2xr": [],
        "1BJ2Ys48fqf3X2oaYKhzNbXCnsDRbFcyd4": [],
        "1BRGd1sg6HQtHeR8fX1Mbenom3j8ur5yh5": [],
        "1CcvpPjFFQ35RdWUpAnosbBJBwFejRBao": [],
        "1CoT1WNCWMxVgabW2yQz8BhHVY2WupgJ6q": [],
        "1DMs5r4tSTfPjmbuoUmvTdeGyMKqt8uUse": [],
        "1DjMGCdWYwfJeKMqNfPF6eUXDgp2tLJZaD": [],
        "1EnzQw4kDpPUJk1MtT8dEBCaw5t4CPdB3s": [],
        "1Eu7ELGgUnL4woC5j1eDHiHsnCrnDz5p62": [],
        "1FUGAUhLHrpntib8CUWpkoP3rGm9ZAdwp1": [],
        "1FeYdGk6Bws79eLUYXnN64BESvFsV2aAyb": [],
        "1FpoKAiCHJeTwrk3Gem6ntLPxjNmW6cyoA": [],
        "1GV8gwA2zqBUqkAGcEUdSLDtQ1QXNUwhSR": [],
        "1Lb6Q8ABKJwgAuPPVBh7SBmERSA4iRQ8iU": [],
        "1NDS8knpnDFnE4zH9oVi74MQ5bVktx3aPk": [],
        "1Np9L3XKBsn2dCx9LzLDH3MedFwLYBfZAk": [],
        "1NrtkCQqkhtNGZqzdBDk56S739jW2sxGEo": [],
        "1PDa5QSmYEF1sr7y6NYNZ7mhwpk8MxBc5y": [],
        "1PNXxTujXmMHp57HDq4aAP5bsf6BdcpdyP": [],
        "1XSyPuYT5orySc14AcXT71dtYeMmbuzW1": []
    },
    "addresses": {
        "change": [
            "1DMs5r4tSTfPjmbuoUmvTdeGyMKqt8uUse",
            "1BRGd1sg6HQtHeR8fX1Mbenom3j8ur5yh5",
            "1CcvpPjFFQ35RdWUpAnosbBJBwFejRBao",
            "1Eu7ELGgUnL4woC5j1eDHiHsnCrnDz5p62",
            "18n1i3h2pTqzWp1L9FdGvtXrvowCRMtBhF",
            "1GV8gwA2zqBUqkAGcEUdSLDtQ1QXNUwhSR",
            "1PDa5QSmYEF1sr7y6NYNZ7mhwpk8MxBc5y",
            "1A37wiNMFLDWqricjTbCyzS4AC6KCPQ2xr",
            "1NDS8knpnDFnE4zH9oVi74MQ5bVktx3aPk",
            "1DjMGCdWYwfJeKMqNfPF6eUXDgp2tLJZaD"
        ],
        "receiving": [
            "1XSyPuYT5orySc14AcXT71dtYeMmbuzW1",
            "14ybf1bxS2qqCu5FYQ1tPrtnTbzaXDDW9R",
            "13i5DiaxjqURD3UFLn8J1SPiGqfEKf9YZz",
            "1FeYdGk6Bws79eLUYXnN64BESvFsV2aAyb",
            "1BJ2Ys48fqf3X2oaYKhzNbXCnsDRbFcyd4",
            "1FUGAUhLHrpntib8CUWpkoP3rGm9ZAdwp1",
            "13QCEzf669csoF6jibELBgPq2bpsbzEyyS",
            "19CCJGYpeS5dzriuSR8aoQYjvkCdmfWGiS",
            "16KTyQHsZHgWuccuEYTimoDCiFGeSUKsGm",
            "12p5iAVeA7nDyH3PmSvTevD7GDJ6e2MiCk",
            "1Np9L3XKBsn2dCx9LzLDH3MedFwLYBfZAk",
            "16fsb87RxJ4a3RCZjVjqo5mvwnw6FgMoi",
            "18SqyEGdkhGPL2K2HKps943JVeL7dJK3gz",
            "1Lb6Q8ABKJwgAuPPVBh7SBmERSA4iRQ8iU",
            "1PNXxTujXmMHp57HDq4aAP5bsf6BdcpdyP",
            "1CoT1WNCWMxVgabW2yQz8BhHVY2WupgJ6q",
            "1NrtkCQqkhtNGZqzdBDk56S739jW2sxGEo",
            "1FpoKAiCHJeTwrk3Gem6ntLPxjNmW6cyoA",
            "13yHujkMgTCW548kDvpSRVovF99rDr8biQ",
            "1EnzQw4kDpPUJk1MtT8dEBCaw5t4CPdB3s"
        ]
    },
    "fiat_value": {},
    "frozen_coins": {},
    "invoices": {},
    "keystore": {
        "derivation": "m",
        "pw_hash_version": 1,
        "root_fingerprint": "8219852b",
        "seed": "minor zone pool alley remain combine scrub claw medal settle grace capable",
        "seed_type": "standard",
        "type": "bip32",
        "xprv": "xprv9s21ZrQH143K2AxLYGUGLQbJoGSMiL67yQHBbvM4UfwUVcjoSvpjy9WM8ocD6mCUhgcAv1Eo349odSSUxGJRo9eaEWYbNq9kbyzGRvZ4e47",
        "xpub": "xpub661MyMwAqRbcEf2oeJ1GhYY3MJGr7noyLdCnQJkg31UTNR4wzU8zWwppz46UCW89zUXb96MBAM8KGeZT8vA4JFZYim3BmWWturz3NsEmYAC"
    },
    "labels": {},
    "payment_requests": {},
    "prevouts_by_scripthash": {},
    "seed_version": 50,
    "spent_outpoints": {},
    "transactions": {},
    "tx_fees": {},
    "txi": {},
    "txo": {},
    "use_encryption": false,
    "verified_tx3": {},
    "wallet_type": "standard"
}