{
    "addr_history": {
        "12yt8yz7PF7scWeUjLRfAfFGjoUjgM2fiJ": [],
        "14CvqbYoKKLvGy3wgNP4SUiUYNqRMVsBnT": [],
        "15UdbK63FvoUsB62dZHMLTRE3zSZ8AdwCk": [],
        "15faY58WuMNk5DVYUkcCfFobxcpmkQuDoF": [],
        "18VuUHRBxNihqjLRGuQ7TqPch8pBY71kom": [],
        "18YJBwfcUxRXdEc6NKv6e7EGtpCZQE6oXi": [],
        "194PkJfLMr89vjnSUpmxFCNGS467MN5tBW": [],
        "19d9FxU45fTnHUSJhpRyU1AHHqVFs6gi3p": [],
        "1C2aLmPauWxgRhEv3PGy95bSXa114bGZDz": [],
        "1CGLBEKPAwNoePVujhdeATphqWRqWYNPXN": [],
        "1CLEPMueLEZrs7VNxJ9oZKJSkiSXub6Epu": [],
        "1Cbioyg5ypz6oztohLw4MuhdAqTh2HkoCv": [],
        "1DAsfcmKj41NMqX2qP8bV5fHzxAaGRQyPg": [],
        "1DMHyud7jn4dBhwRnzZZ7F3xdUnW4e1WyT": [],
        "1DSA2uCbQJP9eMG8Cxrse5XzbWbKtaS44H": [],
        "1DYT9gtbwQfdfX6PjZFfouRxPWYsKC7brF": [],
        "1DgCfofF7FEPys8j27deSUop3NSdDvc7kw": [],
        "1EGDkmMLUBxPQwAQ8kBfWBeFf5De2kWVgg": [],
        "1G98rkjZB1ThkFHFTo46ex158VcBdNdnBp": [],
        "1GZ71hX34LKbCMUY6h3Aazvw3urP6eMyjh": [],
        "1GdsmCsyGk83WAQjmyEqLb2r6Gkg1zQhUH": [],
        "1HxfKJdzbMkJuHBx8cRif2gMrQwYy4HPWJ": [],
        "1JpDYf6zRXEFSAd6pbrcVFZxFz3xguSkx5": [],
        "1JsSr8uHT3j3YDxHm2CEVVL6BuFfgq6foA": [],
        "1Kx66kYuVsFUfycrnkNSFiYEyMddKjRsMz": [],
        "1M9W5A2Jc7bZNYGGLoFN3v79mzoY8kBrxN": [],
        "1NQr5DuMKStdKcGMeUX9e3ABHWXVNjzhei": [],
        "1P4vXWxUqLpbbS2CwXEced7TurzZ2jXism": [],
        "1P87mxyU8Q6f3usWU6FCLisssdkiTpttUV": [],
        "1PErytS4r3rgmnvjayntjT6xPTJZMJugYq": []
    },
    "addresses": {
        "change": [
            "1PErytS4r3rgmnvjayntjT6xPTJZMJugYq",
            "1P87mxyU8Q6f3usWU6FCLisssdkiTpttUV",
            "1P4vXWxUqLpbbS2CwXEced7TurzZ2jXism",
            "1C2aLmPauWxgRhEv3PGy95bSXa114bGZDz",
            "1EGDkmMLUBxPQwAQ8kBfWBeFf5De2kWVgg",
            "1M9W5A2Jc7bZNYGGLoFN3v79mzoY8kBrxN",
            "15faY58WuMNk5DVYUkcCfFobxcpmkQuDoF",
            "1DAsfcmKj41NMqX2qP8bV5fHzxAaGRQyPg",
            "14CvqbYoKKLvGy3wgNP4SUiUYNqRMVsBnT",
            "1DMHyud7jn4dBhwRnzZZ7F3xdUnW4e1WyT"
        ],
        "receiving": [
            "194PkJfLMr89vjnSUpmxFCNGS467MN5tBW",
            "1CLEPMueLEZrs7VNxJ9oZKJSkiSXub6Epu",
            "1DSA2uCbQJP9eMG8Cxrse5XzbWbKtaS44H",
            "12yt8yz7PF7scWeUjLRfAfFGjoUjgM2fiJ",
            "1JpDYf6zRXEFSAd6pbrcVFZxFz3xguSkx5",
            "1NQr5DuMKStdKcGMeUX9e3ABHWXVNjzhei",
            "15UdbK63FvoUsB62dZHMLTRE3zSZ8AdwCk",
            "1Cbioyg5ypz6oztohLw4MuhdAqTh2HkoCv",
            "18VuUHRBxNihqjLRGuQ7TqPch8pBY71kom",
            "1DYT9gtbwQfdfX6PjZFfouRxPWYsKC7brF",
            "18YJBwfcUxRXdEc6NKv6e7EGtpCZQE6oXi",
            "1G98rkjZB1ThkFHFTo46ex158VcBdNdnBp",
            "1HxfKJdzbMkJuHBx8cRif2gMrQwYy4HPWJ",
            "1JsSr8uHT3j3YDxHm2CEVVL6BuFfgq6foA",
            "1DgCfofF7FEPys8j27deSUop3NSdDvc7kw",
            "1GdsmCsyGk83WAQjmyEqLb2r6Gkg1zQhUH",
            "1Kx66kYuVsFUfycrnkNSFiYEyMddKjRsMz",
            "1GZ71hX34LKbCMUY6h3Aazvw3urP6eMyjh",
            "19d9FxU45fTnHUSJhpRyU1AHHqVFs6gi3p",
            "1CGLBEKPAwNoePVujhdeATphqWRqWYNPXN"
        ]
    },
    "fiat_value": {},
    "frozen_coins": {},
    "invoices": {},
    "keystore": {
        "derivation": "m",
        "pw_hash_version": 1,
        "root_fingerprint": "f0430a9d",
        "seed": "minor zone pool another remain combine giraffe claw medal settle grace capable",
        "seed_type": "standard",
        "type": "bip32",
        "xprv": "xprv9s21ZrQH143K4aotj8M4GNgHXQGR19hR8K9YDVe3KCK1quSN4tWMqhJ467xkwv2jy4utyYxaAU2p2eCDN2Yhck8R8btoMTh63DF1jXf8WTr",
        "xpub": "xpub661MyMwAqRbcH4tMq9t4dWd25S6uQcRGVY591t3esXqzihmWcRpcPVcXwSVtkySDvtugSt7Kny41EtbGSmKs8rjw1jN7js6ce2mrCfxwMjE"
    },
    "labels": {},
    "payment_requests": {},
    "prevouts_by_scripthash": {},
    "seed_version": 50,
    "spent_outpoints": {},
    "transactions": {},
    "tx_fees": {},
    "txi": {},
    "txo": {},
    "use_encryption": false,
    "verified_tx3": {},
    "wallet_type": "standard"
}