{
    "addr_history": {
        "12TD4oBj6RSK94rBuA1HShL4wmj8K68cgQ": [],
        "12yvJhQHRbDN7Pqi443NWaoR2TjMJAzzkq": [],
        "133NVzNy1fgJxQmCVDgHfNgdsVdxWPF4BP": [],
        "14ytof4KRbnvpcYQPcfmxBAky9t1zaUZbe": [],
        "1556YrkdefXAGriFnTTLHHwSxqfoGdUC7g": [],
        "15QzTndmsY6jhyTohVswjQN4qLbHqjxNAh": [],
        "15fWpUjiLsKYXemaom7aMtUCuNszxAtqQ5": [],
        "17FzgS3LPt46DJgz6BDcZ4hm418HkuX11W": [],
        "17nXRWzbun4FyeFEdt4ky7BqbjU59wFuBB": [],
        "18zsgAB3YJke3kfZ9Yx1DQhEgcF1ZDYRPa": [],
        "19GL7ECgfx5zX4vrrkeyUVsjAd82gtsEEf": [],
        "1AMJEveU2Q8hLsfumFXgUjNNsWrLdBFfoB": [],
        "1AjJAZjg5kgoUwLFn1HFxVYjfRGnq3PPeW": [],
        "1Cgo81cAATCe6PooJK5CJWxQpNwBv3WVZQ": [],
        "1DotCcm4ETbuQJyLyRmb2fDHk9MpTA5FxS": [],
        "1E3JuPCvMZ3diCPJA4WHEMYWNsCw7AXLCC": [],
        "1EFd3pumTW9kwbMPfCtDeGzkRrbjBAtU89": [],
        "1GZrNHtr8gqfHXsDRMsQZfnQNgjCu5itx5": [],
        "1JJmrS1vZR1CGGJFVxSG44ua23pxT3DJde": [],
        "1JqB84JiSQYHZbnFCUm6ugYTKJJ5C1UaUA": [],
        "1KW6vGAZmkwh4FCAHcwE1EPjLDQ4vBryAh": [],
        "1KpQwDpAKzJsVvNfZ2emucgD1dwNBfFAn5": [],
        "1KtrYtudGcJ83pikk6RdP9eAnBeqoH3yUs": [],
        "1KtsgysjHbY3RpAYqi73q8v6ckyxpvaAsg": [],
        "1KwK81TUAbGDXXWKDx1d7rhhZeBGahwtK2": [],
        "1KwcEygpKfNqb3hEpaTER7TJabbk5QUWww": [],
        "1LmgVsq1ouCpuUksF5dvuH4QS2CdKTa1nS": [],
        "1N8CALcR1gp3ASkdy1VfpaYEVE7uwY17Nc": [],
        "1NHrE735vNo4eDwnV7MzhcVQunRRKJRz7K": [],
        "1UvN4gvarizsoDEnnBr2KuXDsXWho32dG": []
    },
    "addresses": {
        "change": [
            "1KtsgysjHbY3RpAYqi73q8v6ckyxpvaAsg",
            "1NHrE735vNo4eDwnV7MzhcVQunRRKJRz7K",
            "1KwK81TUAbGDXXWKDx1d7rhhZeBGahwtK2",
            "1E3JuPCvMZ3diCPJA4WHEMYWNsCw7AXLCC",
            "1556YrkdefXAGriFnTTLHHwSxqfoGdUC7g",
            "17nXRWzbun4FyeFEdt4ky7BqbjU59wFuBB",
            "19GL7ECgfx5zX4vrrkeyUVsjAd82gtsEEf",
            "18zsgAB3YJke3kfZ9Yx1DQhEgcF1ZDYRPa",
            "1EFd3pumTW9kwbMPfCtDeGzkRrbjBAtU89",
            "15fWpUjiLsKYXemaom7aMtUCuNszxAtqQ5"
        ],
        "receiving": [
            "1KwcEygpKfNqb3hEpaTER7TJabbk5QUWww",
            "1GZrNHtr8gqfHXsDRMsQZfnQNgjCu5itx5",
            "1N8CALcR1gp3ASkdy1VfpaYEVE7uwY17Nc",
            "17FzgS3LPt46DJgz6BDcZ4hm418HkuX11W",
            "1KpQwDpAKzJsVvNfZ2emucgD1dwNBfFAn5",
            "1Cgo81cAATCe6PooJK5CJWxQpNwBv3WVZQ",
            "133NVzNy1fgJxQmCVDgHfNgdsVdxWPF4BP",
            "12yvJhQHRbDN7Pqi443NWaoR2TjMJAzzkq",
            "1JqB84JiSQYHZbnFCUm6ugYTKJJ5C1UaUA",
            "1KtrYtudGcJ83pikk6RdP9eAnBeqoH3yUs",
            "12TD4oBj6RSK94rBuA1HShL4wmj8K68cgQ",
            "1UvN4gvarizsoDEnnBr2KuXDsXWho32dG",
            "1LmgVsq1ouCpuUksF5dvuH4QS2CdKTa1nS",
            "1DotCcm4ETbuQJyLyRmb2fDHk9MpTA5FxS",
            "1JJmrS1vZR1CGGJFVxSG44ua23pxT3DJde",
            "1KW6vGAZmkwh4FCAHcwE1EPjLDQ4vBryAh",
            "1AMJEveU2Q8hLsfumFXgUjNNsWrLdBFfoB",
            "1AjJAZjg5kgoUwLFn1HFxVYjfRGnq3PPeW",
            "14ytof4KRbnvpcYQPcfmxBAky9t1zaUZbe",
            "15QzTndmsY6jhyTohVswjQN4qLbHqjxNAh"
        ]
    },
    "fiat_value": {},
    "frozen_coins": {},
    "invoices": {},
    "keystore": {
        "derivation": "m",
        "pw_hash_version": 1,
        "root_fingerprint": "0b56f07c",
        "seed": "minor zone pool alone remain combine inherit claw medal settle grace capable",
        "seed_type": "standard",
        "type": "bip32",
        "xprv": "xprv9s21ZrQH143K2jmYnmGEvojw85Q9Um2iLt8Eq3HRxqLDfLtdnGMjLMfeq6bWko6dDGYYusfLsPBaa7PZjX4ZqDTYtL4TbHS6QLsnrfqxmUR",
        "xpub": "xpub661MyMwAqRbcFDr1tnoFHwgfg7EdtDkZi73qdRh3XAsCY9DnKofyt9z8gP33DZ2BbmytjuYJddmLwFjkrD5CrvQm1fCp8UakBwvCbzkQGwS"
    },
    "labels": {},
    "payment_requests": {},
    "prevouts_by_scripthash": {},
    "seed_version": 50,
    "spent_outpoints": {},
    "transactions": {},
    "tx_fees": {},
    "txi": {},
    "txo": {},
    "use_encryption": false,
    "verified_tx3": {},
    "wallet_type": "standard"
}