{
    "addr_history": {
        "112VtifbRDj88coedBzgmVjJEp23HA5Fqp": [],
        "12DGN6kYNqGx78qN3XurfbfSyLRaENG631": [],
        "14Jbqqfwcz8jAQJdQAnR2m88zU6vsDaveu": [],
        "14t15uB1j1WXAUiNiVScgf3dKAErUWsDaH": [],
        "15gNbFBXuf3Um9nrhYCpiB4xkEA91fdveW": [],
        "16bS599AYCLXZwWpCJZTdNKaUxDsykiX7L": [],
        "16kCsogL5YQZiR2oZLqYGZM1BwJpMm7eWw": [],
        "17VK2CuEomnUcoAPyEvwzuh4qYpELMcX2d": [],
        "18EJ77aKkZvs9se5ZKAbU9ariK9EsR3SvK": [],
        "18sGFcVQx4gRU1tWgu82JXWwhhCZhuqGpF": [],
        "19BMubEWfhuXAFGcmAPnSFHQNBzj1WF8di": [],
        "1AuEg8j7CsfH1s6wTc4cmetrwGH4s8Xtw4": [],
        "1B3TSgTDCvBxni2LX1pGF6v5vSMMXQYoos": [],
        "1D9Ztn2UtYKLDHYboLd9Z81rX1gyygEDe3": [],
        "1DFEw4baALUqWVZBtU6GLKZNm6YfMv6hRP": [],
        "1Fc4ThNmZn9oDAV8epUUcfG6zEnerPSy9A": [],
        "1FdFiuNPP7PyE2AsD4MPETtERmj9QRuGSW": [],
        "1HCfcDZE3CEPWBjEgWPenEWA5w16b7hucL": [],
        "1J4jU7MUdP25cdKtfnwdz1wxPD7J8fLMtQ": [],
        "1JEqdELJ9vVc7sSRXbKmghXi9Sa4k6z3uA": [],
        "1JjWGQQwiZ4wsUWDkts97HrKyZQ484qrYn": [],
        "1Kz4Ztk7RJWcSHDTbxa3MdVF4Zj5XaEjA7": [],
        "1L9TQbDqEPipeEp6Vbq6g4PPqq6A8bRwKY": [],
        "1LWwXzqRrjR1A5c9RCwqtvo7EC35rP5V8J": [],
        "1NPXg99i7mDXbna2xkzTNn8cz6VYr1LCog": [],
        "1Nf8BcaopjuVZmNugRozKXaBPfj7jDExFc": [],
        "1NjXssWJFnZuTwLCUXVcFisuxEzfcMcSoD": [],
        "1PkY7mb2F8v4j6y6tAjWa5YqrLRYpAwJDv": [],
        "1QFzK5jY8AJELSqZuxKH96hFhFhKpnZGme": [],
        "1R4MvyZxiCeMo7RZaVtv8EJxwg3DTVfnS": []
    },
    "addresses": {
        "change": [
            "1D9Ztn2UtYKLDHYboLd9Z81rX1gyygEDe3",
            "1B3TSgTDCvBxni2LX1pGF6v5vSMMXQYoos",
            "19BMubEWfhuXAFGcmAPnSFHQNBzj1WF8di",
            "16bS599AYCLXZwWpCJZTdNKaUxDsykiX7L",
            "1R4MvyZxiCeMo7RZaVtv8EJxwg3DTVfnS",
            "12DGN6kYNqGx78qN3XurfbfSyLRaENG631",
            "1QFzK5jY8AJELSqZuxKH96hFhFhKpnZGme",
            "16kCsogL5YQZiR2oZLqYGZM1BwJpMm7eWw",
            "1HCfcDZE3CEPWBjEgWPenEWA5w16b7hucL",
            "1J4jU7MUdP25cdKtfnwdz1wxPD7J8fLMtQ"
        ],
        "receiving": [
            "18sGFcVQx4gRU1tWgu82JXWwhhCZhuqGpF",
            "1PkY7mb2F8v4j6y6tAjWa5YqrLRYpAwJDv",
            "17VK2CuEomnUcoAPyEvwzuh4qYpELMcX2d",
            "14t15uB1j1WXAUiNiVScgf3dKAErUWsDaH",
            "14Jbqqfwcz8jAQJdQAnR2m88zU6vsDaveu",
            "1Fc4ThNmZn9oDAV8epUUcfG6zEnerPSy9A",
            "1FdFiuNPP7PyE2AsD4MPETtERmj9QRuGSW",
            "1Kz4Ztk7RJWcSHDTbxa3MdVF4Zj5XaEjA7",
            "1LWwXzqRrjR1A5c9RCwqtvo7EC35rP5V8J",
            "1JjWGQQwiZ4wsUWDkts97HrKyZQ484qrYn",
            "1JEqdELJ9vVc7sSRXbKmghXi9Sa4k6z3uA",
            "1NPXg99i7mDXbna2xkzTNn8cz6VYr1LCog",
            "112VtifbRDj88coedBzgmVjJEp23HA5Fqp",
            "1AuEg8j7CsfH1s6wTc4cmetrwGH4s8Xtw4",
            "18EJ77aKkZvs9se5ZKAbU9ariK9EsR3SvK",
            "15gNbFBXuf3Um9nrhYCpiB4xkEA91fdveW",
            "1DFEw4baALUqWVZBtU6GLKZNm6YfMv6hRP",
            "1Nf8BcaopjuVZmNugRozKXaBPfj7jDExFc",
            "1L9TQbDqEPipeEp6Vbq6g4PPqq6A8bRwKY",
            "1NjXssWJFnZuTwLCUXVcFisuxEzfcMcSoD"
        ]
    },
    "fiat_value": {},
    "frozen_coins": {},
    "invoices": {},
    "keystore": {
        "derivation": "m",
        "pw_hash_version": 1,
        "root_fingerprint": "0f220a0b",
        "seed": "minor zone pool already remain combine solution claw medal settle grace capable",
        "seed_type": "standard",
        "type": "bip32",
        "xprv": "xprv9s21ZrQH143K38RBNKSe3fERH9DAJyauAHmfmjumzdgFnpKo6eskU6T5jSK7sBtWGVztf5D2JS5c3CdNGnyUvmrVoU8CxgCEngYoC2hcgN8",
        "xpub": "xpub661MyMwAqRbcFcVeULyeQoB9qB3eiSJkXWhGa8KPYyDEfceweCC11tmZaiZw713DrRBfRMb6vYY3BcMGP5NL8Pcc494vCPojvrtG7XAaQ5b"
    },
    "labels": {},
    "payment_requests": {},
    "prevouts_by_scripthash": {},
    "seed_version": 50,
    "spent_outpoints": {},
    "transactions": {},
    "tx_fees": {},
    "txi": {},
    "txo": {},
    "use_encryption": false,
    "verified_tx3": {},
    "wallet_type": "standard"
}