{
    "addr_history": {
        "13AgNxaG87XsRN8iVENFec4trfxci9cjMW": [],
        "13eVep4jzxKJh93k24owbdvxxHd8iGNCER": [],
        "15RcxR9fM6kAYKTMKbLgNJRAtMWJuRrxFP": [],
        "16JeUhU5cUtgSgRSrzWto7rAZ4FS6mdyBL": [],
        "17UziGyqdXvy8dYQQpVNHXi8NWdhktf7oK": [],
        "18Jo8MnD45J7jwbtxEuGGxouCyPFK3fRvf": [],
        "18jqeKsanzLNSdGdsxvfjTabFGGKDbN5sd": [],
        "1983TzAxa4niya2EBh35VTwJvHWCnc1Gpf": [],
        "19FGnTMAUF7a5hjQkU7ahQVU6YMzCXUsgN": [],
        "1BZWsVdRY1WpoqZsr7GQGp663kxF3f7VSd": [],
        "1Bp1gbgvGAVchVR8jWjzWtsTZwE916sww8": [],
        "1DPASfRbZy5eUXTxhNQFG3vN3MmeWwKEZ9": [],
        "1Df1rqDF2Rh3TcHmALFPnJHfVzNWk98gTA": [],
        "1F9JQ2eqHKGWuctikXXuVhTd5c5PVyCmDM": [],
        "1FPozruZfiDEw6iukJypH6Fb6L9F8x1S7V": [],
        "1FpTqmAykqMeeuFNSCFUyFe38WwM6FCUba": [],
        "1G1R5nMxUGU67Xxd9sFjAenqBk9TonMwME": [],
        "1GY2gEKYefLee4XZjEMF6dow1bKeLLj3rf": [],
        "1HL7XR2t87e4PCzFwWKristnyuHa59kS8N": [],
        "1J4xvcwKxjgv8EKzb4ZiGaErXmn1vyL9XC": [],
        "1JCpcLPBEXmKZ1YqMuBwf5t6BkctKDaQiN": [],
        "1JjaBkUWxx8gqstb47TtjcNWtVzPrWvcn1": [],
        "1K3U3PyQPgfyztKo58cPktJcAwzahxjo3k": [],
        "1Lb6GxY5hd2wbyXYmeJnzQ5GK4rtwWZBR": [],
        "1NWmsX5bT9mHXzHStzvW7NbuekLCV1PcrX": [],
        "1Nkp7R4Bo2BHEVjjn3jC8r9FZLFAs6Eko": [],
        "1PHNPnDkEpU2HYxPtD6vPCbZMLbXi1TEs1": [],
        "1PKDbKFsm9Tiq1EGc75Za45pt6ntaWPBBY": [],
        "1PV4C89YnPnE2bMT1krEtcyN5aXyUVgLYE": [],
        "1Q8qhr6ewzVruPH9M9AKAjR9zff3M4vDzq": []
    },
    "addresses": {
        "change": [
            "1Bp1gbgvGAVchVR8jWjzWtsTZwE916sww8",
            "1983TzAxa4niya2EBh35VTwJvHWCnc1Gpf",
            "1Df1rqDF2Rh3TcHmALFPnJHfVzNWk98gTA",
            "1Q8qhr6ewzVruPH9M9AKAjR9zff3M4vDzq",
            "1Nkp7R4Bo2BHEVjjn3jC8r9FZLFAs6Eko",
            "1GY2gEKYefLee4XZjEMF6dow1bKeLLj3rf",
            "18Jo8MnD45J7jwbtxEuGGxouCyPFK3fRvf",
            "1JCpcLPBEXmKZ1YqMuBwf5t6BkctKDaQiN",
            "17UziGyqdXvy8dYQQpVNHXi8NWdhktf7oK",
            "1JjaBkUWxx8gqstb47TtjcNWtVzPrWvcn1"
        ],
        "receiving": [
            "1F9JQ2eqHKGWuctikXXuVhTd5c5PVyCmDM",
            "1BZWsVdRY1WpoqZsr7GQGp663kxF3f7VSd",
            "1FPozruZfiDEw6iukJypH6Fb6L9F8x1S7V",
            "1FpTqmAykqMeeuFNSCFUyFe38WwM6FCUba",
            "1PKDbKFsm9Tiq1EGc75Za45pt6ntaWPBBY",
            "1NWmsX5bT9mHXzHStzvW7NbuekLCV1PcrX",
            "15RcxR9fM6kAYKTMKbLgNJRAtMWJuRrxFP",
            "1J4xvcwKxjgv8EKzb4ZiGaErXmn1vyL9XC",
            "1G1R5nMxUGU67Xxd9sFjAenqBk9TonMwME",
            "16JeUhU5cUtgSgRSrzWto7rAZ4FS6mdyBL",
            "1Lb6GxY5hd2wbyXYmeJnzQ5GK4rtwWZBR",
            "13AgNxaG87XsRN8iVENFec4trfxci9cjMW",
            "1PV4C89YnPnE2bMT1krEtcyN5aXyUVgLYE",
            "1PHNPnDkEpU2HYxPtD6vPCbZMLbXi1TEs1",
            "13eVep4jzxKJh93k24owbdvxxHd8iGNCER",
            "1HL7XR2t87e4PCzFwWKristnyuHa59kS8N",
            "18jqeKsanzLNSdGdsxvfjTabFGGKDbN5sd",
            "1K3U3PyQPgfyztKo58cPktJcAwzahxjo3k",
            "19FGnTMAUF7a5hjQkU7ahQVU6YMzCXUsgN",
            "1DPASfRbZy5eUXTxhNQFG3vN3MmeWwKEZ9"
        ]
    },
    "fiat_value": {},
    "frozen_coins": {},
    "invoices": {},
    "keystore": {
        "derivation": "m",
        "pw_hash_version": 1,
        "root_fingerprint": "3e0e6daa",
        "seed": "minor zone pool anger remain combine collect claw medal settle grace capable",
        "seed_type": "standard",
        "type": "bip32",
        "xprv": "xprv9s21ZrQH143K4QC9LMtX2tpVfhEXre7xUsBMYonfELFHfbACarBQsCLLTxFbDqsk3XuUBcEodnTVvXKCg7wrJDiQNv68EUuUdUFVh6URNkg",
        "xpub": "xpub661MyMwAqRbcGtGcSPRXQ2mEDj52G6qor66xMCCGnfnGYPVM8PVfQzepKEm17fJGJQMif8HSNNDkFYjcbkjdvvPHwXsp6hz8bAtMykXWqEx"
    },
    "labels": {},
    "payment_requests": {},
    "prevouts_by_scripthash": {},
    "seed_version": 50,
    "spent_outpoints": {},
    "transactions": {},
    "tx_fees": {},
    "txi": {},
    "txo": {},
    "use_encryption": false,
    "verified_tx3": {},
    "wallet_type": "standard"
}