{
    "addr_history": {
        "122GfrKeMeagD4bTiVXXXeuSpU4cmrR7Xe": [],
        "12XkgHJCzPAxtNTVEepk4kE4eKi1Gy3hgw": [],
        "14DzVXD6nBMCmK413z9YnhXoJ5EnrenrEN": [],
        "14FMnZ3mm6maoXKN6AYBUCpzocLZDGjsPu": [],
        "14Ra8g92wx1SuqFH8ujvqtNiar9QbDgV5R": [],
        "14uqYYyZTFRri8n8Abzq2kwqZ5p4NawzyS": [],
        "162D4v8iSrEDaiftxkFU15kKZjdV2xPa74": [],
        "16Yz6zRW5DQJKQ2SAX7CX1C63A4hgMNmkB": [],
        "18EiTWgNqsXqMau7GWjDAd43RJK5FjQoPw": [],
        "18Nf5MuwVEA1FP7ckT6ngw9KeQ8WUWxF6X": [],
        "191y9E4UGP8q1oZaexEyqfHJLRnY2VeTE6": [],
        "19UTLQ1dkAboWtFWBvFeW7H1C7ZybeGQpR": [],
        "1AG9fsD9cxrC4hyCAQ1EXHP673z2oBcS5f": [],
        "1B18c32shpD34rbcvNMACquiU3CoMi5dG2": [],
        "1CsiFm2zbUtixnpncuVV8vjqNsArvQp8EV": [],
        "1DjJ9296DZsWRtG5RFVSghFkAw6LVA5ukL": [],
        "1EuuKrZ9MaWWmYuqLPMPmhEU8GsccubXNW": [],
        "1EwF8nCt4MGP1vWxV8sBRLYnTvjrd3xeHy": [],
        "1FGL94eEb5Vc6rTiVFPp7U4wxgE64K3KyE": [],
        "1Fc3oQrtAKpLVeqbP8eMtdWMoMydkmr8G5": [],
        "1FnctXtsUBJXFoSNBKKhnGcwhokDh1yq6j": [],
        "1HxCNeHJzJxjuKodnDmoJkZwNXrCkGZWe8": [],
        "1JJBEmFr2PRHu88KAqkBnfJD9bgXLJanZU": [],
        "1Je5cbiY1uS7tpnJi1cX4pQFzAkLQd3e5": [],
        "1K7XNqC6MYFopasK2fCLJ8wobhEpyYNVHS": [],
        "1KvVpvtMsuynisYxKmQzMU5NpGMgcpmde8": [],
        "1N8RzwyRFQE1QuPKDw65Cvgtt3fLmpYeCw": [],
        "1NAwkyJA2Jt6TYK2BjK8EewqrNy9Yq92wb": [],
        "1QFXK3v2mVmC3J9GSq8LzNwNvfxB5M1VG6": [],
        "1QJ4XpenKEH4qJfhSioumeMJusyNsoz8J6": []
    },
    "addresses": {
        "change": [
            "12XkgHJCzPAxtNTVEepk4kE4eKi1Gy3hgw",
            "1KvVpvtMsuynisYxKmQzMU5NpGMgcpmde8",
            "19UTLQ1dkAboWtFWBvFeW7H1C7ZybeGQpR",
            "1EwF8nCt4MGP1vWxV8sBRLYnTvjrd3xeHy",
            "18EiTWgNqsXqMau7GWjDAd43RJK5FjQoPw",
            "1K7XNqC6MYFopasK2fCLJ8wobhEpyYNVHS",
            "162D4v8iSrEDaiftxkFU15kKZjdV2xPa74",
            "1N8RzwyRFQE1QuPKDw65Cvgtt3fLmpYeCw",
            "1JJBEmFr2PRHu88KAqkBnfJD9bgXLJanZU",
            "1QFXK3v2mVmC3J9GSq8LzNwNvfxB5M1VG6"
        ],
        "receiving": [
            "14DzVXD6nBMCmK413z9YnhXoJ5EnrenrEN",
            "191y9E4UGP8q1oZaexEyqfHJLRnY2VeTE6",
            "18Nf5MuwVEA1FP7ckT6ngw9KeQ8WUWxF6X",
            "1DjJ9296DZsWRtG5RFVSghFkAw6LVA5ukL",
            "1FnctXtsUBJXFoSNBKKhnGcwhokDh1yq6j",
            "1B18c32shpD34rbcvNMACquiU3CoMi5dG2",
            "14Ra8g92wx1SuqFH8ujvqtNiar9QbDgV5R",
            "1Fc3oQrtAKpLVeqbP8eMtdWMoMydkmr8G5",
            "1NAwkyJA2Jt6TYK2BjK8EewqrNy9Yq92wb",
            "1FGL94eEb5Vc6rTiVFPp7U4wxgE64K3KyE",
            "1QJ4XpenKEH4qJfhSioumeMJusyNsoz8J6",
            "122GfrKeMeagD4bTiVXXXeuSpU4cmrR7Xe",
            "1CsiFm2zbUtixnpncuVV8vjqNsArvQp8EV",
            "1EuuKrZ9MaWWmYuqLPMPmhEU8GsccubXNW",
            "1HxCNeHJzJxjuKodnDmoJkZwNXrCkGZWe8",
            "14FMnZ3mm6maoXKN6AYBUCpzocLZDGjsPu",
            "1AG9fsD9cxrC4hyCAQ1EXHP673z2oBcS5f",
            "16Yz6zRW5DQJKQ2SAX7CX1C63A4hgMNmkB",
            "1Je5cbiY1uS7tpnJi1cX4pQFzAkLQd3e5",
            "14uqYYyZTFRri8n8Abzq2kwqZ5p4NawzyS"
        ]
    },
    "fiat_value": {},
    "frozen_coins": {},
    "invoices": {},
    "keystore": {
        "derivation": "m",
        "pw_hash_version": 1,
        "root_fingerprint": "b58d83b2",
        "seed": "minor zone pool army remain combine wine claw medal settle grace capable",
        "seed_type": "standard",
        "type": "bip32",
        "xprv": "xprv9s21ZrQH143K4RJpRuadSdwNxqoofYEbnSFosXcofkTebG1soyV5L14Q2HtCe4Sj8wUhFx4RHBt6foW1a3hBDMT8A6Pvxpz88P8M2CKnHqh",
        "xpub": "xpub661MyMwAqRbcGuPHXw7domt7WseJ4zxT9fBQfv2RE5zdU4M2MWoKsoNssaXLcoj3inr3ue9Jky6nL55GwtDgFYFpebyUre49eVmC4x2mNB5"
    },
    "labels": {},
    "payment_requests": {},
    "prevouts_by_scripthash": {},
    "seed_version": 50,
    "spent_outpoints": {},
    "transactions": {},
    "tx_fees": {},
    "txi": {},
    "txo": {},
    "use_encryption": false,
    "verified_tx3": {},
    "wallet_type": "standard"
}