{
    "addr_history": {
        "127yBJBKmYyzBc8wYrpq7AYbA4mL3FhVYS": [],
        "12Zhrx43v2DEu9vf9ZTh1fVWVLs5C7esFb": [],
        "13hHP2cGjziocPuiw6x4QEpDu3uReUrKQw": [],
        "14j2qGrzCaKL4FnJXftboeGVBTAGnCaFkq": [],
        "14k61dvHsvSWhWWhtUneFVyNBCsaVcmDvw": [],
        "15iR2oJmzqu3v2sAakhVDndof23u785Fwf": [],
        "162uebPP1ianJNrKTn1LeayqhE8jbEeXHP": [],
        "168sJMNnab5sq3c8L55ScH3KNNcVWvGfAA": [],
        "1AJdVm2kgySu6pr7RD4jUq8aL3KmeH8vhH": [],
        "1B66dVzqNeSWYFVmT6EUTDVk9q1DTSr8FU": [],
        "1Ed73ugWsq9qNCSy4uNVXSxq3P6Px4MV8c": [],
        "1Fg5Lq7fBEsHYGjDPsPnDCpXy7SpqUd2oR": [],
        "1G2Q5dknSrszjQ5Qkcy8hCz6Mgfj2hXHwY": [],
        "1GAA6sEdVZQpuWCnqJ94V4XLuB8j7rQk4D": [],
        "1GCidqjyvin7wW8RnDj3VbBiMvmH339zBf": [],
        "1HUwunnifAc5CQWYn1Rg8kCtFR6NnPE6SW": [],
        "1HVYfNNSLTPVW1SxF5GPkT4g9RYLnTGoWn": [],
        "1JTydWaCppbKNg9xoBQe3wz3ZUfyLWvWff": [],
        "1Jc4XtQPCTrPTptPqHy2DKe2e4btnp62iQ": [],
        "1KsDN46Ywj1fBuisdhLUUgNnDx8jgGFEhX": [],
        "1Lt5rcfsRJdArNJrgFAzmFbPvtt42ikJN8": [],
        "1MQCbcKsXLXfMx2s5j8gCnVhEFBmpb2VjM": [],
        "1NFgH1QYMThaFduNJS8Ux9yKCt2LiGUbJk": [],
        "1NTcSUhrNzQvhQ9uSoQB3eihmCv1exkeUx": [],
        "1NhZD62Jv5b6NEWvvycgfS1TriQwJUA2Ud": [],
        "1P2gn5m3jjkdUWdn8dLcFumf6CYxtmVJiR": [],
        "1PpNYoDfj2B4ncNWzjKZGza7mCbmjgb1k4": [],
        "1PyiNcAnFuJMHTRF2f9oTcMv3eqorLS7WQ": [],
        "1Q6pq5RzVxMKYBE9RXQoMy7KXDmsMnGksH": [],
        "1QD5RypqfdKVAYm3454PYG3TvJBtZTRNtm": []
    },
    "addresses": {
        "change": [
            "1G2Q5dknSrszjQ5Qkcy8hCz6Mgfj2hXHwY",
            "1Q6pq5RzVxMKYBE9RXQoMy7KXDmsMnGksH",
            "1NhZD62Jv5b6NEWvvycgfS1TriQwJUA2Ud",
            "15iR2oJmzqu3v2sAakhVDndof23u785Fwf",
            "1AJdVm2kgySu6pr7RD4jUq8aL3KmeH8vhH",
            "1NFgH1QYMThaFduNJS8Ux9yKCt2LiGUbJk",
            "1GAA6sEdVZQpuWCnqJ94V4XLuB8j7rQk4D",
            "1B66dVzqNeSWYFVmT6EUTDVk9q1DTSr8FU",
            "1PpNYoDfj2B4ncNWzjKZGza7mCbmjgb1k4",
            "1HVYfNNSLTPVW1SxF5GPkT4g9RYLnTGoWn"
        ],
        "receiving": [
            "168sJMNnab5sq3c8L55ScH3KNNcVWvGfAA",
            "1Ed73ugWsq9qNCSy4uNVXSxq3P6Px4MV8c",
            "1Jc4XtQPCTrPTptPqHy2DKe2e4btnp62iQ",
            "127yBJBKmYyzBc8wYrpq7AYbA4mL3FhVYS",
            "1NTcSUhrNzQvhQ9uSoQB3eihmCv1exkeUx",
            "1KsDN46Ywj1fBuisdhLUUgNnDx8jgGFEhX",
            "1QD5RypqfdKVAYm3454PYG3TvJBtZTRNtm",
            "1Fg5Lq7fBEsHYGjDPsPnDCpXy7SpqUd2oR",
            "12Zhrx43v2DEu9vf9ZTh1fVWVLs5C7esFb",
            "1Lt5rcfsRJdArNJrgFAzmFbPvtt42ikJN8",
            "13hHP2cGjziocPuiw6x4QEpDu3uReUrKQw",
            "14k61dvHsvSWhWWhtUneFVyNBCsaVcmDvw",
            "1MQCbcKsXLXfMx2s5j8gCnVhEFBmpb2VjM",
            "1P2gn5m3jjkdUWdn8dLcFumf6CYxtmVJiR",
            "14j2qGrzCaKL4FnJXftboeGVBTAGnCaFkq",
            "1PyiNcAnFuJMHTRF2f9oTcMv3eqorLS7WQ",
            "162uebPP1ianJNrKTn1LeayqhE8jbEeXHP",
            "1HUwunnifAc5CQWYn1Rg8kCtFR6NnPE6SW",
            "1GCidqjyvin7wW8RnDj3VbBiMvmH339zBf",
            "1JTydWaCppbKNg9xoBQe3wz3ZUfyLWvWff"
        ]
    },
    "fiat_value": {},
    "frozen_coins": {},
    "invoices": {},
    "keystore": {
        "derivation": "m",
        "pw_hash_version": 1,
        "root_fingerprint": "32be20c7",
        "seed": "minor zone pool artwork remain combine west claw medal settle grace capable",
        "seed_type": "standard",
        "type": "bip32",
        "xprv": "xprv9s21ZrQH143K2H65F5HdZTJKTRXsgGj9RaVthg2TQYc3jvNCa2fdixTscjAjUmizTCzPCssLVw77ebtbS74DbQM5fc4VmtW8BcLhdHhxzie",
        "xpub": "xpub661MyMwAqRbcEmAYM6pdvbF41TNN5jSznoRVW4S4xt92cihM7ZytGknMTywxATNVTSK1xJ2KgGRAXxHmNqyQ1MX2dbPGBtg4APdvnRWrZVc"
    },
    "labels": {},
    "payment_requests": {},
    "prevouts_by_scripthash": {},
    "seed_version": 50,
    "spent_outpoints": {},
    "transactions": {},
    "tx_fees": {},
    "txi": {},
    "txo": {},
    "use_encryption": false,
    "verified_tx3": {},
    "wallet_type": "standard"
}