{
    "addr_history": {
        "115npWLVtXjdmWKv7GtZPKZFBwcJCWBpGx": [],
        "126W1htSRPqgkEERBA3pSdsfZqQemoJ8fD": [],
        "138ynf3fePu6kidu55mspXimDS6gWQUgdz": [],
        "14B9n27V5f7hpEQkY779kJnibZS6gieMAk": [],
        "14HCWE22UvzkBRwDipc9thjBPgeAAYsn6p": [],
        "15bxhuEq4kttiobGBgV2QDVM89sw2e57b2": [],
        "16sSbSwWkxy9MiCafjC9n57xQ6a31csikZ": [],
        "17SfX1E9qwLfC19kRRskiRBvm2eZi2yCTe": [],
        "1849AngrAUDgduZcm5ETTsiV2QDMdVznT4": [],
        "19w4KDPZFBUnnYbpGt5pR5iPKFTms4MPz3": [],
        "1BHCxqkuUjgUXa2vaJTyK4vnmM4nawmdqs": [],
        "1BKaGLgtts3CnrMooPkbCtyyw5qk9cDJ53": [],
        "1BMrM6WnTnY7zCEyrNsF3rg21fukWoXGt4": [],
        "1Bmz7Z6hVhC4cZgi9GjvFuanXjQ2tv1TfT": [],
        "1EM9Z2PbzAoD3SAEsgj3gGKvna1wyayYCW": [],
        "1EXD5GwnwRBbM9ENmMuJkwwU3LDJ4ofo8e": [],
        "1F5m6hwTwreptE9F79CqTii4Hh29cAbYTw": [],
        "1FKHnBq912bBj5XJdGCFX7iWHn1xhR6i2Q": [],
        "1FnL2piSK9YkJE1yGtETtKazWP3sdnwPcC": [],
        "1GfP3ucSLwW2XzNcfyhJCRX8v7qpF7ZFp3": [],
        "1GiHxGR7kpg4AZPrBgXJQKRzGvXi5WJmdL": [],
        "1Hysd9AHFz8SEnBHmCjBWnWJZmV1DaJejv": [],
        "1JBABEogt9RfHfmmBwB55j4TeX13hV2wPu": [],
        "1JzqBcbDRbso4vB5TurghvBJLVKnffreS6": [],
        "1KSHaoGY5nx5NBopcNrwh6hTnrwKVxLn1e": [],
        "1LJgFefAcSg7TmgnALi1JVAUk7zYYfugVd": [],
        "1Ls2iyF9HC8rZdRNLfPohDhhgerYadyhDx": [],
        "1Mx5t7gw7i38Nc2HfYCMJARss5wW5UD2Qh": [],
        "1Nron4PCPjgTCn2uooUhvZsY3Vizyg1pJu": [],
        "1Q1kArJjyjNVcjAiq9dYs9HF5m5q182erT": []
    },
    "addresses": {
        "change": [
            "1GfP3ucSLwW2XzNcfyhJCRX8v7qpF7ZFp3",
            "126W1htSRPqgkEERBA3pSdsfZqQemoJ8fD",
            "1F5m6hwTwreptE9F79CqTii4Hh29cAbYTw",
            "1EXD5GwnwRBbM9ENmMuJkwwU3LDJ4ofo8e",
            "19w4KDPZFBUnnYbpGt5pR5iPKFTms4MPz3",
            "16sSbSwWkxy9MiCafjC9n57xQ6a31csikZ",
            "1Nron4PCPjgTCn2uooUhvZsY3Vizyg1pJu",
            "1BMrM6WnTnY7zCEyrNsF3rg21fukWoXGt4",
            "1BHCxqkuUjgUXa2vaJTyK4vnmM4nawmdqs",
            "1JBABEogt9RfHfmmBwB55j4TeX13hV2wPu"
        ],
        "receiving": [
            "1Hysd9AHFz8SEnBHmCjBWnWJZmV1DaJejv",
            "14B9n27V5f7hpEQkY779kJnibZS6gieMAk",
            "15bxhuEq4kttiobGBgV2QDVM89sw2e57b2",
            "14HCWE22UvzkBRwDipc9thjBPgeAAYsn6p",
            "1BKaGLgtts3CnrMooPkbCtyyw5qk9cDJ53",
            "1Bmz7Z6hVhC4cZgi9GjvFuanXjQ2tv1TfT",
            "1Ls2iyF9HC8rZdRNLfPohDhhgerYadyhDx",
            "1FKHnBq912bBj5XJdGCFX7iWHn1xhR6i2Q",
            "1FnL2piSK9YkJE1yGtETtKazWP3sdnwPcC",
            "1Q1kArJjyjNVcjAiq9dYs9HF5m5q182erT",
            "138ynf3fePu6kidu55mspXimDS6gWQUgdz",
            "1LJgFefAcSg7TmgnALi1JVAUk7zYYfugVd",
            "115npWLVtXjdmWKv7GtZPKZFBwcJCWBpGx",
            "17SfX1E9qwLfC19kRRskiRBvm2eZi2yCTe",
            "1Mx5t7gw7i38Nc2HfYCMJARss5wW5UD2Qh",
            "1849AngrAUDgduZcm5ETTsiV2QDMdVznT4",
            "1GiHxGR7kpg4AZPrBgXJQKRzGvXi5WJmdL",
            "1KSHaoGY5nx5NBopcNrwh6hTnrwKVxLn1e",
            "1EM9Z2PbzAoD3SAEsgj3gGKvna1wyayYCW",
            "1JzqBcbDRbso4vB5TurghvBJLVKnffreS6"
        ]
    },
    "fiat_value": {},
    "frozen_coins": {},
    "invoices": {},
    "keystore": {
        "derivation": "m",
        "pw_hash_version": 1,
        "root_fingerprint": "d2d603d3",
        "seed": "minor zone pool armor remain combine ride claw medal settle grace capable",
        "seed_type": "standard",
        "type": "bip32",
        "xprv": "xprv9s21ZrQH143K3dZqaronaESFWDhe1ebL1yXt3ddN7rZYxC6cQ3qXLcvCZsbzZLasy9LwXJydthwp57g5D48c1p2f1ThrAqsWT582s6Bmqyt",
        "xpub": "xpub661MyMwAqRbcG7eJgtLnwNNz4FY8R7KBPCTUr22ygC6XpzRkwb9mtREgR9FM8Qx19MyixEkQNvxBeiGFDFpegu1dVHqJd72HaBkwbs3Rok5"
    },
    "labels": {},
    "payment_requests": {},
    "prevouts_by_scripthash": {},
    "seed_version": 50,
    "spent_outpoints": {},
    "transactions": {},
    "tx_fees": {},
    "txi": {},
    "txo": {},
    "use_encryption": false,
    "verified_tx3": {},
    "wallet_type": "standard"
}