{
    "addr_history": {
        "13s3mBnVFVGhqtymc7EL6Md99gciwM6izg": [],
        "14VtWpq58zwZUcuqvdGiiwdR4CwxFwvRK2": [],
        "14zkj5ViZGYZcQp75JCA9ucNB9XUBrnbue": [],
        "15BKeqUidzuzBQNfgo6rtEVMbXdN2QotCr": [],
        "15QWFGSZocgJJt3Mg61iWF3gj9UruVhBZQ": [],
        "17auNq5thJz7nkV5LRuMQdx6TfX4XW37Ci": [],
        "185bpaRugBRTnFxc2ajwobSdDpbkKS7Tpx": [],
        "19MrgvhogViea4CCnGEAVweUD9SuLQANed": [],
        "19YD4u69JZbLsGPYvpTAvWJFYQbCR7zuHL": [],
        "19prSVz75wX3aWPQgsy8SttW4ehgTK1rJ": [],
        "1BRvPXUmN4z9RuVp2oQfgMgr3qZwekcMU2": [],
        "1BsrATMbQQWxodAaQw4Zd7ReHE7qyKGWEU": [],
        "1C2pYANezEhG1FnnBVnw4KuU5av2zr7rcA": [],
        "1CH69apdd5KL8jtSbA7gZAeDmdC3ufZTAq": [],
        "1E4wVwAmv4FXQ9fgyUt2GseAv7LijBsPaH": [],
        "1GKn3uPMg8sxLYNnnz5wrVbe9fHCT895Dt": [],
        "1HSNFPqnmJtA4nnbMdjnGkQ5DN6bbvMg1W": [],
        "1JCgrUxmg36n6s34sddMLKsh576Uzxxgm8": [],
        "1Ju5hgwVgxqzN1YpwerFkxMXGrS1ugKzTP": [],
        "1LgvjqwyhXXx6w9yvjfpsX29LVwc9AP4tv": [],
        "1LkQBQn7vwjixq6wfx53BTMWmZccJLSw1C": [],
        "1MHz8Yj2hzdDa6RmgbDvtZZx43NN22en1u": [],
        "1MaVSqQiizBbbcdgfqiSLLp1wV4nxkvXQJ": [],
        "1MaayGfPde3ZiuNsUVoC9sHgkaDpKmffmc": [],
        "1MnB8RFFLrqR8u2MW81VcpirZ2HKGirXqp": [],
        "1Mqo3BZoinfD2zwhMNcNeB8gHexsEGcfNX": [],
        "1NEvcK9Ne1byhbF2gg5My6DQXGcDtaogg": [],
        "1Nc4wfSfnizvyZg5wsFuSkLPGMoY55KX31": [],
        "1PDmYdcWzdjSKFEqhFhGNU7y7Bm2TFxntg": [],
        "1hYNwvkRXxUhDCXE1Q6ykHkC1JubwixtF": []
    },
    "addresses": {
        "change": [
            "1BsrATMbQQWxodAaQw4Zd7ReHE7qyKGWEU",
            "1MHz8Yj2hzdDa6RmgbDvtZZx43NN22en1u",
            "14VtWpq58zwZUcuqvdGiiwdR4CwxFwvRK2",
            "1hYNwvkRXxUhDCXE1Q6ykHkC1JubwixtF",
            "19MrgvhogViea4CCnGEAVweUD9SuLQANed",
            "15QWFGSZocgJJt3Mg61iWF3gj9UruVhBZQ",
            "1GKn3uPMg8sxLYNnnz5wrVbe9fHCT895Dt",
            "1E4wVwAmv4FXQ9fgyUt2GseAv7LijBsPaH",
            "1HSNFPqnmJtA4nnbMdjnGkQ5DN6bbvMg1W",
            "1MaVSqQiizBbbcdgfqiSLLp1wV4nxkvXQJ"
        ],
        "receiving": [
            "1Mqo3BZoinfD2zwhMNcNeB8gHexsEGcfNX",
            "1PDmYdcWzdjSKFEqhFhGNU7y7Bm2TFxntg",
            "1NEvcK9Ne1byhbF2gg5My6DQXGcDtaogg",
            "1MaayGfPde3ZiuNsUVoC9sHgkaDpKmffmc",
            "1BRvPXUmN4z9RuVp2oQfgMgr3qZwekcMU2",
            "1MnB8RFFLrqR8u2MW81VcpirZ2HKGirXqp",
            "19prSVz75wX3aWPQgsy8SttW4ehgTK1rJ",
            "1CH69apdd5KL8jtSbA7gZAeDmdC3ufZTAq",
            "19YD4u69JZbLsGPYvpTAvWJFYQbCR7zuHL",
            "15BKeqUidzuzBQNfgo6rtEVMbXdN2QotCr",
            "13s3mBnVFVGhqtymc7EL6Md99gciwM6izg",
            "1JCgrUxmg36n6s34sddMLKsh576Uzxxgm8",
            "17auNq5thJz7nkV5LRuMQdx6TfX4XW37Ci",
            "1C2pYANezEhG1FnnBVnw4KuU5av2zr7rcA",
            "1Nc4wfSfnizvyZg5wsFuSkLPGMoY55KX31",
            "1Ju5hgwVgxqzN1YpwerFkxMXGrS1ugKzTP",
            "14zkj5ViZGYZcQp75JCA9ucNB9XUBrnbue",
            "185bpaRugBRTnFxc2ajwobSdDpbkKS7Tpx",
            "1LgvjqwyhXXx6w9yvjfpsX29LVwc9AP4tv",
            "1LkQBQn7vwjixq6wfx53BTMWmZccJLSw1C"
        ]
    },
    "fiat_value": {},
    "frozen_coins": {},
    "invoices": {},
    "keystore": {
        "derivation": "m",
        "pw_hash_version": 1,
        "root_fingerprint": "d58bfa3c",
        "seed": "minor zone pool balcony remain combine hair claw medal settle grace capable",
        "seed_type": "standard",
        "type": "bip32",
        "xprv": "xprv9s21ZrQH143K4bRrgmuSWCeo3smapMfaM2umxyMWee1YXzJ57ktomQRjti8F3oRMv2NNSE6J6dEqypiiGWgcooiVgH2pfV4ABv46Hdws3TC",
        "xpub": "xpub661MyMwAqRbcH5WKnoSSsLbXbuc5DpPRiFqNmMm8CyYXQndDfJD4KCkDjxYHw5FNE3yPC77ygL97HAoX6SQC5yrM8C6bEnWTNoZww9avmeD"
    },
    "labels": {},
    "payment_requests": {},
    "prevouts_by_scripthash": {},
    "seed_version": 50,
    "spent_outpoints": {},
    "transactions": {},
    "tx_fees": {},
    "txi": {},
    "txo": {},
    "use_encryption": false,
    "verified_tx3": {},
    "wallet_type": "standard"
}