{
    "addr_history": {
        "12BdHvvWCNiAn63cLmVPMAJGeAE4D5YgNC": [],
        "12UrJsv4E6pWCHY45sM8YLMWhtgSPk5yiN": [],
        "12dQYLycsthyoEC2JY9uHNT3vA4rKF9Ywe": [],
        "12daRgLLC2BdCN5H4to8EjW4tMEcSn37z1": [],
        "13BwanMLXbG8QTy6jJ1jBm4Xn42E3vmSjq": [],
        "15wDtyBnWyjvD8aHMPj5potyQmAUytuj7K": [],
        "1611tDhi6HsXtGNRsyRFphg4rD5BaffcJr": [],
        "16KsJVFTahWz1x2L7EJHewAPT9TeJTRMg9": [],
        "16dzde1PLpLxQGoQFGqH7v67BzAz3Hh8bN": [],
        "17PGhQmoPS1x8CPsPKBUEQTJgijsW8EtLv": [],
        "18gAeTEZojq8KASuKYPbpHx99UJzThjz5m": [],
        "19yY3Xsw3AoRLFDthCWpbA2jx887cNywat": [],
        "1AbqTYj2RvamR4gKWTL4DLAvZY8zxVCr8c": [],
        "1Anm1bkqyKdyVhHbHysp5s3sar98US1idR": [],
        "1CQmgjYw9zusWwycbtcVq5MFnXupoNyRu2": [],
        "1EiKuchDeqzrxDdHDbQfdy9wGzwRHu5Hm1": [],
        "1GHFtEE5d4FQoXDghUJHy1ybHUwj9nATuv": [],
        "1GiYDEAAwa3sRmu8YKxHZEsyWZeTBAUh64": [],
        "1H7vBaqcat5yuL3Q6cRXdKcYCtiiAdmWuG": [],
        "1Ho7UwR7493QfTBwiixn6eHk6hZQpntWSQ": [],
        "1J2XdWcGhEfRTEutbAikAckJpuV7KUjQGa": [],
        "1J4kFxntnagfWjDa5rHu3unturN3TDjsJp": [],
        "1JH5FwrGnpLFTfjKqs6CBgr7maLHjLyRTa": [],
        "1L3KykCR6m5u7ARMUu8XrbbmuYbTefHzDy": [],
        "1LhKwtYQZaLqDyUa6WbntpqcaiUsTqwUGW": [],
        "1Lp54E5mZXAr8yHNgP74LLZrV57wZpzD23": [],
        "1LzsBkHK3e7PYEbMLq4q3TGpjCza6LJ5x": [],
        "1MnXzboYpncRFCvJTEmRs9Yf2tw567m9L3": [],
        "1NikqD9VaMN9CHqfmNt2AGr4t8AVrxj3uF": [],
        "1PdUFP1j3sba77X3uzZoaoqKwiehvqJGcu": []
    },
    "addresses": {
        "change": [
            "12daRgLLC2BdCN5H4to8EjW4tMEcSn37z1",
            "1J2XdWcGhEfRTEutbAikAckJpuV7KUjQGa",
            "12BdHvvWCNiAn63cLmVPMAJGeAE4D5YgNC",
            "12UrJsv4E6pWCHY45sM8YLMWhtgSPk5yiN",
            "1GHFtEE5d4FQoXDghUJHy1ybHUwj9nATuv",
            "16KsJVFTahWz1x2L7EJHewAPT9TeJTRMg9",
            "1Ho7UwR7493QfTBwiixn6eHk6hZQpntWSQ",
            "1Lp54E5mZXAr8yHNgP74LLZrV57wZpzD23",
            "1H7vBaqcat5yuL3Q6cRXdKcYCtiiAdmWuG",
            "1611tDhi6HsXtGNRsyRFphg4rD5BaffcJr"
        ],
        "receiving": [
            "18gAeTEZojq8KASuKYPbpHx99UJzThjz5m",
            "1Anm1bkqyKdyVhHbHysp5s3sar98US1idR",
            "1CQmgjYw9zusWwycbtcVq5MFnXupoNyRu2",
            "1LhKwtYQZaLqDyUa6WbntpqcaiUsTqwUGW",
            "1EiKuchDeqzrxDdHDbQfdy9wGzwRHu5Hm1",
            "1L3KykCR6m5u7ARMUu8XrbbmuYbTefHzDy",
            "17PGhQmoPS1x8CPsPKBUEQTJgijsW8EtLv",
            "12dQYLycsthyoEC2JY9uHNT3vA4rKF9Ywe",
            "1PdUFP1j3sba77X3uzZoaoqKwiehvqJGcu",
            "1AbqTYj2RvamR4gKWTL4DLAvZY8zxVCr8c",
            "16dzde1PLpLxQGoQFGqH7v67BzAz3Hh8bN",
            "1GiYDEAAwa3sRmu8YKxHZEsyWZeTBAUh64",
            "13BwanMLXbG8QTy6jJ1jBm4Xn42E3vmSjq",
            "1NikqD9VaMN9CHqfmNt2AGr4t8AVrxj3uF",
            "1J4kFxntnagfWjDa5rHu3unturN3TDjsJp",
            "1JH5FwrGnpLFTfjKqs6CBgr7maLHjLyRTa",
            "19yY3Xsw3AoRLFDthCWpbA2jx887cNywat",
            "1MnXzboYpncRFCvJTEmRs9Yf2tw567m9L3",
            "1LzsBkHK3e7PYEbMLq4q3TGpjCza6LJ5x",
            "15wDtyBnWyjvD8aHMPj5potyQmAUytuj7K"
        ]
    },
    "fiat_value": {},
    "frozen_coins": {},
    "invoices": {},
    "keystore": {
        "derivation": "m",
        "pw_hash_version": 1,
        "root_fingerprint": "e99761ea",
        "seed": "minor zone pool anchor remain combine purpose claw medal settle grace capable",
        "seed_type": "standard",
        "type": "bip32",
        "xprv": "xprv9s21ZrQH143K2AAxU9xk1waKUFHfzaZfGTy4WhT8yh3Ngj36XtKK7RAjiuXjJrt2tTR25ied5DT1SJNPR83GgRfLBmGU9QcuT5gUc3PQn77",
        "xpub": "xpub661MyMwAqRbcEeFRaBVkP5X42H8AQ3HWdgtfK5rkY2aMZXNF5RdZfDVDaBaSPTeN4R1Hx3mbBxKDu2AqmnWH2RBAQ1q7QZnJjXVwNVg8HgE"
    },
    "labels": {},
    "payment_requests": {},
    "prevouts_by_scripthash": {},
    "seed_version": 50,
    "spent_outpoints": {},
    "transactions": {},
    "tx_fees": {},
    "txi": {},
    "txo": {},
    "use_encryption": false,
    "verified_tx3": {},
    "wallet_type": "standard"
}