{
    "addr_history": {
        "127FTRC3QwnZsbNQuGYFrDkkbBG8BddwhS": [],
        "13BdkvfuNHsangxJoAjnHVK9iXLGNn843j": [],
        "153BH4U4weEMUzvgue3eQi4Uu6oRKJj9co": [],
        "154TrF4tV3njdrCZaP7A6sMe1h1RJ6VYf5": [],
        "15dxzak5cZxx1NdfTT3tjHVghpePD99QAk": [],
        "16it2NDmhfEUcxTdjJepveDoGJ68zFHn3p": [],
        "17Ljh9ExiKMw9E9Kimxz4rR1mHV8tp3sky": [],
        "18WfajHXxBooAytRGafchFcFEVyBBzC8WN": [],
        "18Zajxo5ySm6KDJH59pFrYpf1gHGTcnj1H": [],
        "1BPt4MxatdLi6TJ62AHfdNQswbta6YqzMv": [],
        "1BeE3UWXTpeRiT2YNjGZxQTKooRqs78jwh": [],
        "1DQcJrFRyeHBg9c6ZsYjSFkXe7xjHFzxS4": [],
        "1Ehj3d7d9nYorfwuHH2wgtYdnqhZYDzRYw": [],
        "1F497wKwRPF64AiXCVxnt5vMioFdym8Efd": [],
        "1FiVDMw1Ao1ZLNU3w7Yf9nDxsyPc5zuUYv": [],
        "1G5w7DueZeFcHmXGXYpCbhNaRz95nmejvi": [],
        "1H5j48sDjG2EtogC3gSf4JydFwCzAi9SaW": [],
        "1H8x9owwVLNfJTLqVALNhMd42wtdHwT8Xb": [],
        "1HgnZMnYu5QBmirdXCjaPz3etK1Y28ebCj": [],
        "1M6LTHGqzLQAtcNmWjom9ZhXRNzfnXyUvX": [],
        "1M7JNQ53Awx9pxoXkjdBZet2MYjDkQMYcr": [],
        "1Mkzp2vp4cHNJ2GALfYkhR79B2DQqiYNzK": [],
        "1Mm8kyqghKrGbEvyv5eiCXRD2E1MAHTfsZ": [],
        "1MwaBCne5LzYRsbH7T4PQeGa4jM6mRzaf9": [],
        "1MxjE4ZVZXzBVnVoxa74arwC4k6fL3NVeE": [],
        "1N6rpFFfZtLR528CCMFMLKsXPnMgDB124C": [],
        "1N7sm9Z1d5NuoMyxnJHhbnHeEfrUg6DjwF": [],
        "1NWpz9AuZZBnf3cn2bJ7kTtrbsqas48N4U": [],
        "1PM8vDh2tfFfrTmv6yK95ndfZjWzV2W5xT": [],
        "1QK2c8kXLEAwoYvG25DoSTHA5Ku5HbS7cX": []
    },
    "addresses": {
        "change": [
            "153BH4U4weEMUzvgue3eQi4Uu6oRKJj9co",
            "15dxzak5cZxx1NdfTT3tjHVghpePD99QAk",
            "1NWpz9AuZZBnf3cn2bJ7kTtrbsqas48N4U",
            "1MwaBCne5LzYRsbH7T4PQeGa4jM6mRzaf9",
            "1PM8vDh2tfFfrTmv6yK95ndfZjWzV2W5xT",
            "127FTRC3QwnZsbNQuGYFrDkkbBG8BddwhS",
            "1N7sm9Z1d5NuoMyxnJHhbnHeEfrUg6DjwF",
            "1Ehj3d7d9nYorfwuHH2wgtYdnqhZYDzRYw",
            "1BeE3UWXTpeRiT2YNjGZxQTKooRqs78jwh",
            "18WfajHXxBooAytRGafchFcFEVyBBzC8WN"
        ],
        "receiving": [
            "1HgnZMnYu5QBmirdXCjaPz3etK1Y28ebCj",
            "1QK2c8kXLEAwoYvG25DoSTHA5Ku5HbS7cX",
            "1H8x9owwVLNfJTLqVALNhMd42wtdHwT8Xb",
            "1N6rpFFfZtLR528CCMFMLKsXPnMgDB124C",
            "1H5j48sDjG2EtogC3gSf4JydFwCzAi9SaW",
            "154TrF4tV3njdrCZaP7A6sMe1h1RJ6VYf5",
            "1BPt4MxatdLi6TJ62AHfdNQswbta6YqzMv",
            "1MxjE4ZVZXzBVnVoxa74arwC4k6fL3NVeE",
            "18Zajxo5ySm6KDJH59pFrYpf1gHGTcnj1H",
            "1M7JNQ53Awx9pxoXkjdBZet2MYjDkQMYcr",
            "16it2NDmhfEUcxTdjJepveDoGJ68zFHn3p",
            "1M6LTHGqzLQAtcNmWjom9ZhXRNzfnXyUvX",
            "1DQcJrFRyeHBg9c6ZsYjSFkXe7xjHFzxS4",
            "1FiVDMw1Ao1ZLNU3w7Yf9nDxsyPc5zuUYv",
            "13BdkvfuNHsangxJoAjnHVK9iXLGNn843j",
            "1G5w7DueZeFcHmXGXYpCbhNaRz95nmejvi",
            "1Mm8kyqghKrGbEvyv5eiCXRD2E1MAHTfsZ",
            "1F497wKwRPF64AiXCVxnt5vMioFdym8Efd",
            "17Ljh9ExiKMw9E9Kimxz4rR1mHV8tp3sky",
            "1Mkzp2vp4cHNJ2GALfYkhR79B2DQqiYNzK"
        ]
    },
    "fiat_value": {},
    "frozen_coins": {},
    "invoices": {},
    "keystore": {
        "derivation": "m",
        "pw_hash_version": 1,
        "root_fingerprint": "c601dd5b",
        "seed": "minor zone pool artist remain combine oyster claw medal settle grace capable",
        "seed_type": "standard",
        "type": "bip32",
        "xprv": "xprv9s21ZrQH143K2vXzGhf2z5xANhuc6dMKxrGMQF8aRF87qasZnbapQ2HiXBwsg87gJb4qqLvBmytvGxS3jHRGvk6HJHkrmjdADjF3v7T78ik",
        "xpub": "xpub661MyMwAqRbcFQcTNjC3MDttvjk6W65BL5BxCdYByaf6iPCiL8u4wpcCNU983SEQ3KJ1jFfv3iht885GKkY7FhoJ2ZRjHJdamJyUwjqyhLG"
    },
    "labels": {},
    "payment_requests": {},
    "prevouts_by_scripthash": {},
    "seed_version": 50,
    "spent_outpoints": {},
    "transactions": {},
    "tx_fees": {},
    "txi": {},
    "txo": {},
    "use_encryption": false,
    "verified_tx3": {},
    "wallet_type": "standard"
}