{
    "addr_history": {
        "12GTGPYhn84digQ4jBJKKmaSXWpB2Eo6AH": [],
        "12V1w8bpXsFvYFthMa2R5cHBvUHfTeYZVD": [],
        "143Lmdiq1Dj6kQnPkLxG4c9wumamz4HQot": [],
        "14smKDPAa2kECboLRiAw2CdBwY1nRjCSG6": [],
        "15eCqWbWuap65LM5tzzT9JKxspyhNmN6rk": [],
        "16GaffBELmkesjqHqCbjwsvA6oaYoRC5WR": [],
        "16Ts9DEwKrNKwidyhnLtteUMM8ueqW9ssT": [],
        "18SLFuaTx1YatyykitVERJ3dDL58PjKvnq": [],
        "19jKrKfFD9mx31Uidr5ChBNt415abpj1YY": [],
        "1C6kAR5uK9QGaNbg7KFUNZt1YHvDRHC54F": [],
        "1C9g7QxXBtsa6geHUkc1XpAhoHTBdskkL1": [],
        "1CgG7janvUrCrv6Us6jvimkcjcBDy3e1Ew": [],
        "1Dbb82W9WJXGK8mrYaVt4dBRd38aAeV4Z3": [],
        "1DhFVb19fmFoEN3nMGqLqrPKViPcZ3nmHy": [],
        "1FEkTSjVn4kaSpxqPNgtqJQ6W2fXriAAiY": [],
        "1Gkufxrot2Tu5UagqGSGTTTCNKcTAx2PMW": [],
        "1Grc1nmNwZt4jSW9SStkHjL2qrjgA54Dg8": [],
        "1HX8LMNAXoSCCZ17euDBhJJmvbgGmqttk5": [],
        "1HaJTjvRHGff6WksbYChw3uJziYhKo4AvX": [],
        "1HdFutBhfyPxEEWKcdAvCkS5rrgMiYJ2rq": [],
        "1JUhmwZpg4qgbr5MmvAdCH4wznWVsYFhbm": [],
        "1Jxj3mboDKbq2PFCfukKeCZPHkjHenwe32": [],
        "1Ko8ymx9DTBAxHuuVRjbDLFsHVxNEnwgcd": [],
        "1L6zSjLCBWFgcQTnqSeK8dX4mUhjLEdjzm": [],
        "1LLYdYwnht4VtFBnVGKa2Aua2XpizV1d4c": [],
        "1LebFQT5KSPtdVvZhGXj9ijFdodArGSzG5": [],
        "1LfCCLf9MJQgn7eAUWczXBQ9TurZCTNAi3": [],
        "1M6AWPnwLBV6kVunNTWyCeDbok5M1pgi15": [],
        "1PSxwcPFofd8AAT28Hmea34BLzqTzcCz81": [],
        "1jKm3rJQzYnhgtApkNtgKked4NLKGLuXx": []
    },
    "addresses": {
        "change": [
            "12V1w8bpXsFvYFthMa2R5cHBvUHfTeYZVD",
            "1PSxwcPFofd8AAT28Hmea34BLzqTzcCz81",
            "1Gkufxrot2Tu5UagqGSGTTTCNKcTAx2PMW",
            "1HX8LMNAXoSCCZ17euDBhJJmvbgGmqttk5",
            "1HdFutBhfyPxEEWKcdAvCkS5rrgMiYJ2rq",
            "16GaffBELmkesjqHqCbjwsvA6oaYoRC5WR",
            "1LLYdYwnht4VtFBnVGKa2Aua2XpizV1d4c",
            "1L6zSjLCBWFgcQTnqSeK8dX4mUhjLEdjzm",
            "1M6AWPnwLBV6kVunNTWyCeDbok5M1pgi15",
            "1jKm3rJQzYnhgtApkNtgKked4NLKGLuXx"
        ],
        "receiving": [
            "14smKDPAa2kECboLRiAw2CdBwY1nRjCSG6",
            "1DhFVb19fmFoEN3nMGqLqrPKViPcZ3nmHy",
            "19jKrKfFD9mx31Uidr5ChBNt415abpj1YY",
            "1C9g7QxXBtsa6geHUkc1XpAhoHTBdskkL1",
            "1Dbb82W9WJXGK8mrYaVt4dBRd38aAeV4Z3",
            "1Grc1nmNwZt4jSW9SStkHjL2qrjgA54Dg8",
            "1LebFQT5KSPtdVvZhGXj9ijFdodArGSzG5",
            "16Ts9DEwKrNKwidyhnLtteUMM8ueqW9ssT",
            "18SLFuaTx1YatyykitVERJ3dDL58PjKvnq",
            "1JUhmwZpg4qgbr5MmvAdCH4wznWVsYFhbm",
            "12GTGPYhn84digQ4jBJKKmaSXWpB2Eo6AH",
            "1Jxj3mboDKbq2PFCfukKeCZPHkjHenwe32",
            "1Ko8ymx9DTBAxHuuVRjbDLFsHVxNEnwgcd",
            "1HaJTjvRHGff6WksbYChw3uJziYhKo4AvX",
            "1C6kAR5uK9QGaNbg7KFUNZt1YHvDRHC54F",
            "1CgG7janvUrCrv6Us6jvimkcjcBDy3e1Ew",
            "1LfCCLf9MJQgn7eAUWczXBQ9TurZCTNAi3",
            "1FEkTSjVn4kaSpxqPNgtqJQ6W2fXriAAiY",
            "15eCqWbWuap65LM5tzzT9JKxspyhNmN6rk",
            "143Lmdiq1Dj6kQnPkLxG4c9wumamz4HQot"
        ]
    },
    "fiat_value": {},
    "frozen_coins": {},
    "invoices": {},
    "keystore": {
        "derivation": "m",
        "pw_hash_version": 1,
        "root_fingerprint": "ca3942b7",
        "seed": "minor zone pool april remain combine robot claw medal settle grace capable",
        "seed_type": "standard",
        "type": "bip32",
        "xprv": "xprv9s21ZrQH143K27sa8uwkHkosiHvLUR4syyYpmpPRqvyFdnGMzHpL6N375i6yjUJGYwukr8rCnfbux4DLHno1yJPmae6HSGMzfKUUcF88NHm",
        "xpub": "xpub661MyMwAqRbcEbx3EwUketkcGKkpssnjMCURaCo3QGWEWabWXq8aeAMavzNVftvD9fbXSoSYEGM4BuKTUfj1uYJF5wvXffu82LnM12n9U1Z"
    },
    "labels": {},
    "payment_requests": {},
    "prevouts_by_scripthash": {},
    "seed_version": 50,
    "spent_outpoints": {},
    "transactions": {},
    "tx_fees": {},
    "txi": {},
    "txo": {},
    "use_encryption": false,
    "verified_tx3": {},
    "wallet_type": "standard"
}