{
    "addr_history": {
        "bc1q07c99n69j3yarrqldjyh64juj877ycvys39hq3": [],
        "bc1q2jgckuacehzy7h4kjcjjmea2tcf6pkrkn8z5qd": [],
        "bc1q2pzgw2nhjjjkwufew7khtlfq7k9zyyux36j6wy": [],
        "bc1q3ewp430egquleqyd658fd6f26qnfm5nts3dv5j": [],
        "bc1q4eqg4yzl4v7uc6f88qsu9rktmm4lj3f40qa5cv": [],
        "bc1q5ltnfv2qak8efkutrd9p5lcpux8m0lj5dugwv0": [],
        "bc1q5wx4ncsccyq9zs0kkjz64ycr09c23m3t5vdzue": [],
        "bc1q8v7qd0muzvpned7zyqhf8nfemvm8ykt5njr687": [],
        "bc1qd0jm927z0jh03tptxn4sc3tmz26ddu9nx7rnx2": [],
        "bc1qdss2lkgnfuwupr60g7rc0qgepfupu3yuf94dnu": [],
        "bc1qehhw69986kqu3ykzg5xt9s202nu53ugs2874nq": [],
        "bc1qfsgl372nqunn8kmej7xq5k34zzpgqwxxxupy2e": [],
        "bc1qg3rqkhdfe72a8rm4dltl6twm0wylcr62tkg60n": [],
        "bc1qgdme6sz6k0fvax5h6z9v29f6hvm0s3z9upzwml": [],
        "bc1qh5p0clcmnsgn2m2qaaaqelulk4h7k6fd9eara5": [],
        "bc1qkefyxvr7hy2r9d5jx9s0g2zasys36dpd03lujy": [],
        "bc1qkqj8n0w7h3uhs65e9qcwf6a88dfq45reyf2khn": [],
        "bc1qkw4sf00npmuvfzg2aej4a6ezh3pku2cdkm4dxj": [],
        "bc1qkxfadhv49wrr406wgnc68pakuxu445fdfydmdh": [],
        "bc1ql8f8htz2max79he0d4gv3dentmqhpzclfy5cnz": [],
        "bc1qme45y99947apdtf7elw02nphmh337a99zxq0z0": [],
        "bc1qmqma3yqxl8jfl86xg8d8emdzle434ctjt0nvpz": [],
        "bc1qslh4f0z538rgakzvctpmquxn4nc7sndp5329fy": [],
        "bc1qssca5etppeelnn7tuvflsty8hns9h6mp9gm5lh": [],
        "bc1qtj5egjgh9l8vzalalrz558c5pwj7dz6yq8l4y2": [],
        "bc1qum4phc806d6h4zwh5t9dze6rfunpev3c97s4tg": [],
        "bc1qvhlzue7lt2d0m4juvax4x27878m8akgm52jrqy": [],
        "bc1qvraf8m6nhzqycr0h78jquekvpn6y0wuwsr3670": [],
        "bc1qxx0c0f698kc9hjmdqhcvqyuvrwf6qqnjeattse": [],
        "bc1qy6rz04jldyzdp24s8tpnt69w3azjv7zw6zy6jf": []
    },
    "addresses": {
        "change": [
            "bc1q8v7qd0muzvpned7zyqhf8nfemvm8ykt5njr687",
            "bc1qslh4f0z538rgakzvctpmquxn4nc7sndp5329fy",
            "bc1qh5p0clcmnsgn2m2qaaaqelulk4h7k6fd9eara5",
            "bc1qmqma3yqxl8jfl86xg8d8emdzle434ctjt0nvpz",
            "bc1qehhw69986kqu3ykzg5xt9s202nu53ugs2874nq",
            "bc1qkqj8n0w7h3uhs65e9qcwf6a88dfq45reyf2khn",
            "bc1q07c99n69j3yarrqldjyh64juj877ycvys39hq3",
            "bc1q2jgckuacehzy7h4kjcjjmea2tcf6pkrkn8z5qd",
            "bc1q2pzgw2nhjjjkwufew7khtlfq7k9zyyux36j6wy",
            "bc1q5wx4ncsccyq9zs0kkjz64ycr09c23m3t5vdzue"
        ],
        "receiving": [
            "bc1qy6rz04jldyzdp24s8tpnt69w3azjv7zw6zy6jf",
            "bc1qfsgl372nqunn8kmej7xq5k34zzpgqwxxxupy2e",
            "bc1qvraf8m6nhzqycr0h78jquekvpn6y0wuwsr3670",
            "bc1qd0jm927z0jh03tptxn4sc3tmz26ddu9nx7rnx2",
            "bc1qkefyxvr7hy2r9d5jx9s0g2zasys36dpd03lujy",
            "bc1q3ewp430egquleqyd658fd6f26qnfm5nts3dv5j",
            "bc1qme45y99947apdtf7elw02nphmh337a99zxq0z0",
            "bc1qum4phc806d6h4zwh5t9dze6rfunpev3c97s4tg",
            "bc1qdss2lkgnfuwupr60g7rc0qgepfupu3yuf94dnu",
            "bc1qxx0c0f698kc9hjmdqhcvqyuvrwf6qqnjeattse",
            "bc1ql8f8htz2max79he0d4gv3dentmqhpzclfy5cnz",
            "bc1qkw4sf00npmuvfzg2aej4a6ezh3pku2cdkm4dxj",
            "bc1qvhlzue7lt2d0m4juvax4x27878m8akgm52jrqy",
            "bc1qg3rqkhdfe72a8rm4dltl6twm0wylcr62tkg60n",
            "bc1qssca5etppeelnn7tuvflsty8hns9h6mp9gm5lh",
            "bc1qtj5egjgh9l8vzalalrz558c5pwj7dz6yq8l4y2",
            "bc1q5ltnfv2qak8efkutrd9p5lcpux8m0lj5dugwv0",
            "bc1qkxfadhv49wrr406wgnc68pakuxu445fdfydmdh",
            "bc1q4eqg4yzl4v7uc6f88qsu9rktmm4lj3f40qa5cv",
            "bc1qgdme6sz6k0fvax5h6z9v29f6hvm0s3z9upzwml"
        ]
    },
    "channels": {},
    "fiat_value": {},
    "frozen_coins": {},
    "imported_channel_backups": {},
    "invoices": {},
    "keystore": {
        "derivation": "m/0'",
        "pw_hash_version": 1,
        "root_fingerprint": "4ab1eed9",
        "seed": "minor zone pool cart remain combine range claw medal settle grace capable",
        "seed_type": "segwit",
        "type": "bip32",
        "xprv": "zprvAZ7WwnEQVC5kWwfMu2v2DyiJ4M12PPoTq9FMGNuK5QZDMwdxFWsXyvQ58Bhjm6wFsNquobtkn2rCnQL2CvPhZNjMRsA9nLYKUQJxYtisgJu",
        "xpub": "zpub6n6sMHmJKZe3jRjq14T2b7f2cNqWnrXKCNAx4mJvdk6CEjy6o4BnXiiYyW6KXNEosQSiL1pohxdrb98cK4P42UL1EB36twawdDJbyUs12px"
    },
    "labels": {},
    "lightning_payments": {},
    "lightning_preimages": {},
    "lightning_xprv": "zprvAaYbNnQ4RBWsJrAPPzf7CxumoFV6FTfJNfG5BZneJZhCdrRX2kDCWsWG1YtN7fPNhCPKC9z8aPZ2pj6zgfrcpLyjboy5kpWHT31VTqKTB96",
    "onchain_channel_backups": {},
    "payment_requests": {},
    "prevouts_by_scripthash": {},
    "seed_version": 50,
    "spent_outpoints": {},
    "submarine_swaps": {},
    "transactions": {},
    "tx_fees": {},
    "txi": {},
    "txo": {},
    "use_encryption": false,
    "verified_tx3": {},
    "wallet_type": "standard"
}