{
    "addr_history": {
        "125HD5E4NDt7PCxvtqP8jhCAUAqSAxS3sW": [],
        "12K1kadrwK3RWwWrrxUFz66g6xgWUki31P": [],
        "12fUWb4HkwJMX1jChuV2zNovfAPCN5j1FF": [],
        "13b2qrdyvF6zQbUfA4vYtZXpjiVqG2Gi6w": [],
        "14APt3uayPDry8KWS9QEPsfhFGpga2yC58": [],
        "16T4W75SGD9MXvjGqmP8DhFpoLHXkKnuAj": [],
        "16c11DLbvvkRDLxqRjXze22BGPYSATV1v8": [],
        "17xnfxrZpdvdjJJv56XhxhV7hJLtxiEG1H": [],
        "189uCyha2Hpx3k7P6o46an8r3qa3c2LYDu": [],
        "18wnBtbaGghk9hCquvMNsQRHRTNH3pKVFF": [],
        "19dH3UyARPL5M1FCKwem2kGmysG8Q1DteQ": [],
        "19x7E283JLPFqFtMpEj7qAxKt28b63jo5K": [],
        "1AXMyusDyXWwPECkUDoK5yao6CxK2ZfXi3": [],
        "1AdMYpnuPVkDYEaWrJsr45HbC875cB32Ab": [],
        "1AnmBA1Y5Qm8zvcLjD4guPpQD8XBHKHgMf": [],
        "1Asp1uT5hBjcTZHQoGsoMAsMbVycnEXTyT": [],
        "1BkrtrN5ALuQmcor73FyuyGcvrLuRqhyxg": [],
        "1C6HJprbe621C1LEQRJ17BytdUaMJAWesW": [],
        "1CbECgQMg2EgdcvkNjCsyvVj2oNkKeyMNS": [],
        "1CcBteMWWvYoyUPaPP8jPuHi7F3o4y49cB": [],
        "1DbMnDtYogHis29bxfjwS3bheGxW39Fds7": [],
        "1DhtuCz2ZamWfxxdDskK25nmZcESSwR76f": [],
        "1FfNjSSVBH7vbAjVsUdcXn98JgMN9LChkd": [],
        "1Fg2asDayRuxkQGFmXzYP9AgZ6gJPJzkME": [],
        "1Hc33EZdY2PY5V1zqP3XBvj1GS9a9trwZd": [],
        "1LCSaPicfhiuaYiVSZCwBYD52xiVxJF41h": [],
        "1LM7Guz4ssadSRdaDdKi73aByU2rBeYQ4": [],
        "1MTudgFvfa3U2aqdYN3QFSU2b8ZXbvzKJM": [],
        "1Z5bDYCNPktpyWPkz5vMbnPUrBq1EEbyG": [],
        "1ZaKwVdcyoJx21qZSjVBzBEMLUPJzeshx": []
    },
    "addresses": {
        "change": [
            "1AXMyusDyXWwPECkUDoK5yao6CxK2ZfXi3",
            "1DhtuCz2ZamWfxxdDskK25nmZcESSwR76f",
            "17xnfxrZpdvdjJJv56XhxhV7hJLtxiEG1H",
            "1AnmBA1Y5Qm8zvcLjD4guPpQD8XBHKHgMf",
            "1Hc33EZdY2PY5V1zqP3XBvj1GS9a9trwZd",
            "1MTudgFvfa3U2aqdYN3QFSU2b8ZXbvzKJM",
            "189uCyha2Hpx3k7P6o46an8r3qa3c2LYDu",
            "16c11DLbvvkRDLxqRjXze22BGPYSATV1v8",
            "13b2qrdyvF6zQbUfA4vYtZXpjiVqG2Gi6w",
            "18wnBtbaGghk9hCquvMNsQRHRTNH3pKVFF"
        ],
        "receiving": [
            "1BkrtrN5ALuQmcor73FyuyGcvrLuRqhyxg",
            "1FfNjSSVBH7vbAjVsUdcXn98JgMN9LChkd",
            "14APt3uayPDry8KWS9QEPsfhFGpga2yC58",
            "16T4W75SGD9MXvjGqmP8DhFpoLHXkKnuAj",
            "1AdMYpnuPVkDYEaWrJsr45HbC875cB32Ab",
            "1Z5bDYCNPktpyWPkz5vMbnPUrBq1EEbyG",
            "1LCSaPicfhiuaYiVSZCwBYD52xiVxJF41h",
            "1Asp1uT5hBjcTZHQoGsoMAsMbVycnEXTyT",
            "1CbECgQMg2EgdcvkNjCsyvVj2oNkKeyMNS",
            "1CcBteMWWvYoyUPaPP8jPuHi7F3o4y49cB",
            "1LM7Guz4ssadSRdaDdKi73aByU2rBeYQ4",
            "1Fg2asDayRuxkQGFmXzYP9AgZ6gJPJzkME",
            "1ZaKwVdcyoJx21qZSjVBzBEMLUPJzeshx",
            "19x7E283JLPFqFtMpEj7qAxKt28b63jo5K",
            "12fUWb4HkwJMX1jChuV2zNovfAPCN5j1FF",
            "1C6HJprbe621C1LEQRJ17BytdUaMJAWesW",
            "1DbMnDtYogHis29bxfjwS3bheGxW39Fds7",
            "12K1kadrwK3RWwWrrxUFz66g6xgWUki31P",
            "125HD5E4NDt7PCxvtqP8jhCAUAqSAxS3sW",
            "19dH3UyARPL5M1FCKwem2kGmysG8Q1DteQ"
        ]
    },
    "fiat_value": {},
    "frozen_coins": {},
    "invoices": {},
    "keystore": {
        "derivation": "m",
        "pw_hash_version": 1,
        "root_fingerprint": "54d73a51",
        "seed": "minor zone pool amazing remain combine divide claw medal settle grace capable",
        "seed_type": "standard",
        "type": "bip32",
        "xprv": "xprv9s21ZrQH143K4G3ZdkAXLXvU7ZJbij7EJHmv3YGb9aMtqbQUX915WKXx2Fdeev1CmCRDheMX2hejz7DhRSpFtw48LNYqTVCP6ENsSxA2k6J",
        "xpub": "xpub661MyMwAqRbcGk82jmhXhfsCfb968Bq5fWhWqvgChutsiPjd4gKL47rRsYXRPx3uKJhv2Rz4yxBXzz8pVGGUqxFZbzxq7J4xjk79HCmKK6t"
    },
    "labels": {},
    "payment_requests": {},
    "prevouts_by_scripthash": {},
    "seed_version": 50,
    "spent_outpoints": {},
    "transactions": {},
    "tx_fees": {},
    "txi": {},
    "txo": {},
    "use_encryption": false,
    "verified_tx3": {},
    "wallet_type": "standard"
}