{
    "addr_history": {
        "12ELAfN6DcSUZhgcAoua9BPUoPWnVHuLma": [],
        "131rFdT7s3nPnsBevESBPSA9rNFJmMMfRj": [],
        "13VRAjz8ryw9xRTWL1KxKY9RVKv46DpLyE": [],
        "143e1oJNTT5CcSZoEKJ2HGpXPoekxpTeeG": [],
        "14AJxCUXiLUEKGuTwE2QDNM3yXxdn7Cxad": [],
        "14pJt9AdwF6ss2d9G6t5qzuFnEMEghubH9": [],
        "19A5Goc5mh1UNs9Qw9jS2NBBLZjBeUn5f6": [],
        "19He27WgnCG1b58W4zZJKz5uu48vaMiokk": [],
        "19RcZJY1mmuJ6mVTHnxmZkt3WKy9YTyyVY": [],
        "19uRbbgE4uz4LTBGwYoV3rx1vHMRHnAaPi": [],
        "1ADHa5BHaFUdxRn1aKmYxvgCK4QDRD1WHL": [],
        "1ArcR5FF1F9kWEh9hH57NLknU9H87QAobA": [],
        "1BaXKsz1pvUtT5ESMKxJMkaLKhCgroFSHF": [],
        "1BnaihSbmony1mKPKsCsFbXPCwNYpaB83v": [],
        "1BodLQW4BStY3n1fHedoojt5FvTG2YnL3d": [],
        "1CZCvUXA3MxsBjPniPDCp6REGiZnRR7vsg": [],
        "1DuZsBx4HXzts81tDzLvKKGq2LAR2GRwMq": [],
        "1FHjtxyDbrxeUXYQ7mgieJ7UWWFQW8drGS": [],
        "1FRiH61u42QbAGH4EhH4tKkN9odPu649Ee": [],
        "1H4V5qZ6WPKLDVbetTUNV8sgzudLev1krb": [],
        "1Jb8M9YmpFSoY7wvzbV64vhcMYVN4imtTP": [],
        "1JdS8MPgcwrzeZJ7LNwaPm6ENYihaVavMV": [],
        "1Jqn9rVUxdSnaHMTVvRcMyHHgkKPDCbHax": [],
        "1KiGV5675HCnrqBes2oYUwx15fiToNF7sC": [],
        "1LMQytdF3uaAX9U9w2cBUNgvN5utHGk6R2": [],
        "1LztsNrtAJNySVGXgYcmTrBeGhMudoLwry": [],
        "1MLBBpEqoAW235rfMzhBqwTA663Eh6vHdc": [],
        "1PMcv8KY9Nqh7T4rSpKZzCAq9E6YX8hJ4h": [],
        "1PnDz4qMC47T9ZpMZZESCJWgTTCExseoPH": [],
        "1Q2qEqsbN2syJoqAebbxCju74HekUP3qK5": []
    },
    "addresses": {
        "change": [
            "1LMQytdF3uaAX9U9w2cBUNgvN5utHGk6R2",
            "19A5Goc5mh1UNs9Qw9jS2NBBLZjBeUn5f6",
            "1BnaihSbmony1mKPKsCsFbXPCwNYpaB83v",
            "143e1oJNTT5CcSZoEKJ2HGpXPoekxpTeeG",
            "1KiGV5675HCnrqBes2oYUwx15fiToNF7sC",
            "1MLBBpEqoAW235rfMzhBqwTA663Eh6vHdc",
            "1ADHa5BHaFUdxRn1aKmYxvgCK4QDRD1WHL",
            "131rFdT7s3nPnsBevESBPSA9rNFJmMMfRj",
            "19RcZJY1mmuJ6mVTHnxmZkt3WKy9YTyyVY",
            "19He27WgnCG1b58W4zZJKz5uu48vaMiokk"
        ],
        "receiving": [
            "14pJt9AdwF6ss2d9G6t5qzuFnEMEghubH9",
            "1FHjtxyDbrxeUXYQ7mgieJ7UWWFQW8drGS",
            "1DuZsBx4HXzts81tDzLvKKGq2LAR2GRwMq",
            "1CZCvUXA3MxsBjPniPDCp6REGiZnRR7vsg",
            "1BodLQW4BStY3n1fHedoojt5FvTG2YnL3d",
            "1Jb8M9YmpFSoY7wvzbV64vhcMYVN4imtTP",
            "1FRiH61u42QbAGH4EhH4tKkN9odPu649Ee",
            "1BaXKsz1pvUtT5ESMKxJMkaLKhCgroFSHF",
            "1H4V5qZ6WPKLDVbetTUNV8sgzudLev1krb",
            "1Jqn9rVUxdSnaHMTVvRcMyHHgkKPDCbHax",
            "1LztsNrtAJNySVGXgYcmTrBeGhMudoLwry",
            "1Q2qEqsbN2syJoqAebbxCju74HekUP3qK5",
            "1PnDz4qMC47T9ZpMZZESCJWgTTCExseoPH",
            "19uRbbgE4uz4LTBGwYoV3rx1vHMRHnAaPi",
            "1PMcv8KY9Nqh7T4rSpKZzCAq9E6YX8hJ4h",
            "1JdS8MPgcwrzeZJ7LNwaPm6ENYihaVavMV",
            "14AJxCUXiLUEKGuTwE2QDNM3yXxdn7Cxad",
            "1ArcR5FF1F9kWEh9hH57NLknU9H87QAobA",
            "12ELAfN6DcSUZhgcAoua9BPUoPWnVHuLma",
            "13VRAjz8ryw9xRTWL1KxKY9RVKv46DpLyE"
        ]
    },
    "fiat_value": {},
    "frozen_coins": {},
    "invoices": {},
    "keystore": {
        "derivation": "m",
        "pw_hash_version": 1,
        "root_fingerprint": "524417b6",
        "seed": "minor zone pool balance remain combine feed claw medal settle grace capable",
        "seed_type": "standard",
        "type": "bip32",
        "xprv": "xprv9s21ZrQH143K3eX6eKYhLFP3aZGGQujE1sbNriZapk7Y1wbR2NyQ2QTsgbqxmSEZgMsCmp6a9FbD4NYAegbpRvKjNJHpr4FLPKSkB55fb3x",
        "xpub": "xpub661MyMwAqRbcG8bZkM5hhPKn8b6kpNT5P6Wyf6yCP5eWtjvZZvHeaCnMXuqQM6LJBJL51gohPhyZYNL4rHoZXHJVARFj6oYSJuY7ftcNPWQ"
    },
    "labels": {},
    "payment_requests": {},
    "prevouts_by_scripthash": {},
    "seed_version": 50,
    "spent_outpoints": {},
    "transactions": {},
    "tx_fees": {},
    "txi": {},
    "txo": {},
    "use_encryption": false,
    "verified_tx3": {},
    "wallet_type": "standard"
}