{
    "addr_history": {
        "15LjfVHo6bnqRk8wTamWXsdQGZteQWumwZ": [],
        "15QURykYDz47q1UibJ6pUhAVkWfcgu69m6": [],
        "16Qck6FU2X9TUtj3J4o6tgg3wtHx6r1VUg": [],
        "17cCWhMR5o4DTELPL22dP9NBHDJoo7g8ya": [],
        "17gNQFe1DssSY2HWJiPRURW4fXBYmtFiuR": [],
        "17qkrWmJHPT7fB6AYtaC8fbMuGtcfAkvA2": [],
        "185CHeyMqweqRAYN3DdNYG1xafo8c8dpWQ": [],
        "18CaAkbAbcuiQvkLb3BbcMrY4471vTMHxt": [],
        "18MhDbDQR6WF6ZDbqhUFgnsJyPTBE2xdQp": [],
        "18dzoh5NNfnz4ZtdF5KoxQ5PPYYNSDy4zd": [],
        "18qkVb17Y2hxZskMuoiRZCf99111o24Gp9": [],
        "1AWKXvpM5ESjLY9bcwkNbZzPAKAKjS7myA": [],
        "1EnGLHfiNaca2KRF4YuayTzCDLyedc8B3Z": [],
        "1FLrqvocDjwcs2vDi93qUB9wnu8kR4Edge": [],
        "1FT4h8FFsHEnC6AuHCnqHEpKFg6BSnhFer": [],
        "1GDiamJcs9siQsjEvfJG37PcW2d73581pq": [],
        "1GexkaGjVfr2ctoWPtmaBAvR3HzX6RoYt2": [],
        "1GtduqTwWXdwpitePXCSL8xzkGbhRwUx1X": [],
        "1J2TE6DPceGJ97phEj78uUtmKPFRP5fQxV": [],
        "1JChXtHYks6VmwTvvDmGzFfAqfFgqaHRTG": [],
        "1JUJJUCagztWaV6Tcc8mzKVJXVxCXQ1Upe": [],
        "1KNTqm6TcpWPpTnoH7xpMCbwujYg9Ya2aA": [],
        "1Ld5NCCC56ahtxKXssTNaNmFjWKrNZyTkr": [],
        "1LwaWdax9L3fus4QgqXHGy4M4HJrRG4xkD": [],
        "1MLy5R63jzrEic9cR1UzwNrrzmHvjoMjHK": [],
        "1P6MSMgWrbyMJD4g8RvEsbHvXUj1BEsUXc": [],
        "1PWKcom1RS6XTzHza53gg1dmYQCxzWb1MW": [],
        "1PoyGEqRFFLYrgsT3HKuJUmXQDvmJX3EVj": [],
        "1PpkLDzRpqgvcAU341jjDzfgucGYEy8BAP": [],
        "1QASiDctNnEr818fGFBEu5CLUHoQK1NBHz": []
    },
    "addresses": {
        "change": [
            "18qkVb17Y2hxZskMuoiRZCf99111o24Gp9",
            "15QURykYDz47q1UibJ6pUhAVkWfcgu69m6",
            "1PWKcom1RS6XTzHza53gg1dmYQCxzWb1MW",
            "17qkrWmJHPT7fB6AYtaC8fbMuGtcfAkvA2",
            "1JChXtHYks6VmwTvvDmGzFfAqfFgqaHRTG",
            "1GexkaGjVfr2ctoWPtmaBAvR3HzX6RoYt2",
            "1GtduqTwWXdwpitePXCSL8xzkGbhRwUx1X",
            "1P6MSMgWrbyMJD4g8RvEsbHvXUj1BEsUXc",
            "17gNQFe1DssSY2HWJiPRURW4fXBYmtFiuR",
            "185CHeyMqweqRAYN3DdNYG1xafo8c8dpWQ"
        ],
        "receiving": [
            "1MLy5R63jzrEic9cR1UzwNrrzmHvjoMjHK",
            "1QASiDctNnEr818fGFBEu5CLUHoQK1NBHz",
            "1EnGLHfiNaca2KRF4YuayTzCDLyedc8B3Z",
            "1Ld5NCCC56ahtxKXssTNaNmFjWKrNZyTkr",
            "18dzoh5NNfnz4ZtdF5KoxQ5PPYYNSDy4zd",
            "1GDiamJcs9siQsjEvfJG37PcW2d73581pq",
            "1FT4h8FFsHEnC6AuHCnqHEpKFg6BSnhFer",
            "1FLrqvocDjwcs2vDi93qUB9wnu8kR4Edge",
            "1JUJJUCagztWaV6Tcc8mzKVJXVxCXQ1Upe",
            "1KNTqm6TcpWPpTnoH7xpMCbwujYg9Ya2aA",
            "18MhDbDQR6WF6ZDbqhUFgnsJyPTBE2xdQp",
            "16Qck6FU2X9TUtj3J4o6tgg3wtHx6r1VUg",
            "1PoyGEqRFFLYrgsT3HKuJUmXQDvmJX3EVj",
            "1LwaWdax9L3fus4QgqXHGy4M4HJrRG4xkD",
            "1PpkLDzRpqgvcAU341jjDzfgucGYEy8BAP",
            "1AWKXvpM5ESjLY9bcwkNbZzPAKAKjS7myA",
            "18CaAkbAbcuiQvkLb3BbcMrY4471vTMHxt",
            "15LjfVHo6bnqRk8wTamWXsdQGZteQWumwZ",
            "1J2TE6DPceGJ97phEj78uUtmKPFRP5fQxV",
            "17cCWhMR5o4DTELPL22dP9NBHDJoo7g8ya"
        ]
    },
    "fiat_value": {},
    "frozen_coins": {},
    "invoices": {},
    "keystore": {
        "derivation": "m",
        "pw_hash_version": 1,
        "root_fingerprint": "5f5f75bc",
        "seed": "minor zone pool atom remain combine hurdle claw medal settle grace capable",
        "seed_type": "standard",
        "type": "bip32",
        "xprv": "xprv9s21ZrQH143K3xrYoaRXpser4kEHezp8hxgzBtWiSoFTVRdPNxX9Ur4TVi9H9JT1WfX3LHdvnJeSd4bZar5SasNkyqDwfD9CBMziSjP1CFL",
        "xpub": "xpub661MyMwAqRbcGSw1ubxYC1bacn4n4TXz5BcazGvL18nSNDxXvVqQ2eNwLxAbgLZNESHNv6ThkeAVt5faegeMrYW77aCxJoicioGsSqvYxdU"
    },
    "labels": {},
    "payment_requests": {},
    "prevouts_by_scripthash": {},
    "seed_version": 50,
    "spent_outpoints": {},
    "transactions": {},
    "tx_fees": {},
    "txi": {},
    "txo": {},
    "use_encryption": false,
    "verified_tx3": {},
    "wallet_type": "standard"
}