{
    "addr_history": {
        "122a4Kmk6X5GNt65Dr4gTVUNUXADVjoPEZ": [],
        "12nDxixtqUcBGqDK4TJ5wJrhgq92Ght7zb": [],
        "13NsAY6cS6hAxuC6D7r4DMM2rsj6M3upYf": [],
        "14DPwuDBBqKTPHeoQ7kGWbDugUTDrtRPj8": [],
        "14NedVHaKSM9s2CS7sfRN94Fk7RmWUH5Zy": [],
        "15SbwP7vF67PXxgVGQHiHUNvyyuD2wjHk2": [],
        "15TySofG54M8jr61opLhbYb63rTBanrnKg": [],
        "15faoBcBAeLWWDCNSAw5TjrKp991xaNxgF": [],
        "167xLxpAb8eBVqQTNTPRjo5sutMm4dqXnw": [],
        "16DHLYnHXtQ1wkvopoCAqKNSrLMxVXgpYf": [],
        "16Y7n9MPa3cnsmhTFe6nWeXxmd9HsL3Vg7": [],
        "17NRjWuQuztC2f4k3svN6DPor8J6rFiKrv": [],
        "17ezyaiD7xn8xFM1MjuHFxn1XSWfFpKcoT": [],
        "17irqBiELUsdAQzdZkXka8JVWECbdca8TY": [],
        "17oeUbpkk3ZfcMip24Vbfq2UiNm4r42wyM": [],
        "19Hssszz9oiy44nEHSS7yGnHL9nsZuEceV": [],
        "19JHSHDg6CLVRQQzeoAg9xoBpaQn37UQt2": [],
        "19YPkD97W7s1ZcLMPaUn9PUJgkwn5iJmwd": [],
        "1BSKHxScb2w5LQYKEpixnhLNQxTh4P6UDr": [],
        "1Bg2J7931k84L855G3t3efBqkx1ZD4W72a": [],
        "1FL4rFHP3c798A6MHbJRcLXitwFcXDS51L": [],
        "1GGY1CwQ7Pw9E7KbL5bXe9o1L5QKj6uKAx": [],
        "1GSbFck4TEyCCPCDQT81AD9sfvwXvLoLV7": [],
        "1GeJJDC1Dq5W5jeqPFP48rzXv9nmWej1tq": [],
        "1K1R1mg3Z2rMmvABUKvGSrjPd1Z2avUJ4P": [],
        "1KTVBUf81UULYLTw6EAqq3VF83NQbwKYou": [],
        "1KVbST1f6wnoUuK9oFA5dec4PvgaoVE2KN": [],
        "1LMuSjjhfMm5CBYEkaiyFnCjkyAM9kA6ko": [],
        "1LwyMD7pUn6m5ebXjsS93NDA82v6GCKkd3": [],
        "1MZeULnSqVsB3S4cq2wKzDV8mBJdNnLCJb": []
    },
    "addresses": {
        "change": [
            "1Bg2J7931k84L855G3t3efBqkx1ZD4W72a",
            "1BSKHxScb2w5LQYKEpixnhLNQxTh4P6UDr",
            "14DPwuDBBqKTPHeoQ7kGWbDugUTDrtRPj8",
            "16DHLYnHXtQ1wkvopoCAqKNSrLMxVXgpYf",
            "17ezyaiD7xn8xFM1MjuHFxn1XSWfFpKcoT",
            "1GGY1CwQ7Pw9E7KbL5bXe9o1L5QKj6uKAx",
            "14NedVHaKSM9s2CS7sfRN94Fk7RmWUH5Zy",
            "15TySofG54M8jr61opLhbYb63rTBanrnKg",
            "1GSbFck4TEyCCPCDQT81AD9sfvwXvLoLV7",
            "19Hssszz9oiy44nEHSS7yGnHL9nsZuEceV"
        ],
        "receiving": [
            "17irqBiELUsdAQzdZkXka8JVWECbdca8TY",
            "1FL4rFHP3c798A6MHbJRcLXitwFcXDS51L",
            "1GeJJDC1Dq5W5jeqPFP48rzXv9nmWej1tq",
            "1KVbST1f6wnoUuK9oFA5dec4PvgaoVE2KN",
            "1LMuSjjhfMm5CBYEkaiyFnCjkyAM9kA6ko",
            "122a4Kmk6X5GNt65Dr4gTVUNUXADVjoPEZ",
            "19YPkD97W7s1ZcLMPaUn9PUJgkwn5iJmwd",
            "17oeUbpkk3ZfcMip24Vbfq2UiNm4r42wyM",
            "19JHSHDg6CLVRQQzeoAg9xoBpaQn37UQt2",
            "1K1R1mg3Z2rMmvABUKvGSrjPd1Z2avUJ4P",
            "1KTVBUf81UULYLTw6EAqq3VF83NQbwKYou",
            "1LwyMD7pUn6m5ebXjsS93NDA82v6GCKkd3",
            "167xLxpAb8eBVqQTNTPRjo5sutMm4dqXnw",
            "15faoBcBAeLWWDCNSAw5TjrKp991xaNxgF",
            "17NRjWuQuztC2f4k3svN6DPor8J6rFiKrv",
            "15SbwP7vF67PXxgVGQHiHUNvyyuD2wjHk2",
            "12nDxixtqUcBGqDK4TJ5wJrhgq92Ght7zb",
            "13NsAY6cS6hAxuC6D7r4DMM2rsj6M3upYf",
            "16Y7n9MPa3cnsmhTFe6nWeXxmd9HsL3Vg7",
            "1MZeULnSqVsB3S4cq2wKzDV8mBJdNnLCJb"
        ]
    },
    "fiat_value": {},
    "frozen_coins": {},
    "invoices": {},
    "keystore": {
        "derivation": "m",
        "pw_hash_version": 1,
        "root_fingerprint": "1033f63b",
        "seed": "minor zone pool chat remain combine brass claw medal settle grace capable",
        "seed_type": "standard",
        "type": "bip32",
        "xprv": "xprv9s21ZrQH143K2H7TVULR9QQt8p4M5FhF3o4yrXLwHQ7ixjmsd4BmgsLeEEpq7JyX5H3zeSHGBuaYQfQSZAZuorY7RyyqsKLKWeWdJnceL9o",
        "xpub": "xpub661MyMwAqRbcEmBvbVsRWYMcgqtqUiR6R1zaeukYqjehqY72AbW2Eff85XMphUuAvY7zVEcVJYFttYRAaWo6WFg5eUCj4XAxjcbkAiN7ATJ"
    },
    "labels": {},
    "payment_requests": {},
    "prevouts_by_scripthash": {},
    "seed_version": 50,
    "spent_outpoints": {},
    "transactions": {},
    "tx_fees": {},
    "txi": {},
    "txo": {},
    "use_encryption": false,
    "verified_tx3": {},
    "wallet_type": "standard"
}