{
    "addr_history": {
        "121WkJ11FfhVN7cZmGzDqmXt8LhzVV72Lh": [],
        "12Ej7tuuXNyXKVGvp8z9kP9QHU1p3iLnpB": [],
        "13CSPxUrAeovB6QRbMPmLzxcAqY3JNzakK": [],
        "13TQwtZTpxCqBNMiwgpWuGKte3JLT1URza": [],
        "13f2JsZatitUZeHw3foBwgeDus5N1s4i62": [],
        "14V7QYg1fHa4a4kiyzkbywptRTsVqeHfpc": [],
        "152hWHtMozoseWRhxyrkVyMVAefjr8vWbZ": [],
        "153zj2huzdYvnfWs2ADAnuy3fJfWJ4ek1J": [],
        "15WLVebjtndpnrAAnR2DGvuPePg4W8JJhA": [],
        "16bx2axNtxNERhrmasYHekVjhptomWjXm5": [],
        "17PaD1vV3y5CXgod9UTG1vyTWWWoL2syzH": [],
        "17TZUZyDVE35gbVxxcnTWCBXNJMJq1kj3S": [],
        "18de7tiz42qbHk8ybEJaveDbdLKSWBfEsw": [],
        "1DCuY8WszXFaJFiSKsHDUqUZ5UB5T8iAfS": [],
        "1DKcdsYYfNFaP9ZtyEksJZ4Fa9DCxQz3x": [],
        "1Ebjuh8mBpxgavNYLGmJZCNazRkgrAFpWB": [],
        "1FMothkqrsKQ3ZA8dHBNtRFJoWVjo8nzVA": [],
        "1Ffri8Fr3qMaHSS1iBVuyPqWmUs6FDvYah": [],
        "1GudwsFeZL967EToesjLpWj6f1LzvcrT7": [],
        "1HKT9qvRfpf2XrbWPKcbpRy6yKr5E8Dugp": [],
        "1Hb7SMxRfECHfw7TXC444EbmooNptaHCnS": [],
        "1JgRPDip2v6AYDg45jdrrwTwG3zNGWZfnR": [],
        "1M8ZgB5knf2kzVUZW72eSFQfgGLq9aoCTV": [],
        "1Mm2UCHgGUUu9YjtnPKeef4i4Tzr7nKgpo": [],
        "1NQKhMUD37nRPgaW2e7LcoegiSDy6AQun3": [],
        "1NwpRzUyKrtuJYwX31GUcySG8iVmyvS94c": [],
        "1P7CxKXfT9dRb9kMip8FB8jaTR6dwYGmMB": [],
        "1PpDeN1w9EnTshzScMZTFRTaVGGKh27JVP": [],
        "1Q6YrWQPvPsZTctfCdAF3kU2nLyi77s4Xh": [],
        "1QBuV2PLQYEYydV7tPRCRjwVi5W9KvAkGi": []
    },
    "addresses": {
        "change": [
            "17PaD1vV3y5CXgod9UTG1vyTWWWoL2syzH",
            "1Q6YrWQPvPsZTctfCdAF3kU2nLyi77s4Xh",
            "1FMothkqrsKQ3ZA8dHBNtRFJoWVjo8nzVA",
            "1Hb7SMxRfECHfw7TXC444EbmooNptaHCnS",
            "12Ej7tuuXNyXKVGvp8z9kP9QHU1p3iLnpB",
            "14V7QYg1fHa4a4kiyzkbywptRTsVqeHfpc",
            "1NQKhMUD37nRPgaW2e7LcoegiSDy6AQun3",
            "121WkJ11FfhVN7cZmGzDqmXt8LhzVV72Lh",
            "13TQwtZTpxCqBNMiwgpWuGKte3JLT1URza",
            "1Ebjuh8mBpxgavNYLGmJZCNazRkgrAFpWB"
        ],
        "receiving": [
            "18de7tiz42qbHk8ybEJaveDbdLKSWBfEsw",
            "1Ffri8Fr3qMaHSS1iBVuyPqWmUs6FDvYah",
            "17TZUZyDVE35gbVxxcnTWCBXNJMJq1kj3S",
            "1GudwsFeZL967EToesjLpWj6f1LzvcrT7",
            "1DKcdsYYfNFaP9ZtyEksJZ4Fa9DCxQz3x",
            "1Mm2UCHgGUUu9YjtnPKeef4i4Tzr7nKgpo",
            "15WLVebjtndpnrAAnR2DGvuPePg4W8JJhA",
            "13CSPxUrAeovB6QRbMPmLzxcAqY3JNzakK",
            "1P7CxKXfT9dRb9kMip8FB8jaTR6dwYGmMB",
            "1M8ZgB5knf2kzVUZW72eSFQfgGLq9aoCTV",
            "1JgRPDip2v6AYDg45jdrrwTwG3zNGWZfnR",
            "1HKT9qvRfpf2XrbWPKcbpRy6yKr5E8Dugp",
            "1NwpRzUyKrtuJYwX31GUcySG8iVmyvS94c",
            "1QBuV2PLQYEYydV7tPRCRjwVi5W9KvAkGi",
            "1PpDeN1w9EnTshzScMZTFRTaVGGKh27JVP",
            "153zj2huzdYvnfWs2ADAnuy3fJfWJ4ek1J",
            "16bx2axNtxNERhrmasYHekVjhptomWjXm5",
            "13f2JsZatitUZeHw3foBwgeDus5N1s4i62",
            "1DCuY8WszXFaJFiSKsHDUqUZ5UB5T8iAfS",
            "152hWHtMozoseWRhxyrkVyMVAefjr8vWbZ"
        ]
    },
    "fiat_value": {},
    "frozen_coins": {},
    "invoices": {},
    "keystore": {
        "derivation": "m",
        "pw_hash_version": 1,
        "root_fingerprint": "cc0ad7f3",
        "seed": "minor zone pool always remain combine fire claw medal settle grace capable",
        "seed_type": "standard",
        "type": "bip32",
        "xprv": "xprv9s21ZrQH143K4H35Tc9d9Pn3haaCZHhhSvoihHzkFKJufk6QJp5P9dznCwrps4Hqg22Wj4oLqwZEDbiRfgbV29MgCoSHU6ufg1dmAhrjWou",
        "xpub": "xpub661MyMwAqRbcGm7YZdgdWXinFcQgxkRYp9jKVgQMoeqtYYRYrMPdhSKG4Ckrazt3qXVWXUUA1Y4nn4YhBFSmwMajHeHXhp8AnR1Et5QirsU"
    },
    "labels": {},
    "payment_requests": {},
    "prevouts_by_scripthash": {},
    "seed_version": 50,
    "spent_outpoints": {},
    "transactions": {},
    "tx_fees": {},
    "txi": {},
    "txo": {},
    "use_encryption": false,
    "verified_tx3": {},
    "wallet_type": "standard"
}