{
    "addr_history": {
        "114DbcK4iPCkoZ7srmi2eJz6KzSC7GQFp5": [],
        "12iHyUpBdGHkBEMmFiaLG86VgUxNt2HmFJ": [],
        "12s3v66VkA9n8urG9xTxcax53TfjcNEkzn": [],
        "132epDmL44m3xtSYq6F1REah51Qtik1N2Y": [],
        "14w3M51DbQShb5vDqWkfGJQnVJ5FQ7dg9B": [],
        "15ECfTxKmN4t4Cgu4HZNccFgrMgsQ9PGNN": [],
        "15EZzDxyjfLVwanSGP21y4DRD6q5ppyBV7": [],
        "15gPgkg4YJ9eyRkfwWaHrF5SpwjkN3qGsp": [],
        "17P2TcRtkpe6sFNMZGFAchuyf5Q6WP2ims": [],
        "182jaCWmcUoFCdtPdL8Go8Bp79MHbzP2PM": [],
        "18EGaqaiCPckCvy9hesvisxaq1EyDtnCrz": [],
        "1986Jkf6sEFVdhGnyrTStiyUjosSWcNz4o": [],
        "19rWXnCSz4Srb74svM536ELpor1QxbL7Pk": [],
        "1Bb7gDqhQfVxCCB7wspKRA5N5HaUi3Q9Ny": [],
        "1BuXXJbAMckiXvdguhDeWdgRz6NBj5zxKT": [],
        "1CPJpmsjEBinfrJNMbfLQVF3EnNCm9VS5z": [],
        "1DE3jp1ug2DoddGUg8gGamkevYvDMrdqfp": [],
        "1DfowJr5T3ey4Cc72Zm8JjucHxUkWmZCUi": [],
        "1EnceXV1cTBcvjDGvDcWo8A5qABK9TGPm1": [],
        "1FbTbtNNn5tEHBQy9qQCWtfimP3KJCvEdq": [],
        "1FgqmJzP3Xo5kgjgusjRqbPy6KcQKtraxS": [],
        "1G9YHMXkWj1YEc7f9AitwYPZb1yBdorFPe": [],
        "1H29xzPpTxz4EGpgdM9QiZdyDLfbjjXRkV": [],
        "1JKLe7RCKmezGTyNQEq3qX9w8YbzEuKFLP": [],
        "1JmFqFja6XjEUbZQwm4Fpaa4SUaA1tjnYK": [],
        "1KgtwYbTfcehbSBSH18YTPoZRzPxb7LoKd": [],
        "1NK1QfiLx73oPsPgMZETq948kcbbuDyvqY": [],
        "1NrZAGyqtB1bgLLqWSxKN4iGSHTt6wKShX": [],
        "1P1ZKkB7GK8RuCnNP7z4ScAC2WfwT7Zjk": [],
        "1W5KYQed2emLnXQBh7faKc5WaintwqR7z": []
    },
    "addresses": {
        "change": [
            "182jaCWmcUoFCdtPdL8Go8Bp79MHbzP2PM",
            "1EnceXV1cTBcvjDGvDcWo8A5qABK9TGPm1",
            "1FbTbtNNn5tEHBQy9qQCWtfimP3KJCvEdq",
            "12s3v66VkA9n8urG9xTxcax53TfjcNEkzn",
            "1NrZAGyqtB1bgLLqWSxKN4iGSHTt6wKShX",
            "1KgtwYbTfcehbSBSH18YTPoZRzPxb7LoKd",
            "12iHyUpBdGHkBEMmFiaLG86VgUxNt2HmFJ",
            "1CPJpmsjEBinfrJNMbfLQVF3EnNCm9VS5z",
            "1JmFqFja6XjEUbZQwm4Fpaa4SUaA1tjnYK",
            "19rWXnCSz4Srb74svM536ELpor1QxbL7Pk"
        ],
        "receiving": [
            "18EGaqaiCPckCvy9hesvisxaq1EyDtnCrz",
            "1NK1QfiLx73oPsPgMZETq948kcbbuDyvqY",
            "15ECfTxKmN4t4Cgu4HZNccFgrMgsQ9PGNN",
            "14w3M51DbQShb5vDqWkfGJQnVJ5FQ7dg9B",
            "1FgqmJzP3Xo5kgjgusjRqbPy6KcQKtraxS",
            "114DbcK4iPCkoZ7srmi2eJz6KzSC7GQFp5",
            "1P1ZKkB7GK8RuCnNP7z4ScAC2WfwT7Zjk",
            "17P2TcRtkpe6sFNMZGFAchuyf5Q6WP2ims",
            "1DE3jp1ug2DoddGUg8gGamkevYvDMrdqfp",
            "1Bb7gDqhQfVxCCB7wspKRA5N5HaUi3Q9Ny",
            "1H29xzPpTxz4EGpgdM9QiZdyDLfbjjXRkV",
            "1JKLe7RCKmezGTyNQEq3qX9w8YbzEuKFLP",
            "15EZzDxyjfLVwanSGP21y4DRD6q5ppyBV7",
            "1986Jkf6sEFVdhGnyrTStiyUjosSWcNz4o",
            "15gPgkg4YJ9eyRkfwWaHrF5SpwjkN3qGsp",
            "1BuXXJbAMckiXvdguhDeWdgRz6NBj5zxKT",
            "132epDmL44m3xtSYq6F1REah51Qtik1N2Y",
            "1G9YHMXkWj1YEc7f9AitwYPZb1yBdorFPe",
            "1W5KYQed2emLnXQBh7faKc5WaintwqR7z",
            "1DfowJr5T3ey4Cc72Zm8JjucHxUkWmZCUi"
        ]
    },
    "fiat_value": {},
    "frozen_coins": {},
    "invoices": {},
    "keystore": {
        "derivation": "m",
        "pw_hash_version": 1,
        "root_fingerprint": "0d9397ee",
        "seed": "minor zone pool arena remain combine trigger claw medal settle grace capable",
        "seed_type": "standard",
        "type": "bip32",
        "xprv": "xprv9s21ZrQH143K4C4Di9xjmFMYS5VSi9vCnzRqtG4Tuo8rc891v5k9XzD9GnLnS7kN1xFH6MVeXFdZKusZ9kAxmJYkusNdKagS8bwWiB372Ss",
        "xpub": "xpub661MyMwAqRbcGg8gpBVk8PJGz7Kw7ce4ADMSgeU5U8fqUvUATd4Q5nXd83hJ5hVT4KXDkbYbB6toyqTJRxkEAXYB13Lza9y5YHPhLtBvgpt"
    },
    "labels": {},
    "payment_requests": {},
    "prevouts_by_scripthash": {},
    "seed_version": 50,
    "spent_outpoints": {},
    "transactions": {},
    "tx_fees": {},
    "txi": {},
    "txo": {},
    "use_encryption": false,
    "verified_tx3": {},
    "wallet_type": "standard"
}