{
    "addr_history": {
        "12HqL38HFj3CVD9KQMG1q2fuYGJxF4piXw": [],
        "12Vxo4gkHnaCJxMdfowYCqbuGbTe1NBP3o": [],
        "13FeBdUkZPtu8Vd95cqLmH6qY9uxseW1LM": [],
        "14LS65ypb23Y4g6x2fehzSt5uttKgbdLbQ": [],
        "162JaQg9EWuKv4U2DtN8YozsrJezwJogcy": [],
        "17mWAqqeLTEQGWFCdG2azjXfAoWYdX9uKS": [],
        "192jufDEDU7P6tyNcL74JSsWy41Kp3WvGB": [],
        "19cncs2fB1DtSwNJcqXAB29pKBejfFqVTD": [],
        "19uX4EvUyzCDbjiGrYcrQ651EHC3ykxaxQ": [],
        "1AHeuNLiPC539XwxETZW5BLVueffRKwukV": [],
        "1ATBfpuBHJt7wHtLwwidrY4qmwj93hRdko": [],
        "1AXCNSXzUqZrDR8HdstTD21yJfjgAv8nh1": [],
        "1B4kZHDpp5WmLawcmWr5RxFpjLrchN85h4": [],
        "1EWa4wF773UN2AhJ9xmoiWGSAEtJpLgmFR": [],
        "1FZ6kAvsPTgpQ8jW1awMZvPLKdHfapQbZa": [],
        "1G18pYBcasXPvm7V8DekDtCYfp9wBWn8Dp": [],
        "1GFxjwcttSsaBu68btQM7aNNju3gw1mQqi": [],
        "1GfjwFmmPsPanopoRy8LAg1SB18SkQhbxc": [],
        "1GuSf7pd3tMbvxM7o5KQq5Q6hu8Dqzauhd": [],
        "1JyVZaHXdJcUEFAfwiyMAZYM4T9A1qVpmC": [],
        "1K5pjjcDDxzBCtoPJusuWHRF3tnBtma7sA": [],
        "1LkdCbp3VDBHfr1exVTUMf3dMt8pyNGGXB": [],
        "1LukNiDU7q3jqBwGsR5Yzygj8G5ySEKFmY": [],
        "1MQznhSEESHfv2dDpZLV72TguVVaEM8ks9": [],
        "1MSWcDrLUGLuYomX5bmwxw91jKrDKfG3bG": [],
        "1MyRTJzRvZMRr5YmeDb3iXfD8R8jV64eb9": [],
        "1NBzH6F6nLfiv2MGiCdxi14Q6yXdf2mpVj": [],
        "1NSxH7zcvMLvRugLDWtj9Xq7N99753Vtyj": [],
        "1PJKdMHpkdHfUp8SKdrcPAshNVDHpALcYg": [],
        "1ezz4xdCWVSAQwoqeUe6f9iF844RBef4a": []
    },
    "addresses": {
        "change": [
            "1B4kZHDpp5WmLawcmWr5RxFpjLrchN85h4",
            "17mWAqqeLTEQGWFCdG2azjXfAoWYdX9uKS",
            "12HqL38HFj3CVD9KQMG1q2fuYGJxF4piXw",
            "1K5pjjcDDxzBCtoPJusuWHRF3tnBtma7sA",
            "1AXCNSXzUqZrDR8HdstTD21yJfjgAv8nh1",
            "1GFxjwcttSsaBu68btQM7aNNju3gw1mQqi",
            "1MQznhSEESHfv2dDpZLV72TguVVaEM8ks9",
            "1GfjwFmmPsPanopoRy8LAg1SB18SkQhbxc",
            "1FZ6kAvsPTgpQ8jW1awMZvPLKdHfapQbZa",
            "1ezz4xdCWVSAQwoqeUe6f9iF844RBef4a"
        ],
        "receiving": [
            "19cncs2fB1DtSwNJcqXAB29pKBejfFqVTD",
            "1ATBfpuBHJt7wHtLwwidrY4qmwj93hRdko",
            "1EWa4wF773UN2AhJ9xmoiWGSAEtJpLgmFR",
            "1MSWcDrLUGLuYomX5bmwxw91jKrDKfG3bG",
            "19uX4EvUyzCDbjiGrYcrQ651EHC3ykxaxQ",
            "1AHeuNLiPC539XwxETZW5BLVueffRKwukV",
            "13FeBdUkZPtu8Vd95cqLmH6qY9uxseW1LM",
            "1G18pYBcasXPvm7V8DekDtCYfp9wBWn8Dp",
            "1NSxH7zcvMLvRugLDWtj9Xq7N99753Vtyj",
            "1MyRTJzRvZMRr5YmeDb3iXfD8R8jV64eb9",
            "12Vxo4gkHnaCJxMdfowYCqbuGbTe1NBP3o",
            "1LkdCbp3VDBHfr1exVTUMf3dMt8pyNGGXB",
            "192jufDEDU7P6tyNcL74JSsWy41Kp3WvGB",
            "1NBzH6F6nLfiv2MGiCdxi14Q6yXdf2mpVj",
            "1LukNiDU7q3jqBwGsR5Yzygj8G5ySEKFmY",
            "162JaQg9EWuKv4U2DtN8YozsrJezwJogcy",
            "1JyVZaHXdJcUEFAfwiyMAZYM4T9A1qVpmC",
            "14LS65ypb23Y4g6x2fehzSt5uttKgbdLbQ",
            "1GuSf7pd3tMbvxM7o5KQq5Q6hu8Dqzauhd",
            "1PJKdMHpkdHfUp8SKdrcPAshNVDHpALcYg"
        ]
    },
    "fiat_value": {},
    "frozen_coins": {},
    "invoices": {},
    "keystore": {
        "derivation": "m",
        "pw_hash_version": 1,
        "root_fingerprint": "f39be648",
        "seed": "minor zone pool argue remain combine gold claw medal settle grace capable",
        "seed_type": "standard",
        "type": "bip32",
        "xprv": "xprv9s21ZrQH143K3yx8wbPRDX3CoUFGXvExsnXCkw7GEaCawUpJkj9WWbSKoZ7Nr9fxT2nmy6zrkdJXsDwfxauJqRuy9f5HSDCn6ZnbVfzLpZ7",
        "xpub": "xpub661MyMwAqRbcGU2c3cvRaeywMW5kwNxpF1SoZKWsnujZpH9TJGTm4PkoepQ8CaK9Sfc9Y7dz8tDD6tZqj3FKtYTPgvxzuPaYr8bkZpunooP"
    },
    "labels": {},
    "payment_requests": {},
    "prevouts_by_scripthash": {},
    "seed_version": 50,
    "spent_outpoints": {},
    "transactions": {},
    "tx_fees": {},
    "txi": {},
    "txo": {},
    "use_encryption": false,
    "verified_tx3": {},
    "wallet_type": "standard"
}