{
    "addr_history": {
        "12hdA8NUVzPXwq3dbNtJ39cCJ4LztymTnw": [],
        "13SnrpT2mNFCn7CfsqhzR7hBLaztVSUF4L": [],
        "13W3bo9q6gH8VPoKY8VmzSZkz39wX9hLRN": [],
        "13pgWbyHcgq8Nh1nAQJ5vzW5SdnnkDfjeg": [],
        "13s35Ke4LzVHJYQZJVCEXMAPJaHY22bau6": [],
        "15ShRfrxthNuqpondR43aroMR6H3U81vMr": [],
        "16YpqoqC8TeqEJeKJA7m6N5jT938iyAM6s": [],
        "16vAJDBphPk2GgTGEUREC83medQj6ocERA": [],
        "17nVgWiosioCp9E2GCFpW3QhtCK7Xjekc2": [],
        "18xGaC92B8LnF532r8vAZLjD4wHfWVjnmX": [],
        "1A6QLYf4bHhnUJZEvDdnf8rXDCZTPRpX19": [],
        "1A7FxPr7EsHp5kGQgbKWUjtetWD2pedDju": [],
        "1AGAUhSY8Ra6zt9uPnWhQ16zHjC5FNoGq7": [],
        "1ANuJcUhQ2Z4s6t4ZsZa5Xh6nCaekPJxLU": [],
        "1AeoMGuxoh1wZo3QeCyXP3gdzQPBMnVaA5": [],
        "1Aoe7459yZCKaj3zu8iAE441wpdxHNZNEV": [],
        "1CiKeUXd5w1PGV6ajpbvf1a7PbE6f6Zr1J": [],
        "1DHuEtaJgNHhF9oUjP3cKMi8vtvoRKr3vn": [],
        "1DcjNyjBvLcz36LNxNGmwatEVZsWdjAWTW": [],
        "1EwgZtTpqLEEM3CDdhKHs8MGr4FK29dLbV": [],
        "1HabSg533migevquVYbKRG43GWmRVTEDii": [],
        "1HebYuNygwGYFEYN9A146q6pMQqf1hZiV9": [],
        "1HfGuZNGYTcNBxGZi2WqnmSSVea5cSMiFY": [],
        "1J6JSkNYvRNEjkiwydDYa1ehDTWfmNHjP": [],
        "1KhJ72P6EU4XEf4EjmVk5Yy1R7v6VbzEr5": [],
        "1LAyyLVyQGP2CET4VHzFZ3PvwjuJ6CYivW": [],
        "1MdPJ1DPv1AFehLHPPsABqmSRXChqYFTeC": [],
        "1Nqoh9XFMbkJbtttaayANUfXsSFUABavE": [],
        "1Pmws8wURcda6Q1Bhw4RF1DQazs6jVmFs7": [],
        "1Q5ev7LS2zXa6rKucm8foe21crNUePgYrH": []
    },
    "addresses": {
        "change": [
            "1Nqoh9XFMbkJbtttaayANUfXsSFUABavE",
            "18xGaC92B8LnF532r8vAZLjD4wHfWVjnmX",
            "16YpqoqC8TeqEJeKJA7m6N5jT938iyAM6s",
            "13SnrpT2mNFCn7CfsqhzR7hBLaztVSUF4L",
            "15ShRfrxthNuqpondR43aroMR6H3U81vMr",
            "16vAJDBphPk2GgTGEUREC83medQj6ocERA",
            "1Aoe7459yZCKaj3zu8iAE441wpdxHNZNEV",
            "1CiKeUXd5w1PGV6ajpbvf1a7PbE6f6Zr1J",
            "17nVgWiosioCp9E2GCFpW3QhtCK7Xjekc2",
            "1Q5ev7LS2zXa6rKucm8foe21crNUePgYrH"
        ],
        "receiving": [
            "1HabSg533migevquVYbKRG43GWmRVTEDii",
            "1AeoMGuxoh1wZo3QeCyXP3gdzQPBMnVaA5",
            "1Pmws8wURcda6Q1Bhw4RF1DQazs6jVmFs7",
            "1A7FxPr7EsHp5kGQgbKWUjtetWD2pedDju",
            "1DcjNyjBvLcz36LNxNGmwatEVZsWdjAWTW",
            "1MdPJ1DPv1AFehLHPPsABqmSRXChqYFTeC",
            "1J6JSkNYvRNEjkiwydDYa1ehDTWfmNHjP",
            "13W3bo9q6gH8VPoKY8VmzSZkz39wX9hLRN",
            "1A6QLYf4bHhnUJZEvDdnf8rXDCZTPRpX19",
            "1LAyyLVyQGP2CET4VHzFZ3PvwjuJ6CYivW",
            "1KhJ72P6EU4XEf4EjmVk5Yy1R7v6VbzEr5",
            "1AGAUhSY8Ra6zt9uPnWhQ16zHjC5FNoGq7",
            "1HebYuNygwGYFEYN9A146q6pMQqf1hZiV9",
            "1DHuEtaJgNHhF9oUjP3cKMi8vtvoRKr3vn",
            "12hdA8NUVzPXwq3dbNtJ39cCJ4LztymTnw",
            "13s35Ke4LzVHJYQZJVCEXMAPJaHY22bau6",
            "1EwgZtTpqLEEM3CDdhKHs8MGr4FK29dLbV",
            "1HfGuZNGYTcNBxGZi2WqnmSSVea5cSMiFY",
            "1ANuJcUhQ2Z4s6t4ZsZa5Xh6nCaekPJxLU",
            "13pgWbyHcgq8Nh1nAQJ5vzW5SdnnkDfjeg"
        ]
    },
    "fiat_value": {},
    "frozen_coins": {},
    "invoices": {},
    "keystore": {
        "derivation": "m",
        "pw_hash_version": 1,
        "root_fingerprint": "898a8522",
        "seed": "minor zone pool appear remain combine fish claw medal settle grace capable",
        "seed_type": "standard",
        "type": "bip32",
        "xprv": "xprv9s21ZrQH143K427dG8EoViHVsmarsMDX1EdRenPW8JigZxvy5VfpEhj9WfU6hmqovctHcNrvbs8FyNnkZQPbL3DRMhsFHDKz4mDDicRrgPN",
        "xpub": "xpub661MyMwAqRbcGWC6N9morrEERoRMGowNNTZ2TAo7geFfSmG7d2z4nW3dMy6yQJSMdqjfYfVWyfK5SkX4oowbGWs8Wo1BBvTkDnFmRFkTRPg"
    },
    "labels": {},
    "payment_requests": {},
    "prevouts_by_scripthash": {},
    "seed_version": 50,
    "spent_outpoints": {},
    "transactions": {},
    "tx_fees": {},
    "txi": {},
    "txo": {},
    "use_encryption": false,
    "verified_tx3": {},
    "wallet_type": "standard"
}