{
    "addr_history": {
        "12WMEMsv25FhijE4EBFxJJ4iyA19qhtzjm": [],
        "12ZuD95KnsNojc2dg1B96zJQJPa8TYGuk2": [],
        "12nqnw9giC5yd8UUqxZXwEu6yxCTLaFREo": [],
        "12xNksQzAeHi91Zp8bZUxKJwREiXW9AdLZ": [],
        "13Qo4V5TYxTJ3t4S32CUmmWpa3CXudR1Pc": [],
        "15AKs4ysqCGmr5xweBRsH5PiqsktsxSf8Z": [],
        "15nqdHV9Fnq5d1ZrwCo1oK8uu2tWAZtTvo": [],
        "162L6d16dMUQpiaG6K5wHMAayVUVpKimx7": [],
        "16UhbGkguhjLLfPQ5vQDisyZPYvwb3iNFT": [],
        "16okRP7jVaFDU6f58NZXmPLwy7PYVkwkM3": [],
        "16vYhUwTEGceoYYeViDAUGBEYTpNfcabKX": [],
        "17HtJwecQa3QsVcs3wt5J3qhxbrdWLaB4v": [],
        "18ekCP2eMd3v4wrq8Qbd8VRMsLwACgV7mF": [],
        "19B2tUtUrG7tugdkjgcxvVXdLQZSC5NF4D": [],
        "19sYHcaeuXP5v1hSeVRXpFKzUHJsaAPa7H": [],
        "1B3eEW8vV9PQaoSKaByMgKrS4v73fBSTJy": [],
        "1Bc1AzqwzwkCR56FkYM6GXnNdoQ3niYMa9": [],
        "1BtBTxipYntc57pQQAnugiACD2VTo3wVuv": [],
        "1CEoeHn1XYkVZY3b3Njb669PqmvsToNGEL": [],
        "1CoQnsoB6k59cCJ5mpidySz9LVZWGRepJL": [],
        "1CzmJb6WZHmCDnPNeCHTYMUMaUHV5XVrHD": [],
        "1E3AD9ugekKjkatP4gzNoQPkHtebCnkyfq": [],
        "1E6JB4q4aPqAqX8THrF8PZB5wknXctSED9": [],
        "1EXKtHy49LidhD1JEPmPJkNgYgWf9kwcSi": [],
        "1GMFdxsMmNut9pkSkE4n1BV9XJ8dKhhJaJ": [],
        "1GTUP8VRZEXHsVYd4A637GvwYSvJpWdzfG": [],
        "1HBueE3qT1Tdmgiz1gXcV1SPjZydD79TtV": [],
        "1HtbLn9ceezJsPnufWkVzJzD6mjqzdDh3x": [],
        "1Myn5uea6Aqha23Xasmg8n7HABCoueKpBC": [],
        "1PwUAeSzAgsxxuRYwC27cCx6kNAESeTQVd": []
    },
    "addresses": {
        "change": [
            "1CEoeHn1XYkVZY3b3Njb669PqmvsToNGEL",
            "1Myn5uea6Aqha23Xasmg8n7HABCoueKpBC",
            "12WMEMsv25FhijE4EBFxJJ4iyA19qhtzjm",
            "12nqnw9giC5yd8UUqxZXwEu6yxCTLaFREo",
            "1CzmJb6WZHmCDnPNeCHTYMUMaUHV5XVrHD",
            "16okRP7jVaFDU6f58NZXmPLwy7PYVkwkM3",
            "1BtBTxipYntc57pQQAnugiACD2VTo3wVuv",
            "15AKs4ysqCGmr5xweBRsH5PiqsktsxSf8Z",
            "16UhbGkguhjLLfPQ5vQDisyZPYvwb3iNFT",
            "1HtbLn9ceezJsPnufWkVzJzD6mjqzdDh3x"
        ],
        "receiving": [
            "1GTUP8VRZEXHsVYd4A637GvwYSvJpWdzfG",
            "1Bc1AzqwzwkCR56FkYM6GXnNdoQ3niYMa9",
            "17HtJwecQa3QsVcs3wt5J3qhxbrdWLaB4v",
            "1E6JB4q4aPqAqX8THrF8PZB5wknXctSED9",
            "12ZuD95KnsNojc2dg1B96zJQJPa8TYGuk2",
            "13Qo4V5TYxTJ3t4S32CUmmWpa3CXudR1Pc",
            "19sYHcaeuXP5v1hSeVRXpFKzUHJsaAPa7H",
            "19B2tUtUrG7tugdkjgcxvVXdLQZSC5NF4D",
            "1GMFdxsMmNut9pkSkE4n1BV9XJ8dKhhJaJ",
            "16vYhUwTEGceoYYeViDAUGBEYTpNfcabKX",
            "18ekCP2eMd3v4wrq8Qbd8VRMsLwACgV7mF",
            "1EXKtHy49LidhD1JEPmPJkNgYgWf9kwcSi",
            "1B3eEW8vV9PQaoSKaByMgKrS4v73fBSTJy",
            "1E3AD9ugekKjkatP4gzNoQPkHtebCnkyfq",
            "1CoQnsoB6k59cCJ5mpidySz9LVZWGRepJL",
            "15nqdHV9Fnq5d1ZrwCo1oK8uu2tWAZtTvo",
            "1HBueE3qT1Tdmgiz1gXcV1SPjZydD79TtV",
            "1PwUAeSzAgsxxuRYwC27cCx6kNAESeTQVd",
            "12xNksQzAeHi91Zp8bZUxKJwREiXW9AdLZ",
            "162L6d16dMUQpiaG6K5wHMAayVUVpKimx7"
        ]
    },
    "fiat_value": {},
    "frozen_coins": {},
    "invoices": {},
    "keystore": {
        "derivation": "m",
        "pw_hash_version": 1,
        "root_fingerprint": "1a6f4256",
        "seed": "minor zone pool bacon remain combine blanket claw medal settle grace capable",
        "seed_type": "standard",
        "type": "bip32",
        "xprv": "xprv9s21ZrQH143K2UHFKjuZC4shbRFdsE2Sp6bPx6ETKDwQWkbLMmqWf6tNrhrk4WCee4vcNPR7FzmAyQCkdGMMNQQ2CCPwg3GbiNPK3ge6PXA",
        "xpub": "xpub661MyMwAqRbcExMiRmSZZCpS9T68GgkJBKWzkUe4sZUPPYvUuK9mCuCri18ZWWfGSC3iFtf3XXcYPCmmozrAHHyuadGkjXdu7bt63H7EnfV"
    },
    "labels": {},
    "payment_requests": {},
    "prevouts_by_scripthash": {},
    "seed_version": 50,
    "spent_outpoints": {},
    "transactions": {},
    "tx_fees": {},
    "txi": {},
    "txo": {},
    "use_encryption": false,
    "verified_tx3": {},
    "wallet_type": "standard"
}