{
    "addr_history": {
        "113NrwH5hWhatdBJbKY5HGv2iu3EewacUv": [],
        "12DknZpA6GK3mLSZJjtYGqicwEpETWCQox": [],
        "12KPbj3KWJ4uH3HrHRiUrQbRgxv6oqY1wW": [],
        "12KxkmPDifRLdjTr4ikiTKNL8rqh61deSX": [],
        "135Ef5Mq6ncYpUETCj1cyYWp3iW2cTDeya": [],
        "15Jf8J1G5QyBAzDZEgV2xrSww745kBBEv5": [],
        "15bHGAxThLAdBZZzhAL8N2Xr3oV4YV4yLJ": [],
        "1683yMh89yKnVBcNv7Q8uTESuazHVRtPBP": [],
        "168v5fvpcYewP4umhyFMd5KEj41uztyrtq": [],
        "16QJLbZ8p3LJdormHDWpXCtkeN4jjUPRqT": [],
        "16dtqh356Te6dcP5ZoppCgSezPCFH84AfG": [],
        "16h6tYm59MzF4Bor6iDusoktmHWRUxKCuz": [],
        "16pmbYMRh5XvJnujVwiPZvy9goAkXnMa4V": [],
        "17C5DdUCM4kAonLYS8A12aZRWVUWRMbK3T": [],
        "1A915tvGLsWMdJCqGzyWQJTwGDRt6WJLX8": [],
        "1AaWwJ7mPkXbLAFpM25nJH6dmR98xpo5ra": [],
        "1AxxzhP9yootMJDKfhTVax5hQyfbbJ52Gk": [],
        "1BGDuXNjkGN2K9PeFDdSiaoi9eFw5i1oDV": [],
        "1BjYLRkphACdfM5vVdWWHyATQVPVe7Wz34": [],
        "1C7firSWTa8c63cTuBB8ZFjgpoybxobFtS": [],
        "1EmcKVZshtZLaL8ckbxEbsehNaQYuMLBZo": [],
        "1FJJSCwn6JLdmwhcCjYX4X5vGgmu4Qsdua": [],
        "1FkjG7x7fgodckfNVCSaPiojc7k7KHajFE": [],
        "1GuWgCnpEhjp29n9UWEUJe7KrVQNBhqZn2": [],
        "1HyJuA9Gm6oyUHg8M4CMC19rt4KcYuJ7su": [],
        "1JFWXYyUEm1fTeJ7s1yMRWHuKECLJjfEhZ": [],
        "1JbC5Bm4RBqj9atiYF7CGu8sffX13erRVA": [],
        "1KzurrXg7hRmnS3QjdjGJKpRVZnLrYJ168": [],
        "1NA4MC4tD73RpcHBz5D8QndqoxDVjnfm8A": [],
        "1NcskkDp2XAHZ1yEiGG4ndqHt97r8h6gen": []
    },
    "addresses": {
        "change": [
            "1EmcKVZshtZLaL8ckbxEbsehNaQYuMLBZo",
            "12KPbj3KWJ4uH3HrHRiUrQbRgxv6oqY1wW",
            "1HyJuA9Gm6oyUHg8M4CMC19rt4KcYuJ7su",
            "1BGDuXNjkGN2K9PeFDdSiaoi9eFw5i1oDV",
            "16dtqh356Te6dcP5ZoppCgSezPCFH84AfG",
            "12KxkmPDifRLdjTr4ikiTKNL8rqh61deSX",
            "1FJJSCwn6JLdmwhcCjYX4X5vGgmu4Qsdua",
            "15Jf8J1G5QyBAzDZEgV2xrSww745kBBEv5",
            "1683yMh89yKnVBcNv7Q8uTESuazHVRtPBP",
            "16QJLbZ8p3LJdormHDWpXCtkeN4jjUPRqT"
        ],
        "receiving": [
            "1JbC5Bm4RBqj9atiYF7CGu8sffX13erRVA",
            "16pmbYMRh5XvJnujVwiPZvy9goAkXnMa4V",
            "1AxxzhP9yootMJDKfhTVax5hQyfbbJ52Gk",
            "16h6tYm59MzF4Bor6iDusoktmHWRUxKCuz",
            "1KzurrXg7hRmnS3QjdjGJKpRVZnLrYJ168",
            "1NcskkDp2XAHZ1yEiGG4ndqHt97r8h6gen",
            "1NA4MC4tD73RpcHBz5D8QndqoxDVjnfm8A",
            "135Ef5Mq6ncYpUETCj1cyYWp3iW2cTDeya",
            "1A915tvGLsWMdJCqGzyWQJTwGDRt6WJLX8",
            "113NrwH5hWhatdBJbKY5HGv2iu3EewacUv",
            "1BjYLRkphACdfM5vVdWWHyATQVPVe7Wz34",
            "1AaWwJ7mPkXbLAFpM25nJH6dmR98xpo5ra",
            "1FkjG7x7fgodckfNVCSaPiojc7k7KHajFE",
            "168v5fvpcYewP4umhyFMd5KEj41uztyrtq",
            "17C5DdUCM4kAonLYS8A12aZRWVUWRMbK3T",
            "12DknZpA6GK3mLSZJjtYGqicwEpETWCQox",
            "1JFWXYyUEm1fTeJ7s1yMRWHuKECLJjfEhZ",
            "1C7firSWTa8c63cTuBB8ZFjgpoybxobFtS",
            "1GuWgCnpEhjp29n9UWEUJe7KrVQNBhqZn2",
            "15bHGAxThLAdBZZzhAL8N2Xr3oV4YV4yLJ"
        ]
    },
    "fiat_value": {},
    "frozen_coins": {},
    "invoices": {},
    "keystore": {
        "derivation": "m",
        "pw_hash_version": 1,
        "root_fingerprint": "00bc8e5a",
        "seed": "minor zone pool another remain combine industry claw medal settle grace capable",
        "seed_type": "standard",
        "type": "bip32",
        "xprv": "xprv9s21ZrQH143K2ue7gJ1viURFTrTv2brawwNP2yv1SA4fb8WwwNksNm3K7Ayu2NXf5GUBPK7afYFUuXeKp7iaTKcsmkDg4jzPzFNmu2Ybq7N",
        "xpub": "xpub661MyMwAqRbcFPianKYw5cMz1tJQS4aSKAHyqNKczVbeTvr6Uv57vZMnxUcv1fWAkk8TZQuK87tDimkn4e4Cy5peuXR6Q8xCP5U66848ajq"
    },
    "labels": {},
    "payment_requests": {},
    "prevouts_by_scripthash": {},
    "seed_version": 50,
    "spent_outpoints": {},
    "transactions": {},
    "tx_fees": {},
    "txi": {},
    "txo": {},
    "use_encryption": false,
    "verified_tx3": {},
    "wallet_type": "standard"
}