{
    "addr_history": {
        "12cbXaEtepkCrsUWbJ8jwvq2ApDF87JW62": [],
        "12m9WJgFWEu53pEyrKcUCLw2cpmYTPyTMM": [],
        "141STSpR8Zm1QaZhqjaHjtxXrpsMoFRKEF": [],
        "147GsdBAALtFx27Pr7GsbGF51YUQ5yUQVJ": [],
        "14RPhKdM9o6S7jryuU2fsZFLaUeffMsQRN": [],
        "168eLQJE8gGDYBRYaTLGBwvFHnfF9BmwAj": [],
        "17V1jLxbVm2J55CwpztSeZDyVu8wquwNJj": [],
        "17Vy7zKNMYXio8rgjb4apJxJSko5KhXj6h": [],
        "17WBqkcZqaypjULhZR17BqmBNnDdGjhvro": [],
        "18cNp8hWJaW4jGY1275YRujCQ6F4RTNWuZ": [],
        "18wEWqnJM7gwYMkCGNHpgYJ9z9tbtjxpmP": [],
        "19w7G4HTTFXRkR4c75cziDni1BepDqpAuv": [],
        "1A6qLAXFY7kyNEdWMD3bm7JeiX3YBe1Yhv": [],
        "1ENaemnJdoihUa6hWmNb1uH1zMREsTGLzK": [],
        "1EQFhxrRwYKReAYqrzoMVretgSLG3ehxWb": [],
        "1ESJfYvMwVKkGbPGT5tVh58RzoMPWBSB7p": [],
        "1FDwTK6sGpTtG6a9DZuSbqKQx1XN5afXci": [],
        "1FiQuCn47X8kn8cnnkdKr226UgR4x2VMQV": [],
        "1GNWhgGhSjPH5DUrocnUxx6m3XMmBKxY1W": [],
        "1GzTf1PsTNQoPuJX6fhXtcf9JSXTWi3X9K": [],
        "1HBpVcFkvU1U51WrM3DA643bziSNLBcG7a": [],
        "1HWYPECxNXT5ncWw42MdyDwHghC2rBMF4T": [],
        "1JMUDV6WAEKSiB84S2b9iftqG5kHjiPERj": [],
        "1KQ5cXxKuMvvpQd19F4cknnUcBnjtJgLgL": [],
        "1Kjhyku4f6qxJ5zGuFUFKq1JD2xH8eRkNs": [],
        "1MRZa6hYCZsWKNiNDKERKhNDn5Gx12CNoP": [],
        "1PdooK1HoLjLzmTPztsyfdUz5M1XqTPAy9": [],
        "1PmasACUBBq4FUhJaAXsanPtoTUVvydZDY": [],
        "1QJ5hynXhMNe3YUTZewo6krhms946yobaY": [],
        "1WC1QAFq7uCyt5fhHhP4YXPjzWAuarbZP": []
    },
    "addresses": {
        "change": [
            "1FDwTK6sGpTtG6a9DZuSbqKQx1XN5afXci",
            "1HBpVcFkvU1U51WrM3DA643bziSNLBcG7a",
            "1FiQuCn47X8kn8cnnkdKr226UgR4x2VMQV",
            "1ESJfYvMwVKkGbPGT5tVh58RzoMPWBSB7p",
            "1MRZa6hYCZsWKNiNDKERKhNDn5Gx12CNoP",
            "18cNp8hWJaW4jGY1275YRujCQ6F4RTNWuZ",
            "14RPhKdM9o6S7jryuU2fsZFLaUeffMsQRN",
            "1A6qLAXFY7kyNEdWMD3bm7JeiX3YBe1Yhv",
            "1EQFhxrRwYKReAYqrzoMVretgSLG3ehxWb",
            "1KQ5cXxKuMvvpQd19F4cknnUcBnjtJgLgL"
        ],
        "receiving": [
            "18wEWqnJM7gwYMkCGNHpgYJ9z9tbtjxpmP",
            "1QJ5hynXhMNe3YUTZewo6krhms946yobaY",
            "17WBqkcZqaypjULhZR17BqmBNnDdGjhvro",
            "12cbXaEtepkCrsUWbJ8jwvq2ApDF87JW62",
            "1GNWhgGhSjPH5DUrocnUxx6m3XMmBKxY1W",
            "141STSpR8Zm1QaZhqjaHjtxXrpsMoFRKEF",
            "1Kjhyku4f6qxJ5zGuFUFKq1JD2xH8eRkNs",
            "17Vy7zKNMYXio8rgjb4apJxJSko5KhXj6h",
            "1GzTf1PsTNQoPuJX6fhXtcf9JSXTWi3X9K",
            "147GsdBAALtFx27Pr7GsbGF51YUQ5yUQVJ",
            "168eLQJE8gGDYBRYaTLGBwvFHnfF9BmwAj",
            "1WC1QAFq7uCyt5fhHhP4YXPjzWAuarbZP",
            "19w7G4HTTFXRkR4c75cziDni1BepDqpAuv",
            "12m9WJgFWEu53pEyrKcUCLw2cpmYTPyTMM",
            "1HWYPECxNXT5ncWw42MdyDwHghC2rBMF4T",
            "1ENaemnJdoihUa6hWmNb1uH1zMREsTGLzK",
            "1PmasACUBBq4FUhJaAXsanPtoTUVvydZDY",
            "1JMUDV6WAEKSiB84S2b9iftqG5kHjiPERj",
            "1PdooK1HoLjLzmTPztsyfdUz5M1XqTPAy9",
            "17V1jLxbVm2J55CwpztSeZDyVu8wquwNJj"
        ]
    },
    "fiat_value": {},
    "frozen_coins": {},
    "invoices": {},
    "keystore": {
        "derivation": "m",
        "pw_hash_version": 1,
        "root_fingerprint": "88438db0",
        "seed": "minor zone pool act remain combine exotic claw medal settle grace capable",
        "seed_type": "standard",
        "type": "bip32",
        "xprv": "xprv9s21ZrQH143K4Cr1rSwNXfZGdtBx7kyo9ByDhHnTBRyi2YHZ5m58eUjxfiyQxXaTERvVmdvE8bCHtaKRzxifhzp1fgy44HQbWxb8FJ8jZCJ",
        "xpub": "xpub661MyMwAqRbcGgvUxUUNtoW1Bv2SXDheWQtpVgC4jmWguLchdJPPCH4SWyzkkujXBm1psacTNvLiNMKJUPuhEQ6DaSAkr7zRznd9QBBLHxP"
    },
    "labels": {},
    "payment_requests": {},
    "prevouts_by_scripthash": {},
    "seed_version": 50,
    "spent_outpoints": {},
    "transactions": {},
    "tx_fees": {},
    "txi": {},
    "txo": {},
    "use_encryption": false,
    "verified_tx3": {},
    "wallet_type": "standard"
}