{
    "addr_history": {
        "12xP9LJNLbom5tbT6jLMDLVCCNnWfhQxZT": [],
        "14USSMv9qXhmDiFhfLLhq3eaRjkmhXayr6": [],
        "15Gnrm2KioYECST9X8W4KrWCopudKarShf": [],
        "15nBaiKkpPYbwXWFMNCn3DxemBWtzFo1DX": [],
        "17TgT3gk4g2Goi3qqV2jynXxTUMPKGTgpF": [],
        "17eaWgSweQaV1rYDKFusDXuYZ34xLV7XWA": [],
        "18G9F9hY5w2QbRoub3Rh3bCBsyQRbZo9GG": [],
        "19nn8AA1whfaqNYFSNpjxusnhbqEEB9kCR": [],
        "1AkKSkWrrt2QLyFR9QqPxSShY9E5bgiET5": [],
        "1Cs1gKUYSB9jR22GwqQRfsjLMz5kmmHV7s": [],
        "1DZPATbmpkv9hQUsy3SoQ6ioMLS4S1bqwk": [],
        "1F8MLqhGvZXXhEhMxVHGKsoXSM4pfFvAz7": [],
        "1Ffvw3cxfoTUhHcJAKQkWnePp6HEVbr258": [],
        "1FsCKkUBK4tkgTTahXVyuE3QFsf4drVQyK": [],
        "1GmF5VPx91cgAraouLVMmq4rUDNwvAxrG5": [],
        "1HHoeMTQ4MiNieg63p2CfxA6hLv1L7mL1d": [],
        "1HPwayvg5szB2KS3oXuPmXmiZiSUZrUAcv": [],
        "1HReSTtTAymouhLF82Jj7LXiknmkiAPH89": [],
        "1HV5ndSanf5HozKoi6mYnr2n5nXosH8jwS": [],
        "1JKCeLnrQtDf8YkfFYAcMi1FYbDYiGaYyk": [],
        "1JsfhQ9UsjJPk34Hgq7Bcs4yZVKnrBLCVp": [],
        "1K2wqVH5MqCA6HxmhjEDjDw26XXAJUGdWW": [],
        "1K8oVDHoXmL7Ua6ocqUycA3DgZ252e6md7": [],
        "1L6WS37r8FuRmrMxijpygByjV3Q7JaqR3x": [],
        "1NXzxFvdw9iHwiWFHysh8tuTqwmJ13UvRx": [],
        "1Njx3FCZk4DHd2MVXpqHHyg6Xz3qsjKXck": [],
        "1NkcofwbBqmEPajvG9qRP2STd3fuve7kmc": [],
        "1P9MbvN3sp5KJSk4Kw2SDfD18u9QBNfF8f": [],
        "1PkBUjtXj1kRiJVt7qYmK3V7kjSADtnkn3": [],
        "1Q84D1HE232ofNHSo8b6vxD3ySjk5tc75G": []
    },
    "addresses": {
        "change": [
            "1AkKSkWrrt2QLyFR9QqPxSShY9E5bgiET5",
            "1HReSTtTAymouhLF82Jj7LXiknmkiAPH89",
            "18G9F9hY5w2QbRoub3Rh3bCBsyQRbZo9GG",
            "15Gnrm2KioYECST9X8W4KrWCopudKarShf",
            "1NXzxFvdw9iHwiWFHysh8tuTqwmJ13UvRx",
            "15nBaiKkpPYbwXWFMNCn3DxemBWtzFo1DX",
            "1P9MbvN3sp5KJSk4Kw2SDfD18u9QBNfF8f",
            "17TgT3gk4g2Goi3qqV2jynXxTUMPKGTgpF",
            "1PkBUjtXj1kRiJVt7qYmK3V7kjSADtnkn3",
            "1Njx3FCZk4DHd2MVXpqHHyg6Xz3qsjKXck"
        ],
        "receiving": [
            "1Q84D1HE232ofNHSo8b6vxD3ySjk5tc75G",
            "1NkcofwbBqmEPajvG9qRP2STd3fuve7kmc",
            "1Cs1gKUYSB9jR22GwqQRfsjLMz5kmmHV7s",
            "1L6WS37r8FuRmrMxijpygByjV3Q7JaqR3x",
            "12xP9LJNLbom5tbT6jLMDLVCCNnWfhQxZT",
            "1Ffvw3cxfoTUhHcJAKQkWnePp6HEVbr258",
            "1GmF5VPx91cgAraouLVMmq4rUDNwvAxrG5",
            "1K2wqVH5MqCA6HxmhjEDjDw26XXAJUGdWW",
            "17eaWgSweQaV1rYDKFusDXuYZ34xLV7XWA",
            "1HHoeMTQ4MiNieg63p2CfxA6hLv1L7mL1d",
            "1HV5ndSanf5HozKoi6mYnr2n5nXosH8jwS",
            "19nn8AA1whfaqNYFSNpjxusnhbqEEB9kCR",
            "1JKCeLnrQtDf8YkfFYAcMi1FYbDYiGaYyk",
            "1FsCKkUBK4tkgTTahXVyuE3QFsf4drVQyK",
            "1JsfhQ9UsjJPk34Hgq7Bcs4yZVKnrBLCVp",
            "1HPwayvg5szB2KS3oXuPmXmiZiSUZrUAcv",
            "1K8oVDHoXmL7Ua6ocqUycA3DgZ252e6md7",
            "14USSMv9qXhmDiFhfLLhq3eaRjkmhXayr6",
            "1DZPATbmpkv9hQUsy3SoQ6ioMLS4S1bqwk",
            "1F8MLqhGvZXXhEhMxVHGKsoXSM4pfFvAz7"
        ]
    },
    "fiat_value": {},
    "frozen_coins": {},
    "invoices": {},
    "keystore": {
        "derivation": "m",
        "pw_hash_version": 1,
        "root_fingerprint": "210b6250",
        "seed": "minor zone pool already remain combine fine claw medal settle grace capable",
        "seed_type": "standard",
        "type": "bip32",
        "xprv": "xprv9s21ZrQH143K342WAtJk9cFbm5BSzd589L1NSbq6JZasctf4hsJQakWCrAV1SkooFeX5e82jp8cJXyz7JNwkNHuKSrRbbD7NUu9XLRun5PL",
        "xpub": "xpub661MyMwAqRbcFY6yGuqkWkCLK71wQ5nyWYvyEzEhru7rVgzDFQcf8YpghRDyuu34L3qattwnynWsMqoRQ1Eh1tpPCh6u31c6t1wyWU1Nfki"
    },
    "labels": {},
    "payment_requests": {},
    "prevouts_by_scripthash": {},
    "seed_version": 50,
    "spent_outpoints": {},
    "transactions": {},
    "tx_fees": {},
    "txi": {},
    "txo": {},
    "use_encryption": false,
    "verified_tx3": {},
    "wallet_type": "standard"
}