{
    "addr_history": {
        "12WeBXuSqQQvnx9J4JzeyWtPh9DJFph6zi": [],
        "12gVWAZUdP21srvnYTizwqi4bBmnTJ3Ufr": [],
        "15UqxbXdTu6amzxLhGoNE4BYPgzKD4iX7M": [],
        "15g1adYbytrN6UKv4pYZv87uMsi3L6jSjb": [],
        "15nESj1bTuuZk8c8VWJPV9YZSFRXHX3ezF": [],
        "15wKZAnSzrWgf7up4ptqN2tSW8NPxKEard": [],
        "15xeRpQ2WYcoLmFiFaLysaUc3jChV1D2nx": [],
        "16CG7qJYg3Nkobct5jiGs12tCtoC7CkhxJ": [],
        "16vjAgqEGaqV6KP9KZHB5VYkA6mHcMjhLA": [],
        "17E3kep6dN6HMD5FcnvBP3jVQthGnFg8rB": [],
        "17YRrzLWNNrtJyavyQDk6bAxQV6iwTt768": [],
        "1AAG2Q65Zqf1R6j9vkdjzimhkPN8S2fK1M": [],
        "1BYU1ZuDm23zjP4hxywgggnESACPnj3U3s": [],
        "1Cji8FJeJBPaiweZT5QEZrUURSFkdhpEyT": [],
        "1CpH7qEg4bfsaPFkqXdiQBs3Awg5u3ciVD": [],
        "1FEWLGpb1oHr4mkeVrpdU5FyFbW5BUAxue": [],
        "1FYR2pF22xfSSnT5HV4uRmT5tttEtrKGPP": [],
        "1Fd2iE5Vt45dTnumKZdURrPvUgfujLekYY": [],
        "1FqXzHGQpAER5knkn5aY3oe6Uqj177eG4L": [],
        "1FzoXp69fzLJBVQwufofKrEZ3nqjEbL2Ne": [],
        "1G194zKWJKZm6JBk3a6hcrSpRsA4pNG6aG": [],
        "1JC9Mn4KwZkJpztJFFd6dxUZFktJXT3ifK": [],
        "1JH4pbDVz7XQRBL9Qtki3Lo58d6HwM58Jx": [],
        "1Lje8J1afCxK56qkSsnm5wmDGW6WAwWaBe": [],
        "1MZtcfP6uxfoVdshXWFXJp4DoT6kjnczh8": [],
        "1MgEigzQjdyANbZmyQuSTcBXLJ7VyEDatr": [],
        "1NhZsoSqPBnvEHKH9ikrusnXN2jKHmwdxH": [],
        "1NreNE1iUZrsKXXsMnMjGZTTwnpQdtQB4J": [],
        "1QECYQ8gcnFHbAvEwFDjCq4iXm1RFqBAoV": [],
        "1ruzcJCmksVPP4NNZH6DFYQ9jWBbo1Zbe": []
    },
    "addresses": {
        "change": [
            "16vjAgqEGaqV6KP9KZHB5VYkA6mHcMjhLA",
            "1FqXzHGQpAER5knkn5aY3oe6Uqj177eG4L",
            "17E3kep6dN6HMD5FcnvBP3jVQthGnFg8rB",
            "1FYR2pF22xfSSnT5HV4uRmT5tttEtrKGPP",
            "1QECYQ8gcnFHbAvEwFDjCq4iXm1RFqBAoV",
            "15wKZAnSzrWgf7up4ptqN2tSW8NPxKEard",
            "17YRrzLWNNrtJyavyQDk6bAxQV6iwTt768",
            "15UqxbXdTu6amzxLhGoNE4BYPgzKD4iX7M",
            "1ruzcJCmksVPP4NNZH6DFYQ9jWBbo1Zbe",
            "1JH4pbDVz7XQRBL9Qtki3Lo58d6HwM58Jx"
        ],
        "receiving": [
            "1NhZsoSqPBnvEHKH9ikrusnXN2jKHmwdxH",
            "1BYU1ZuDm23zjP4hxywgggnESACPnj3U3s",
            "1Lje8J1afCxK56qkSsnm5wmDGW6WAwWaBe",
            "12gVWAZUdP21srvnYTizwqi4bBmnTJ3Ufr",
            "12WeBXuSqQQvnx9J4JzeyWtPh9DJFph6zi",
            "1FzoXp69fzLJBVQwufofKrEZ3nqjEbL2Ne",
            "15nESj1bTuuZk8c8VWJPV9YZSFRXHX3ezF",
            "1MgEigzQjdyANbZmyQuSTcBXLJ7VyEDatr",
            "1Cji8FJeJBPaiweZT5QEZrUURSFkdhpEyT",
            "1MZtcfP6uxfoVdshXWFXJp4DoT6kjnczh8",
            "1FEWLGpb1oHr4mkeVrpdU5FyFbW5BUAxue",
            "15xeRpQ2WYcoLmFiFaLysaUc3jChV1D2nx",
            "1G194zKWJKZm6JBk3a6hcrSpRsA4pNG6aG",
            "1NreNE1iUZrsKXXsMnMjGZTTwnpQdtQB4J",
            "1AAG2Q65Zqf1R6j9vkdjzimhkPN8S2fK1M",
            "15g1adYbytrN6UKv4pYZv87uMsi3L6jSjb",
            "1JC9Mn4KwZkJpztJFFd6dxUZFktJXT3ifK",
            "1CpH7qEg4bfsaPFkqXdiQBs3Awg5u3ciVD",
            "1Fd2iE5Vt45dTnumKZdURrPvUgfujLekYY",
            "16CG7qJYg3Nkobct5jiGs12tCtoC7CkhxJ"
        ]
    },
    "fiat_value": {},
    "frozen_coins": {},
    "invoices": {},
    "keystore": {
        "derivation": "m",
        "pw_hash_version": 1,
        "root_fingerprint": "fdd3889b",
        "seed": "minor zone pool awkward remain combine success claw medal settle grace capable",
        "seed_type": "standard",
        "type": "bip32",
        "xprv": "xprv9s21ZrQH143K3QMDYYK9CCWbM9q8FeP5GrErwu6WQb26W4ATDsKvbFs6QqsckytCZx1coTWgLMYfisCpL3wKcLC4uPojukHYSPpuzXFsxZQ",
        "xpub": "xpub661MyMwAqRbcFtRgeZr9ZLTKuBfcf76ve5ATkHW7xvZ5NrVbmQeB94BaG9LpS45Vok7aCiUNEQByB3JtuJZQx87VVm81kbgNuZjkxTsF1Yv"
    },
    "labels": {},
    "payment_requests": {},
    "prevouts_by_scripthash": {},
    "seed_version": 50,
    "spent_outpoints": {},
    "transactions": {},
    "tx_fees": {},
    "txi": {},
    "txo": {},
    "use_encryption": false,
    "verified_tx3": {},
    "wallet_type": "standard"
}