{
    "addr_history": {
        "12jzgVU6pTompqHUx6C7zPYL6uHYgcjU9F": [],
        "12sFJm6MsATWY9eUH6moKDUkW4iEgkAJRF": [],
        "14r58pjT2PWuTuBuFziBXbiDQUrGVtA9ph": [],
        "14rKc1RttrARXoowcMmdbfRJsZXCqbejx3": [],
        "15aXV7nRsit3S7k5TcSxesMB2JtELWT9uT": [],
        "15vJ6tohgJKrKT1M7n7uWFwzEY4vfubaqz": [],
        "16Bp18GELdHtmYkjvB3d3qXeYBER9SHo8X": [],
        "17Gox8Jtn9Y6zgDUSGH8LWGfmUQqczr6Q3": [],
        "1AfZVoDaBJweUga3HfGjzP1oS9ZjeAfuQg": [],
        "1AfpLu3DghqavUuwhXpsUX36ZtNy3RaUU": [],
        "1BA6NCH5KBwYa1HoEu1pmRTVfYpiXLvwTk": [],
        "1BaGHN9ZeWGCYctc187B2QSvNUePrLKMUj": [],
        "1CPMFwmHkzoboCmByjqPLfsb2dfGeS4EfB": [],
        "1Cu3hq99WoYo2ndcBi6b1enp8bTxwCmnRC": [],
        "1D8ybde4mxr2cTeqtm92TWrvSNqi5zQTGj": [],
        "1E45p1V4xVdVzqCLnUc5w2GD8Dzx3ovtkD": [],
        "1EZzm74nuntSqMANAEVgvqarkZhBBW3z7G": [],
        "1Endb7uDbigrdfTo4Vj1JCRWCbVzxKKFM3": [],
        "1FEzzjEY2TVPR8eSAckttmrbgiSr2nW7ep": [],
        "1FsYYm5PU76c8o1yEEspDgKVxRvHAwdx8f": [],
        "1GLrkydwWgyUaxdMZofSLLAAPgSKu14Nsz": [],
        "1L6C9Lgzudj5n7giEsZpSe9gDHTsRwRy5x": [],
        "1MPKdhFYM1vrzR1x9YktLzAA9xuNGgwtHb": [],
        "1MapQvXBcnrNPKoR2bHXMJzNiDts7HgKbp": [],
        "1NXhN5h3WhjimkhA1ja5KRpVYNd5fmj164": [],
        "1NyBqbpuNSC8JhjnaWWnr3bpesXSew5Lt9": [],
        "1P8PmhuM3Mx18X1oP1SYEmMZWs5CiLmaiF": [],
        "1Q5dfapfj6VoXtoBwspoaxKqemAvr6pWCn": [],
        "1VAHCf3DVtp3cv533DvUju2DXUZvPmKAg": [],
        "1X4D6tSF3SBQFAWEo6iNv9347qnYg1ckx": []
    },
    "addresses": {
        "change": [
            "1AfZVoDaBJweUga3HfGjzP1oS9ZjeAfuQg",
            "1EZzm74nuntSqMANAEVgvqarkZhBBW3z7G",
            "15vJ6tohgJKrKT1M7n7uWFwzEY4vfubaqz",
            "1NyBqbpuNSC8JhjnaWWnr3bpesXSew5Lt9",
            "1P8PmhuM3Mx18X1oP1SYEmMZWs5CiLmaiF",
            "1AfpLu3DghqavUuwhXpsUX36ZtNy3RaUU",
            "1D8ybde4mxr2cTeqtm92TWrvSNqi5zQTGj",
            "1E45p1V4xVdVzqCLnUc5w2GD8Dzx3ovtkD",
            "1MapQvXBcnrNPKoR2bHXMJzNiDts7HgKbp",
            "1FEzzjEY2TVPR8eSAckttmrbgiSr2nW7ep"
        ],
        "receiving": [
            "12jzgVU6pTompqHUx6C7zPYL6uHYgcjU9F",
            "14r58pjT2PWuTuBuFziBXbiDQUrGVtA9ph",
            "1MPKdhFYM1vrzR1x9YktLzAA9xuNGgwtHb",
            "1FsYYm5PU76c8o1yEEspDgKVxRvHAwdx8f",
            "15aXV7nRsit3S7k5TcSxesMB2JtELWT9uT",
            "1X4D6tSF3SBQFAWEo6iNv9347qnYg1ckx",
            "1CPMFwmHkzoboCmByjqPLfsb2dfGeS4EfB",
            "1BaGHN9ZeWGCYctc187B2QSvNUePrLKMUj",
            "1L6C9Lgzudj5n7giEsZpSe9gDHTsRwRy5x",
            "1Cu3hq99WoYo2ndcBi6b1enp8bTxwCmnRC",
            "1Endb7uDbigrdfTo4Vj1JCRWCbVzxKKFM3",
            "1BA6NCH5KBwYa1HoEu1pmRTVfYpiXLvwTk",
            "17Gox8Jtn9Y6zgDUSGH8LWGfmUQqczr6Q3",
            "1Q5dfapfj6VoXtoBwspoaxKqemAvr6pWCn",
            "1NXhN5h3WhjimkhA1ja5KRpVYNd5fmj164",
            "1VAHCf3DVtp3cv533DvUju2DXUZvPmKAg",
            "16Bp18GELdHtmYkjvB3d3qXeYBER9SHo8X",
            "14rKc1RttrARXoowcMmdbfRJsZXCqbejx3",
            "12sFJm6MsATWY9eUH6moKDUkW4iEgkAJRF",
            "1GLrkydwWgyUaxdMZofSLLAAPgSKu14Nsz"
        ]
    },
    "fiat_value": {},
    "frozen_coins": {},
    "invoices": {},
    "keystore": {
        "derivation": "m",
        "pw_hash_version": 1,
        "root_fingerprint": "238cd965",
        "seed": "minor zone pool annual remain combine feel claw medal settle grace capable",
        "seed_type": "standard",
        "type": "bip32",
        "xprv": "xprv9s21ZrQH143K3SzKHAT33xWhzYbuq9hq45PiFYVczdkKoisYNDAxzV5DeeFikS9o9QHT5x1k53qVvoiuk6tzns2B2kU9BS2gWEY62K6kMjv",
        "xpub": "xpub661MyMwAqRbcFw4nPBz3R6TSYaSQEcRgRJKK3vuEYyHJgXCgukVDYHPhVwJCEtWCpg7T899k7WSTm9ykdkMbsUXhKRYhdUCD9bYom8uJfYb"
    },
    "labels": {},
    "payment_requests": {},
    "prevouts_by_scripthash": {},
    "seed_version": 50,
    "spent_outpoints": {},
    "transactions": {},
    "tx_fees": {},
    "txi": {},
    "txo": {},
    "use_encryption": false,
    "verified_tx3": {},
    "wallet_type": "standard"
}