{
    "addr_history": {
        "bc1q0ma2sq7zw25uewpmq87h9agk4c60k6kdtk76fq": [],
        "bc1q5lj6fyn5ujh8zt5a6405mxr2q2rafnz5dvlxzg": [],
        "bc1q6jwqyc6kfssdgj8w0hlp4p7lcdpx35w025mwlc": [],
        "bc1q6nhe7td3kk0ptww7n2x3uq4ursl0kjs3qkrwzs": [],
        "bc1q7g7te0x6mu085z5h4knms85z6mg9mjhtv0fe08": [],
        "bc1q8kwqsskfkdx2dfhnudl06qtxp3dhuee2xuwd2y": [],
        "bc1qazxcxa2nwf0qzeec4sf3my5xu9xhzvh94qcuqe": [],
        "bc1qc5ufkdtencuskjn3mdjy4ulde69kfcwtmexuzm": [],
        "bc1qcpzuyclr3g9unmnaj7lzdsck9wu0xlv2paj7c5": [],
        "bc1qd0ctcpwc7066yurk3udx2g9z6hvczdu4wanswa": [],
        "bc1qel82qzdsh3qg4xhzp42zsrmjmcrk7q6mz7jjdg": [],
        "bc1qes8cnzan9zhmlcvraxpzgyh4pgzf0cvq0k6vgd": [],
        "bc1qf0ylkn5zw3ft2l36nzczz5l8kqtv3d5m05qmwt": [],
        "bc1qg7rav2pscvyjreygk7skvnwqgxwxl360p5dytu": [],
        "bc1qj8j86a5ypksznn6wnultwsq2nc8x5h7aatvf6d": [],
        "bc1qmlayxa7334fcjnvcs739zdfjnwvttpnnhl8ud3": [],
        "bc1qnk5vw3wjlnhhswfrfhdazdlhf44j4rcj9m4yyh": [],
        "bc1qnruulqyu7ccdvgyhq8rrev9qypkgcdnvke97tl": [],
        "bc1qppr60x6ugt4kr6hfn5z2kd4nk7lf9922a7ew58": [],
        "bc1qpt08x6tezeqdu5pvc2x9yw60wxvcy3tkunyukq": [],
        "bc1qqmnmajzngfn8lpjfvxljnmnh2ky3cf5hz70wr4": [],
        "bc1qqtf6f7ulm8feks08gmu35j236s3hlx2dyyy77f": [],
        "bc1qqwhar36e9p4tulglqt9ptel7099wd9e6xn4sxl": [],
        "bc1qrd2lqaqy5aanc9q0fqx2lvyrcrgqu4qpklzgs5": [],
        "bc1qrpnmnk4pa3m0k999y4xdmm4xglanztmsw88fam": [],
        "bc1qsdxknya6sdrkdvxnhtv2x43mqt5c9l8g8jgz34": [],
        "bc1qtwj0xdfwgqtmd37anrjl50etvynuapd55mf28j": [],
        "bc1qtwuempjf6rjv6smzavnpdzsjw0k0w99tzxl5l9": [],
        "bc1qu0rd3m3qjk2mzj335y8q2jvmmaxf8entv00syu": [],
        "bc1qumu8fhh470zr29k89qeg6v0j6y5lmw5ttwe2fg": []
    },
    "addresses": {
        "change": [
            "bc1qcpzuyclr3g9unmnaj7lzdsck9wu0xlv2paj7c5",
            "bc1qu0rd3m3qjk2mzj335y8q2jvmmaxf8entv00syu",
            "bc1qmlayxa7334fcjnvcs739zdfjnwvttpnnhl8ud3",
            "bc1q7g7te0x6mu085z5h4knms85z6mg9mjhtv0fe08",
            "bc1qf0ylkn5zw3ft2l36nzczz5l8kqtv3d5m05qmwt",
            "bc1qqmnmajzngfn8lpjfvxljnmnh2ky3cf5hz70wr4",
            "bc1qumu8fhh470zr29k89qeg6v0j6y5lmw5ttwe2fg",
            "bc1qc5ufkdtencuskjn3mdjy4ulde69kfcwtmexuzm",
            "bc1qsdxknya6sdrkdvxnhtv2x43mqt5c9l8g8jgz34",
            "bc1qes8cnzan9zhmlcvraxpzgyh4pgzf0cvq0k6vgd"
        ],
        "receiving": [
            "bc1q5lj6fyn5ujh8zt5a6405mxr2q2rafnz5dvlxzg",
            "bc1q8kwqsskfkdx2dfhnudl06qtxp3dhuee2xuwd2y",
            "bc1qqtf6f7ulm8feks08gmu35j236s3hlx2dyyy77f",
            "bc1qtwj0xdfwgqtmd37anrjl50etvynuapd55mf28j",
            "bc1qd0ctcpwc7066yurk3udx2g9z6hvczdu4wanswa",
            "bc1qj8j86a5ypksznn6wnultwsq2nc8x5h7aatvf6d",
            "bc1qnk5vw3wjlnhhswfrfhdazdlhf44j4rcj9m4yyh",
            "bc1qel82qzdsh3qg4xhzp42zsrmjmcrk7q6mz7jjdg",
            "bc1qqwhar36e9p4tulglqt9ptel7099wd9e6xn4sxl",
            "bc1qg7rav2pscvyjreygk7skvnwqgxwxl360p5dytu",
            "bc1q6nhe7td3kk0ptww7n2x3uq4ursl0kjs3qkrwzs",
            "bc1qpt08x6tezeqdu5pvc2x9yw60wxvcy3tkunyukq",
            "bc1q0ma2sq7zw25uewpmq87h9agk4c60k6kdtk76fq",
            "bc1qtwuempjf6rjv6smzavnpdzsjw0k0w99tzxl5l9",
            "bc1q6jwqyc6kfssdgj8w0hlp4p7lcdpx35w025mwlc",
            "bc1qnruulqyu7ccdvgyhq8rrev9qypkgcdnvke97tl",
            "bc1qrd2lqaqy5aanc9q0fqx2lvyrcrgqu4qpklzgs5",
            "bc1qrpnmnk4pa3m0k999y4xdmm4xglanztmsw88fam",
            "bc1qazxcxa2nwf0qzeec4sf3my5xu9xhzvh94qcuqe",
            "bc1qppr60x6ugt4kr6hfn5z2kd4nk7lf9922a7ew58"
        ]
    },
    "channels": {},
    "fiat_value": {},
    "frozen_coins": {},
    "imported_channel_backups": {},
    "invoices": {},
    "keystore": {
        "derivation": "m/0'",
        "pw_hash_version": 1,
        "root_fingerprint": "9dc492df",
        "seed": "minor zone pool accident remain combine vehicle claw medal settle grace capable",
        "seed_type": "segwit",
        "type": "bip32",
        "xprv": "zprvAZiw1DNLALJSwu5XAWCXs2dN4qSaZM5Br9TX4Tw9UXikjsevuGHYRf31fPN6H3GtVNA3PZ2eCMxY8vmtWBGCSo5ia9EUVEjBvQoh7dgNBwH",
        "xpub": "zpub6niHQiuDzhrkAP9zGXjYEAa6csH4xoo3DNP7rrLm2sFjcfz5SobnyTMVWeor1ZV1mjv4Jk3492FYt7o3j4Ri1LRTuYRcE1SPzWL6CnSoPcq"
    },
    "labels": {},
    "lightning_payments": {},
    "lightning_preimages": {},
    "lightning_xprv": "zprvAbPSpuuynZStvuJuwmgFMPSxvoqMq9n3AEZtg98fxhTKDFjSqLZ5rffnGBxTeRWpsV2BbR6YdiHCMEf5ZWfmkhsdLci9TobcuEW2gyE5Zm5",
    "onchain_channel_backups": {},
    "payment_requests": {},
    "prevouts_by_scripthash": {},
    "seed_version": 50,
    "spent_outpoints": {},
    "submarine_swaps": {},
    "transactions": {},
    "tx_fees": {},
    "txi": {},
    "txo": {},
    "use_encryption": false,
    "verified_tx3": {},
    "wallet_type": "standard"
}