{
    "addr_history": {
        "12G4C4F9WQmBMmzkL9G7N25AK89owEUC2a": [],
        "12gTdrD1mKz5VC8m7jVYkNKKbGur6jKMMq": [],
        "138BRTpZdsAUf12BRtVfRfKsJDUiM1q26C": [],
        "13LuZhc8NyJz4LZ6kvhdHhLGjgsFw2Rn4t": [],
        "148nu4unhUpwm9NnRqNrT1oiPmWxtYiHoz": [],
        "15VyW59SdazjgL6yL5q46aTUYGWQ8eyF64": [],
        "1661yagjXdf8sWtMPX9iJrBm3cyaDzJvyo": [],
        "17LXkSDPfEJD1HghUgDEtHjvmtXwe4W5gG": [],
        "17WnQZjG4Mm2NEoHR86rpeyhEEzjEJmtmt": [],
        "19DcegTPKV3WQNvxm3HLebpV3iqp1vvX4o": [],
        "1BMhfhxy3AMybSF2SwCys5vMhJwwTZDhEd": [],
        "1CE8TxLnBFKZG2GAJ8HC45Ts4Yumw6kmQ1": [],
        "1CYFeSpHsukg9Di6Qq41g44jNL9Mft6R3Q": [],
        "1EL6BhSjAAVQbYbkS3Akw1ryfoZiEHY1qk": [],
        "1Etnvvgapiiy8oajsRDzVse2eyFjpo6xRS": [],
        "1FE6jqFH5rdFbNQawHE8T8MSHbHNVSqmW6": [],
        "1FoJ51hvgyXLm9CS1xJ7eLABcdfCPbRqsd": [],
        "1GSVB674Qisedo8638osDRDkqjcNZtkSdY": [],
        "1GShSNCKbdRy3JYZyvknjJEjPaXA2DMWAn": [],
        "1GbWz7go2Lmnh2u6eFmRPY4en57ABtsUy": [],
        "1Gm4cGXx5Hcrt41c6Xh2TJovkbv9bbk2gK": [],
        "1HofnXZi8Xong46E4W4BQyi6WudYSscE1m": [],
        "1Hpnhi56zSh1DcMKhnUJfVW7wZE23gYfm1": [],
        "1J949mSLkzv3hYseszBF4fEaKnwaPbWfFi": [],
        "1JTXtVSPk4npVxMKzJUXYyYAKvkEWMPRKK": [],
        "1JZLEcQgzeZkmrZqdu2ZD7vZuowZFWkefo": [],
        "1Kffj186MX1J7FKZoLfK1KSr4qFwR5BH9A": [],
        "1LJ3hkZuJCBQj2XeQqiUbi2YGje8yawVGJ": [],
        "1LJoK8x28npcRH44NDfBFegR3F7Nh7ytKB": [],
        "1LpSTNKQsqos1C4nMBaB3kqh74R7G51S8b": []
    },
    "addresses": {
        "change": [
            "1JZLEcQgzeZkmrZqdu2ZD7vZuowZFWkefo",
            "15VyW59SdazjgL6yL5q46aTUYGWQ8eyF64",
            "1GbWz7go2Lmnh2u6eFmRPY4en57ABtsUy",
            "1LpSTNKQsqos1C4nMBaB3kqh74R7G51S8b",
            "17LXkSDPfEJD1HghUgDEtHjvmtXwe4W5gG",
            "12gTdrD1mKz5VC8m7jVYkNKKbGur6jKMMq",
            "19DcegTPKV3WQNvxm3HLebpV3iqp1vvX4o",
            "1LJ3hkZuJCBQj2XeQqiUbi2YGje8yawVGJ",
            "1Kffj186MX1J7FKZoLfK1KSr4qFwR5BH9A",
            "1GSVB674Qisedo8638osDRDkqjcNZtkSdY"
        ],
        "receiving": [
            "1J949mSLkzv3hYseszBF4fEaKnwaPbWfFi",
            "148nu4unhUpwm9NnRqNrT1oiPmWxtYiHoz",
            "1FoJ51hvgyXLm9CS1xJ7eLABcdfCPbRqsd",
            "1CE8TxLnBFKZG2GAJ8HC45Ts4Yumw6kmQ1",
            "17WnQZjG4Mm2NEoHR86rpeyhEEzjEJmtmt",
            "1HofnXZi8Xong46E4W4BQyi6WudYSscE1m",
            "13LuZhc8NyJz4LZ6kvhdHhLGjgsFw2Rn4t",
            "138BRTpZdsAUf12BRtVfRfKsJDUiM1q26C",
            "1LJoK8x28npcRH44NDfBFegR3F7Nh7ytKB",
            "1FE6jqFH5rdFbNQawHE8T8MSHbHNVSqmW6",
            "1CYFeSpHsukg9Di6Qq41g44jNL9Mft6R3Q",
            "1JTXtVSPk4npVxMKzJUXYyYAKvkEWMPRKK",
            "12G4C4F9WQmBMmzkL9G7N25AK89owEUC2a",
            "1Hpnhi56zSh1DcMKhnUJfVW7wZE23gYfm1",
            "1EL6BhSjAAVQbYbkS3Akw1ryfoZiEHY1qk",
            "1Gm4cGXx5Hcrt41c6Xh2TJovkbv9bbk2gK",
            "1661yagjXdf8sWtMPX9iJrBm3cyaDzJvyo",
            "1BMhfhxy3AMybSF2SwCys5vMhJwwTZDhEd",
            "1GShSNCKbdRy3JYZyvknjJEjPaXA2DMWAn",
            "1Etnvvgapiiy8oajsRDzVse2eyFjpo6xRS"
        ]
    },
    "fiat_value": {},
    "frozen_coins": {},
    "invoices": {},
    "keystore": {
        "derivation": "m",
        "pw_hash_version": 1,
        "root_fingerprint": "343a691b",
        "seed": "minor zone pool aim remain combine memory claw medal settle grace capable",
        "seed_type": "standard",
        "type": "bip32",
        "xprv": "xprv9s21ZrQH143K3NdAbSBSNDYbBLAUFP8TQfg56ugp1b53zvDVt5ysaGFoB1AMQjgYFN6jmcFB2n37mYNtUp38h6f77d1oFd3sAANpRVrcM4z",
        "xpub": "xpub661MyMwAqRbcFrhdhTiSjMVKjMzxeqrJmtbfuJ6RZvc2siYeRdJ884aH2J2mjhQU3UQaa4afQ7oafbf1eumsWgSdn9qBNJw34CL7pdVok4f"
    },
    "labels": {},
    "payment_requests": {},
    "prevouts_by_scripthash": {},
    "seed_version": 50,
    "spent_outpoints": {},
    "transactions": {},
    "tx_fees": {},
    "txi": {},
    "txo": {},
    "use_encryption": false,
    "verified_tx3": {},
    "wallet_type": "standard"
}