{
    "addr_history": {
        "124Uxqga9yuh8m1P98WmEXLCn2SANntQ64": [],
        "12m9QxqCpric4GvuMqxgXt6g9Nf2T28HHZ": [],
        "137M37QF5dbD2vbYi8iBoVABSVFfzsXfjq": [],
        "13zpuCmmcme9hxKD7HLoAzUEmgzUyhTnv5": [],
        "14TLnArp17chMa3JQRRLELHQL8PYoohpqn": [],
        "1569MVosfP2DLmh3cjZpC3xZn1Rfkrrf15": [],
        "17c1XiPVw6HPk3XyDPwCZoD1VkzLStryrN": [],
        "19384YbsZAdGwtrEGGxQDAV5Qg7u5ZvV3j": [],
        "19EFhtNBmvpmLjCUmqAq3mXwonQEkK4Hx2": [],
        "19cUA88YRQvEo3RNdEQzLmABjTtCchevfj": [],
        "1A8uuMjAM2KaUrqGk2sV91DHri2BeParUM": [],
        "1A98rtCKCaL1DrBsn7L3JXFuawv394oPag": [],
        "1AFqTXkhgayYfweAr2FVTToFWNVUUmCq8f": [],
        "1BAY1c5Qud7KByUfwGjXumHrH54qJH4jmk": [],
        "1BcoYGTE2TCJJ6aWohKgtJnJwsp2NE9miX": [],
        "1Bjo85nARFBPmo6qcDa6TriJLJGH9YQuXG": [],
        "1CNPwDsmCaD5eHAHQxnp7HsaigqcYCiLd": [],
        "1Cr2UrrvJxYTHGTYDeVHrjqx8EWbPasUE4": [],
        "1Gazzd8Rvdjz9Ac9en7txdud7rK3faUj82": [],
        "1Gw3XwinPBraWFBQEyvxTSTVMaGC8C2jgN": [],
        "1KSQjs8huh1q9MjBWWEvcynwBdK2VJKCLK": [],
        "1MP6SwGPXtysQ3mUdyTzLdHWeXWvkaptAA": [],
        "1Mqdd68iBVxUdKu6bu3S2Yfbr3GMtT6UHK": [],
        "1Msb89qAgDvDiCxkuRDd4MW4XY8sPpbs7V": [],
        "1N9vBoJW9NZohSsHrVKpy6CTEN9aPHRTdW": [],
        "1Nk29adoFvqDkg6EaQvEUcTj6ketVF2jeJ": [],
        "1PLTnMinDSTSyVUBW8czFxCCRAgFBTD38q": [],
        "1QGW4jyWnbeV1Y6Am7fCVAv1k6LrqBcBXD": [],
        "1QH62Bwuv1ojNASL28jSpo3ajzPG2PuMqH": [],
        "1jpECgmakJ2z8kstDvLgSaFfemeCscAU8": []
    },
    "addresses": {
        "change": [
            "1QH62Bwuv1ojNASL28jSpo3ajzPG2PuMqH",
            "137M37QF5dbD2vbYi8iBoVABSVFfzsXfjq",
            "1BcoYGTE2TCJJ6aWohKgtJnJwsp2NE9miX",
            "1A8uuMjAM2KaUrqGk2sV91DHri2BeParUM",
            "19cUA88YRQvEo3RNdEQzLmABjTtCchevfj",
            "19EFhtNBmvpmLjCUmqAq3mXwonQEkK4Hx2",
            "1CNPwDsmCaD5eHAHQxnp7HsaigqcYCiLd",
            "1N9vBoJW9NZohSsHrVKpy6CTEN9aPHRTdW",
            "12m9QxqCpric4GvuMqxgXt6g9Nf2T28HHZ",
            "1BAY1c5Qud7KByUfwGjXumHrH54qJH4jmk"
        ],
        "receiving": [
            "1AFqTXkhgayYfweAr2FVTToFWNVUUmCq8f",
            "19384YbsZAdGwtrEGGxQDAV5Qg7u5ZvV3j",
            "1jpECgmakJ2z8kstDvLgSaFfemeCscAU8",
            "1KSQjs8huh1q9MjBWWEvcynwBdK2VJKCLK",
            "1Bjo85nARFBPmo6qcDa6TriJLJGH9YQuXG",
            "1Nk29adoFvqDkg6EaQvEUcTj6ketVF2jeJ",
            "1Gazzd8Rvdjz9Ac9en7txdud7rK3faUj82",
            "1569MVosfP2DLmh3cjZpC3xZn1Rfkrrf15",
            "1PLTnMinDSTSyVUBW8czFxCCRAgFBTD38q",
            "1Mqdd68iBVxUdKu6bu3S2Yfbr3GMtT6UHK",
            "1MP6SwGPXtysQ3mUdyTzLdHWeXWvkaptAA",
            "1QGW4jyWnbeV1Y6Am7fCVAv1k6LrqBcBXD",
            "1Msb89qAgDvDiCxkuRDd4MW4XY8sPpbs7V",
            "13zpuCmmcme9hxKD7HLoAzUEmgzUyhTnv5",
            "17c1XiPVw6HPk3XyDPwCZoD1VkzLStryrN",
            "1A98rtCKCaL1DrBsn7L3JXFuawv394oPag",
            "14TLnArp17chMa3JQRRLELHQL8PYoohpqn",
            "1Gw3XwinPBraWFBQEyvxTSTVMaGC8C2jgN",
            "1Cr2UrrvJxYTHGTYDeVHrjqx8EWbPasUE4",
            "124Uxqga9yuh8m1P98WmEXLCn2SANntQ64"
        ]
    },
    "fiat_value": {},
    "frozen_coins": {},
    "invoices": {},
    "keystore": {
        "derivation": "m",
        "pw_hash_version": 1,
        "root_fingerprint": "e29b2d32",
        "seed": "minor zone pool artwork remain combine okay claw medal settle grace capable",
        "seed_type": "standard",
        "type": "bip32",
        "xprv": "xprv9s21ZrQH143K4AYeLUnHKNu21dqTj6MxELdxodZVFeykBjBeDB5xgLq5KWt89ABb55YdNrDAB5fsuWyqoMrrLdmcxuTiVqvfoi76Tu6SkQA",
        "xpub": "xpub661MyMwAqRbcGed7SWKHgWqkZffx8Z5obZZZc1y6ozWj4XWnkiQDE99ZAouSXfpB5dXisPV1b5urnKrFWTWpAVEaU6qAqWHNgWqphfqMs72"
    },
    "labels": {},
    "payment_requests": {},
    "prevouts_by_scripthash": {},
    "seed_version": 50,
    "spent_outpoints": {},
    "transactions": {},
    "tx_fees": {},
    "txi": {},
    "txo": {},
    "use_encryption": false,
    "verified_tx3": {},
    "wallet_type": "standard"
}