{
    "addr_history": {
        "14maqxkcLtxZknJgXnuzDVbbGFbZSCTwwq": [],
        "14n3gxsfPXNbLdzTWbLaGq7zynTVbhHYgi": [],
        "14oweVFFQ3doNXTrsFqjdkXD1HmvtpWDJ8": [],
        "15RsbhcfDTjMgjiqdQqnJt8VDzv9FfuXPJ": [],
        "16DPhXPdjEhVDvdVw9YFcBQeEcAp1g44og": [],
        "16UgFFun3gi33P9HBWvoru5BdHVEfFpjS6": [],
        "17DocTzqVKAZv8LBjE5cyAQ6Dhs4qQYVB7": [],
        "17a9UoaTEPZwcuFd12yUccngrfwPWyL4Qu": [],
        "17qTMi82Z9uCeia6qYpUfJEE1ydnvnKv8g": [],
        "18ENCYojxCuJZirK7wSjjX1ZsDfVHGH1GW": [],
        "18nNVBFf6WgUfAewi4LJT97xspfbqj29pC": [],
        "1AbcaM57wKpPFdW4a45BJg4NHF6ASQ7crY": [],
        "1BbMnhRmmoqek7PTB5sF1jANQuLFciod9d": [],
        "1DJ1ZYiN8mMbHKHx9RcSs94PVek1VpUwDY": [],
        "1DjE1aC6gtMWkHuxDkNHSzenreQAT8cgA7": [],
        "1EYcKE8YPMJHrsc22T3wuEJfTpWue7kzCj": [],
        "1EoNBoiMCxDiy2v6PhcsWKExQtU61hXuEH": [],
        "1EvpzAmQ95HRfMKxPt98po7YZqEUdrfNkG": [],
        "1EyNDyxrBMoK6q37JbeK5cTEK8zfCMsAVM": [],
        "1FtAAJnFnEu1NcYJozMhrn5eHhz5e9cMgg": [],
        "1HVa1BM9Hrhic2McqBJHbYXvAFNiCaZoub": [],
        "1Jn3jHj6owGU1Rr4MC2e164eZGeerBThej": [],
        "1KaskKMKXxX1ghCDq4xFimBpTkE5An1Y5": [],
        "1Ko53HXDXxRnQVja7L9ztzNq342abhsmNp": [],
        "1Kp3iRmgiC56rUSvDunDqZiAvcoJM984Qo": [],
        "1LWrUcN2LAGejzVxAgNedB42wKgYtaCrR5": [],
        "1MYRhC8DM45F5B1YbMa5mmuewTChHExgmB": [],
        "1NEcpnBR8ZaaF54LjzZz6CtNBHTGoLKFiQ": [],
        "1NmBiyNs6kreWwJApVjpq4yNfxQpFYa7H": [],
        "1P8hYDkFauDJKvCf2i72v3FwxAMtCgm5aR": []
    },
    "addresses": {
        "change": [
            "14maqxkcLtxZknJgXnuzDVbbGFbZSCTwwq",
            "1NmBiyNs6kreWwJApVjpq4yNfxQpFYa7H",
            "15RsbhcfDTjMgjiqdQqnJt8VDzv9FfuXPJ",
            "16UgFFun3gi33P9HBWvoru5BdHVEfFpjS6",
            "18ENCYojxCuJZirK7wSjjX1ZsDfVHGH1GW",
            "1NEcpnBR8ZaaF54LjzZz6CtNBHTGoLKFiQ",
            "1AbcaM57wKpPFdW4a45BJg4NHF6ASQ7crY",
            "17a9UoaTEPZwcuFd12yUccngrfwPWyL4Qu",
            "1Kp3iRmgiC56rUSvDunDqZiAvcoJM984Qo",
            "16DPhXPdjEhVDvdVw9YFcBQeEcAp1g44og"
        ],
        "receiving": [
            "1KaskKMKXxX1ghCDq4xFimBpTkE5An1Y5",
            "1Jn3jHj6owGU1Rr4MC2e164eZGeerBThej",
            "17qTMi82Z9uCeia6qYpUfJEE1ydnvnKv8g",
            "1HVa1BM9Hrhic2McqBJHbYXvAFNiCaZoub",
            "17DocTzqVKAZv8LBjE5cyAQ6Dhs4qQYVB7",
            "1EvpzAmQ95HRfMKxPt98po7YZqEUdrfNkG",
            "18nNVBFf6WgUfAewi4LJT97xspfbqj29pC",
            "1BbMnhRmmoqek7PTB5sF1jANQuLFciod9d",
            "1EYcKE8YPMJHrsc22T3wuEJfTpWue7kzCj",
            "1DJ1ZYiN8mMbHKHx9RcSs94PVek1VpUwDY",
            "1LWrUcN2LAGejzVxAgNedB42wKgYtaCrR5",
            "1EyNDyxrBMoK6q37JbeK5cTEK8zfCMsAVM",
            "1Ko53HXDXxRnQVja7L9ztzNq342abhsmNp",
            "1P8hYDkFauDJKvCf2i72v3FwxAMtCgm5aR",
            "14oweVFFQ3doNXTrsFqjdkXD1HmvtpWDJ8",
            "1FtAAJnFnEu1NcYJozMhrn5eHhz5e9cMgg",
            "1MYRhC8DM45F5B1YbMa5mmuewTChHExgmB",
            "1EoNBoiMCxDiy2v6PhcsWKExQtU61hXuEH",
            "1DjE1aC6gtMWkHuxDkNHSzenreQAT8cgA7",
            "14n3gxsfPXNbLdzTWbLaGq7zynTVbhHYgi"
        ]
    },
    "fiat_value": {},
    "frozen_coins": {},
    "invoices": {},
    "keystore": {
        "derivation": "m",
        "pw_hash_version": 1,
        "root_fingerprint": "b6c30ed9",
        "seed": "minor zone pool avoid remain combine athlete claw medal settle grace capable",
        "seed_type": "standard",
        "type": "bip32",
        "xprv": "xprv9s21ZrQH143K2xFUBWxEEVLsNm2Zinpc8VwYZSVwMBNkYewV57YD6X8bhWV5QdGg6jXgSsx7hqbbPSH2JX6agreckHz8NL6fBfoHqV217M2",
        "xpub": "xpub661MyMwAqRbcFSKwHYVEbdHbvns48FYTVis9MpuYuWujRTGdcerTeKT5YmZh7vLhfJVPp9F9vAGdq98Jb5KvMyfpzsr2jNBWHnK1DKGf8Qb"
    },
    "labels": {},
    "payment_requests": {},
    "prevouts_by_scripthash": {},
    "seed_version": 50,
    "spent_outpoints": {},
    "transactions": {},
    "tx_fees": {},
    "txi": {},
    "txo": {},
    "use_encryption": false,
    "verified_tx3": {},
    "wallet_type": "standard"
}