{
    "addr_history": {
        "12xCS1rqN1cFvsK8NgduUTnHkbFVL9ZNxk": [],
        "13ZA5oLLgspzU8DP5XzvEjaYKWVLxWdGdS": [],
        "14vvdprTafs575Agr2YEY54adY3NVpZhKw": [],
        "158xLZQ1XiRvs4bLopoAsSYLeX5YVrVmCK": [],
        "15KedJyx5VMo4FDQsKmknmhFPjfkzHUy98": [],
        "15rzfwC15ZrpptW24fDie6aicwEhNVF9jN": [],
        "16eg3k3ohmQ3JW7wBQnmgxfhjvD9TmgvMv": [],
        "16rHhukjuCTKYaUuqR8oyMr5pKu9XhUKpN": [],
        "16v4g6pRu82SCyvjfv3gM9SxF172L3q5NP": [],
        "1882zat7na7DHxN2DHHUW8JNHFGWvLCBpJ": [],
        "18hNwnKodoZcDtsitcN2o2ffUzXQgCxUD8": [],
        "19Mvw1tyX6ot4bfgNNiEn6d1KXEUiMi2jS": [],
        "19eA7U35VxkmTYNjZLhFuyhpmf7jg4mVNf": [],
        "1BicyGpNZT4LAwVhsXf2cx5gTrukEVvPbh": [],
        "1CEoTezHN6PAthrJHDHi3TeFhg7wYu7F9V": [],
        "1EwwVGwaLZdr4KYhMxtXu6zJ1Ro28oiqdg": [],
        "1GXb6xky5KEBDiPisa3DdvJAokoqH8WbkR": [],
        "1GYEoi7pSNKPi7VQA8a3rT8ZQcrZ4DF6ai": [],
        "1Gy2AZgjuoowvLwLhYR4r1mAmiq1mYDQAn": [],
        "1H16Na9D3xS8tDKYb8ir59sA7ubhEY89zY": [],
        "1H8U1Em8SdFL97pUmuHXknfhUd7pZJmYi6": [],
        "1Hc48tv6rT2aBHwcDYNixgeAwXqXWZqpEV": [],
        "1JqdFTbSvKcKVUemNRHGK8ukowhUtgWTYE": [],
        "1K54c7fM5HbBwVrrMB37SRnzuNmrx6V2cw": [],
        "1K5YTfBm3sKSq6LqzwTAuKjF6eYzpcRxq": [],
        "1L4m9WnsPFb15bbFYSaiVXc3JX73bk3j8N": [],
        "1LwfpxmpLkjtG2TdZ1mrtzBf9Q35wDT4Zs": [],
        "1MeJTWSTe5Gr5FFEuYBM6qB2Se7QGWyELM": [],
        "1PET84vPy8q56tcV2f8D5SV3d5VjHG8QvH": [],
        "1PsE7wQrnrea6JVKnngkAPnybMFC7yrvae": []
    },
    "addresses": {
        "change": [
            "158xLZQ1XiRvs4bLopoAsSYLeX5YVrVmCK",
            "1GXb6xky5KEBDiPisa3DdvJAokoqH8WbkR",
            "1EwwVGwaLZdr4KYhMxtXu6zJ1Ro28oiqdg",
            "1K54c7fM5HbBwVrrMB37SRnzuNmrx6V2cw",
            "16eg3k3ohmQ3JW7wBQnmgxfhjvD9TmgvMv",
            "1JqdFTbSvKcKVUemNRHGK8ukowhUtgWTYE",
            "1CEoTezHN6PAthrJHDHi3TeFhg7wYu7F9V",
            "1882zat7na7DHxN2DHHUW8JNHFGWvLCBpJ",
            "19eA7U35VxkmTYNjZLhFuyhpmf7jg4mVNf",
            "16rHhukjuCTKYaUuqR8oyMr5pKu9XhUKpN"
        ],
        "receiving": [
            "13ZA5oLLgspzU8DP5XzvEjaYKWVLxWdGdS",
            "1MeJTWSTe5Gr5FFEuYBM6qB2Se7QGWyELM",
            "14vvdprTafs575Agr2YEY54adY3NVpZhKw",
            "1GYEoi7pSNKPi7VQA8a3rT8ZQcrZ4DF6ai",
            "1K5YTfBm3sKSq6LqzwTAuKjF6eYzpcRxq",
            "18hNwnKodoZcDtsitcN2o2ffUzXQgCxUD8",
            "15KedJyx5VMo4FDQsKmknmhFPjfkzHUy98",
            "16v4g6pRu82SCyvjfv3gM9SxF172L3q5NP",
            "19Mvw1tyX6ot4bfgNNiEn6d1KXEUiMi2jS",
            "1BicyGpNZT4LAwVhsXf2cx5gTrukEVvPbh",
            "1PsE7wQrnrea6JVKnngkAPnybMFC7yrvae",
            "1H8U1Em8SdFL97pUmuHXknfhUd7pZJmYi6",
            "1LwfpxmpLkjtG2TdZ1mrtzBf9Q35wDT4Zs",
            "1L4m9WnsPFb15bbFYSaiVXc3JX73bk3j8N",
            "1Hc48tv6rT2aBHwcDYNixgeAwXqXWZqpEV",
            "12xCS1rqN1cFvsK8NgduUTnHkbFVL9ZNxk",
            "1H16Na9D3xS8tDKYb8ir59sA7ubhEY89zY",
            "1Gy2AZgjuoowvLwLhYR4r1mAmiq1mYDQAn",
            "1PET84vPy8q56tcV2f8D5SV3d5VjHG8QvH",
            "15rzfwC15ZrpptW24fDie6aicwEhNVF9jN"
        ]
    },
    "fiat_value": {},
    "frozen_coins": {},
    "invoices": {},
    "keystore": {
        "derivation": "m",
        "pw_hash_version": 1,
        "root_fingerprint": "e952f253",
        "seed": "minor zone pool abuse remain combine enough claw medal settle grace capable",
        "seed_type": "standard",
        "type": "bip32",
        "xprv": "xprv9s21ZrQH143K2NoPeUqAZPN2PArhjnN9xbL3FGbvgaQikpNhjbXB3AyyRsge5LRytaGhuWeky9r63SNWBBF6uj7sMuwVb4JFaY9JFwbAKk6",
        "xpub": "xpub661MyMwAqRbcErsrkWNAvXJkwChC9F61KpFe3f1YEuwhdchrH8qRayJTH9DDw3ZDBQqULmAmfDYBnCvf8ZmQPGBjhJwGgGrhAQ492NXZXEf"
    },
    "labels": {},
    "payment_requests": {},
    "prevouts_by_scripthash": {},
    "seed_version": 50,
    "spent_outpoints": {},
    "transactions": {},
    "tx_fees": {},
    "txi": {},
    "txo": {},
    "use_encryption": false,
    "verified_tx3": {},
    "wallet_type": "standard"
}