{
    "addr_history": {
        "115DSTX8dZMGGF3ZXNGhJkMtMgQhwTzEyr": [],
        "135tNys5Mic6659D8BRk3tKtpCNFFxAjL6": [],
        "14BHLezJ3JsebzYuDaq6Qe9JVSgvjKrLTo": [],
        "15D5uWyh9upj6aHK2M5jpD5WQEgM7kcWgX": [],
        "15G777uuL5XFesfemigmfAFqfcNTwQ8rAS": [],
        "16CnRbzbyQSCGFGjKitBQG1k6rEgZmAVYZ": [],
        "16b1tCs5T9KmwRvaWmZT2D2A8b9UaZ48au": [],
        "16ekV7QqpeyrL1H6HMgmJ3fjHiTN1BMuyX": [],
        "17UjGq2i7eH86xVeRvwiMd4WuS2iLgnk98": [],
        "17g9wYmDvRhnujjSGgB6Rg5XuiHSQDYudm": [],
        "19UASqzpGRAhwecwUJc62TNe2vbnSsQ6Dg": [],
        "1B8eRY2YrJg5mi28LZQDCzV3RXSEMhK56N": [],
        "1BqsNRXTUfc2vXVswshWkkM8SLvaCMWAGW": [],
        "1C6iaQUsdbHSKres3m8tChBCsNJGMJ2ahP": [],
        "1DQbt5p9GVtANszEfyAAMswvTyc4cRFRRn": [],
        "1DVFk1ZMZafueksty6F1W7mAqVPQBwJdGQ": [],
        "1E1X1mRyYKc61FQkidSfi9dvGrWHytqo57": [],
        "1EMFdn7W1i539t8NG6MEH5k8YAduh6zcoQ": [],
        "1FcfmFKp8oBF6YHoR1ZQLnWUNXvERdRgxA": [],
        "1FwcEGsfo3BMmvR2LFxVSZgGkUNKrbAz8C": [],
        "1Gnio567YYr4KHTpmPkPeJwQ2oLjqjgsuS": [],
        "1J5NHzxp57rfnbL4Tsa2YUtTB1GSaNCbN2": [],
        "1J7bQYpqmiSSx7RLqA2pJrkHxcns82X1kK": [],
        "1JAqvTTHAsJMaySgJExkZeZkijk5vrJfhh": [],
        "1LtkVuzmGeiH5MGWpzFysJQrBJGRL173vo": [],
        "1MCRyrtFQDhFMQQKdiS3YTj7VRaYTqNVdd": [],
        "1MLN7PzJ1ssDjZiVotg9inpMeBe2JoHp8C": [],
        "1NmQwmf4yFWf2kXvRYQsKyvVzW2xFau8e9": [],
        "1PWcfen2sFEe8HGPSJTMpyQT7XHfMnVuqG": [],
        "1hwk2fiCg5jJnuAsJqSAmGfez9cq736xW": []
    },
    "addresses": {
        "change": [
            "1C6iaQUsdbHSKres3m8tChBCsNJGMJ2ahP",
            "1NmQwmf4yFWf2kXvRYQsKyvVzW2xFau8e9",
            "1FcfmFKp8oBF6YHoR1ZQLnWUNXvERdRgxA",
            "1MLN7PzJ1ssDjZiVotg9inpMeBe2JoHp8C",
            "1J5NHzxp57rfnbL4Tsa2YUtTB1GSaNCbN2",
            "16b1tCs5T9KmwRvaWmZT2D2A8b9UaZ48au",
            "1DQbt5p9GVtANszEfyAAMswvTyc4cRFRRn",
            "1DVFk1ZMZafueksty6F1W7mAqVPQBwJdGQ",
            "17g9wYmDvRhnujjSGgB6Rg5XuiHSQDYudm",
            "14BHLezJ3JsebzYuDaq6Qe9JVSgvjKrLTo"
        ],
        "receiving": [
            "16ekV7QqpeyrL1H6HMgmJ3fjHiTN1BMuyX",
            "1FwcEGsfo3BMmvR2LFxVSZgGkUNKrbAz8C",
            "1E1X1mRyYKc61FQkidSfi9dvGrWHytqo57",
            "15D5uWyh9upj6aHK2M5jpD5WQEgM7kcWgX",
            "1hwk2fiCg5jJnuAsJqSAmGfez9cq736xW",
            "1MCRyrtFQDhFMQQKdiS3YTj7VRaYTqNVdd",
            "115DSTX8dZMGGF3ZXNGhJkMtMgQhwTzEyr",
            "15G777uuL5XFesfemigmfAFqfcNTwQ8rAS",
            "19UASqzpGRAhwecwUJc62TNe2vbnSsQ6Dg",
            "17UjGq2i7eH86xVeRvwiMd4WuS2iLgnk98",
            "1EMFdn7W1i539t8NG6MEH5k8YAduh6zcoQ",
            "1J7bQYpqmiSSx7RLqA2pJrkHxcns82X1kK",
            "135tNys5Mic6659D8BRk3tKtpCNFFxAjL6",
            "16CnRbzbyQSCGFGjKitBQG1k6rEgZmAVYZ",
            "1PWcfen2sFEe8HGPSJTMpyQT7XHfMnVuqG",
            "1BqsNRXTUfc2vXVswshWkkM8SLvaCMWAGW",
            "1LtkVuzmGeiH5MGWpzFysJQrBJGRL173vo",
            "1Gnio567YYr4KHTpmPkPeJwQ2oLjqjgsuS",
            "1JAqvTTHAsJMaySgJExkZeZkijk5vrJfhh",
            "1B8eRY2YrJg5mi28LZQDCzV3RXSEMhK56N"
        ]
    },
    "fiat_value": {},
    "frozen_coins": {},
    "invoices": {},
    "keystore": {
        "derivation": "m",
        "pw_hash_version": 1,
        "root_fingerprint": "a808958c",
        "seed": "minor zone pool aisle remain combine seminar claw medal settle grace capable",
        "seed_type": "standard",
        "type": "bip32",
        "xprv": "xprv9s21ZrQH143K4JDLZWhThBLKpArx7BStRTP1hhUFCVBkX38NLU8XWuKW3jbnajkXS34rqMJnDXFoLXB31y3JkWLFeV21mB4591kmzbVb3zz",
        "xpub": "xpub661MyMwAqRbcGnHofYEU4KH4NChSWeAjngJcW5srkpijPqTWt1Sn4hdyu3DZZmLAy7AYVAmnEQhh8SWYWt38T4y2zf7TCo4fHmgdvnsM4rk"
    },
    "labels": {},
    "payment_requests": {},
    "prevouts_by_scripthash": {},
    "seed_version": 50,
    "spent_outpoints": {},
    "transactions": {},
    "tx_fees": {},
    "txi": {},
    "txo": {},
    "use_encryption": false,
    "verified_tx3": {},
    "wallet_type": "standard"
}