{
    "addr_history": {
        "12NBYduRRsbXU4hX54b7ARRmWEz7QywBYK": [],
        "12Pf5zA3P7EMqyCyfXUeeWT2aZA1d6NoBe": [],
        "12xSS4rYj4KHVuyWDShsYQYLX3pjSrMpnn": [],
        "13aq2eRzt8W9RShGehiiArVNMdnTALJYci": [],
        "14AAYnjuYssNcCSnFjSjLSeXnUj8D1i2UD": [],
        "14TnK5GtcXpNvpgt86tSKdszxgaAd416vT": [],
        "14f6cREaA8jcPjLQbdqwHhe9Zhw1L84nek": [],
        "15RjFRez9K82anLSGgrRVD5zCgrzVgyr7u": [],
        "17CGYHvGcRdXCAcgBE5yaDaMNACbwiSbm3": [],
        "17VBMreF9k5WxkxtiCMq3EqG16tgu9944x": [],
        "18BDaWJ3kk9npitFGZvJfjshEeLCspZSpL": [],
        "19P8KvKoCaBmt3WkmCbg5EpopcpCnwe6Jy": [],
        "1B1X8w1Lo9B94zdzBKpwj9mGCiUBYUPzMf": [],
        "1CMFNKnZCu2HEMt5JK4Ufeng7bSM1rDHRj": [],
        "1CTiGYiFhura82BJ6iQ3jnHu1huGcnQocs": [],
        "1GhWqxQKLQKiqfcQWckeAT7hAg7Zr6zSAc": [],
        "1JBwAHa3DJvQogtbxU2wYGTqZ8ZsW4cfXx": [],
        "1JjvrpDTiLCSVkezKgBAd64KUSmyXtJxsb": [],
        "1K9UBectzWt1P8FtZtoPm7V88y8PRvWTdN": [],
        "1KD3pVCustu9KSd3S7AbXSgRSACa7sjUEh": [],
        "1KLU2QZjexMkybwXwTKRFEZ8w7isdES51R": [],
        "1KQ7FDFo9dwECi85rxPLfHA2ASteVxmTt6": [],
        "1Kvxv6LrruhMtJYNgNUfD2NrV1PGNsM3q4": [],
        "1LhnRM19qUTqvutPvEvEfR2UmX4Hchf6pw": [],
        "1LiZK89YcBhC7iKkuq6naeNXUGXauQme2K": [],
        "1LpFsADnd9VBehzJuP8DwmPVT5ZSjaczmX": [],
        "1MxvmtWyxjyhkx6R279WZoXeeb48aHpacD": [],
        "1NCafgqAWNqjkYKahQLFCTqjrRhJjiLcJq": [],
        "1NMut3SdfbhJPwYjQSehYmX7Sty4nvpSvK": [],
        "1NkXPiVz3drx8QDuuRH6tvG2bzbttPFR3H": []
    },
    "addresses": {
        "change": [
            "15RjFRez9K82anLSGgrRVD5zCgrzVgyr7u",
            "17VBMreF9k5WxkxtiCMq3EqG16tgu9944x",
            "14TnK5GtcXpNvpgt86tSKdszxgaAd416vT",
            "1GhWqxQKLQKiqfcQWckeAT7hAg7Zr6zSAc",
            "12Pf5zA3P7EMqyCyfXUeeWT2aZA1d6NoBe",
            "1NkXPiVz3drx8QDuuRH6tvG2bzbttPFR3H",
            "18BDaWJ3kk9npitFGZvJfjshEeLCspZSpL",
            "1KD3pVCustu9KSd3S7AbXSgRSACa7sjUEh",
            "1JjvrpDTiLCSVkezKgBAd64KUSmyXtJxsb",
            "12NBYduRRsbXU4hX54b7ARRmWEz7QywBYK"
        ],
        "receiving": [
            "1LiZK89YcBhC7iKkuq6naeNXUGXauQme2K",
            "19P8KvKoCaBmt3WkmCbg5EpopcpCnwe6Jy",
            "1KLU2QZjexMkybwXwTKRFEZ8w7isdES51R",
            "17CGYHvGcRdXCAcgBE5yaDaMNACbwiSbm3",
            "1JBwAHa3DJvQogtbxU2wYGTqZ8ZsW4cfXx",
            "14AAYnjuYssNcCSnFjSjLSeXnUj8D1i2UD",
            "1NMut3SdfbhJPwYjQSehYmX7Sty4nvpSvK",
            "1LhnRM19qUTqvutPvEvEfR2UmX4Hchf6pw",
            "1LpFsADnd9VBehzJuP8DwmPVT5ZSjaczmX",
            "1K9UBectzWt1P8FtZtoPm7V88y8PRvWTdN",
            "1B1X8w1Lo9B94zdzBKpwj9mGCiUBYUPzMf",
            "14f6cREaA8jcPjLQbdqwHhe9Zhw1L84nek",
            "12xSS4rYj4KHVuyWDShsYQYLX3pjSrMpnn",
            "1Kvxv6LrruhMtJYNgNUfD2NrV1PGNsM3q4",
            "13aq2eRzt8W9RShGehiiArVNMdnTALJYci",
            "1KQ7FDFo9dwECi85rxPLfHA2ASteVxmTt6",
            "1CTiGYiFhura82BJ6iQ3jnHu1huGcnQocs",
            "1CMFNKnZCu2HEMt5JK4Ufeng7bSM1rDHRj",
            "1MxvmtWyxjyhkx6R279WZoXeeb48aHpacD",
            "1NCafgqAWNqjkYKahQLFCTqjrRhJjiLcJq"
        ]
    },
    "fiat_value": {},
    "frozen_coins": {},
    "invoices": {},
    "keystore": {
        "derivation": "m",
        "pw_hash_version": 1,
        "root_fingerprint": "fce1bbf2",
        "seed": "minor zone pool bag remain combine joy claw medal settle grace capable",
        "seed_type": "standard",
        "type": "bip32",
        "xprv": "xprv9s21ZrQH143K3bYKW7asuo3Fjs5o2P8yQmwv5QLGynRK9DkCTsJyfjDTfdkiLrBQgTwKRhzHesnZkEfm33gwgEo2rszoGEUDEW3RkLERSs5",
        "xpub": "xpub661MyMwAqRbcG5cnc97tGvyzHtvHRqrpmzsWsnjtY7xJ225M1QdEDXXwWuSRXpX5ZavifUMvU2e8mPiNUkMVFggTuWzjsmqFnMM2CjG9bep"
    },
    "labels": {},
    "payment_requests": {},
    "prevouts_by_scripthash": {},
    "seed_version": 50,
    "spent_outpoints": {},
    "transactions": {},
    "tx_fees": {},
    "txi": {},
    "txo": {},
    "use_encryption": false,
    "verified_tx3": {},
    "wallet_type": "standard"
}