{
    "addr_history": {
        "128sqLtFsCiiCEk8fWfsc6xuNNf59vyAU5": [],
        "13rVdctAXCyBG39hTfSpQ8W8q2PYWJNDLk": [],
        "15QsGdTPCwbLVhBTNFTeUMMDUzEf8cYbJF": [],
        "15SD5oy4Gd4a2tagSR67K5Yw2a7vjHcuvk": [],
        "15iKoEk4nEPGDcVBHtqGsq3NLECQQf1X2C": [],
        "166M7bdK3EEuTXmc4AhBFPcVGSBkVWF5go": [],
        "16VZ7iixSGsfBZ5ki5nXCXHwWtFrLU25uV": [],
        "17YUiZfx7rcX7UDQFaN8RNEJydJwbniTRk": [],
        "17hPtJ6sFMuRkPnGQ143APwh52GNznw3zr": [],
        "18kFbJgYeYKFGQsDWD7FqpMnbEq2t5wR4h": [],
        "19NKEpeRiowgXSvnMu5NJoHL25SbkwEf6Z": [],
        "19x441sMxAD8MBjDLfATJP315hu3eMYdXL": [],
        "1A7XSAQdLXruYMLm37BJpghd2jh4CDNMAT": [],
        "1C3WqfHHUWRWQoLegWKseKSK3tg1fDCCvq": [],
        "1CaMUDRZi9332YgustzqEMd9y8EqZb3k9R": [],
        "1Crdbm81DxwEpKkfNE4N7sqUizTha1TE6e": [],
        "1DCnymKqg8oe2PzcAkTYmzg4atkKEci2XW": [],
        "1Dknhqq2aS2g9RzZnofXJ6bpUSJ2S2Jx3V": [],
        "1DpcRdpkVxh5W9AXBFuzxKq335RanSTVhb": [],
        "1EatyCXBY2xWsXzxHVuf5BE5TruC54pY8x": [],
        "1F6DNjAGcZJv6Pr3ShcZKkzaBqzJ4Rkryv": [],
        "1Gd3VW1GxbNepvtzkVTWp6grT6JyNEjf6s": [],
        "1GrGCJyLoP5kyxjn4Q6s9Ewqd2AXQ4R1x9": [],
        "1HbW1bbkPUMCo2e7P5GaYYKkK8PjBuXe9o": [],
        "1KdsuJyDXV2PfeP8grvsqTJggNctQmjF7q": [],
        "1LxHKNPhtPuCRVUbX9NDkaiXN24LydGJbY": [],
        "1M3rBHc9pfNoXHZnQCbGqNdpjA4YaHnUt5": [],
        "1NsX2kcRRmAcpbWdpaSTdW1u4ua5Qot7oZ": [],
        "1P13gztbrseMg11YWTxt4tRuNMQBUmNKXA": [],
        "1PfMgeiuAhMFXGQ5LWxPvh2Xmx9phWyNJ": []
    },
    "addresses": {
        "change": [
            "1PfMgeiuAhMFXGQ5LWxPvh2Xmx9phWyNJ",
            "18kFbJgYeYKFGQsDWD7FqpMnbEq2t5wR4h",
            "13rVdctAXCyBG39hTfSpQ8W8q2PYWJNDLk",
            "1DCnymKqg8oe2PzcAkTYmzg4atkKEci2XW",
            "17hPtJ6sFMuRkPnGQ143APwh52GNznw3zr",
            "15SD5oy4Gd4a2tagSR67K5Yw2a7vjHcuvk",
            "16VZ7iixSGsfBZ5ki5nXCXHwWtFrLU25uV",
            "1HbW1bbkPUMCo2e7P5GaYYKkK8PjBuXe9o",
            "19x441sMxAD8MBjDLfATJP315hu3eMYdXL",
            "1F6DNjAGcZJv6Pr3ShcZKkzaBqzJ4Rkryv"
        ],
        "receiving": [
            "1CaMUDRZi9332YgustzqEMd9y8EqZb3k9R",
            "1NsX2kcRRmAcpbWdpaSTdW1u4ua5Qot7oZ",
            "1DpcRdpkVxh5W9AXBFuzxKq335RanSTVhb",
            "1KdsuJyDXV2PfeP8grvsqTJggNctQmjF7q",
            "1Gd3VW1GxbNepvtzkVTWp6grT6JyNEjf6s",
            "1GrGCJyLoP5kyxjn4Q6s9Ewqd2AXQ4R1x9",
            "1LxHKNPhtPuCRVUbX9NDkaiXN24LydGJbY",
            "15QsGdTPCwbLVhBTNFTeUMMDUzEf8cYbJF",
            "1M3rBHc9pfNoXHZnQCbGqNdpjA4YaHnUt5",
            "17YUiZfx7rcX7UDQFaN8RNEJydJwbniTRk",
            "1P13gztbrseMg11YWTxt4tRuNMQBUmNKXA",
            "19NKEpeRiowgXSvnMu5NJoHL25SbkwEf6Z",
            "1C3WqfHHUWRWQoLegWKseKSK3tg1fDCCvq",
            "166M7bdK3EEuTXmc4AhBFPcVGSBkVWF5go",
            "15iKoEk4nEPGDcVBHtqGsq3NLECQQf1X2C",
            "1EatyCXBY2xWsXzxHVuf5BE5TruC54pY8x",
            "1Crdbm81DxwEpKkfNE4N7sqUizTha1TE6e",
            "128sqLtFsCiiCEk8fWfsc6xuNNf59vyAU5",
            "1Dknhqq2aS2g9RzZnofXJ6bpUSJ2S2Jx3V",
            "1A7XSAQdLXruYMLm37BJpghd2jh4CDNMAT"
        ]
    },
    "fiat_value": {},
    "frozen_coins": {},
    "invoices": {},
    "keystore": {
        "derivation": "m",
        "pw_hash_version": 1,
        "root_fingerprint": "213f2060",
        "seed": "minor zone pool average remain combine force claw medal settle grace capable",
        "seed_type": "standard",
        "type": "bip32",
        "xprv": "xprv9s21ZrQH143K44bGFkAzoUZFfcG8E2DjFCaXamyyfxqgRTB5F7f1c1joYXsdFWRZiRhyWfMcK6JziGkFxZ26RvDL1GgCmpcAXQ6FexQpECG",
        "xpub": "xpub661MyMwAqRbcGYfjMmi1AcVzDe6cdUwacRW8PAPbEJNfJFWDneyG9p4HPoD4uzoNvLbrcmVNvWaFxb8HE1sueKJ34iTJd6Cz8LTtJowEgh8"
    },
    "labels": {},
    "payment_requests": {},
    "prevouts_by_scripthash": {},
    "seed_version": 50,
    "spent_outpoints": {},
    "transactions": {},
    "tx_fees": {},
    "txi": {},
    "txo": {},
    "use_encryption": false,
    "verified_tx3": {},
    "wallet_type": "standard"
}