{
    "addr_history": {
        "132CYQ3E9Zc8HR7311jJ3Q7ePNVd7298s8": [],
        "13vgfCJUVbpGrrTafTZ2xFWzAdiDrC1HLn": [],
        "16JpGCVaQ8VUfYnkXBUDj3LTikc1kPy1rW": [],
        "17N8Ce16CCKNGBNFcc9CSNWErQVdWrN4Ue": [],
        "17RWzzYZwHjTjZ9Px8tdbqV5FqUgRUBEEy": [],
        "17TKPGpDC2s3Ztn2sNeeKxDwPYpkbYApsi": [],
        "1853oXVjaML7L6ZLDuBoQbReRuCSp4whsj": [],
        "19CKwc87Rhx7rgXoqsujecL2xM8gmfepn3": [],
        "19KFoyrgUrLkzbdf8T6hXyNB89te81EqaF": [],
        "19mgEB1nfS5mJmwXvVvsVssPKnwhjMc9GD": [],
        "1BKrW8KgSZ64kwzd1zADsD5VWrZ68V74aT": [],
        "1BVeoBfBebXdRCGmoC5pC1P4Y98QjMUqdR": [],
        "1BwGcthyixjzGLsSCx4b9Uhp6yZCpMZDK": [],
        "1CuUykAYtsafGCNVqv77mLDscDH4kCY6kY": [],
        "1DY7gZ9Y8XUn2LMqbc7iz2UH5NWpZxMiCA": [],
        "1DcUCtKfNqPhoGtJ33BQy1w1PhKqyjQS3a": [],
        "1EL1K8LHngSiPwyVeTtjVFtKyTzoz8LLFa": [],
        "1Ei7Rdfe6kCdQjt8Xgf2EdCQbhfHBr5cZC": [],
        "1EpZRvvN2qkUgNStwjzYQXvFPLgvMPvZfV": [],
        "1H4hZb2QUr3yvNFjc9AskkeWo7zCyDNoEp": [],
        "1Hdh85ExhmxF7CALTC76S8Nk71sCrLkUsW": [],
        "1JpSHk1FbCxnyycdjtefZhThfo3qHxVsCd": [],
        "1KpU2TZyovK7KTUYK8FdFsmEfsQiJUf3Xw": [],
        "1La58mkS8P4DnhssqcY94htr46ASbnKDcR": [],
        "1Lx1fafNP1fqcLjZjke1mBKJx41gngdDYn": [],
        "1MCMC2j9Xq7ptqops7kgaREDXCiPejJAEx": [],
        "1NdqMRoz66W2dU9B3X4XkHyNLhj5kSBuUx": [],
        "1Phgo123DdPrzwwTUUUNd1537566rSJ1zL": [],
        "1Q3MMHV2Tg1u4h1SH4jQNiUDM6Zv5X5Wjj": [],
        "1egPyCLkckuspm6xKJmyQYvxKepxCPeb5": []
    },
    "addresses": {
        "change": [
            "1853oXVjaML7L6ZLDuBoQbReRuCSp4whsj",
            "1BKrW8KgSZ64kwzd1zADsD5VWrZ68V74aT",
            "13vgfCJUVbpGrrTafTZ2xFWzAdiDrC1HLn",
            "1La58mkS8P4DnhssqcY94htr46ASbnKDcR",
            "1EpZRvvN2qkUgNStwjzYQXvFPLgvMPvZfV",
            "1Ei7Rdfe6kCdQjt8Xgf2EdCQbhfHBr5cZC",
            "132CYQ3E9Zc8HR7311jJ3Q7ePNVd7298s8",
            "1CuUykAYtsafGCNVqv77mLDscDH4kCY6kY",
            "1BwGcthyixjzGLsSCx4b9Uhp6yZCpMZDK",
            "1egPyCLkckuspm6xKJmyQYvxKepxCPeb5"
        ],
        "receiving": [
            "19mgEB1nfS5mJmwXvVvsVssPKnwhjMc9GD",
            "1Phgo123DdPrzwwTUUUNd1537566rSJ1zL",
            "16JpGCVaQ8VUfYnkXBUDj3LTikc1kPy1rW",
            "1BVeoBfBebXdRCGmoC5pC1P4Y98QjMUqdR",
            "17N8Ce16CCKNGBNFcc9CSNWErQVdWrN4Ue",
            "19CKwc87Rhx7rgXoqsujecL2xM8gmfepn3",
            "1Q3MMHV2Tg1u4h1SH4jQNiUDM6Zv5X5Wjj",
            "1MCMC2j9Xq7ptqops7kgaREDXCiPejJAEx",
            "19KFoyrgUrLkzbdf8T6hXyNB89te81EqaF",
            "1KpU2TZyovK7KTUYK8FdFsmEfsQiJUf3Xw",
            "1JpSHk1FbCxnyycdjtefZhThfo3qHxVsCd",
            "1H4hZb2QUr3yvNFjc9AskkeWo7zCyDNoEp",
            "17TKPGpDC2s3Ztn2sNeeKxDwPYpkbYApsi",
            "1Lx1fafNP1fqcLjZjke1mBKJx41gngdDYn",
            "1DY7gZ9Y8XUn2LMqbc7iz2UH5NWpZxMiCA",
            "1NdqMRoz66W2dU9B3X4XkHyNLhj5kSBuUx",
            "17RWzzYZwHjTjZ9Px8tdbqV5FqUgRUBEEy",
            "1Hdh85ExhmxF7CALTC76S8Nk71sCrLkUsW",
            "1DcUCtKfNqPhoGtJ33BQy1w1PhKqyjQS3a",
            "1EL1K8LHngSiPwyVeTtjVFtKyTzoz8LLFa"
        ]
    },
    "fiat_value": {},
    "frozen_coins": {},
    "invoices": {},
    "keystore": {
        "derivation": "m",
        "pw_hash_version": 1,
        "root_fingerprint": "0e0d0de4",
        "seed": "minor zone pool address remain combine robust claw medal settle grace capable",
        "seed_type": "standard",
        "type": "bip32",
        "xprv": "xprv9s21ZrQH143K3gNiLzNgHKjrcm8QPBY4bbg8dcPX4VxFZHdeg9VasLFhPB6MRVppV1zhA9WWCKaF5vXzxpr5oaDMVmMvXUSPewoBtNkA3Zm",
        "xpub": "xpub661MyMwAqRbcGATBT1ugeTgbAnxtneFuxpbjRzo8cqVES5xoDgoqR8aBERjWAbDTjh4F4zXUPf2uMGodtveqRv9ctJWjraMTqvG1G5Ga8g4"
    },
    "labels": {},
    "payment_requests": {},
    "prevouts_by_scripthash": {},
    "seed_version": 50,
    "spent_outpoints": {},
    "transactions": {},
    "tx_fees": {},
    "txi": {},
    "txo": {},
    "use_encryption": false,
    "verified_tx3": {},
    "wallet_type": "standard"
}