{
    "addr_history": {
        "12fFgUon9cy8rfuXvHBfWhQFxhSJFz8pVM": [],
        "12qcxfrqEv1j3Qaxi25Y1NUAkeV3EXBUwc": [],
        "131tZNsykqD79yxoTmyDSJ1zg8sAce7BLf": [],
        "14vGQV45Kt9yVPjtPRMbTV8xXLec93pQki": [],
        "17DfTjjwQsNaYtShnfCA5K1thNN9VxVG2q": [],
        "17LQS66pWQjf3NFoC3qX6BKxPoSTqntNc9": [],
        "17MiC7PLTz2RsswbmJptoR2wfRVcJFZ8RA": [],
        "17zGx5HxWsaR9Z1feY4ijetQEjYWPsYfnW": [],
        "18QALX7KUZu3QRk18v6RkW9VnTXYEdn26r": [],
        "19eNap7PSqx7djiakZB7sV6yTSYPnzdt2T": [],
        "1BhnmWCpA996c9HBNvoaADoFeSZCNEThD7": [],
        "1CCpJDTq8WoqqFmPyocgaEN3rzsFcYKTEi": [],
        "1CU5nfoY12GFFYwzU4AF2UMzaNm9SvcZop": [],
        "1CquBAgBG4x1ck4po2o1xJucuVWh3qbJN": [],
        "1DD9bZcXPFshH4xtXdztqrkiDtfzEMCKX4": [],
        "1Dc6VNYyhkgTnUA9VexVNBmT7UvwH5RjXX": [],
        "1DuWwtnynefWmDQ7b1AKhZ77GueiYhPK7N": [],
        "1EJDYXD5og242FXjTcU6EAsyb7idaQCSUx": [],
        "1EN2MeudiyTdKnsqVD3rWpzsnhkzHewpnu": [],
        "1ErW9FFeU2yTZxBD4MDTyXg8Uis5Q9gZQa": [],
        "1FSbyHWdmof38GRfht8o4sRvbbK5NHXicn": [],
        "1HpxcPnki87WNHPi3wYrUFhX98y61dX3gW": [],
        "1JDxkdkAqCpMp3DNuary5EZ824gvt2DFyH": [],
        "1L7xBuXp4E7v7rBiKQm57fAzuA4ksgzGYX": [],
        "1MEr3GtVZ8Q5JJXbe9VPz1ZzhYfc1Dajs3": [],
        "1MZnUDzBXn4sFrhrs3rqLXcfKXS8kaEqK5": [],
        "1NRk3L5Yt1MPi7v1UPRQrffekiUTAtNSNM": [],
        "1P1aav6st2H2u5gjkMHyNVe5dCv4mrofuk": [],
        "1QFMSZ93bmyJiuw9eGsHQnRW9Lbm9bfBFc": [],
        "1rS52MCELXZHrvRhQvY3DhZbnTh6dtFzB": []
    },
    "addresses": {
        "change": [
            "1JDxkdkAqCpMp3DNuary5EZ824gvt2DFyH",
            "17LQS66pWQjf3NFoC3qX6BKxPoSTqntNc9",
            "1MZnUDzBXn4sFrhrs3rqLXcfKXS8kaEqK5",
            "17MiC7PLTz2RsswbmJptoR2wfRVcJFZ8RA",
            "1CCpJDTq8WoqqFmPyocgaEN3rzsFcYKTEi",
            "1FSbyHWdmof38GRfht8o4sRvbbK5NHXicn",
            "1BhnmWCpA996c9HBNvoaADoFeSZCNEThD7",
            "1MEr3GtVZ8Q5JJXbe9VPz1ZzhYfc1Dajs3",
            "14vGQV45Kt9yVPjtPRMbTV8xXLec93pQki",
            "19eNap7PSqx7djiakZB7sV6yTSYPnzdt2T"
        ],
        "receiving": [
            "1L7xBuXp4E7v7rBiKQm57fAzuA4ksgzGYX",
            "131tZNsykqD79yxoTmyDSJ1zg8sAce7BLf",
            "18QALX7KUZu3QRk18v6RkW9VnTXYEdn26r",
            "1CquBAgBG4x1ck4po2o1xJucuVWh3qbJN",
            "12qcxfrqEv1j3Qaxi25Y1NUAkeV3EXBUwc",
            "1Dc6VNYyhkgTnUA9VexVNBmT7UvwH5RjXX",
            "1EN2MeudiyTdKnsqVD3rWpzsnhkzHewpnu",
            "1HpxcPnki87WNHPi3wYrUFhX98y61dX3gW",
            "1DuWwtnynefWmDQ7b1AKhZ77GueiYhPK7N",
            "1NRk3L5Yt1MPi7v1UPRQrffekiUTAtNSNM",
            "1CU5nfoY12GFFYwzU4AF2UMzaNm9SvcZop",
            "1P1aav6st2H2u5gjkMHyNVe5dCv4mrofuk",
            "1rS52MCELXZHrvRhQvY3DhZbnTh6dtFzB",
            "1DD9bZcXPFshH4xtXdztqrkiDtfzEMCKX4",
            "1ErW9FFeU2yTZxBD4MDTyXg8Uis5Q9gZQa",
            "1EJDYXD5og242FXjTcU6EAsyb7idaQCSUx",
            "1QFMSZ93bmyJiuw9eGsHQnRW9Lbm9bfBFc",
            "12fFgUon9cy8rfuXvHBfWhQFxhSJFz8pVM",
            "17DfTjjwQsNaYtShnfCA5K1thNN9VxVG2q",
            "17zGx5HxWsaR9Z1feY4ijetQEjYWPsYfnW"
        ]
    },
    "fiat_value": {},
    "frozen_coins": {},
    "invoices": {},
    "keystore": {
        "derivation": "m",
        "pw_hash_version": 1,
        "root_fingerprint": "27082956",
        "seed": "minor zone pool amazing remain combine friend claw medal settle grace capable",
        "seed_type": "standard",
        "type": "bip32",
        "xprv": "xprv9s21ZrQH143K4B893NoVLPSF8kNU7AZLQ2pLKQ5qejDJy9aag5MJhJo3FTSVQ5BgerUwAKyv9T58Gv6ftAMjbbd4Xqu9Nx4u4Gsy6VbPwVH",
        "xpub": "xpub661MyMwAqRbcGfCc9QLVhXNygnCxWdHBmFjw7nVTD4kHqwujDcfZF77X6ikdEuYvXNhT16bfvqKi9AkzYt2vZqgtaH2RoEbwpoLEW4AMFSg"
    },
    "labels": {},
    "payment_requests": {},
    "prevouts_by_scripthash": {},
    "seed_version": 50,
    "spent_outpoints": {},
    "transactions": {},
    "tx_fees": {},
    "txi": {},
    "txo": {},
    "use_encryption": false,
    "verified_tx3": {},
    "wallet_type": "standard"
}