{
    "addr_history": {
        "12huyWjEo247s59gCLZzb6UPM88F6noyP6": [],
        "13oGTmTYEkecVsRrTMxhA2ACvEmqLJuHHo": [],
        "14a6LaJ44ffTz8Fu5gHXpNzrwENu6xLCSR": [],
        "177q2F9xejKK2BV5CUaXpezsSReh8f6sqx": [],
        "18182KYNfmCEoaUfMnV1cUSjXXSvCKL5Ua": [],
        "18ScwdAAQm8rJS7zS1vPMBqTCDfnVh9ejE": [],
        "18p3R89j16KdeMyS3YeUJEnPHnvx2ukZUK": [],
        "19U2KnqQsz1W4UsKTNPe5JGm7SNz26337r": [],
        "1ANAao2JEkAAdChM21zv2u5x43raWteSV4": [],
        "1Abu377F6dAPvmBTshgEokxFV3qiw9xSYQ": [],
        "1B4AHStdjq6BWz5gxFzgP2tT3ndizmjguL": [],
        "1CwLkJY7ZEkYWrf9GYRyajNe2eDi1xN1Uo": [],
        "1FJWSyUYC2g32bNJHhJSm63L53DrkNcsHY": [],
        "1Fagfd2vGF1adxSAQwF1HrTrMtB2AezDHt": [],
        "1GM4nwgNLzRUxFbzFjdmpDj5PQ9Hutk8zT": [],
        "1H6Z149PRv5Hv8NZs9dFqoe73bRuvfhioU": [],
        "1HWRRXsuczusAtatPKKPygGAnHEVi7KbQQ": [],
        "1JEMHkfTk8CAcHPS8hyvu7Er4YisH1uiTs": [],
        "1JMbUXzDqUNEv6ojsQCf86WdMWcJjUyGny": [],
        "1LYDnSZM2pZd2i2mUQoC56SrqnadJKFhj1": [],
        "1LwHiFzASgYHVS8ZR8M6Jzd4KgEJrtakBY": [],
        "1LxjN13EF4XL9Pb2Be9XR5VWf9V46AAiNe": [],
        "1MgY2KjfAVmcLHJCEHtgbcJNftgqchRw1u": [],
        "1MxVSivaCWqvepaFq7oeuXrmqqpAGGahLL": [],
        "1N46WDUbAMBWXEh8YXdi2j8Dz5ZJVFNPQr": [],
        "1NBQFK9azvXtbPwxRggCuka6LhwGVhSUko": [],
        "1NP3WdbJJLVbeUCQhDZuW8pZeq22ZXbMbW": [],
        "1PofTeDDfo2hiU52is9DpYAj16rQZ61DbJ": [],
        "1Pt8bQmFkRf5JrdynbTDwHQho7HpH6We48": [],
        "1Q53sbu5KznJH7dJaaphGTuNzNWTQSRWFL": []
    },
    "addresses": {
        "change": [
            "1N46WDUbAMBWXEh8YXdi2j8Dz5ZJVFNPQr",
            "19U2KnqQsz1W4UsKTNPe5JGm7SNz26337r",
            "1Q53sbu5KznJH7dJaaphGTuNzNWTQSRWFL",
            "1NBQFK9azvXtbPwxRggCuka6LhwGVhSUko",
            "1LYDnSZM2pZd2i2mUQoC56SrqnadJKFhj1",
            "1CwLkJY7ZEkYWrf9GYRyajNe2eDi1xN1Uo",
            "1FJWSyUYC2g32bNJHhJSm63L53DrkNcsHY",
            "18ScwdAAQm8rJS7zS1vPMBqTCDfnVh9ejE",
            "1B4AHStdjq6BWz5gxFzgP2tT3ndizmjguL",
            "1Fagfd2vGF1adxSAQwF1HrTrMtB2AezDHt"
        ],
        "receiving": [
            "12huyWjEo247s59gCLZzb6UPM88F6noyP6",
            "1MgY2KjfAVmcLHJCEHtgbcJNftgqchRw1u",
            "1PofTeDDfo2hiU52is9DpYAj16rQZ61DbJ",
            "14a6LaJ44ffTz8Fu5gHXpNzrwENu6xLCSR",
            "13oGTmTYEkecVsRrTMxhA2ACvEmqLJuHHo",
            "1LxjN13EF4XL9Pb2Be9XR5VWf9V46AAiNe",
            "1NP3WdbJJLVbeUCQhDZuW8pZeq22ZXbMbW",
            "1Pt8bQmFkRf5JrdynbTDwHQho7HpH6We48",
            "1ANAao2JEkAAdChM21zv2u5x43raWteSV4",
            "18182KYNfmCEoaUfMnV1cUSjXXSvCKL5Ua",
            "177q2F9xejKK2BV5CUaXpezsSReh8f6sqx",
            "1H6Z149PRv5Hv8NZs9dFqoe73bRuvfhioU",
            "1Abu377F6dAPvmBTshgEokxFV3qiw9xSYQ",
            "1LwHiFzASgYHVS8ZR8M6Jzd4KgEJrtakBY",
            "1HWRRXsuczusAtatPKKPygGAnHEVi7KbQQ",
            "1GM4nwgNLzRUxFbzFjdmpDj5PQ9Hutk8zT",
            "1MxVSivaCWqvepaFq7oeuXrmqqpAGGahLL",
            "1JEMHkfTk8CAcHPS8hyvu7Er4YisH1uiTs",
            "18p3R89j16KdeMyS3YeUJEnPHnvx2ukZUK",
            "1JMbUXzDqUNEv6ojsQCf86WdMWcJjUyGny"
        ]
    },
    "fiat_value": {},
    "frozen_coins": {},
    "invoices": {},
    "keystore": {
        "derivation": "m",
        "pw_hash_version": 1,
        "root_fingerprint": "9470ae9b",
        "seed": "minor zone pool acoustic remain combine biology claw medal settle grace capable",
        "seed_type": "standard",
        "type": "bip32",
        "xprv": "xprv9s21ZrQH143K2peQA3MD1cLxFd6BgPxUhmU7j4yfLwQnrn7DphUKYYcYX4AVkKynAVNMA1vaBegpUtvuPbvR9MGUUWiAsGdy6JhzAq1rSJ3",
        "xpub": "xpub661MyMwAqRbcFJisG4tDNkHgoevg5rgL4zPiXTPGuGwmjaSNNEna6Lw2NJoUYvQuSmv8Wd1RfszxDGHKXRRdfw3u2n2x9ryxfswb8FrpCwx"
    },
    "labels": {},
    "payment_requests": {},
    "prevouts_by_scripthash": {},
    "seed_version": 50,
    "spent_outpoints": {},
    "transactions": {},
    "tx_fees": {},
    "txi": {},
    "txo": {},
    "use_encryption": false,
    "verified_tx3": {},
    "wallet_type": "standard"
}