{
    "addr_history": {
        "124viqcEdKEDYjmhWmqiJgqcbBHqtvAsn2": [],
        "12FUKkVhbN7o7qnjxf2XAAk8YopV9jC45E": [],
        "12bmjyacxURvrm6dQzb9VC6fiHELct7Khe": [],
        "12notRKc7xqA3oLepR1q2rFDNQBRssaKNc": [],
        "13KwqnrZda5ybQ6xbRwwPBHq1F9M3XPwh2": [],
        "14bEzPUu3Qy5gsFAuburbgDFNZfBbv3Tzu": [],
        "14pM4t3EJdWEd6FiafmssD64oKyNnXQFkR": [],
        "15rE3hk4tzcvSNQArehH1GoCwTdTA7ew3B": [],
        "16vXFcut2kEwgkVFx74EBA7eWvbXPXeAM1": [],
        "1AFb4wurNyQtg91xMH3Ufi5ByZ2LPpkxS2": [],
        "1BwbCLtvwAvuGnjMmDfkAwb2j1GWYLdjge": [],
        "1Civ4M3YQM2Sa5SEtoKhZkXqDLNUM22egQ": [],
        "1Dt1PcmUEZRVQi6nxuHTMVb2a8G6e2ruPV": [],
        "1DuUfU8CCX9S9awDHgnu5D7vn3nB4whYNd": [],
        "1FLbvrPYN1bMPFpgBCeMwgm6h5WdBD7qFB": [],
        "1GHN3KWMs5FSviWEB449znF6FkJx8MYzcB": [],
        "1GzhW462WatC17MACBKJEecRiyMfgvRF4J": [],
        "1HAKANCingeW35kuuM5ShF5EM2NNGBBR1R": [],
        "1HRFc7QrN1WBTUXRmjBrMTn8ax6uEzfXJA": [],
        "1KFhDNVwzMJpxFemwCutaBmSmVt4E9HXqH": [],
        "1Lhq6VUbsH2b6uyyDyDDYyFxzfmdJgQWrP": [],
        "1MeTtTXxEheAVTGrXUNqAgrfuHfR4Sasmz": [],
        "1MpA2z2Q6Kzoq3qSngQEHVxLfqRTDD9YcE": [],
        "1Nvu2EfBgMREPD8hJJnwR6fwWoPsTwA7yq": [],
        "1P4iZcXuTLvGEba9w9Ad3hKkLzYeqfEhei": [],
        "1PYQTXe9bHrhY7aqMJ1M7utG4bRhefmvJY": [],
        "1PbPBt5UdqnMuob3YmN3gsjJMdMJ5VGWHd": [],
        "1QGgZUPuE9JbYrWtEoa1vL34cuGxDcEnL3": [],
        "1TYZy8i2tzbYUdbkuvsgcBve7pQhs4guM": [],
        "1UZQtyZzrUu3mWE9kiNcZZc6EEB5NhbrB": []
    },
    "addresses": {
        "change": [
            "1HAKANCingeW35kuuM5ShF5EM2NNGBBR1R",
            "1BwbCLtvwAvuGnjMmDfkAwb2j1GWYLdjge",
            "15rE3hk4tzcvSNQArehH1GoCwTdTA7ew3B",
            "1PbPBt5UdqnMuob3YmN3gsjJMdMJ5VGWHd",
            "1KFhDNVwzMJpxFemwCutaBmSmVt4E9HXqH",
            "14bEzPUu3Qy5gsFAuburbgDFNZfBbv3Tzu",
            "12FUKkVhbN7o7qnjxf2XAAk8YopV9jC45E",
            "1PYQTXe9bHrhY7aqMJ1M7utG4bRhefmvJY",
            "14pM4t3EJdWEd6FiafmssD64oKyNnXQFkR",
            "1Lhq6VUbsH2b6uyyDyDDYyFxzfmdJgQWrP"
        ],
        "receiving": [
            "124viqcEdKEDYjmhWmqiJgqcbBHqtvAsn2",
            "12bmjyacxURvrm6dQzb9VC6fiHELct7Khe",
            "1MeTtTXxEheAVTGrXUNqAgrfuHfR4Sasmz",
            "1DuUfU8CCX9S9awDHgnu5D7vn3nB4whYNd",
            "16vXFcut2kEwgkVFx74EBA7eWvbXPXeAM1",
            "1Civ4M3YQM2Sa5SEtoKhZkXqDLNUM22egQ",
            "1HRFc7QrN1WBTUXRmjBrMTn8ax6uEzfXJA",
            "1GHN3KWMs5FSviWEB449znF6FkJx8MYzcB",
            "1MpA2z2Q6Kzoq3qSngQEHVxLfqRTDD9YcE",
            "1TYZy8i2tzbYUdbkuvsgcBve7pQhs4guM",
            "12notRKc7xqA3oLepR1q2rFDNQBRssaKNc",
            "1AFb4wurNyQtg91xMH3Ufi5ByZ2LPpkxS2",
            "13KwqnrZda5ybQ6xbRwwPBHq1F9M3XPwh2",
            "1P4iZcXuTLvGEba9w9Ad3hKkLzYeqfEhei",
            "1QGgZUPuE9JbYrWtEoa1vL34cuGxDcEnL3",
            "1UZQtyZzrUu3mWE9kiNcZZc6EEB5NhbrB",
            "1Dt1PcmUEZRVQi6nxuHTMVb2a8G6e2ruPV",
            "1Nvu2EfBgMREPD8hJJnwR6fwWoPsTwA7yq",
            "1FLbvrPYN1bMPFpgBCeMwgm6h5WdBD7qFB",
            "1GzhW462WatC17MACBKJEecRiyMfgvRF4J"
        ]
    },
    "fiat_value": {},
    "frozen_coins": {},
    "invoices": {},
    "keystore": {
        "derivation": "m",
        "pw_hash_version": 1,
        "root_fingerprint": "2623e344",
        "seed": "minor zone pool apple remain combine guilt claw medal settle grace capable",
        "seed_type": "standard",
        "type": "bip32",
        "xprv": "xprv9s21ZrQH143K2mnjSarxgiLRJ2DcnDAnoZafnBT6Emckat7mzn5vuw5tZRF9MgavYYEe7KDAGWaKJqMi237nPr1E5rj1dzqMStzVCoN3Gmo",
        "xpub": "xpub661MyMwAqRbcFFsCYcPy3rH9r447BfteAnWGaZrho79jTgSvYKQBTjQNQg9RPqpmz7Cv5BgmLQ1yrRNmQg9hoKkUZzxf3b7KXwxP1Fbb7Q7"
    },
    "labels": {},
    "payment_requests": {},
    "prevouts_by_scripthash": {},
    "seed_version": 50,
    "spent_outpoints": {},
    "transactions": {},
    "tx_fees": {},
    "txi": {},
    "txo": {},
    "use_encryption": false,
    "verified_tx3": {},
    "wallet_type": "standard"
}