{
    "addr_history": {
        "12h5fKCb6ggC6FnU9p4bJW3Um21aSn8fLy": [],
        "12hxbpqCohT46NLYDygTuJpQFVj2ByAsFX": [],
        "13JDu4XCrChRpvdBXLNy9YXpJYwSZdQiKh": [],
        "13sZt22AqBBnKV7uruY11m1YdK2UTERAuF": [],
        "15ZVoubudyUfwLd5emu3ctCxbzkRNoysPZ": [],
        "16my7JXh9VELPhgEpZYCvvkie6p8jbc5Jf": [],
        "19L2oaxfn54DpxLKBsDrfCeEiLWHK9nbQK": [],
        "19fkXBGjakWMrb56pvCWQWrnZf4uXRqgWt": [],
        "19uiDnMZBxjAXywzcbxzk1N2b17YjmN26S": [],
        "1AYSJgTstVxWiL8t7WSeiSCGWejvVfUQ3W": [],
        "1BHsbWe3Fsx9srz7GZZF74EPyfpNaqrDF2": [],
        "1BRm1qXqVDpXWCdhYtz5F1JzzdTCUydzLd": [],
        "1BcrZaYALeM9ww9fJnN9ykCS9FkZ3UyzAn": [],
        "1Cn6tCrTzriu6i5cDhor2qqXB7mmtKBfHB": [],
        "1D4jkrDZHDZ1G3rRPqV8SN9pBtgfReimd2": [],
        "1FCKtYFRP2BuJe91op2SNcBdCncizZC8FM": [],
        "1FyLQ1gvwWytrLTvJwWRpFxRGSCV6NEbmk": [],
        "1GEVNPYmZ6HA1eKm6JMn5YyFrqghrCFJdf": [],
        "1GYFVqCqsRxkWWvbYUYSxYKraq8QrEU26S": [],
        "1Giaz9pPMJnqUbbPe9UstVniBxquCD8Fdo": [],
        "1JYxtzavKTx4NiQeu1D8AiudWRkyWHsEQ7": [],
        "1KPe8QVy5jfanZZdbdZyfLKQ5gkZtXGogE": [],
        "1LJTAMQfkD16QYpS7Q4wetD6JPd8R3tQgR": [],
        "1LXj6c5jnQGV7CheXdnvxxNMmFmrEQmRMz": [],
        "1LYHhG9MFuCpYKKKyzGtBxebk9g6cWprx8": [],
        "1LZco7BqtVVErtFLSGxHLaMWt2bTqY7UE7": [],
        "1MAX7FStGxPRvYc9LPp25Tb5hiAKPAy3W1": [],
        "1MV7N9W8PZC8RrjXAUCi7TNwj7hmEDFnQP": [],
        "1Q4VgjPUrrG8E6doLFrCRYbjS5aQYtQB8k": [],
        "1vNmUA12ncyLgVqGgG7adNVN1xnMN8b69": []
    },
    "addresses": {
        "change": [
            "19fkXBGjakWMrb56pvCWQWrnZf4uXRqgWt",
            "1FyLQ1gvwWytrLTvJwWRpFxRGSCV6NEbmk",
            "1Cn6tCrTzriu6i5cDhor2qqXB7mmtKBfHB",
            "1MAX7FStGxPRvYc9LPp25Tb5hiAKPAy3W1",
            "1BRm1qXqVDpXWCdhYtz5F1JzzdTCUydzLd",
            "1LXj6c5jnQGV7CheXdnvxxNMmFmrEQmRMz",
            "12hxbpqCohT46NLYDygTuJpQFVj2ByAsFX",
            "19uiDnMZBxjAXywzcbxzk1N2b17YjmN26S",
            "1D4jkrDZHDZ1G3rRPqV8SN9pBtgfReimd2",
            "1LZco7BqtVVErtFLSGxHLaMWt2bTqY7UE7"
        ],
        "receiving": [
            "1Giaz9pPMJnqUbbPe9UstVniBxquCD8Fdo",
            "1MV7N9W8PZC8RrjXAUCi7TNwj7hmEDFnQP",
            "1AYSJgTstVxWiL8t7WSeiSCGWejvVfUQ3W",
            "13sZt22AqBBnKV7uruY11m1YdK2UTERAuF",
            "1KPe8QVy5jfanZZdbdZyfLKQ5gkZtXGogE",
            "1BcrZaYALeM9ww9fJnN9ykCS9FkZ3UyzAn",
            "1FCKtYFRP2BuJe91op2SNcBdCncizZC8FM",
            "1LYHhG9MFuCpYKKKyzGtBxebk9g6cWprx8",
            "15ZVoubudyUfwLd5emu3ctCxbzkRNoysPZ",
            "16my7JXh9VELPhgEpZYCvvkie6p8jbc5Jf",
            "13JDu4XCrChRpvdBXLNy9YXpJYwSZdQiKh",
            "1BHsbWe3Fsx9srz7GZZF74EPyfpNaqrDF2",
            "1LJTAMQfkD16QYpS7Q4wetD6JPd8R3tQgR",
            "1JYxtzavKTx4NiQeu1D8AiudWRkyWHsEQ7",
            "19L2oaxfn54DpxLKBsDrfCeEiLWHK9nbQK",
            "1Q4VgjPUrrG8E6doLFrCRYbjS5aQYtQB8k",
            "1vNmUA12ncyLgVqGgG7adNVN1xnMN8b69",
            "1GEVNPYmZ6HA1eKm6JMn5YyFrqghrCFJdf",
            "1GYFVqCqsRxkWWvbYUYSxYKraq8QrEU26S",
            "12h5fKCb6ggC6FnU9p4bJW3Um21aSn8fLy"
        ]
    },
    "fiat_value": {},
    "frozen_coins": {},
    "invoices": {},
    "keystore": {
        "derivation": "m",
        "pw_hash_version": 1,
        "root_fingerprint": "def2b7ab",
        "seed": "minor zone pool adjust remain combine brick claw medal settle grace capable",
        "seed_type": "standard",
        "type": "bip32",
        "xprv": "xprv9s21ZrQH143K37sxMVvTbaJfa6oLDxGsp2enM3n2euTduU9hecGsHNRHEC4LNFg2TDwgbLNtbvo4fys9xi7UmcHZ7zZxwS7vAsEK1wC1j5f",
        "xpub": "xpub661MyMwAqRbcFbxRTXTTxiFQ88dpdQzjBFaP9SBeDEzcnGUrC9b7qAjm5Uq2atqAfh7xw9MpKp9cbe2vLoCLw5CJ2s7ozQSBFBXiBZaDYse"
    },
    "labels": {},
    "payment_requests": {},
    "prevouts_by_scripthash": {},
    "seed_version": 50,
    "spent_outpoints": {},
    "transactions": {},
    "tx_fees": {},
    "txi": {},
    "txo": {},
    "use_encryption": false,
    "verified_tx3": {},
    "wallet_type": "standard"
}