{
    "addr_history": {
        "13v2dPLQQL4J7J7NC7dhw4dURvYND5MQia": [],
        "1567pkg1VWAyb8icE2ykg9gtynjPZQ1AiQ": [],
        "15GZBTiuedp99BztR99dH3ayT366w8L4DL": [],
        "16Sq4EEKGAnBJSwi11Xnubz7i5CfVif5wi": [],
        "16kLq3EYFPVnBBnyxzFufoAVMK4jHhNim8": [],
        "16ouzdJtcnDwMDZqDX5bAGTFAwMM6LBgWE": [],
        "17Lk6BThFsZCtFQnbYyV6NrJBpBrGesCu5": [],
        "18AYpmKSvDbKAkE8Po9HoMbL9pPQQkjGBs": [],
        "19VLoyos9MyUsPBN9T47AfVnW59KZb57MH": [],
        "19YXJrRZaz66YdJsEE8ciiSdu13sBWmNL9": [],
        "1BD5CEUwGD8RukGdk73oANzCrbAHLuEJLD": [],
        "1BaP7Rt2ieJeuW7JX3Qx9BP3QqKbi3d3P4": [],
        "1CztqzWQmUJ6pkuVauT6kxS1ZAZTJ1HVJK": [],
        "1DmVvcqL742aub2NDUZjBZg4UnMFy475Kk": [],
        "1DuieCTjN3dL6kRPe1hxnB5ANdyYPE4KTM": [],
        "1DxFiPwomKzLeytGiEJrYduBSzanxCZGWm": [],
        "1FknGuKQpRPUFsN9Mp5fHgdchpAnTsNrUh": [],
        "1Fm4jBBsFAHWaMxgeVWkYWyfJ5Cwuz89fc": [],
        "1FqqBvq6CfnNv9EhVja1q7NLWJtHLL55Qo": [],
        "1GbjMtj1uVM3QP5iYiEKZx5pM2RYHZSzr": [],
        "1HyGBmFZcwC8fyimnj5682su2RQ5ERfMPY": [],
        "1KBAMCR6fY1AehR3CgScqxCZuN8qc7d999": [],
        "1LkwCxLG7vK2V4BVHPEm3dwsjnYr9vvsJy": [],
        "1MiGD1aSvHitKiLLYs827TJhVqSwEKNEbC": [],
        "1NMvd1fQPTN9fUT5QxvFERPLkdasksqoBs": [],
        "1PdG1KRXUhueFNEphzZyHChMpQg9HSTBNv": [],
        "1Pmc6akNpcm3dvXTvv2nBeNGxvQb1sUr7v": [],
        "1Q7TfWw4Gdu7emucmr2T4BEQrrLru3jLHN": [],
        "1Xk7NaTipa3iHT1gsoATR6Zfg6HLzsEQd": [],
        "1aYsojzBYoWnmbKBuQDz9k6E7aFQBe8tg": []
    },
    "addresses": {
        "change": [
            "1FqqBvq6CfnNv9EhVja1q7NLWJtHLL55Qo",
            "1MiGD1aSvHitKiLLYs827TJhVqSwEKNEbC",
            "19YXJrRZaz66YdJsEE8ciiSdu13sBWmNL9",
            "18AYpmKSvDbKAkE8Po9HoMbL9pPQQkjGBs",
            "1DmVvcqL742aub2NDUZjBZg4UnMFy475Kk",
            "15GZBTiuedp99BztR99dH3ayT366w8L4DL",
            "1aYsojzBYoWnmbKBuQDz9k6E7aFQBe8tg",
            "1PdG1KRXUhueFNEphzZyHChMpQg9HSTBNv",
            "1Q7TfWw4Gdu7emucmr2T4BEQrrLru3jLHN",
            "1FknGuKQpRPUFsN9Mp5fHgdchpAnTsNrUh"
        ],
        "receiving": [
            "16Sq4EEKGAnBJSwi11Xnubz7i5CfVif5wi",
            "1LkwCxLG7vK2V4BVHPEm3dwsjnYr9vvsJy",
            "1HyGBmFZcwC8fyimnj5682su2RQ5ERfMPY",
            "1BD5CEUwGD8RukGdk73oANzCrbAHLuEJLD",
            "1DxFiPwomKzLeytGiEJrYduBSzanxCZGWm",
            "1567pkg1VWAyb8icE2ykg9gtynjPZQ1AiQ",
            "16ouzdJtcnDwMDZqDX5bAGTFAwMM6LBgWE",
            "1Fm4jBBsFAHWaMxgeVWkYWyfJ5Cwuz89fc",
            "1DuieCTjN3dL6kRPe1hxnB5ANdyYPE4KTM",
            "1Xk7NaTipa3iHT1gsoATR6Zfg6HLzsEQd",
            "17Lk6BThFsZCtFQnbYyV6NrJBpBrGesCu5",
            "1KBAMCR6fY1AehR3CgScqxCZuN8qc7d999",
            "16kLq3EYFPVnBBnyxzFufoAVMK4jHhNim8",
            "19VLoyos9MyUsPBN9T47AfVnW59KZb57MH",
            "1GbjMtj1uVM3QP5iYiEKZx5pM2RYHZSzr",
            "13v2dPLQQL4J7J7NC7dhw4dURvYND5MQia",
            "1CztqzWQmUJ6pkuVauT6kxS1ZAZTJ1HVJK",
            "1Pmc6akNpcm3dvXTvv2nBeNGxvQb1sUr7v",
            "1NMvd1fQPTN9fUT5QxvFERPLkdasksqoBs",
            "1BaP7Rt2ieJeuW7JX3Qx9BP3QqKbi3d3P4"
        ]
    },
    "fiat_value": {},
    "frozen_coins": {},
    "invoices": {},
    "keystore": {
        "derivation": "m",
        "pw_hash_version": 1,
        "root_fingerprint": "2ca05484",
        "seed": "minor zone pool afford remain combine weasel claw medal settle grace capable",
        "seed_type": "standard",
        "type": "bip32",
        "xprv": "xprv9s21ZrQH143K3MJ9Dna6SgWwFpQmSwAc1gUi4qKJf7MWwCKh3fRLoThnuy6dA825jBcNTGhWqoyBymUf6S9GB1TsWmyKgjsVqB5qp8L4uAC",
        "xpub": "xpub661MyMwAqRbcFqNcKp76opTforFFrPtTNuQJsDivDStVozeqbCjbMG2GmGXpgcMBJjD9bzpa3jp9EFk8WjFWrma6JndZd7YFgVjqU6Jyp9e"
    },
    "labels": {},
    "payment_requests": {},
    "prevouts_by_scripthash": {},
    "seed_version": 50,
    "spent_outpoints": {},
    "transactions": {},
    "tx_fees": {},
    "txi": {},
    "txo": {},
    "use_encryption": false,
    "verified_tx3": {},
    "wallet_type": "standard"
}