{
    "addr_history": {
        "12CeC46o7eCbtRbAPTmtsagnL5Jew6dyT3": [],
        "12KNjAERkf8DugpANuJNo5UbjaXsr8HBbN": [],
        "12MHAhSJTuu6tH6qgzXTX75Po5sP7zPr8a": [],
        "12SRp838r9mSXYXogzqPK8C69sL2h1s9g6": [],
        "13kZZ47GxuKLpvG8JL6nxeYhCSJYDjR8TN": [],
        "14Jww5UTcKHnFW9V9dhuYmP7zaBwSk3jQH": [],
        "14ZRbECBjHmDrV5dic91g5jysCm6yB9sSV": [],
        "14xoqsXftADmaTZUPeLUJttoMnhfLr9yc2": [],
        "15pZDWpkGZmbXH1Wj6RgBeoS9CQUE7d9qE": [],
        "17LHzXkgGTzCWNm2Gnc2xprmqHVSuYhh9v": [],
        "17QcXv7kZQfT4JW3X9JXj9kp3BJA6Pm6o3": [],
        "17rMyZGcfbKpyUZCU3KjteuABsc27AKToq": [],
        "17tafvmpMjHc8Db3CbxzaUEWHsiNopGTJY": [],
        "1BTKFTTZQMGgE2wafWYCC2x6bGWP93kPvg": [],
        "1DtThpWLne2ZpPpmNfBJsgdQBFhx5THJTN": [],
        "1EruyT1VRkHEmNpXnn4MHXqVbHh18avV45": [],
        "1FBgS7mhR3yC59nWrSmVrQ6xFjn4bcWyJF": [],
        "1FdQp7Sdoe5JsCiTu5hrTSev2XQnqKEceR": [],
        "1JgPNupF4N1Uzjeyd4ZCqzEfzmG94D6goa": [],
        "1Jup6jZkLPKcZUA2nhDDCkcmj6ckA5n3BW": [],
        "1KDUJABnRLj1K32nD3SxAYn3NhdspCEMXG": [],
        "1KNQcCSWu9v2tjfuLPfgpWuRiUDXWC5sz7": [],
        "1KPD84hFxjNpbtxMHm32fMSVYPd8QB5gYm": [],
        "1KyzgfVud9Mwt3V6D9XCtAZQLzk2aZMnS9": [],
        "1LtAVRuLoXbGMtMmocD755mMAcLxa6TLwZ": [],
        "1M2p6mtJCf86dgkY4nhkrGXBevtdRb7Gae": [],
        "1NpNbUBkH8TiXsLpBMngXUn8euDRTjeVvN": [],
        "1Q1deyGtwqzfTA8AihL2icLn4fEpmaNXhd": [],
        "1QCkQ3HStsgSf2iVAj25GVmYHLdjGiLF4o": [],
        "1zThAXQvij58RPG1ogKH6c5YnGnZ7Vyp4": []
    },
    "addresses": {
        "change": [
            "1NpNbUBkH8TiXsLpBMngXUn8euDRTjeVvN",
            "1QCkQ3HStsgSf2iVAj25GVmYHLdjGiLF4o",
            "1KNQcCSWu9v2tjfuLPfgpWuRiUDXWC5sz7",
            "15pZDWpkGZmbXH1Wj6RgBeoS9CQUE7d9qE",
            "1FdQp7Sdoe5JsCiTu5hrTSev2XQnqKEceR",
            "1LtAVRuLoXbGMtMmocD755mMAcLxa6TLwZ",
            "13kZZ47GxuKLpvG8JL6nxeYhCSJYDjR8TN",
            "14ZRbECBjHmDrV5dic91g5jysCm6yB9sSV",
            "1Q1deyGtwqzfTA8AihL2icLn4fEpmaNXhd",
            "1M2p6mtJCf86dgkY4nhkrGXBevtdRb7Gae"
        ],
        "receiving": [
            "1BTKFTTZQMGgE2wafWYCC2x6bGWP93kPvg",
            "1FBgS7mhR3yC59nWrSmVrQ6xFjn4bcWyJF",
            "14Jww5UTcKHnFW9V9dhuYmP7zaBwSk3jQH",
            "12MHAhSJTuu6tH6qgzXTX75Po5sP7zPr8a",
            "1KPD84hFxjNpbtxMHm32fMSVYPd8QB5gYm",
            "1Jup6jZkLPKcZUA2nhDDCkcmj6ckA5n3BW",
            "1JgPNupF4N1Uzjeyd4ZCqzEfzmG94D6goa",
            "12KNjAERkf8DugpANuJNo5UbjaXsr8HBbN",
            "1zThAXQvij58RPG1ogKH6c5YnGnZ7Vyp4",
            "12CeC46o7eCbtRbAPTmtsagnL5Jew6dyT3",
            "1EruyT1VRkHEmNpXnn4MHXqVbHh18avV45",
            "1KDUJABnRLj1K32nD3SxAYn3NhdspCEMXG",
            "17QcXv7kZQfT4JW3X9JXj9kp3BJA6Pm6o3",
            "17rMyZGcfbKpyUZCU3KjteuABsc27AKToq",
            "17LHzXkgGTzCWNm2Gnc2xprmqHVSuYhh9v",
            "17tafvmpMjHc8Db3CbxzaUEWHsiNopGTJY",
            "12SRp838r9mSXYXogzqPK8C69sL2h1s9g6",
            "1KyzgfVud9Mwt3V6D9XCtAZQLzk2aZMnS9",
            "1DtThpWLne2ZpPpmNfBJsgdQBFhx5THJTN",
            "14xoqsXftADmaTZUPeLUJttoMnhfLr9yc2"
        ]
    },
    "fiat_value": {},
    "frozen_coins": {},
    "invoices": {},
    "keystore": {
        "derivation": "m",
        "pw_hash_version": 1,
        "root_fingerprint": "467011ed",
        "seed": "minor zone pool avoid remain combine omit claw medal settle grace capable",
        "seed_type": "standard",
        "type": "bip32",
        "xprv": "xprv9s21ZrQH143K3uxgo1uUdzj8hmNbSV435yzmsNNptKfpjpdBjQCW2uNs6ZVwKhTJVT3L14UgLHDgJVsad7Xvf3JBda316oVeCPk8a2B2Gu9",
        "xpub": "xpub661MyMwAqRbcGQ39u3SV18fsFoD5qwmtTCvNfknSSfCoccxLGwWkahhLwoyytua8Cxs2GSswH2RbZMirNWotZpWnSctReYZnZKnZb7ys4ta"
    },
    "labels": {},
    "payment_requests": {},
    "prevouts_by_scripthash": {},
    "seed_version": 50,
    "spent_outpoints": {},
    "transactions": {},
    "tx_fees": {},
    "txi": {},
    "txo": {},
    "use_encryption": false,
    "verified_tx3": {},
    "wallet_type": "standard"
}