{
    "addr_history": {
        "128muv4411cKC4diP41yvwNSXWsAtMGgBM": [],
        "12AJa3KQ6LmYDLRHp4VSzR1WjkvP2YVowu": [],
        "12Qgs6F3owUAsbCBJVWUewMT2sFjPZhPo6": [],
        "12UCGHkCh6yBD3QXLAEvuiBLrhsBD31bRb": [],
        "12w6EmXHPN8j1iY3whcfCvHFE1cn7qTKNN": [],
        "138LFsEj6kGjTxnSCjdBNgx7s3NwXL7grS": [],
        "14ciLkbXvXhtVQ8fixYLV5tVNVXe9ZbLaZ": [],
        "14iNriDz4HokQ1kUDRkt74QA3y3Kk4SGwe": [],
        "14vyJjUhmXjxBQBzQvqGnTZsS1B3KiBGcf": [],
        "15iQHZy1b5RTVMjcdLbqtrhTWsBYSknam4": [],
        "16JyyEbq9SWpEV3fgjsG3LLi115prKLfFe": [],
        "17tGjJEqpFExijDv6dWtUjB5hdsp9se2g1": [],
        "18qxxsbzzVyBCoxxanSupcCVMSpVZZLVCG": [],
        "1BGWJfHdwk5xgGGNyncPEYSRrio9ZA2aMi": [],
        "1BniejpKDb637uuL83wuk2W4BQCpyMeG94": [],
        "1C5okfp5oUb5MbQDzvuobTviP9GuR2CkJw": [],
        "1CqU8tjqm69wo9ysnvggFAsiUTKigcufiK": [],
        "1DyKj3rGQC8tZeqEs24xP3hrTVRoqdV76A": [],
        "1HT4A9abMYcdTgZrZuVvfUf7dcPFb7kt7F": [],
        "1J1wYMn1Ma6SjAek3JFbyfhJFZEbNbearh": [],
        "1J8qSbp7ViCKDMmTDZE8Zq2Xi7y4VfUdvX": [],
        "1JDWkvyKsEnDrw3W8bvFvH9mMY3KGYAwtc": [],
        "1KEHbC9876nC8mJDFmQwQvn2BcUPuwWhtK": [],
        "1MdP9ssqv8HuyK2CPrP9zNcoyU5xn7MZfv": [],
        "1NaCUm3uFUYUP1tbrRGz4mNR4XQLQaE2Uk": [],
        "1Nt6C8sGyfxqkupRG6etVtiYfBwvzvZm3D": [],
        "1PBuGAadx7A1dyEShpQKYHa5agL4BVUD6Y": [],
        "1PgPAdigZ54odf9Sqk9A2ZEciu3gkGh7Wy": [],
        "1Q9PMPUsHx2q7DcCoE59pofQHivGMeDjc2": [],
        "1vdeTnPSdL1uCKuoSycn2HeSiz87EeMZb": []
    },
    "addresses": {
        "change": [
            "1J8qSbp7ViCKDMmTDZE8Zq2Xi7y4VfUdvX",
            "1C5okfp5oUb5MbQDzvuobTviP9GuR2CkJw",
            "12UCGHkCh6yBD3QXLAEvuiBLrhsBD31bRb",
            "1CqU8tjqm69wo9ysnvggFAsiUTKigcufiK",
            "14iNriDz4HokQ1kUDRkt74QA3y3Kk4SGwe",
            "1PgPAdigZ54odf9Sqk9A2ZEciu3gkGh7Wy",
            "1NaCUm3uFUYUP1tbrRGz4mNR4XQLQaE2Uk",
            "16JyyEbq9SWpEV3fgjsG3LLi115prKLfFe",
            "18qxxsbzzVyBCoxxanSupcCVMSpVZZLVCG",
            "12AJa3KQ6LmYDLRHp4VSzR1WjkvP2YVowu"
        ],
        "receiving": [
            "1Nt6C8sGyfxqkupRG6etVtiYfBwvzvZm3D",
            "1J1wYMn1Ma6SjAek3JFbyfhJFZEbNbearh",
            "1vdeTnPSdL1uCKuoSycn2HeSiz87EeMZb",
            "1KEHbC9876nC8mJDFmQwQvn2BcUPuwWhtK",
            "1BGWJfHdwk5xgGGNyncPEYSRrio9ZA2aMi",
            "1BniejpKDb637uuL83wuk2W4BQCpyMeG94",
            "138LFsEj6kGjTxnSCjdBNgx7s3NwXL7grS",
            "15iQHZy1b5RTVMjcdLbqtrhTWsBYSknam4",
            "1JDWkvyKsEnDrw3W8bvFvH9mMY3KGYAwtc",
            "12w6EmXHPN8j1iY3whcfCvHFE1cn7qTKNN",
            "1Q9PMPUsHx2q7DcCoE59pofQHivGMeDjc2",
            "17tGjJEqpFExijDv6dWtUjB5hdsp9se2g1",
            "1HT4A9abMYcdTgZrZuVvfUf7dcPFb7kt7F",
            "128muv4411cKC4diP41yvwNSXWsAtMGgBM",
            "12Qgs6F3owUAsbCBJVWUewMT2sFjPZhPo6",
            "14vyJjUhmXjxBQBzQvqGnTZsS1B3KiBGcf",
            "1MdP9ssqv8HuyK2CPrP9zNcoyU5xn7MZfv",
            "1DyKj3rGQC8tZeqEs24xP3hrTVRoqdV76A",
            "14ciLkbXvXhtVQ8fixYLV5tVNVXe9ZbLaZ",
            "1PBuGAadx7A1dyEShpQKYHa5agL4BVUD6Y"
        ]
    },
    "fiat_value": {},
    "frozen_coins": {},
    "invoices": {},
    "keystore": {
        "derivation": "m",
        "pw_hash_version": 1,
        "root_fingerprint": "66723171",
        "seed": "minor zone pool bag remain combine relief claw medal settle grace capable",
        "seed_type": "standard",
        "type": "bip32",
        "xprv": "xprv9s21ZrQH143K34RvBJMSk4CExknxEmnWwHjUX8tNfMQXHEstudGKp4Bz19GonH1VQg3LJnWKrAQnHsbN3vzoqyF7rmXFHcGTUDCK5sueAGw",
        "xpub": "xpub661MyMwAqRbcFYWPHKtT7C8yWndSeEWNJWf5KXHzDgwWA3D3TAaaMrWTrSZvFatr9hhVoknUn8uGMSqXMwn2K8peDmprBXA5NgKfJPzsTAp"
    },
    "labels": {},
    "payment_requests": {},
    "prevouts_by_scripthash": {},
    "seed_version": 50,
    "spent_outpoints": {},
    "transactions": {},
    "tx_fees": {},
    "txi": {},
    "txo": {},
    "use_encryption": false,
    "verified_tx3": {},
    "wallet_type": "standard"
}