{
    "addr_history": {
        "13GLvX9dQukU8Kfyv2WM5fcHz7DrA5wYnd": [],
        "13HTN7qaoYEcWDCE9PPaBr8UBCX9yySzsg": [],
        "14bGeUxsaz8brYfFTMZ3ebDvy58wWgfmVi": [],
        "15DjQiGZXiDQT8dwLWojbCMhc7pXkHdbq2": [],
        "15VKcF64boNhJdKYSPByvsSdjVja6oqgX9": [],
        "16E9TiekuqRRr58c9Zpd8fhX1AM4pUQFZS": [],
        "16FXvyAMaYz7qRATCWDZM6Xg7Xq1THZLxV": [],
        "171kLDKQtWAYzX9ghTFzqwVKiZrAZnvhzD": [],
        "177bQrzVUeGm1vvhkxUyS5eyyA74t7wNFH": [],
        "17A7ixwJDY9XLeryL9QJx5BfzgvoZmDi6h": [],
        "17ehxHpickR3vsezyNipxiKgXChcRQakXT": [],
        "18UCUKHWoE89eyUaeC2WaJGipm32XPsRC7": [],
        "18YaH3ynB1tPc8hzCAqfoTevQcLKE3ypc8": [],
        "18eM2oTxL97JcWnuF99g8ModBNWd4YccHr": [],
        "18qEZTReANWuY5kfiEEkXudm9ZLCBCgEwu": [],
        "18rWEh3VgvoNBSn9LNZG8a56uyksztYDMQ": [],
        "19XcFgshyqSkoVh63rEfuNDZYsnhQ2zizs": [],
        "1ACkV38Piveyj5zfBTg9MxX5uuRWb3ANxQ": [],
        "1BNBpFXJavACrBnmjEG4NtBBp8eV5Z575P": [],
        "1BUG11oRoEJ1tBXtjrhzneeVcJXj7mEfAa": [],
        "1Bgjr4BX5wS9m3nXdiv9gPb5gL9b137VUq": [],
        "1DbtGpQpGbvzP1KQ4utqHYz3Gyn7zLXFw": [],
        "1FGV4UT6yvw93LvD7BKrwVG96m62Gs9Q3r": [],
        "1GmuH8AfYgbzsnYgGo7yYcWCeTUGve9aoz": [],
        "1J2J3VyAhTWHYcwahbB8dksvGihS9a2mk3": [],
        "1KT8sRWEBSVD5FaKYy93HkGjYV9Q83vTPK": [],
        "1LmptZtBm68czWe3vTXaspnMERoVHjhpCK": [],
        "1NPMKpHzXEhTrano3nKynnaGa3YZEcskDn": [],
        "1NWsNagGw1VmbNfu6jdSF4xeVZe2HkzUTi": [],
        "1PXk9ivhGVXA5H8gxoUSE9p6db1y2if6hx": []
    },
    "addresses": {
        "change": [
            "18qEZTReANWuY5kfiEEkXudm9ZLCBCgEwu",
            "1BNBpFXJavACrBnmjEG4NtBBp8eV5Z575P",
            "18eM2oTxL97JcWnuF99g8ModBNWd4YccHr",
            "16FXvyAMaYz7qRATCWDZM6Xg7Xq1THZLxV",
            "1PXk9ivhGVXA5H8gxoUSE9p6db1y2if6hx",
            "1GmuH8AfYgbzsnYgGo7yYcWCeTUGve9aoz",
            "17A7ixwJDY9XLeryL9QJx5BfzgvoZmDi6h",
            "1KT8sRWEBSVD5FaKYy93HkGjYV9Q83vTPK",
            "1ACkV38Piveyj5zfBTg9MxX5uuRWb3ANxQ",
            "15VKcF64boNhJdKYSPByvsSdjVja6oqgX9"
        ],
        "receiving": [
            "13GLvX9dQukU8Kfyv2WM5fcHz7DrA5wYnd",
            "19XcFgshyqSkoVh63rEfuNDZYsnhQ2zizs",
            "17ehxHpickR3vsezyNipxiKgXChcRQakXT",
            "16E9TiekuqRRr58c9Zpd8fhX1AM4pUQFZS",
            "1Bgjr4BX5wS9m3nXdiv9gPb5gL9b137VUq",
            "14bGeUxsaz8brYfFTMZ3ebDvy58wWgfmVi",
            "1FGV4UT6yvw93LvD7BKrwVG96m62Gs9Q3r",
            "177bQrzVUeGm1vvhkxUyS5eyyA74t7wNFH",
            "15DjQiGZXiDQT8dwLWojbCMhc7pXkHdbq2",
            "1BUG11oRoEJ1tBXtjrhzneeVcJXj7mEfAa",
            "1LmptZtBm68czWe3vTXaspnMERoVHjhpCK",
            "1NPMKpHzXEhTrano3nKynnaGa3YZEcskDn",
            "18UCUKHWoE89eyUaeC2WaJGipm32XPsRC7",
            "1NWsNagGw1VmbNfu6jdSF4xeVZe2HkzUTi",
            "1DbtGpQpGbvzP1KQ4utqHYz3Gyn7zLXFw",
            "18YaH3ynB1tPc8hzCAqfoTevQcLKE3ypc8",
            "1J2J3VyAhTWHYcwahbB8dksvGihS9a2mk3",
            "13HTN7qaoYEcWDCE9PPaBr8UBCX9yySzsg",
            "18rWEh3VgvoNBSn9LNZG8a56uyksztYDMQ",
            "171kLDKQtWAYzX9ghTFzqwVKiZrAZnvhzD"
        ]
    },
    "fiat_value": {},
    "frozen_coins": {},
    "invoices": {},
    "keystore": {
        "derivation": "m",
        "pw_hash_version": 1,
        "root_fingerprint": "3681fce3",
        "seed": "minor zone pool abstract remain combine lucky claw medal settle grace capable",
        "seed_type": "standard",
        "type": "bip32",
        "xprv": "xprv9s21ZrQH143K42fpYuRewFYbJGzQ6FUEVZtu3h4qD91zBbrcyS9YyDZSgBKfzYv6sx6uo9W9PjbKk3yKfuUwM83Njbp3T9CoCTfRyuukzgo",
        "xpub": "xpub661MyMwAqRbcGWkHevxfJPVKrJptViC5rnpVr5USmUYy4QBmWyToX1svXUVRAYJXCdyvVmjVgiE26iSKM8bmNLR3ahqBhv3JjSbBbPEFheY"
    },
    "labels": {},
    "payment_requests": {},
    "prevouts_by_scripthash": {},
    "seed_version": 50,
    "spent_outpoints": {},
    "transactions": {},
    "tx_fees": {},
    "txi": {},
    "txo": {},
    "use_encryption": false,
    "verified_tx3": {},
    "wallet_type": "standard"
}