{
    "addr_history": {
        "12mwmMBwVmVdXxJq3SmgNGcBBLTLVKfCnw": [],
        "12sxQXT16LemLBhbLNtSgZ9e252v7Qvmb1": [],
        "12tcUtBMtLjyRqadFhG8c3YFnrsmrytu8Q": [],
        "134Nf7SWz6S4pMuPF1swegfgJqpPtxkG6X": [],
        "135X9cL9AwvhLjkthGA49umrqbVdCoLKjp": [],
        "13UHCte71u3fzArTNcGdXtyftU36CWMuph": [],
        "14C47bSv5xkdubCx7S43RYLbSUbj4CKkku": [],
        "14jqtWrnCdXDPLvedwn3Zni8B7VhnQRQfs": [],
        "156QYtnK5YEbBooWtGCadWZmtQC6yCfVre": [],
        "15wdwWdHczikXtRNsRYQvqKH1NxBADb6RS": [],
        "1691n5CuzTRxFZEBnjJQjXGMuP2P1uYqSA": [],
        "16ZzwSUwfAqECxJ2WSAnyWRG9BfFxBN3Li": [],
        "17gyzwdL7VEs4qTMXrqE2nYqrCj9JuXpYZ": [],
        "18MXBDrgWedkfGjPgMem7mLwJjepNyCgkt": [],
        "196hVxQv8rzBxbyTicFBayT1YpF1LLYu4o": [],
        "19Mk853f5QorCcEfdv4GzYmSAh79kEzcYX": [],
        "1BgNiXn1FQemfVoBaDE7K1umYNpGkcUskZ": [],
        "1DTJPYZrV8zpDQKEutSL6vqEcDNNaQhQpa": [],
        "1Gw7xGHVryVkhytspZ1u72M3aTKcuV4D3r": [],
        "1JCEJws1Cz3NgeLuoEy5tzA4byG3fg2dWH": [],
        "1JMYaibiQLonDxVkMffrZoXe8dYvrDenXu": [],
        "1JSrovYRNwWwSP2remjnwFPeZowxc2NJM": [],
        "1KxvuJnybUXSDbTmddQJM7JjrpHv4BQ56q": [],
        "1LexHy1Xv5tBhWm4bZtC7UumJ5nKDRah8q": [],
        "1LfXZWssLJs9oxopk3GWXaEw3UftLq8iuL": [],
        "1MXAMUmg3wtdGZJuT3y9fqzej4T5i5Eejm": [],
        "1MackT6ye2rzZQEY4a3XAQEQMxpxLBMgR2": [],
        "1NgZuoqBUZxsCtL3WEKhpJzZtBJvR9pwqN": [],
        "1PEy5Sj8vVspr74wZaPiv1NdUuUF7BNBuQ": [],
        "1PiuR2HzvEJukNUwLuqwXnPJyPr9HqNBVJ": []
    },
    "addresses": {
        "change": [
            "1KxvuJnybUXSDbTmddQJM7JjrpHv4BQ56q",
            "134Nf7SWz6S4pMuPF1swegfgJqpPtxkG6X",
            "1JSrovYRNwWwSP2remjnwFPeZowxc2NJM",
            "1MackT6ye2rzZQEY4a3XAQEQMxpxLBMgR2",
            "1LfXZWssLJs9oxopk3GWXaEw3UftLq8iuL",
            "14C47bSv5xkdubCx7S43RYLbSUbj4CKkku",
            "13UHCte71u3fzArTNcGdXtyftU36CWMuph",
            "16ZzwSUwfAqECxJ2WSAnyWRG9BfFxBN3Li",
            "1JCEJws1Cz3NgeLuoEy5tzA4byG3fg2dWH",
            "14jqtWrnCdXDPLvedwn3Zni8B7VhnQRQfs"
        ],
        "receiving": [
            "19Mk853f5QorCcEfdv4GzYmSAh79kEzcYX",
            "135X9cL9AwvhLjkthGA49umrqbVdCoLKjp",
            "1PEy5Sj8vVspr74wZaPiv1NdUuUF7BNBuQ",
            "196hVxQv8rzBxbyTicFBayT1YpF1LLYu4o",
            "17gyzwdL7VEs4qTMXrqE2nYqrCj9JuXpYZ",
            "1LexHy1Xv5tBhWm4bZtC7UumJ5nKDRah8q",
            "12mwmMBwVmVdXxJq3SmgNGcBBLTLVKfCnw",
            "1NgZuoqBUZxsCtL3WEKhpJzZtBJvR9pwqN",
            "1Gw7xGHVryVkhytspZ1u72M3aTKcuV4D3r",
            "1MXAMUmg3wtdGZJuT3y9fqzej4T5i5Eejm",
            "1PiuR2HzvEJukNUwLuqwXnPJyPr9HqNBVJ",
            "1JMYaibiQLonDxVkMffrZoXe8dYvrDenXu",
            "1BgNiXn1FQemfVoBaDE7K1umYNpGkcUskZ",
            "18MXBDrgWedkfGjPgMem7mLwJjepNyCgkt",
            "12tcUtBMtLjyRqadFhG8c3YFnrsmrytu8Q",
            "15wdwWdHczikXtRNsRYQvqKH1NxBADb6RS",
            "156QYtnK5YEbBooWtGCadWZmtQC6yCfVre",
            "12sxQXT16LemLBhbLNtSgZ9e252v7Qvmb1",
            "1691n5CuzTRxFZEBnjJQjXGMuP2P1uYqSA",
            "1DTJPYZrV8zpDQKEutSL6vqEcDNNaQhQpa"
        ]
    },
    "fiat_value": {},
    "frozen_coins": {},
    "invoices": {},
    "keystore": {
        "derivation": "m",
        "pw_hash_version": 1,
        "root_fingerprint": "52002ce2",
        "seed": "minor zone pool animal remain combine drive claw medal settle grace capable",
        "seed_type": "standard",
        "type": "bip32",
        "xprv": "xprv9s21ZrQH143K4DS6VCpGSHCbF5Gyp2vjrd1GVXiNG6f11Mc7gvNzeZk7W5LybNBqj8q13n4n6RFMUbouTC5zeVY1uxqineJL74uDacjcany",
        "xpub": "xpub661MyMwAqRbcGhWZbEMGoR9Ko77UDVebDqvsHv7ypSByt9wGEThFCN4bMN7TYnDNxWz4mMfyE4aKgn9yrzZhXCaXUtnBVL95Hg2n776DE4a"
    },
    "labels": {},
    "payment_requests": {},
    "prevouts_by_scripthash": {},
    "seed_version": 50,
    "spent_outpoints": {},
    "transactions": {},
    "tx_fees": {},
    "txi": {},
    "txo": {},
    "use_encryption": false,
    "verified_tx3": {},
    "wallet_type": "standard"
}