{
    "addr_history": {
        "bc1q0l33pdz04ymkr22tt3dplf96m89uq3retg8cqa": [],
        "bc1q24zlvuanktu987qfs6a50wy5ftxn0uuchhcqar": [],
        "bc1q3kums9c0t6pgfq5gw8pc7z7d3kq2454sgyjqed": [],
        "bc1q3z9repjf78l546swnjmn0wwuej55fly7ypkxkg": [],
        "bc1q4jprff2u5yhqjcrkr6vw25et02dd4w552jnqu6": [],
        "bc1q6n09ff5npypqfpn2cnz2trjf6aat4g2l0zdrma": [],
        "bc1q6qpnq33qcwkdhtfm968c9pwatg27lw942h2spf": [],
        "bc1q8af7t8m3xj6r7dtaa3jun3ch0zmq0x2zg938g2": [],
        "bc1q96dzzquyyflrxfny8k4qf52ms60n7jr0693jvv": [],
        "bc1qcsslah9y535ksqgaphjrknvjv36mcxczexqe27": [],
        "bc1qcvy76hrp42s8dcyjhjzuwpdzqfjhyem8cw0kaq": [],
        "bc1qet8gvhhqdps3qp4qlrm0xas2l2pmtkgea8742q": [],
        "bc1qg7pdmqj5pt98jl2undt03su6qcl0564yt58ng4": [],
        "bc1qk76zs03uz78d2nv5g5cqhwamft5a5khtjfx7c0": [],
        "bc1qlptm34w2hp9yhws0u692heuaq2kjq2k7a8t9j0": [],
        "bc1qnc4d54e5jqknsk73tqh4g6mu4qp8zs9yp5vwdj": [],
        "bc1qq4nj6wqj75r3murcqp2ulrylneuq9zrt8624tf": [],
        "bc1qq4ras54kn0zced8p7pqmp6vdeqlue5duxlggmk": [],
        "bc1qr9jxrfrqx8fhzpauj2cqj55ksn60c00zyqpmzs": [],
        "bc1qrzk64qynpd7eucts9vrdk20y8l3e8099g0jgv7": [],
        "bc1qsrwyejknry3krm5ls2h0dz426g6pg30y3ph36f": [],
        "bc1qtgqpls3auacl5zcrtj5t0qe2jfdn3a4flt8vdw": [],
        "bc1qu5nxx7t9gtjkkqd2qfrat4x5mtmytjrhemx70p": [],
        "bc1quu5ygk9n2d42udqucrrq3n3z9nph9c5ls838yj": [],
        "bc1qv6np0w2yusfenl3fs5rpm22j7tegdpy82c4yh4": [],
        "bc1qvhcsqpdg7x5u95rchh5hkd6v3hrh9fcfafsq87": [],
        "bc1qvpjjw3f7wcxudxc7kn64u87m9zqvp5hpghcp3k": [],
        "bc1qwfje5hcehdrhmplt3cctle7c6y6j55dj6wgull": [],
        "bc1qx68fns790qzy7qrcehacsrzsxuhcsz22sr5pkt": [],
        "bc1qzvleak5uyk8scqfhwrsv0ck82x27agvcldqzy2": []
    },
    "addresses": {
        "change": [
            "bc1qvhcsqpdg7x5u95rchh5hkd6v3hrh9fcfafsq87",
            "bc1q96dzzquyyflrxfny8k4qf52ms60n7jr0693jvv",
            "bc1qu5nxx7t9gtjkkqd2qfrat4x5mtmytjrhemx70p",
            "bc1qv6np0w2yusfenl3fs5rpm22j7tegdpy82c4yh4",
            "bc1quu5ygk9n2d42udqucrrq3n3z9nph9c5ls838yj",
            "bc1qx68fns790qzy7qrcehacsrzsxuhcsz22sr5pkt",
            "bc1q3kums9c0t6pgfq5gw8pc7z7d3kq2454sgyjqed",
            "bc1q8af7t8m3xj6r7dtaa3jun3ch0zmq0x2zg938g2",
            "bc1qg7pdmqj5pt98jl2undt03su6qcl0564yt58ng4",
            "bc1q3z9repjf78l546swnjmn0wwuej55fly7ypkxkg"
        ],
        "receiving": [
            "bc1qrzk64qynpd7eucts9vrdk20y8l3e8099g0jgv7",
            "bc1qq4nj6wqj75r3murcqp2ulrylneuq9zrt8624tf",
            "bc1q6n09ff5npypqfpn2cnz2trjf6aat4g2l0zdrma",
            "bc1qcsslah9y535ksqgaphjrknvjv36mcxczexqe27",
            "bc1qsrwyejknry3krm5ls2h0dz426g6pg30y3ph36f",
            "bc1q4jprff2u5yhqjcrkr6vw25et02dd4w552jnqu6",
            "bc1qlptm34w2hp9yhws0u692heuaq2kjq2k7a8t9j0",
            "bc1qnc4d54e5jqknsk73tqh4g6mu4qp8zs9yp5vwdj",
            "bc1qr9jxrfrqx8fhzpauj2cqj55ksn60c00zyqpmzs",
            "bc1q0l33pdz04ymkr22tt3dplf96m89uq3retg8cqa",
            "bc1qet8gvhhqdps3qp4qlrm0xas2l2pmtkgea8742q",
            "bc1qq4ras54kn0zced8p7pqmp6vdeqlue5duxlggmk",
            "bc1qwfje5hcehdrhmplt3cctle7c6y6j55dj6wgull",
            "bc1qvpjjw3f7wcxudxc7kn64u87m9zqvp5hpghcp3k",
            "bc1q24zlvuanktu987qfs6a50wy5ftxn0uuchhcqar",
            "bc1qtgqpls3auacl5zcrtj5t0qe2jfdn3a4flt8vdw",
            "bc1q6qpnq33qcwkdhtfm968c9pwatg27lw942h2spf",
            "bc1qzvleak5uyk8scqfhwrsv0ck82x27agvcldqzy2",
            "bc1qcvy76hrp42s8dcyjhjzuwpdzqfjhyem8cw0kaq",
            "bc1qk76zs03uz78d2nv5g5cqhwamft5a5khtjfx7c0"
        ]
    },
    "channels": {},
    "fiat_value": {},
    "frozen_coins": {},
    "imported_channel_backups": {},
    "invoices": {},
    "keystore": {
        "derivation": "m/0'",
        "pw_hash_version": 1,
        "root_fingerprint": "1e1bd29a",
        "seed": "minor zone pool appear remain combine awake claw medal settle grace capable",
        "seed_type": "segwit",
        "type": "bip32",
        "xprv": "zprvAYnWW67vYuESwLk9hP4JKCPpYcYqad3LmqWTVGpWwzecnYpEqtdP9v2GaV9LjgkD9YUeNshTbNBzJ7kupfqP1EwGw3gWjASqxXRH6igzTE3",
        "xpub": "zpub6mmrubepPGnk9ppcoQbJgLLZ6ePKz5mC94S4HfE8WLBbfM9PPRwdhiLkRnLojacqoWcSeih4rVnC9Vfk1Nn9XTC2g3WWfrUytdbnUJ4eYL3"
    },
    "labels": {},
    "lightning_payments": {},
    "lightning_preimages": {},
    "lightning_xprv": "zprvAadXaEcSGNk6kmfRAeAcy1fow6xCCbwLuMohPQM3YC7V8AfCtWGntM2Sff1y3xy9QhTR9PXTjNAv8QY95pKZaegpLsWczPzmmxxfC2DPuJ1",
    "onchain_channel_backups": {},
    "payment_requests": {},
    "prevouts_by_scripthash": {},
    "seed_version": 50,
    "spent_outpoints": {},
    "submarine_swaps": {},
    "transactions": {},
    "tx_fees": {},
    "txi": {},
    "txo": {},
    "use_encryption": false,
    "verified_tx3": {},
    "wallet_type": "standard"
}