{
    "addr_history": {
        "12HKHJVcvo8WL9xFwTEHqotagzMW6fxz5m": [],
        "12PN1woPnTyA9DM8FptMmQQgoGTfRoefrE": [],
        "12W8SQo1PuLKR6PyDrhsidNbjTCKG5MUUG": [],
        "13JzGpwVViwyENfbxjZLzTLL4h6S2GtbbX": [],
        "149b1mcDo7gtqRM2Fx2EKjJcK6PU29motv": [],
        "14es7TBHw31iqHG5a5g1igvrphC5EUwmp6": [],
        "15DM2nFebjqFGtJT76mCfdpMZoXAsEHZQi": [],
        "15aTDDBMQNMnN2tKuHU7NLN8SeV9s5ziXr": [],
        "15ozLncSpaTk6JRgNp8mv2KXqUqhsfzFvt": [],
        "16ThTWdqpdY6D5J2D7irX2eHusAPnnG6Sh": [],
        "17iy7Vwy4KWm2JnodvAwyv3JnSRNGPkK5S": [],
        "1A8gGacV87MbogTVWodFA1ggrx8rtSGMhX": [],
        "1AjiSeK6LAixGFVpbRQx6aKpn7G82JMw5f": [],
        "1AwLot8MatE7itrjokNp3sBnaLMBhsJrHN": [],
        "1BVzt1XNGEE4EE56oTmcSrSJL3W3Jn7MFD": [],
        "1DLgWqMYzf3PLAoeyweAkhDefLGpnHstK4": [],
        "1DeAfK6L5FiizeHwmDhmXxP6JEarScmWfp": [],
        "1FH89qAYEtft4xyUtFRxz79xnkwNjFQsFC": [],
        "1GSyRHcus6hpioLS6HgFtwMpmapE24w7vu": [],
        "1GpbRTovEYeEazxXZwZxkaXo67vzrjJ2SC": [],
        "1HNhN3RFTe3ZgLLq9kK7LJ9hTnV5M5i8Lj": [],
        "1KrV2wr6VB7xK4usSLoEMLLTYKM3tZyHLP": [],
        "1L9uVh5Z6gxMwc89BEdfMgonKk4eSsDV2i": [],
        "1MbvMd6NVirefqqpZzT8NijS5wEvB5Zveo": [],
        "1NGbJs1HtJqQzkZHZw5typH7qzoVukgpJK": [],
        "1NL8XsUg8eSsD7huP6fr8NiucudTFBHGBA": [],
        "1NtZcSXNg1kEHhVSZfYXjzcsutRLvYBuhx": [],
        "1Nyfin4qEBRYybUiEnLpLTJtjdFRJPhL8c": [],
        "1PadhVDFBv4as8939gQaEajWMYRfPvupoy": [],
        "1vBDa2gZmgCtNUNeXT8Vd4j4eXPHG2jAi": []
    },
    "addresses": {
        "change": [
            "15ozLncSpaTk6JRgNp8mv2KXqUqhsfzFvt",
            "1NtZcSXNg1kEHhVSZfYXjzcsutRLvYBuhx",
            "1DLgWqMYzf3PLAoeyweAkhDefLGpnHstK4",
            "1BVzt1XNGEE4EE56oTmcSrSJL3W3Jn7MFD",
            "1NGbJs1HtJqQzkZHZw5typH7qzoVukgpJK",
            "15aTDDBMQNMnN2tKuHU7NLN8SeV9s5ziXr",
            "1HNhN3RFTe3ZgLLq9kK7LJ9hTnV5M5i8Lj",
            "1Nyfin4qEBRYybUiEnLpLTJtjdFRJPhL8c",
            "1AjiSeK6LAixGFVpbRQx6aKpn7G82JMw5f",
            "15DM2nFebjqFGtJT76mCfdpMZoXAsEHZQi"
        ],
        "receiving": [
            "1vBDa2gZmgCtNUNeXT8Vd4j4eXPHG2jAi",
            "149b1mcDo7gtqRM2Fx2EKjJcK6PU29motv",
            "1MbvMd6NVirefqqpZzT8NijS5wEvB5Zveo",
            "13JzGpwVViwyENfbxjZLzTLL4h6S2GtbbX",
            "1PadhVDFBv4as8939gQaEajWMYRfPvupoy",
            "1L9uVh5Z6gxMwc89BEdfMgonKk4eSsDV2i",
            "1KrV2wr6VB7xK4usSLoEMLLTYKM3tZyHLP",
            "1GpbRTovEYeEazxXZwZxkaXo67vzrjJ2SC",
            "12PN1woPnTyA9DM8FptMmQQgoGTfRoefrE",
            "14es7TBHw31iqHG5a5g1igvrphC5EUwmp6",
            "1A8gGacV87MbogTVWodFA1ggrx8rtSGMhX",
            "1AwLot8MatE7itrjokNp3sBnaLMBhsJrHN",
            "1GSyRHcus6hpioLS6HgFtwMpmapE24w7vu",
            "1NL8XsUg8eSsD7huP6fr8NiucudTFBHGBA",
            "16ThTWdqpdY6D5J2D7irX2eHusAPnnG6Sh",
            "12HKHJVcvo8WL9xFwTEHqotagzMW6fxz5m",
            "1FH89qAYEtft4xyUtFRxz79xnkwNjFQsFC",
            "17iy7Vwy4KWm2JnodvAwyv3JnSRNGPkK5S",
            "1DeAfK6L5FiizeHwmDhmXxP6JEarScmWfp",
            "12W8SQo1PuLKR6PyDrhsidNbjTCKG5MUUG"
        ]
    },
    "fiat_value": {},
    "frozen_coins": {},
    "invoices": {},
    "keystore": {
        "derivation": "m",
        "pw_hash_version": 1,
        "root_fingerprint": "4ed19b13",
        "seed": "minor zone pool air remain combine leaf claw medal settle grace capable",
        "seed_type": "standard",
        "type": "bip32",
        "xprv": "xprv9s21ZrQH143K2dtKFtWybcjQc8okvyFV7SgKS9bHyPUPy9aNTkSwYecDyaj2xRbUH52F18xEGufpA8LDYHsWjdtJ2R4FHLgcy4JG9fqvGGL",
        "xpub": "xpub661MyMwAqRbcF7xnMv3yxkg9AAeFLRyLUfbvEXzuXj1NqwuX1HmC6SvhprvDRMSUiCoBf5wtpRhrLURxtY1XJ7oF4GzdEp4b99QfEZxG2TG"
    },
    "labels": {},
    "payment_requests": {},
    "prevouts_by_scripthash": {},
    "seed_version": 50,
    "spent_outpoints": {},
    "transactions": {},
    "tx_fees": {},
    "txi": {},
    "txo": {},
    "use_encryption": false,
    "verified_tx3": {},
    "wallet_type": "standard"
}