{
    "addr_history": {
        "12L1jsAVG3HEHtLXwiP1DsNtVd5w3ki5T8": [],
        "12a38LzaQxvfFxqe17ShAUjKRUMtLR24Ax": [],
        "12qT1FhNSkUAt4T5CKDmXVQAJ6ju4hvL8d": [],
        "13sCRmQwvky6ZTbyPZ6iGHa9PD4eUuVSdo": [],
        "13vwLL8yWLGwaDiqW4g3hGCaCGJ9PEW9ey": [],
        "145yF4wCD5ETc5jAm7ZqhuTtc6N62xPKRp": [],
        "14bQyAGHKsXJ2sbf9Ki4tfKXPdFFodUGSo": [],
        "15mSNfGhaAzU7NtTzMUPWfmTACxyoKFsdY": [],
        "16EUguhXEnA7qzichpRiwhNoCRDVjGHC7J": [],
        "17XEvbqE6Nx4gomxdNXQdgwmBnuVD6s6QT": [],
        "191i5F5VByDEcvEpxjWzwyToMiC7snvsSz": [],
        "19b6FJ9PmqyPB5P3TymHz2jbhSNzyHjcia": [],
        "19qgkNaECsfMDoeJjaw2VoeMs1zHfZ8B9M": [],
        "19ztvdz47bgKzhbyZfdjCVDHnZb97JroQC": [],
        "1AV7mPiLtfdvkZweFjgEteuuyUqFQF612U": [],
        "1B42Jh2jw1YHcvmQiv126vdgcFAcrwuxav": [],
        "1BHgZ9X3Qnh2zjXbBnTBeF8swGSrfXuueM": [],
        "1DBCrJfjqomirKQddfFZDB6asLgenvYitE": [],
        "1DMTyq1NezhB8XuKYZb4mRPKycRRXJRxnD": [],
        "1E6N3UjYaFes5sDXM9Yni2EkYkGaTjZFLj": [],
        "1FYPxJMVL8uAsvhpy9MtefpGn4PRGRzjaz": [],
        "1GiZKhzPPhPqMXMqWNUDk5chh3AQ7gCWLW": [],
        "1KBCeUrXqCUxKf4f2nMFzcPuEXGPE3nj2h": [],
        "1L8NHWhELJ57hQgRq4zL5jnwQGQH2hqAuo": [],
        "1LC9yBPUby35jN74M8wZgMP66RCgKj74TF": [],
        "1Lqa2BekJ4Bznog9nxoz72rzLr9B1hSPg6": [],
        "1MoTaM8G8nChNZwgnEThvASz8RieaagEeS": [],
        "1PDpVsAVFBzAuPGxoYiAyF8ELrinV6Krz5": [],
        "1PddLuAUNwDjxvhMX5sRdyuWkCS1rWHUce": [],
        "1QD959HZYu12q8d4ZDvSfd6RR2XUHEuYLV": []
    },
    "addresses": {
        "change": [
            "19qgkNaECsfMDoeJjaw2VoeMs1zHfZ8B9M",
            "1AV7mPiLtfdvkZweFjgEteuuyUqFQF612U",
            "1DBCrJfjqomirKQddfFZDB6asLgenvYitE",
            "1L8NHWhELJ57hQgRq4zL5jnwQGQH2hqAuo",
            "12L1jsAVG3HEHtLXwiP1DsNtVd5w3ki5T8",
            "17XEvbqE6Nx4gomxdNXQdgwmBnuVD6s6QT",
            "12a38LzaQxvfFxqe17ShAUjKRUMtLR24Ax",
            "1PDpVsAVFBzAuPGxoYiAyF8ELrinV6Krz5",
            "1FYPxJMVL8uAsvhpy9MtefpGn4PRGRzjaz",
            "1QD959HZYu12q8d4ZDvSfd6RR2XUHEuYLV"
        ],
        "receiving": [
            "1MoTaM8G8nChNZwgnEThvASz8RieaagEeS",
            "1KBCeUrXqCUxKf4f2nMFzcPuEXGPE3nj2h",
            "14bQyAGHKsXJ2sbf9Ki4tfKXPdFFodUGSo",
            "12qT1FhNSkUAt4T5CKDmXVQAJ6ju4hvL8d",
            "19ztvdz47bgKzhbyZfdjCVDHnZb97JroQC",
            "13sCRmQwvky6ZTbyPZ6iGHa9PD4eUuVSdo",
            "1Lqa2BekJ4Bznog9nxoz72rzLr9B1hSPg6",
            "145yF4wCD5ETc5jAm7ZqhuTtc6N62xPKRp",
            "1LC9yBPUby35jN74M8wZgMP66RCgKj74TF",
            "1B42Jh2jw1YHcvmQiv126vdgcFAcrwuxav",
            "191i5F5VByDEcvEpxjWzwyToMiC7snvsSz",
            "1E6N3UjYaFes5sDXM9Yni2EkYkGaTjZFLj",
            "16EUguhXEnA7qzichpRiwhNoCRDVjGHC7J",
            "1DMTyq1NezhB8XuKYZb4mRPKycRRXJRxnD",
            "13vwLL8yWLGwaDiqW4g3hGCaCGJ9PEW9ey",
            "1GiZKhzPPhPqMXMqWNUDk5chh3AQ7gCWLW",
            "15mSNfGhaAzU7NtTzMUPWfmTACxyoKFsdY",
            "19b6FJ9PmqyPB5P3TymHz2jbhSNzyHjcia",
            "1PddLuAUNwDjxvhMX5sRdyuWkCS1rWHUce",
            "1BHgZ9X3Qnh2zjXbBnTBeF8swGSrfXuueM"
        ]
    },
    "fiat_value": {},
    "frozen_coins": {},
    "invoices": {},
    "keystore": {
        "derivation": "m",
        "pw_hash_version": 1,
        "root_fingerprint": "5520c4a9",
        "seed": "minor zone pool already remain combine dad claw medal settle grace capable",
        "seed_type": "standard",
        "type": "bip32",
        "xprv": "xprv9s21ZrQH143K43aFFFuQhiJ4GLsk2ski2p2wEeptVhF53bzEH8oVSq4xUeL6DxeVTSuWXV76RguZGaVxM7A4uFuuXFFe85BQCidsWVNKEce",
        "xpub": "xpub661MyMwAqRbcGXeiMHSR4rEnpNiESLUZQ2xY33EW42n3vQKNpg7jzdPSKtVyPKueXH2s5QatCo38XJSXnxj2NFbcRNMCoRk4g85xUVw9biU"
    },
    "labels": {},
    "payment_requests": {},
    "prevouts_by_scripthash": {},
    "seed_version": 50,
    "spent_outpoints": {},
    "transactions": {},
    "tx_fees": {},
    "txi": {},
    "txo": {},
    "use_encryption": false,
    "verified_tx3": {},
    "wallet_type": "standard"
}