{
    "addr_history": {
        "124WfprUaUqMwNFZhArFnE992nyJNYfajz": [],
        "12v2hcKP9kDj6j7BZnw217tvnyBJwkF1xw": [],
        "12xNRFdg7jnXeNW3imSLPmNpKRpHPkPjdA": [],
        "14Nh6wJYKLuxQ9on5YsBFK1C5n4FwJggy4": [],
        "14qktCQcFBiviMWBPdjMPc3g8kpDNPGu5w": [],
        "16JPKtheRhApnf5SHqPeyWVgmDXhwtVi3k": [],
        "16PGviR48xZG5Y5dpCjFrcyqupyPxoVWAn": [],
        "16PVqd1DXbjWE4EtsMzDJkPPExtd8NS7ry": [],
        "16ffiPEmxsHq8kBjMr9fxKsfPmukKn52bZ": [],
        "16udLZq4tYodYnnUpMLNW1x8ZMriMGSjRC": [],
        "1BVdLtM3zWaRveWSwBiVtS3T6HdtPkTHA2": [],
        "1CFaiHaQFqik2LaKMhGzE7LYzg9s9yTMDR": [],
        "1DLy2mqZsrDQjkRS9NTSi5T5BK6RerBbrs": [],
        "1EuZg4hbjNY9j72ztXX6qY1qdUwRt1Vq8L": [],
        "1F1wEgwZCzdkgg4Me9WryzcX4tNyYiCBNz": [],
        "1FitD4sL3EoYcSZr3J5DuZHpV1TVisHuRk": [],
        "1FnYhTTMkqXYjUN9i3r8Kh393h9ejHG56m": [],
        "1GcYM5Efjf7rvHKHFNRnKmA6ztGZw5nHEd": [],
        "1H9wit6cuDKyrBFw8FzvnmjC1V4Gkax4aS": [],
        "1HGACiZbarNXy5VfyfV6PEAV928XCyCPG4": [],
        "1KBMgxyYLCw2Co4ZGhSGxuT35WK4cwDdnD": [],
        "1LPQkb2XvniXmEnMEfiYfdS12tHBG66qti": [],
        "1Lng8SJmFZDCUFXdiQmKParxJaqzjNnMaN": [],
        "1M4ufoTF4RYfYriGRfQgeAybTWhR5s4G9x": [],
        "1M7F5d3rL51TH79VZPsdPSMq1ixBjiHpFK": [],
        "1NAVf34282zofh5n3JXnSaZ9NMZ6xwGJGo": [],
        "1PecVcQcPoYKHcFgdHJUi3em3ne2dam4yh": [],
        "1Pu4YoMYFjGRdAL5AMdX3X9n6etck95hdH": [],
        "1Q59wECpFdQRmDkt2WstYnGQPHvcr5DZm7": [],
        "1Q7QVxou3oxp9YmHLSgPEts8VjA76nr3LZ": []
    },
    "addresses": {
        "change": [
            "16JPKtheRhApnf5SHqPeyWVgmDXhwtVi3k",
            "1GcYM5Efjf7rvHKHFNRnKmA6ztGZw5nHEd",
            "1NAVf34282zofh5n3JXnSaZ9NMZ6xwGJGo",
            "1PecVcQcPoYKHcFgdHJUi3em3ne2dam4yh",
            "1Q7QVxou3oxp9YmHLSgPEts8VjA76nr3LZ",
            "1Q59wECpFdQRmDkt2WstYnGQPHvcr5DZm7",
            "12xNRFdg7jnXeNW3imSLPmNpKRpHPkPjdA",
            "16udLZq4tYodYnnUpMLNW1x8ZMriMGSjRC",
            "1BVdLtM3zWaRveWSwBiVtS3T6HdtPkTHA2",
            "1Pu4YoMYFjGRdAL5AMdX3X9n6etck95hdH"
        ],
        "receiving": [
            "1DLy2mqZsrDQjkRS9NTSi5T5BK6RerBbrs",
            "14qktCQcFBiviMWBPdjMPc3g8kpDNPGu5w",
            "1M4ufoTF4RYfYriGRfQgeAybTWhR5s4G9x",
            "1LPQkb2XvniXmEnMEfiYfdS12tHBG66qti",
            "1CFaiHaQFqik2LaKMhGzE7LYzg9s9yTMDR",
            "16ffiPEmxsHq8kBjMr9fxKsfPmukKn52bZ",
            "1F1wEgwZCzdkgg4Me9WryzcX4tNyYiCBNz",
            "124WfprUaUqMwNFZhArFnE992nyJNYfajz",
            "1Lng8SJmFZDCUFXdiQmKParxJaqzjNnMaN",
            "1KBMgxyYLCw2Co4ZGhSGxuT35WK4cwDdnD",
            "1HGACiZbarNXy5VfyfV6PEAV928XCyCPG4",
            "16PVqd1DXbjWE4EtsMzDJkPPExtd8NS7ry",
            "1EuZg4hbjNY9j72ztXX6qY1qdUwRt1Vq8L",
            "1FnYhTTMkqXYjUN9i3r8Kh393h9ejHG56m",
            "1H9wit6cuDKyrBFw8FzvnmjC1V4Gkax4aS",
            "1FitD4sL3EoYcSZr3J5DuZHpV1TVisHuRk",
            "12v2hcKP9kDj6j7BZnw217tvnyBJwkF1xw",
            "1M7F5d3rL51TH79VZPsdPSMq1ixBjiHpFK",
            "14Nh6wJYKLuxQ9on5YsBFK1C5n4FwJggy4",
            "16PGviR48xZG5Y5dpCjFrcyqupyPxoVWAn"
        ]
    },
    "fiat_value": {},
    "frozen_coins": {},
    "invoices": {},
    "keystore": {
        "derivation": "m",
        "pw_hash_version": 1,
        "root_fingerprint": "e156ad5c",
        "seed": "minor zone pool air remain combine equip claw medal settle grace capable",
        "seed_type": "standard",
        "type": "bip32",
        "xprv": "xprv9s21ZrQH143K2uU2NCnbc5pTxFVGJaXQCKMiZXubaiRjVJbvAHbxQfu4pRPw6SFcDbakDUonbdz3JdVT1MjzHyYyQm6cZCtZGoJmg7BgG7e",
        "xpub": "xpub661MyMwAqRbcFPYVUEKbyDmCWHKki3FFZYHKMvKD93xiN6w4hpvCxUDYffQ6HRuXimoHpTBF4j1Pgsi35X8YxGa57LJ5ZnQbJbk4HQ7vSNA"
    },
    "labels": {},
    "payment_requests": {},
    "prevouts_by_scripthash": {},
    "seed_version": 50,
    "spent_outpoints": {},
    "transactions": {},
    "tx_fees": {},
    "txi": {},
    "txo": {},
    "use_encryption": false,
    "verified_tx3": {},
    "wallet_type": "standard"
}