{
    "addr_history": {
        "12E8nxyRY529oKkrT8JU837rdJruHKgko6": [],
        "139Na3NpvPMYYWJeSCXJFfzU1BtoskQrZf": [],
        "13cvAxHQs34rTBtBKcwJncwNx6UFBnmTHa": [],
        "14EzUAsmSrzyP8BZKEMwfY5jvXspeV3HAj": [],
        "14hJsP8YvCj1DMXaPmvtnPf5gPhTtCTp6P": [],
        "15X5ZRS2vEDYmGymAB2UhuWbMAXNxbCJ8x": [],
        "16jHf2wGAGXGsLPoCZESgbqXcaAqno7ERG": [],
        "18LxdogPjHg9fqdwSxVa6gefBcGkNPzGpE": [],
        "19LojXgGcNsPkb3TwmxudBBDCTRSqcdXqp": [],
        "19MMcH87A9D6rwcJxXBWsNj2LuEfo97ebt": [],
        "19gYGjgzwth7YQaErmHqobSh99tXL7UsFA": [],
        "1Bjgw5qRqixQ8RneLA2UTJa6RXQbnAK5rM": [],
        "1Dk9gdcRbecJKCsKeHSw46vdEejMBxmfip": [],
        "1ESLhmX5ADRwunaDUZK1Q7We4WUSpC91nU": [],
        "1EbN8m9gTte9sW3PUq9Z2xLcgDtUBUCQyA": [],
        "1FD1aenxkNKKcGHYMm746W1nBnguxKEHWN": [],
        "1Fd8mkbFdC5LurkbgJb3JaWKoHsqrrutbS": [],
        "1FgGhabxqT1dGCmGqguvNrzzxApSMgsH23": [],
        "1FhWUEMJHraigqrqNr62pLG6z26oChT9Mh": [],
        "1HmK9Mdz7QmHsUXRZcpKfcXiJvTDQ8qk6c": [],
        "1L952kf47Yf8JJSTHLo3kHwGtXNSRw2hwv": [],
        "1LG9NGgN1zHUqLLWXwrLwXYXBYermcxTPS": [],
        "1Ln11dZG7AHxhFfNhWeFu2Z11Cs6ts34ou": [],
        "1MX7NpoobgRwT4PBENsqoUAKCKMBuTmTKG": [],
        "1Md9ztE9TxKK2rH7ErNByBWjLdmKHBovca": [],
        "1N4DuUtzxgUwLbkEfR5S82kBtpVanJoJU8": [],
        "1NcX5rZdnhRt6WdpBxJLX2YKKoWbtogfqM": [],
        "1PT2iz8453VBFmoo4ebri78N4DMbmrvLUc": [],
        "1PmC6gz8Rb7bQVJ2WpXAvLoY3xuF9o8yDi": [],
        "1Zsxfu75CjUodZivY536ACGhLXnGnKH12": []
    },
    "addresses": {
        "change": [
            "19gYGjgzwth7YQaErmHqobSh99tXL7UsFA",
            "1FD1aenxkNKKcGHYMm746W1nBnguxKEHWN",
            "139Na3NpvPMYYWJeSCXJFfzU1BtoskQrZf",
            "1Zsxfu75CjUodZivY536ACGhLXnGnKH12",
            "1EbN8m9gTte9sW3PUq9Z2xLcgDtUBUCQyA",
            "1Dk9gdcRbecJKCsKeHSw46vdEejMBxmfip",
            "1Ln11dZG7AHxhFfNhWeFu2Z11Cs6ts34ou",
            "1ESLhmX5ADRwunaDUZK1Q7We4WUSpC91nU",
            "1HmK9Mdz7QmHsUXRZcpKfcXiJvTDQ8qk6c",
            "16jHf2wGAGXGsLPoCZESgbqXcaAqno7ERG"
        ],
        "receiving": [
            "1MX7NpoobgRwT4PBENsqoUAKCKMBuTmTKG",
            "1Bjgw5qRqixQ8RneLA2UTJa6RXQbnAK5rM",
            "1FhWUEMJHraigqrqNr62pLG6z26oChT9Mh",
            "1L952kf47Yf8JJSTHLo3kHwGtXNSRw2hwv",
            "13cvAxHQs34rTBtBKcwJncwNx6UFBnmTHa",
            "1Fd8mkbFdC5LurkbgJb3JaWKoHsqrrutbS",
            "1PmC6gz8Rb7bQVJ2WpXAvLoY3xuF9o8yDi",
            "18LxdogPjHg9fqdwSxVa6gefBcGkNPzGpE",
            "19LojXgGcNsPkb3TwmxudBBDCTRSqcdXqp",
            "1NcX5rZdnhRt6WdpBxJLX2YKKoWbtogfqM",
            "14EzUAsmSrzyP8BZKEMwfY5jvXspeV3HAj",
            "1LG9NGgN1zHUqLLWXwrLwXYXBYermcxTPS",
            "1FgGhabxqT1dGCmGqguvNrzzxApSMgsH23",
            "19MMcH87A9D6rwcJxXBWsNj2LuEfo97ebt",
            "1N4DuUtzxgUwLbkEfR5S82kBtpVanJoJU8",
            "1PT2iz8453VBFmoo4ebri78N4DMbmrvLUc",
            "14hJsP8YvCj1DMXaPmvtnPf5gPhTtCTp6P",
            "12E8nxyRY529oKkrT8JU837rdJruHKgko6",
            "1Md9ztE9TxKK2rH7ErNByBWjLdmKHBovca",
            "15X5ZRS2vEDYmGymAB2UhuWbMAXNxbCJ8x"
        ]
    },
    "fiat_value": {},
    "frozen_coins": {},
    "invoices": {},
    "keystore": {
        "derivation": "m",
        "pw_hash_version": 1,
        "root_fingerprint": "a6beb14d",
        "seed": "minor zone pool analyst remain combine network claw medal settle grace capable",
        "seed_type": "standard",
        "type": "bip32",
        "xprv": "xprv9s21ZrQH143K3SXKJKh2RS2fPowQmyQCn61mt2ZsVFd7j3Ki1ym5mouecYgbn92hHRxE3Gut7g7C4Bmdny2PtHgk5KmoK3ozDJ1PHkhKGNg",
        "xpub": "xpub661MyMwAqRbcFvbnQME2nZyPwqmuBS849JwNgQyV3bA6bqerZX5LKcE8TqqCsti2eG5Ao2kwGFo4MvLX5tFqQyv43LixbPEu4xPkzyLxrps"
    },
    "labels": {},
    "payment_requests": {},
    "prevouts_by_scripthash": {},
    "seed_version": 50,
    "spent_outpoints": {},
    "transactions": {},
    "tx_fees": {},
    "txi": {},
    "txo": {},
    "use_encryption": false,
    "verified_tx3": {},
    "wallet_type": "standard"
}