{
    "addr_history": {
        "12VJSgFs9XErSkZzgTyZoRtMqrzasTxjt3": [],
        "131U4kXBmYrfTTmLU3Xq52NnisFJztk4gD": [],
        "134uT6psH2J3sqkMHGt1J77F4roX8veRub": [],
        "14VuRhqFLNLHZzZXR5ZtUDbXVzCNgnuLVB": [],
        "14mdn2R8cQeV7K7G77kBUSognM4mYDz2EM": [],
        "151hUaApFZP8NcHngGiywAjZiYCuYoq1m4": [],
        "15zqmV4hmhfjjWrddaweVjng3PdBrYu4qz": [],
        "16KAAQqLh9yoahqk5EsA62UccsASb9SVvD": [],
        "16UYFGFe7LjoPAAH6QYRqjtvcXJg5HqvsR": [],
        "16qJS3RMWFH79cF1BufYWGXj8bmGP9tEtZ": [],
        "177SNLFFsStUNC4VYMh5FRDMWssijwda4c": [],
        "18JzQjqwHHUG1HRWdvq2gdebaUjcGJ3sWS": [],
        "18uUknJ5Yfg9erA2tUxnC1ttbG653xAh24": [],
        "1ACQjg2AQMNheRicea7LekMnV85Kc1YWA3": [],
        "1AUyhiPvDR5RdREY4UytXRDkE5Z7JLKmLd": [],
        "1CEKaaqJLsUrnzQozQPhwpNok9jdkbETRX": [],
        "1DARcDBrT5Y6mHwsgz31mPHcRGrG3uPuC5": [],
        "1DmfsKjNL6Xhh1aterfJGcQsqHptKxDJPh": [],
        "1FJkdErhsVydA2zjhKr4LJdtC79xjj8jTE": [],
        "1HDcLugQoeFJbXTTi9FaSf166NMj7HoLsq": [],
        "1HEnmVTPdiHfNrCsMhCq6xqpMjUggadH66": [],
        "1HTifWqb9xyoLQmx4GzfHLD4ujmbWVC8AR": [],
        "1J6gsT85UmSBUDNdDLFCjfcZb5DivPZYNA": [],
        "1JUa2Cy2k6xaTHpxpc2Ej42CaBTPAz93Js": [],
        "1KcaHgoZDLdtYRN8Pyy3Bs2cGQQY1qjPfV": [],
        "1KoZz1MZo3rpYnAv9fKyUvfiE6qoqPmW8B": [],
        "1Lorj74v94MremmpMg1xuKAeKxwfd7ff14": [],
        "1Lz7CqQLL2FTXWe2nqC4mHvTEMUfQEuT8C": [],
        "1MFgMEHu2eaV8jeMY6DPptBv7d1oUpzcTq": [],
        "1kG6dFNqNJchUp7CiHnvmbQ7Ck3GYF9yV": []
    },
    "addresses": {
        "change": [
            "12VJSgFs9XErSkZzgTyZoRtMqrzasTxjt3",
            "15zqmV4hmhfjjWrddaweVjng3PdBrYu4qz",
            "1DmfsKjNL6Xhh1aterfJGcQsqHptKxDJPh",
            "16KAAQqLh9yoahqk5EsA62UccsASb9SVvD",
            "151hUaApFZP8NcHngGiywAjZiYCuYoq1m4",
            "1HDcLugQoeFJbXTTi9FaSf166NMj7HoLsq",
            "1CEKaaqJLsUrnzQozQPhwpNok9jdkbETRX",
            "1Lorj74v94MremmpMg1xuKAeKxwfd7ff14",
            "14VuRhqFLNLHZzZXR5ZtUDbXVzCNgnuLVB",
            "1KcaHgoZDLdtYRN8Pyy3Bs2cGQQY1qjPfV"
        ],
        "receiving": [
            "1FJkdErhsVydA2zjhKr4LJdtC79xjj8jTE",
            "1AUyhiPvDR5RdREY4UytXRDkE5Z7JLKmLd",
            "1DARcDBrT5Y6mHwsgz31mPHcRGrG3uPuC5",
            "1ACQjg2AQMNheRicea7LekMnV85Kc1YWA3",
            "16UYFGFe7LjoPAAH6QYRqjtvcXJg5HqvsR",
            "177SNLFFsStUNC4VYMh5FRDMWssijwda4c",
            "16qJS3RMWFH79cF1BufYWGXj8bmGP9tEtZ",
            "1J6gsT85UmSBUDNdDLFCjfcZb5DivPZYNA",
            "131U4kXBmYrfTTmLU3Xq52NnisFJztk4gD",
            "18uUknJ5Yfg9erA2tUxnC1ttbG653xAh24",
            "1MFgMEHu2eaV8jeMY6DPptBv7d1oUpzcTq",
            "1JUa2Cy2k6xaTHpxpc2Ej42CaBTPAz93Js",
            "1Lz7CqQLL2FTXWe2nqC4mHvTEMUfQEuT8C",
            "134uT6psH2J3sqkMHGt1J77F4roX8veRub",
            "14mdn2R8cQeV7K7G77kBUSognM4mYDz2EM",
            "1HTifWqb9xyoLQmx4GzfHLD4ujmbWVC8AR",
            "1KoZz1MZo3rpYnAv9fKyUvfiE6qoqPmW8B",
            "18JzQjqwHHUG1HRWdvq2gdebaUjcGJ3sWS",
            "1kG6dFNqNJchUp7CiHnvmbQ7Ck3GYF9yV",
            "1HEnmVTPdiHfNrCsMhCq6xqpMjUggadH66"
        ]
    },
    "fiat_value": {},
    "frozen_coins": {},
    "invoices": {},
    "keystore": {
        "derivation": "m",
        "pw_hash_version": 1,
        "root_fingerprint": "03fce340",
        "seed": "minor zone pool august remain combine hero claw medal settle grace capable",
        "seed_type": "standard",
        "type": "bip32",
        "xprv": "xprv9s21ZrQH143K3mk63a5bRfCyopiWpSgfZJztmTsg7b3tCzNHJA8xMXvaokShBFHeCQXMYCgBhRb46FkpJNWaTnaZT5pCTM8N3Uc1oM8ZgGb",
        "xpub": "xpub661MyMwAqRbcGFpZ9bcbno9iMrZ1DuQWvXvVZrHHfvas5nhRqhTCuLF4eztgzffXv7ivbZDDwZ7x279BnZ6aoLSPu4UYAbziHvGw9v1pyKs"
    },
    "labels": {},
    "payment_requests": {},
    "prevouts_by_scripthash": {},
    "seed_version": 50,
    "spent_outpoints": {},
    "transactions": {},
    "tx_fees": {},
    "txi": {},
    "txo": {},
    "use_encryption": false,
    "verified_tx3": {},
    "wallet_type": "standard"
}