{
    "addr_history": {
        "127LfwSiMdZGAUyihNMD9Gvd8SRqnrTL9J": [],
        "12WSLjWc1mmryXx2PWNJMqE13xZrxa9KDm": [],
        "12f5GNJMu2zD1gtwaA7zJDJD7Sd22cQJEN": [],
        "13afTQEPvd25oERUx5TUyshrDV1CmV4MmE": [],
        "14Qq8nb2Z7kuSzVBw9u5CE2ykiBPbfeBdg": [],
        "15HYvEraxvCpXFMcre5VhJ3M6NGkN6jyPS": [],
        "15P1xehLV5QceCCZfPVT6URVzSJyhmn3cH": [],
        "16AWQj5KyP456sYrkCi2cjAMsMikCKuc5Y": [],
        "16ByjJLm7E1WdsjpSpWnAc1NcuQEq6R3hQ": [],
        "16oZA11jQabhM7iDMxHrEygntfChNCmNkG": [],
        "17D8oizgvWsMkRmQQcK5V3Nivi4ZRGaUj5": [],
        "17nRPm9HxRtLjtz6dxHQNN1StypAedQCHZ": [],
        "18Fi2kp2Shcv7VX6GL3Fkq1Ud5Jdhd5EHb": [],
        "18WVUufDV1Mn4uMqjWMrGQPWFnTNKfMrwP": [],
        "19WnTawDWGL2VHk3XVUghwRLVt3t2dDKtH": [],
        "19bcHvq5QEY2AhdR6o6b36yugkRMoWnk1D": [],
        "19oBGKkQqLPP88P5t3euTdG33KbCzqWgA3": [],
        "1Az3ctPojhkJQhRDpqKkUT5WfiEeFwwqcR": [],
        "1BUKLDnvWq8ngSwYwAvmNerj9svCu2qPQD": [],
        "1CWWvaPiGxAWV5DB3ycExJTDyov8sRoZTq": [],
        "1Cc7g9DuaBJP6iDYZKYaxXMS9po2W6gvgC": [],
        "1DE6NPB9k6Yjj1DeKh1bYL6zdyunLhnFU5": [],
        "1DeWeZLoBCNKHWUur1sCv86L76UChUFmL2": [],
        "1E6BFsUqHX18aWo1hJi6TeF6QdRKo78QtB": [],
        "1GHErJus1sGqjCEJbQySRQiwrBEAEh8A7v": [],
        "1JBcc8HFshaaeW33yNRrzLG77Eoeuqmivk": [],
        "1LC82j1NZg2MUF96hB9WWjgapdqMHLvVWB": [],
        "1LcfCC6zjHd4T9KQ57Dk1dbhJTviU1nVQC": [],
        "1LmLCdzPHVfCWjDGi4h6hmiWiwjXS4HJaa": [],
        "1MSyhyimAz6XaTse3pLkbHp1dJAfFwzdAu": []
    },
    "addresses": {
        "change": [
            "1LC82j1NZg2MUF96hB9WWjgapdqMHLvVWB",
            "17nRPm9HxRtLjtz6dxHQNN1StypAedQCHZ",
            "1MSyhyimAz6XaTse3pLkbHp1dJAfFwzdAu",
            "13afTQEPvd25oERUx5TUyshrDV1CmV4MmE",
            "1E6BFsUqHX18aWo1hJi6TeF6QdRKo78QtB",
            "14Qq8nb2Z7kuSzVBw9u5CE2ykiBPbfeBdg",
            "1GHErJus1sGqjCEJbQySRQiwrBEAEh8A7v",
            "12WSLjWc1mmryXx2PWNJMqE13xZrxa9KDm",
            "19WnTawDWGL2VHk3XVUghwRLVt3t2dDKtH",
            "18WVUufDV1Mn4uMqjWMrGQPWFnTNKfMrwP"
        ],
        "receiving": [
            "19oBGKkQqLPP88P5t3euTdG33KbCzqWgA3",
            "1Cc7g9DuaBJP6iDYZKYaxXMS9po2W6gvgC",
            "15P1xehLV5QceCCZfPVT6URVzSJyhmn3cH",
            "18Fi2kp2Shcv7VX6GL3Fkq1Ud5Jdhd5EHb",
            "16oZA11jQabhM7iDMxHrEygntfChNCmNkG",
            "12f5GNJMu2zD1gtwaA7zJDJD7Sd22cQJEN",
            "16AWQj5KyP456sYrkCi2cjAMsMikCKuc5Y",
            "1CWWvaPiGxAWV5DB3ycExJTDyov8sRoZTq",
            "1JBcc8HFshaaeW33yNRrzLG77Eoeuqmivk",
            "19bcHvq5QEY2AhdR6o6b36yugkRMoWnk1D",
            "1DE6NPB9k6Yjj1DeKh1bYL6zdyunLhnFU5",
            "15HYvEraxvCpXFMcre5VhJ3M6NGkN6jyPS",
            "1Az3ctPojhkJQhRDpqKkUT5WfiEeFwwqcR",
            "127LfwSiMdZGAUyihNMD9Gvd8SRqnrTL9J",
            "1BUKLDnvWq8ngSwYwAvmNerj9svCu2qPQD",
            "1DeWeZLoBCNKHWUur1sCv86L76UChUFmL2",
            "17D8oizgvWsMkRmQQcK5V3Nivi4ZRGaUj5",
            "1LmLCdzPHVfCWjDGi4h6hmiWiwjXS4HJaa",
            "16ByjJLm7E1WdsjpSpWnAc1NcuQEq6R3hQ",
            "1LcfCC6zjHd4T9KQ57Dk1dbhJTviU1nVQC"
        ]
    },
    "fiat_value": {},
    "frozen_coins": {},
    "invoices": {},
    "keystore": {
        "derivation": "m",
        "pw_hash_version": 1,
        "root_fingerprint": "4bf77039",
        "seed": "minor zone pool acquire remain combine wash claw medal settle grace capable",
        "seed_type": "standard",
        "type": "bip32",
        "xprv": "xprv9s21ZrQH143K4JQqHLkYddU6U5dthE8QXmq21iYBruc4gfu44BiLo1JF6VfCsX8JJmHcnpHrnttu65jzBWZfVoW41GrEQto9sskvWCgfRMM",
        "xpub": "xpub661MyMwAqRbcGnVJPNHYzmQq27UP6grFtzkcp6woRF93ZUECbj2bLociwkexfJqhio2CPk4EQoUmufVsJ57cqucv7qp6ATghyy51n3X3Xwo"
    },
    "labels": {},
    "payment_requests": {},
    "prevouts_by_scripthash": {},
    "seed_version": 50,
    "spent_outpoints": {},
    "transactions": {},
    "tx_fees": {},
    "txi": {},
    "txo": {},
    "use_encryption": false,
    "verified_tx3": {},
    "wallet_type": "standard"
}