{
    "addr_history": {
        "1135SEJP88zhLeZ4bia8i7ZiykXgjMYnRx": [],
        "12VXyXxHScJBviGodDqomUxoEQzM6tH6KS": [],
        "12nt9mKEqcSZLi1Qpb17tz2CC4L5nZjmb6": [],
        "13HLmJQURn34r5yk4CJGamPM2NvJisssbQ": [],
        "13Z4i5SFijMEcABe1H5xK4u28CBKPPFq5V": [],
        "13zBgWAmWmUTpHnorqzrHZWcCunHy1sWU1": [],
        "14YJwpKMChwKSKgH6sU792Yd6Ztqi8DJGT": [],
        "14dJnGSQbNR6u4pd3XmPCJAwLzm5ogmZVo": [],
        "14tPEVviVdiSugfGiFKyqgQwcUxGcTK1mz": [],
        "15CQ26rKZzPkDfkSVLQavbJhSGaFeiEmP6": [],
        "16pWg689LUyukE75AsyiQ1sz1spwcxCXHM": [],
        "18CUo4A3D3gzst4dZZpsoNDMncg7CcZR76": [],
        "19TTpALf5XP7u4c3PBS7hsDyeTLk76uFLC": [],
        "1BKNAqFv1kLM6p6QeQztPkJn9zrPsdhbXA": [],
        "1BQV5busarPooZTCzYBfhP5DdDt2ZD87j8": [],
        "1CSv3GWZQLS2df3aAd7iNb61B2mJYW8wwn": [],
        "1D7ARXiXnpQgntsZenbEYKCFm2Cgi6gYnt": [],
        "1DB3Vv7AT1LAdJgR1bDRrUDZyg5s7sddEj": [],
        "1Do2y4KXhJefYFVte4kDRw2tnU3TUXiwPd": [],
        "1FVuJFcSzox5FjcDatTpRVp3QkYT9wHuWe": [],
        "1Gx6CAjs6MqbifUtte2vAi7YaiRzBWN3GT": [],
        "1JGDromZkLKpLZDbAZbKFD489vmR7ec24G": [],
        "1JUruADFhHB6jRjZS6fG1XJd1hajMkzEbY": [],
        "1KgpZJF5fDge2KwNhJhknsRgeaajjkfA7Q": [],
        "1LCqEJFjfY5FpnFdEfm2oijbkbTJNqPdAC": [],
        "1LTpvdubN6wjFrE37ainTN2X2GyNUZ5Hsy": [],
        "1NWKLEsFQmUfm87Y5xxq6ftx8XgsBEhjeq": [],
        "1PNKpBmKXc5X83uWP8g72C56jBWEkfCfex": [],
        "1PXi3UBbJzJtTSGeb7Rit4eC8ANBTV7faF": [],
        "1PbPiCWFirzjCQi8kmutcKNAQ5hb6asyXq": []
    },
    "addresses": {
        "change": [
            "12nt9mKEqcSZLi1Qpb17tz2CC4L5nZjmb6",
            "1LCqEJFjfY5FpnFdEfm2oijbkbTJNqPdAC",
            "14tPEVviVdiSugfGiFKyqgQwcUxGcTK1mz",
            "1BQV5busarPooZTCzYBfhP5DdDt2ZD87j8",
            "18CUo4A3D3gzst4dZZpsoNDMncg7CcZR76",
            "1PNKpBmKXc5X83uWP8g72C56jBWEkfCfex",
            "13zBgWAmWmUTpHnorqzrHZWcCunHy1sWU1",
            "1135SEJP88zhLeZ4bia8i7ZiykXgjMYnRx",
            "1DB3Vv7AT1LAdJgR1bDRrUDZyg5s7sddEj",
            "1LTpvdubN6wjFrE37ainTN2X2GyNUZ5Hsy"
        ],
        "receiving": [
            "19TTpALf5XP7u4c3PBS7hsDyeTLk76uFLC",
            "1JUruADFhHB6jRjZS6fG1XJd1hajMkzEbY",
            "1FVuJFcSzox5FjcDatTpRVp3QkYT9wHuWe",
            "13Z4i5SFijMEcABe1H5xK4u28CBKPPFq5V",
            "16pWg689LUyukE75AsyiQ1sz1spwcxCXHM",
            "1JGDromZkLKpLZDbAZbKFD489vmR7ec24G",
            "14YJwpKMChwKSKgH6sU792Yd6Ztqi8DJGT",
            "1PbPiCWFirzjCQi8kmutcKNAQ5hb6asyXq",
            "1BKNAqFv1kLM6p6QeQztPkJn9zrPsdhbXA",
            "14dJnGSQbNR6u4pd3XmPCJAwLzm5ogmZVo",
            "1D7ARXiXnpQgntsZenbEYKCFm2Cgi6gYnt",
            "1CSv3GWZQLS2df3aAd7iNb61B2mJYW8wwn",
            "12VXyXxHScJBviGodDqomUxoEQzM6tH6KS",
            "1Do2y4KXhJefYFVte4kDRw2tnU3TUXiwPd",
            "1Gx6CAjs6MqbifUtte2vAi7YaiRzBWN3GT",
            "1NWKLEsFQmUfm87Y5xxq6ftx8XgsBEhjeq",
            "1PXi3UBbJzJtTSGeb7Rit4eC8ANBTV7faF",
            "1KgpZJF5fDge2KwNhJhknsRgeaajjkfA7Q",
            "13HLmJQURn34r5yk4CJGamPM2NvJisssbQ",
            "15CQ26rKZzPkDfkSVLQavbJhSGaFeiEmP6"
        ]
    },
    "fiat_value": {},
    "frozen_coins": {},
    "invoices": {},
    "keystore": {
        "derivation": "m",
        "pw_hash_version": 1,
        "root_fingerprint": "4eb7a828",
        "seed": "minor zone pool alone remain combine lobster claw medal settle grace capable",
        "seed_type": "standard",
        "type": "bip32",
        "xprv": "xprv9s21ZrQH143K4JL4YF1dhPSkeKrgeCfjL9h4K7cTwUNy3NQUDzPP9o2R9dX374nWtsBSsNzHWCBXU5Xbr2PGtBYaYsaJSeH1WrswFjj7Sdk",
        "xpub": "xpub661MyMwAqRbcGnQXeGYe4XPVCMhB3fPahNcf7W25VouwvAjcmXhdhbLtztzU2zMeo4Ay2yg6HA5Zu2CjxrN5LQF2vnNKC5p4LTHq1xAGvBD"
    },
    "labels": {},
    "payment_requests": {},
    "prevouts_by_scripthash": {},
    "seed_version": 50,
    "spent_outpoints": {},
    "transactions": {},
    "tx_fees": {},
    "txi": {},
    "txo": {},
    "use_encryption": false,
    "verified_tx3": {},
    "wallet_type": "standard"
}