{
    "addr_history": {
        "12nKrZLsGG3huXTo1mPnbK8oiUy5KWfVki": [],
        "134qGngt188u99g8kDe1zvs9PBzmbLvVEo": [],
        "14TWuMuLYQUyNSFg6NJttuCE3rcgP2BwBB": [],
        "153bCsYDvBh6YsiUjVaLXHwoKSzkQbBMiM": [],
        "15Sbz5opcivSyg3NUAkpzKPwwnLNv9S9Vu": [],
        "16SqV3pteVM7yhvuvnHcHWkdbbrrjVgyy5": [],
        "18NmBJADxyGk6CBSKTFkt8JSU2t4mJb2Kg": [],
        "18wJyBMy5odcUZvmSeETHiuk4dewzv9UjP": [],
        "19V3cvdVxfkUjxiuVmEJt1ZwMEXLpNfehq": [],
        "19X2G4QY3p5epYyfnHe1sKZAvMU2gA16wi": [],
        "19rxaYZzhtuKyvFLyxoBGiCeYwhYe9hgHz": [],
        "1BTiStdxrVnP4eDa4nwvQN84qpxd7kbq4j": [],
        "1BXXZpP1dgn5n2DcLMoToUUraGkE2onAKU": [],
        "1Bv1iaMDH87bEhaCDLgc5n7JcpXeYvbqud": [],
        "1Cptoo6sGTCLGhs4tprPQ7pfyGEfgyYhqP": [],
        "1DSZ8JgYpjPBMK9cGLPj63jA7r2Dxy8fsS": [],
        "1E2ajBUTWFGDoX857pYNzeWZMzaUTsbwPJ": [],
        "1Fqr7hQsFUGKhf6evGjL5LDZFP4ks24hZc": [],
        "1FrGYdop6TrbKjzcQ2eg75x3Gdve7kY6BA": [],
        "1HEqK5MEqW3Yh3tcUzHne62GjuJSc2NsM2": [],
        "1J6kp1maQ7dnXuvS5NyEMsmGKigseaYUVz": [],
        "1JAwCPhRZp3yUZFA7d7zX2nuJXYuLPjmAm": [],
        "1JdCjw2Lf6b84uwHLhN4nx36oc1TizQWR": [],
        "1LJocnST4piWb7jbVcfkHUaC47AwE8dGWH": [],
        "1LU6CsLX425RyANTwzpSbdxkT5aNobiBDA": [],
        "1LWBMBxUGsn978XXp7EawL9kYB3KVDWNeX": [],
        "1MxWD28fXuPuQHMUDs7JCunbUiQ612qDdC": [],
        "1Nmukya5z8pxV8bCqawiTiZJypFWGkWF9D": [],
        "1Nsz1Jky45Hmu3BratgAV6RNzeKB4cMmQV": [],
        "1QHhmea8whUjSCzKq8LSwMQ8yTH9oW3oHt": []
    },
    "addresses": {
        "change": [
            "1LJocnST4piWb7jbVcfkHUaC47AwE8dGWH",
            "134qGngt188u99g8kDe1zvs9PBzmbLvVEo",
            "153bCsYDvBh6YsiUjVaLXHwoKSzkQbBMiM",
            "1LWBMBxUGsn978XXp7EawL9kYB3KVDWNeX",
            "1JAwCPhRZp3yUZFA7d7zX2nuJXYuLPjmAm",
            "19V3cvdVxfkUjxiuVmEJt1ZwMEXLpNfehq",
            "1E2ajBUTWFGDoX857pYNzeWZMzaUTsbwPJ",
            "1FrGYdop6TrbKjzcQ2eg75x3Gdve7kY6BA",
            "1BTiStdxrVnP4eDa4nwvQN84qpxd7kbq4j",
            "1Nmukya5z8pxV8bCqawiTiZJypFWGkWF9D"
        ],
        "receiving": [
            "1Bv1iaMDH87bEhaCDLgc5n7JcpXeYvbqud",
            "1J6kp1maQ7dnXuvS5NyEMsmGKigseaYUVz",
            "1LU6CsLX425RyANTwzpSbdxkT5aNobiBDA",
            "19X2G4QY3p5epYyfnHe1sKZAvMU2gA16wi",
            "1QHhmea8whUjSCzKq8LSwMQ8yTH9oW3oHt",
            "15Sbz5opcivSyg3NUAkpzKPwwnLNv9S9Vu",
            "1Cptoo6sGTCLGhs4tprPQ7pfyGEfgyYhqP",
            "18wJyBMy5odcUZvmSeETHiuk4dewzv9UjP",
            "1MxWD28fXuPuQHMUDs7JCunbUiQ612qDdC",
            "18NmBJADxyGk6CBSKTFkt8JSU2t4mJb2Kg",
            "1Fqr7hQsFUGKhf6evGjL5LDZFP4ks24hZc",
            "1BXXZpP1dgn5n2DcLMoToUUraGkE2onAKU",
            "1JdCjw2Lf6b84uwHLhN4nx36oc1TizQWR",
            "1Nsz1Jky45Hmu3BratgAV6RNzeKB4cMmQV",
            "19rxaYZzhtuKyvFLyxoBGiCeYwhYe9hgHz",
            "14TWuMuLYQUyNSFg6NJttuCE3rcgP2BwBB",
            "16SqV3pteVM7yhvuvnHcHWkdbbrrjVgyy5",
            "1DSZ8JgYpjPBMK9cGLPj63jA7r2Dxy8fsS",
            "1HEqK5MEqW3Yh3tcUzHne62GjuJSc2NsM2",
            "12nKrZLsGG3huXTo1mPnbK8oiUy5KWfVki"
        ]
    },
    "fiat_value": {},
    "frozen_coins": {},
    "invoices": {},
    "keystore": {
        "derivation": "m",
        "pw_hash_version": 1,
        "root_fingerprint": "cff09228",
        "seed": "minor zone pool action remain combine knock claw medal settle grace capable",
        "seed_type": "standard",
        "type": "bip32",
        "xprv": "xprv9s21ZrQH143K2U8nTALj4skiUg2NYPFFvq1ziZ8SHD2rSy6RwhEZgqCqXK4E4B5YNQyKYkBdgwWBW1G8SyCmo5moPXue65PJC9C638ELPWs",
        "xpub": "xpub661MyMwAqRbcExDFZBsjS1hT2hrrwqy7J3wbWwY3qYZqKmRaVEYpEdXKNchRwcjULdetNvv6iSDyXcbZD17NAp8WACYE635wdaXrQt1nEt6"
    },
    "labels": {},
    "payment_requests": {},
    "prevouts_by_scripthash": {},
    "seed_version": 50,
    "spent_outpoints": {},
    "transactions": {},
    "tx_fees": {},
    "txi": {},
    "txo": {},
    "use_encryption": false,
    "verified_tx3": {},
    "wallet_type": "standard"
}