{
    "addr_history": {
        "12MC1Vhvurgz7fp73gCzUkuJNaKubyxiJJ": [],
        "13D3QL8yWWjLXFaygXJxZgnVdRCRb1U3y6": [],
        "13QTkn6w4WaX8qGCWXTnXWbVGRqnT2Lbdb": [],
        "14LzucWzuTEViJz3HU5xWRHJsJDCfN56gu": [],
        "14P4MQQZtfAzoXbF5Le4GZX8h66iXL4Bio": [],
        "15UryzF6z9uijpwF5M2new29PWgvSfdkjZ": [],
        "15dgrSC45FT1vQAoeEUVUEsc525bwSktMu": [],
        "15rwTDR1HJ95vmJPvnG6pFqSS2gKv8zmjx": [],
        "1692hoy4yJwmpB5Bwrkis6LJoL7B69fi4b": [],
        "17um7FqNaD2m2Cc7WpyQWtfXx1KBq9EYPp": [],
        "18uB3S5Xytir7eaPFdyS6zxeUw8YzFFPsC": [],
        "1AUM2HXgopGcESbeyMDkp2D8Z9VRX2zBym": [],
        "1B7YeiycRLNJVzKTqLbeyUDMjcupzyqWib": [],
        "1BvKAAJpmgTx1vT9wegjtxL3m1hnVvHFng": [],
        "1DZ1uG73SVerQVERL6UhF65DpRjUf86PA9": [],
        "1E3MuKhVSmHj6ozEz3wbvvR5EDPgBMS1hE": [],
        "1EBDrrhEX5KoRNiiBpiLaPjo2rCiHhaUJd": [],
        "1Et8NxZbVbCNQZqHFYjw5D9DpDHbFAGQry": [],
        "1F6FwDznfHDeFcBFQULUnnU6vD4Q8D4cSZ": [],
        "1FM6qHvchMzHMX8fWQ51NVmoWxVmnoVF9n": [],
        "1GYLNa4zyEYCKSYjX6VK1dMYscRf5adeWB": [],
        "1JVEFurxZKZjRM8CozsTPrgxzTHjszM94r": [],
        "1K5nx1RudN22BLDVt7h9hptzXPYpnmtiwY": [],
        "1MpDt5k3P7va9mboHzCMbM1yaLU2LqBzRn": [],
        "1Nfkx1kDySjuHQzaDbXMEZGtFCNLWHJ53e": [],
        "1NkF9maKjpCQbVJcHvRoCFSbSdwtsaWuXS": [],
        "1NtWKnSnHUdriVJT37BuK36pnmop9NBjem": [],
        "1PhpZZHEVhwTWFe5g8YewqM64pNUP8wPeW": [],
        "1S5SukqcUxBwNTxyL5abyo1s4Mtf7Bx33": [],
        "1hCYrtzHzWcNVptiojaqvK5EzpQQjqphk": []
    },
    "addresses": {
        "change": [
            "1E3MuKhVSmHj6ozEz3wbvvR5EDPgBMS1hE",
            "1K5nx1RudN22BLDVt7h9hptzXPYpnmtiwY",
            "12MC1Vhvurgz7fp73gCzUkuJNaKubyxiJJ",
            "18uB3S5Xytir7eaPFdyS6zxeUw8YzFFPsC",
            "1S5SukqcUxBwNTxyL5abyo1s4Mtf7Bx33",
            "1692hoy4yJwmpB5Bwrkis6LJoL7B69fi4b",
            "1GYLNa4zyEYCKSYjX6VK1dMYscRf5adeWB",
            "1JVEFurxZKZjRM8CozsTPrgxzTHjszM94r",
            "1FM6qHvchMzHMX8fWQ51NVmoWxVmnoVF9n",
            "1hCYrtzHzWcNVptiojaqvK5EzpQQjqphk"
        ],
        "receiving": [
            "1DZ1uG73SVerQVERL6UhF65DpRjUf86PA9",
            "1Nfkx1kDySjuHQzaDbXMEZGtFCNLWHJ53e",
            "1NkF9maKjpCQbVJcHvRoCFSbSdwtsaWuXS",
            "14LzucWzuTEViJz3HU5xWRHJsJDCfN56gu",
            "1NtWKnSnHUdriVJT37BuK36pnmop9NBjem",
            "13D3QL8yWWjLXFaygXJxZgnVdRCRb1U3y6",
            "15dgrSC45FT1vQAoeEUVUEsc525bwSktMu",
            "1EBDrrhEX5KoRNiiBpiLaPjo2rCiHhaUJd",
            "13QTkn6w4WaX8qGCWXTnXWbVGRqnT2Lbdb",
            "1PhpZZHEVhwTWFe5g8YewqM64pNUP8wPeW",
            "1AUM2HXgopGcESbeyMDkp2D8Z9VRX2zBym",
            "1BvKAAJpmgTx1vT9wegjtxL3m1hnVvHFng",
            "1MpDt5k3P7va9mboHzCMbM1yaLU2LqBzRn",
            "1Et8NxZbVbCNQZqHFYjw5D9DpDHbFAGQry",
            "17um7FqNaD2m2Cc7WpyQWtfXx1KBq9EYPp",
            "1F6FwDznfHDeFcBFQULUnnU6vD4Q8D4cSZ",
            "15rwTDR1HJ95vmJPvnG6pFqSS2gKv8zmjx",
            "1B7YeiycRLNJVzKTqLbeyUDMjcupzyqWib",
            "14P4MQQZtfAzoXbF5Le4GZX8h66iXL4Bio",
            "15UryzF6z9uijpwF5M2new29PWgvSfdkjZ"
        ]
    },
    "fiat_value": {},
    "frozen_coins": {},
    "invoices": {},
    "keystore": {
        "derivation": "m",
        "pw_hash_version": 1,
        "root_fingerprint": "f7c04a14",
        "seed": "minor zone pool among remain combine note claw medal settle grace capable",
        "seed_type": "standard",
        "type": "bip32",
        "xprv": "xprv9s21ZrQH143K3RL4zZYkTbGaCTxAFatXanakHGHyn68pmd2ChrXzBeh7h73XU8u5uibQi3GHifxa2Wz19spNJyApGnnaGsXrdX68JGGQdHQ",
        "xpub": "xpub661MyMwAqRbcFuQY6b5kpjDJkVnef3cNx1WM5ehbLRfoeRMMFPrEjT1bYQ5aBCMzts1PcJFroBFUgqygP9vXxdnMLtRB6wtqy2rQbYygwP6"
    },
    "labels": {},
    "payment_requests": {},
    "prevouts_by_scripthash": {},
    "seed_version": 50,
    "spent_outpoints": {},
    "transactions": {},
    "tx_fees": {},
    "txi": {},
    "txo": {},
    "use_encryption": false,
    "verified_tx3": {},
    "wallet_type": "standard"
}