{
    "addr_history": {
        "12Ao6LgPa1PXVKZdBZQQ181ht87EQwP267": [],
        "12xSY8gwumWYnB366QH2z5HYHa3tuLswjV": [],
        "147mrQNttq82ohbDgPpK8gctHK9Zs1b8vJ": [],
        "149tEdKEdXkQuXhvtcLzbMACb1fpVboLue": [],
        "14AAejNbDzgcovg77YkWQ8gSTWWY32rqEN": [],
        "14nEoCjX9kNvf3XwkUfp5rL7Ph3DcSMf2j": [],
        "15vyeWoGMsocy7ysp17m2KFcaFvXaGqZU9": [],
        "15wLNyc8cvtexUVTq98Xeffv2REEW6Xqf1": [],
        "15wmrmUFbCyUwcoh3DDm3ey1j4e1RSeJ7g": [],
        "17GPJqgYC4PoN51yMiavQpcTMtS63WMyL4": [],
        "18KwmyzbJFxwDNGTiBSiuWYp21Mdjj56EF": [],
        "195UaGAZMU21pNLwBYc7zydokUMkF2rM2p": [],
        "1AtStcJW1ndkMmsCq14TJHcoBynguN7tJs": [],
        "1BgugJBxUoTDMgATyB3SLE5wAZNxGFjKva": [],
        "1EpcJ1JKgTncLqbTwrJFuFQ3n5qLw9ZCbA": [],
        "1G6VLWF95oeaexuwxyKCjGSWVLHHbdMayP": [],
        "1GBhwTWAeJ26DP5bCfXcUuVpk6wcDyB3HN": [],
        "1HYmBg6BbVt1Dx4oxkv2J9LdFQoBbu99cv": [],
        "1JZvCRS9JySJwtKPZoBsqs7LA2ZD692XgT": [],
        "1Joi6ZtXzx2gFcHMWaqdsGQB4S99AcVFQa": [],
        "1K1dgFGES1Wy83wKAeh6GFxoyVHPgS2wSn": [],
        "1LVUZJe1rj8hCPU6doVbySLwVreHr1YmCR": [],
        "1LwrX1GEPuPXzqjWqU3fFjzRjKoUzPog3h": [],
        "1MR6EppxuiwtTu6JbwJx9aipQxBZ4aZ4a2": [],
        "1MY1vEgPCzGixH5tUCS851dtqAJ3GUn56e": [],
        "1PQNX8RvfiE3fjJNchjU3A6H1DqRVFEwxV": [],
        "1Pkp8fhfpTHALWNiaK1hPJp6hwaanzmRss": [],
        "1aHAnsiT7PaLWT8qHyeZjdvmZAsvFvJg3": [],
        "1ciyPHFDQ2riBNo1v9VxpSZijJrUYkWkD": [],
        "1mGBUWM8goMjWXuXyteUKMtKbrf4c6tvw": []
    },
    "addresses": {
        "change": [
            "1EpcJ1JKgTncLqbTwrJFuFQ3n5qLw9ZCbA",
            "1mGBUWM8goMjWXuXyteUKMtKbrf4c6tvw",
            "14nEoCjX9kNvf3XwkUfp5rL7Ph3DcSMf2j",
            "14AAejNbDzgcovg77YkWQ8gSTWWY32rqEN",
            "1ciyPHFDQ2riBNo1v9VxpSZijJrUYkWkD",
            "1K1dgFGES1Wy83wKAeh6GFxoyVHPgS2wSn",
            "15wmrmUFbCyUwcoh3DDm3ey1j4e1RSeJ7g",
            "1Joi6ZtXzx2gFcHMWaqdsGQB4S99AcVFQa",
            "195UaGAZMU21pNLwBYc7zydokUMkF2rM2p",
            "1BgugJBxUoTDMgATyB3SLE5wAZNxGFjKva"
        ],
        "receiving": [
            "1PQNX8RvfiE3fjJNchjU3A6H1DqRVFEwxV",
            "18KwmyzbJFxwDNGTiBSiuWYp21Mdjj56EF",
            "147mrQNttq82ohbDgPpK8gctHK9Zs1b8vJ",
            "12Ao6LgPa1PXVKZdBZQQ181ht87EQwP267",
            "1JZvCRS9JySJwtKPZoBsqs7LA2ZD692XgT",
            "1aHAnsiT7PaLWT8qHyeZjdvmZAsvFvJg3",
            "1MY1vEgPCzGixH5tUCS851dtqAJ3GUn56e",
            "1LVUZJe1rj8hCPU6doVbySLwVreHr1YmCR",
            "1AtStcJW1ndkMmsCq14TJHcoBynguN7tJs",
            "1HYmBg6BbVt1Dx4oxkv2J9LdFQoBbu99cv",
            "15vyeWoGMsocy7ysp17m2KFcaFvXaGqZU9",
            "15wLNyc8cvtexUVTq98Xeffv2REEW6Xqf1",
            "1MR6EppxuiwtTu6JbwJx9aipQxBZ4aZ4a2",
            "1GBhwTWAeJ26DP5bCfXcUuVpk6wcDyB3HN",
            "1LwrX1GEPuPXzqjWqU3fFjzRjKoUzPog3h",
            "1Pkp8fhfpTHALWNiaK1hPJp6hwaanzmRss",
            "12xSY8gwumWYnB366QH2z5HYHa3tuLswjV",
            "149tEdKEdXkQuXhvtcLzbMACb1fpVboLue",
            "1G6VLWF95oeaexuwxyKCjGSWVLHHbdMayP",
            "17GPJqgYC4PoN51yMiavQpcTMtS63WMyL4"
        ]
    },
    "fiat_value": {},
    "frozen_coins": {},
    "invoices": {},
    "keystore": {
        "derivation": "m",
        "pw_hash_version": 1,
        "root_fingerprint": "733dc918",
        "seed": "minor zone pool chat remain combine gloom claw medal settle grace capable",
        "seed_type": "standard",
        "type": "bip32",
        "xprv": "xprv9s21ZrQH143K3EvVv5HNWMCnngrcLHkU2EV7sL3Gst9a5mmBc953DBDw8c7XR8jWAFPzJcPvi7bhvuDk25gQjkrxZK5t2HLtEcCBr5s7iRh",
        "xpub": "xpub661MyMwAqRbcFizy26pNsV9XLih6jkUKPTQifiStSDgYxa6L9gPHkyYQyuAmRAsEXVqXip9zEd6HJKrr1TXKpNgCZu1BXNXghy6Vu6auMYJ"
    },
    "labels": {},
    "payment_requests": {},
    "prevouts_by_scripthash": {},
    "seed_version": 50,
    "spent_outpoints": {},
    "transactions": {},
    "tx_fees": {},
    "txi": {},
    "txo": {},
    "use_encryption": false,
    "verified_tx3": {},
    "wallet_type": "standard"
}