{
    "addr_history": {
        "1251bHKFokn3hRkLotzoitEP1QcetWG4BL": [],
        "12XdD3i7swqrbmN1uxPhUMqRY1Mp9WfzwF": [],
        "12mFd4skgB2ahdyaB8fw1UrMQo2M5rMNvG": [],
        "12x7MENhN87WDtmeu1AGovt8rtZVFQRBoN": [],
        "13KqK4QsMarEwcS497BimRWFZbsQciCiXr": [],
        "153ZYct1Si1igjCGthDyJvLuipq2gViAUg": [],
        "16WydoBfUUutKbCJL2HL32m4ysqWAJNpr2": [],
        "17d42WYeTxEViz4wGyMdU8pwY5ZZKNnBfc": [],
        "17zyyhGg7B2ndvW1495X1kF5pTjw4USN2Q": [],
        "18QbTx2AvAP2VR15ma76aT2eELCRDkSHPG": [],
        "18Ua6ukKqsFNQbSUv8ymXhFbVwXemPHhV9": [],
        "19HCPKGv7j2eaTqFtu8fLpfo8hHUV1MvzG": [],
        "19r44iNCeTnHMKXhbpjvL8Q7b8ciMWTkMx": [],
        "19vofx5GQCbDCXxdpBwT1DTcLQDduA8Z8e": [],
        "1ALv7BaXffKNfXAiMoRJfteD6ANksg9SAy": [],
        "1B4tSK76SPM2pResNmXFGm2yNVgJxJ8PS1": [],
        "1DGnsjE1bLFmXfF4qNcRcm8bKMS5FJnLH7": [],
        "1DqqwPuSBpFpZ9RVcr9yEwo3XWdnUf9yaA": [],
        "1Dzn2MPEgzGeVNBKP2WkdvbNHyBgP6mcpN": [],
        "1EPqX5GYuvTneDfTSxcfyA4eVPSBux854h": [],
        "1EScCafUqFAs7vZ28V9B5rx2b7kg8WTVNT": [],
        "1FW6Wid4QHax6eS3rfiHU9yZU9fXfXWM79": [],
        "1GvYoKjZkVVaDHJyhhnZgfcZ8oiQLKYaSd": [],
        "1Hhvj2Uhmyuue1dpn3vtqRnzVHigw2ZJLr": [],
        "1LyQFZZs4E2V4Vpd42vGv1zCw6chz7UknB": [],
        "1M2ucEqhqmoQ21UVTG2mNkf2ova1Nf5qU9": [],
        "1MtagsZHGqHPToqSgb31pU7T7hFcmSQSXx": [],
        "1N8vWMUHTH8gQparXX4V2obZQ8hTmjmLMh": [],
        "1NtSuzYBEo55H1XC8dgkKM9CotYkiQi27a": [],
        "1QCDnBYr3VeR5865x3M2s2AZbZMYJpTSPg": []
    },
    "addresses": {
        "change": [
            "19r44iNCeTnHMKXhbpjvL8Q7b8ciMWTkMx",
            "1NtSuzYBEo55H1XC8dgkKM9CotYkiQi27a",
            "17d42WYeTxEViz4wGyMdU8pwY5ZZKNnBfc",
            "19HCPKGv7j2eaTqFtu8fLpfo8hHUV1MvzG",
            "1ALv7BaXffKNfXAiMoRJfteD6ANksg9SAy",
            "1N8vWMUHTH8gQparXX4V2obZQ8hTmjmLMh",
            "1LyQFZZs4E2V4Vpd42vGv1zCw6chz7UknB",
            "1DqqwPuSBpFpZ9RVcr9yEwo3XWdnUf9yaA",
            "1Dzn2MPEgzGeVNBKP2WkdvbNHyBgP6mcpN",
            "1EScCafUqFAs7vZ28V9B5rx2b7kg8WTVNT"
        ],
        "receiving": [
            "18QbTx2AvAP2VR15ma76aT2eELCRDkSHPG",
            "12mFd4skgB2ahdyaB8fw1UrMQo2M5rMNvG",
            "16WydoBfUUutKbCJL2HL32m4ysqWAJNpr2",
            "1FW6Wid4QHax6eS3rfiHU9yZU9fXfXWM79",
            "1GvYoKjZkVVaDHJyhhnZgfcZ8oiQLKYaSd",
            "153ZYct1Si1igjCGthDyJvLuipq2gViAUg",
            "1EPqX5GYuvTneDfTSxcfyA4eVPSBux854h",
            "1Hhvj2Uhmyuue1dpn3vtqRnzVHigw2ZJLr",
            "1251bHKFokn3hRkLotzoitEP1QcetWG4BL",
            "1MtagsZHGqHPToqSgb31pU7T7hFcmSQSXx",
            "1M2ucEqhqmoQ21UVTG2mNkf2ova1Nf5qU9",
            "12x7MENhN87WDtmeu1AGovt8rtZVFQRBoN",
            "18Ua6ukKqsFNQbSUv8ymXhFbVwXemPHhV9",
            "1DGnsjE1bLFmXfF4qNcRcm8bKMS5FJnLH7",
            "1QCDnBYr3VeR5865x3M2s2AZbZMYJpTSPg",
            "13KqK4QsMarEwcS497BimRWFZbsQciCiXr",
            "1B4tSK76SPM2pResNmXFGm2yNVgJxJ8PS1",
            "19vofx5GQCbDCXxdpBwT1DTcLQDduA8Z8e",
            "12XdD3i7swqrbmN1uxPhUMqRY1Mp9WfzwF",
            "17zyyhGg7B2ndvW1495X1kF5pTjw4USN2Q"
        ]
    },
    "fiat_value": {},
    "frozen_coins": {},
    "invoices": {},
    "keystore": {
        "derivation": "m",
        "pw_hash_version": 1,
        "root_fingerprint": "51dfef30",
        "seed": "minor zone pool artefact remain combine battle claw medal settle grace capable",
        "seed_type": "standard",
        "type": "bip32",
        "xprv": "xprv9s21ZrQH143K3urbYuVzoSz3unjAeKYChLb1E2T6CgBqTf6bPEpFoW7C7KH3CBvwugnzW3b8GLh7d1199723YSVWwfTHTwjcWcjhypDtcGc",
        "xpub": "xpub661MyMwAqRbcGPw4ew31AavnTpZf3nG44ZWc2Qrhm1ipLTRjvn8WMJRfxbAeszYppUhJxSpYqLJrn6UQVmURDoe1eNc2gxRzFD7JY2JWvew"
    },
    "labels": {},
    "payment_requests": {},
    "prevouts_by_scripthash": {},
    "seed_version": 50,
    "spent_outpoints": {},
    "transactions": {},
    "tx_fees": {},
    "txi": {},
    "txo": {},
    "use_encryption": false,
    "verified_tx3": {},
    "wallet_type": "standard"
}