{
    "addr_history": {
        "13wg3ueq2iQyi6WDws6AofDNgidgn47wv6": [],
        "14B7grGx33zCAXXy9MFkxXLzaxAbuzuTte": [],
        "15NrFGBAto8H7v1ANCs9dtqNf8JUP3QLrj": [],
        "176q7ZHrBare7jsRHy1SBzau5Qjjx7Ys9d": [],
        "19EZSksENT2y7DTNTFxnAaFnnjuHytfnw3": [],
        "19QPTbSMqk6gkyjSi6g1dqrhgkF9bgbfBN": [],
        "1BwxfN2SxPYyXeS1kwYn4y2zGFehZqx34A": [],
        "1CyHL3fwMjdD1VGKoLqXqChAkLadTudZFc": [],
        "1D9VMh7bMj1WFarQvwNJXotNDqfZhikn7f": [],
        "1DDKx6uz4o7iaBnkz2q3Nty2ia2AGCLws3": [],
        "1DcDJE41nBsXNo2Z9LHELnf9qWxCeZVnNj": [],
        "1Dw2YVzsMij8kQgHz78feA27NaQdNyutvu": [],
        "1DxWjc1b8qisRrwH8vGbDNJ4w6uvEzcTct": [],
        "1E769r2fHhRjkM49H6aHr3MhZczZPW6w24": [],
        "1EESu154KRtwNZ6EBqq6upBtnTMjD4pkwB": [],
        "1EqxThQtVoDVx1XbaZ7ANXzgAaGHjFdoUS": [],
        "1Es8yYa363aGu8yfqmLMvsk8K6LdahFZjg": [],
        "1G6DuApQ21RiwLDHipuQcpSQz7zacWoD2q": [],
        "1GDobbXTUviupjnu4pywHnmYvF99XsYmPo": [],
        "1GfJ25xYUjYy6wnMasepKkPLpYAJpSBWgt": [],
        "1HJ5XWZMbGJhMh48NKaGQ9twwecCQRSxoP": [],
        "1J4wj3avccAwfTQt81o52dkgHgLXUgQYuA": [],
        "1J7ihJtHdLSHuDpuH47x7i8XMqESZBEXb": [],
        "1Kf73YyDLyKm7KFz2F6MauQDNrgxyhLEMz": [],
        "1M1xgzLGPFw1m9Uq2siBgfeeecomvaX4Kr": [],
        "1MU2eQPD2Sk4ZfufNRyih4m46kSRXjt3ib": [],
        "1NjwEDjnb9TH2Zkp9YxY63dcieTNUfp4YE": [],
        "1P32pBMZap9unQ5MXxZfhU1MkBVyonyjvY": [],
        "1PxDLhGMJdnhZN6MFL4svXVsFpKjQpHgie": [],
        "1Ypj8vfFaDxG5ZufHRUZB9VMZvsidVN9L": []
    },
    "addresses": {
        "change": [
            "1D9VMh7bMj1WFarQvwNJXotNDqfZhikn7f",
            "1Dw2YVzsMij8kQgHz78feA27NaQdNyutvu",
            "1GDobbXTUviupjnu4pywHnmYvF99XsYmPo",
            "1M1xgzLGPFw1m9Uq2siBgfeeecomvaX4Kr",
            "1P32pBMZap9unQ5MXxZfhU1MkBVyonyjvY",
            "1J7ihJtHdLSHuDpuH47x7i8XMqESZBEXb",
            "1EqxThQtVoDVx1XbaZ7ANXzgAaGHjFdoUS",
            "1Ypj8vfFaDxG5ZufHRUZB9VMZvsidVN9L",
            "14B7grGx33zCAXXy9MFkxXLzaxAbuzuTte",
            "1G6DuApQ21RiwLDHipuQcpSQz7zacWoD2q"
        ],
        "receiving": [
            "1EESu154KRtwNZ6EBqq6upBtnTMjD4pkwB",
            "1DDKx6uz4o7iaBnkz2q3Nty2ia2AGCLws3",
            "1GfJ25xYUjYy6wnMasepKkPLpYAJpSBWgt",
            "1HJ5XWZMbGJhMh48NKaGQ9twwecCQRSxoP",
            "1MU2eQPD2Sk4ZfufNRyih4m46kSRXjt3ib",
            "1E769r2fHhRjkM49H6aHr3MhZczZPW6w24",
            "1CyHL3fwMjdD1VGKoLqXqChAkLadTudZFc",
            "1Kf73YyDLyKm7KFz2F6MauQDNrgxyhLEMz",
            "13wg3ueq2iQyi6WDws6AofDNgidgn47wv6",
            "1DcDJE41nBsXNo2Z9LHELnf9qWxCeZVnNj",
            "1Es8yYa363aGu8yfqmLMvsk8K6LdahFZjg",
            "1J4wj3avccAwfTQt81o52dkgHgLXUgQYuA",
            "176q7ZHrBare7jsRHy1SBzau5Qjjx7Ys9d",
            "1DxWjc1b8qisRrwH8vGbDNJ4w6uvEzcTct",
            "1PxDLhGMJdnhZN6MFL4svXVsFpKjQpHgie",
            "1NjwEDjnb9TH2Zkp9YxY63dcieTNUfp4YE",
            "15NrFGBAto8H7v1ANCs9dtqNf8JUP3QLrj",
            "1BwxfN2SxPYyXeS1kwYn4y2zGFehZqx34A",
            "19QPTbSMqk6gkyjSi6g1dqrhgkF9bgbfBN",
            "19EZSksENT2y7DTNTFxnAaFnnjuHytfnw3"
        ]
    },
    "fiat_value": {},
    "frozen_coins": {},
    "invoices": {},
    "keystore": {
        "derivation": "m",
        "pw_hash_version": 1,
        "root_fingerprint": "472d03df",
        "seed": "minor zone pool always remain combine hub claw medal settle grace capable",
        "seed_type": "standard",
        "type": "bip32",
        "xprv": "xprv9s21ZrQH143K35J3SUFiEvBMAsgqAbSZgaEBKLPc31vtPjyBP29YVXNYaBP1GEu3EK7nQDAXcDcP6WkNH9ZyxUudC232TykA7Y51FunkrGi",
        "xpub": "xpub661MyMwAqRbcFZNWYVnic485iuXKa4AR3o9n7ioDbMTsGYJKvZTo3Kh2RSAKGFt9UBKigBVDXRRzzt1frEQFUjDaBHnTbdPqd13kvc2gMRz"
    },
    "labels": {},
    "payment_requests": {},
    "prevouts_by_scripthash": {},
    "seed_version": 50,
    "spent_outpoints": {},
    "transactions": {},
    "tx_fees": {},
    "txi": {},
    "txo": {},
    "use_encryption": false,
    "verified_tx3": {},
    "wallet_type": "standard"
}