{
    "addr_history": {
        "1274wkbLgX3HkEXmdK8mo62zQwNCh677cC": [],
        "12PU1yQRqFvxZdZY5oYs8ncRn73LUA9jpu": [],
        "14K7xcbpf8ncFzRBwmXg4jNEU2B6uhiesn": [],
        "14jvs7ZadvcWMib2wX7XWTzjpqCAv8Urej": [],
        "16b6BKdHKcpc8vBZkN73gPvvnX5PcCMErw": [],
        "176VdB8YCwGe2MKTgTTkaq2C4pSSEXaTgh": [],
        "17hSAFtd4EQtHK3i2ay8XWoAFK4c8ahY5A": [],
        "1887bVuKFghckbFhU3cUzMLH5oktHRgcer": [],
        "18RsEKFD1hhBaE1W9rbGkMGS4FeHfDf9QJ": [],
        "18qWdNaXoLfZEes6cmjarwAH9kqtEm4q6h": [],
        "19Qo5AN1RLosjctS2NPwCf9SDJ9Rru9aSA": [],
        "19fCSS6c5n4jDWKiokC2hL1cbbRwpnnug7": [],
        "19qMsMpuwrd7geo12pazM2ke7HnBcqsPpd": [],
        "1Ap4LUVbyaJ7N7iu3XmWxXY4rDn9aFAeQ2": [],
        "1BF8jLQ22CPNBFuBiCZXsyianyYQt8i3bD": [],
        "1BLPbWA6xCsnvJUnCBWWiS19Xrw23WcxmS": [],
        "1BchDCcVdBkuYWLfVRzfcZE45osucSMkRM": [],
        "1E3doHztRZUvuZCVNdvppwXX8oYNaHpLxZ": [],
        "1FVb11dao2zkYYW6eJoHX4Z7GfgfaicTDX": [],
        "1FbPSfwintY82aBQeSMbZvS6DG4yMBvKE5": [],
        "1GBkZ2Vbi8Ti9qXbuEMgHd7vQTGNDMFoVr": [],
        "1GMj33RFLsjehWvqDPpq4ZByhG2XBKv3cU": [],
        "1GgLCRxJJFu6CobNWaV2E1jy7GFGT3JKN7": [],
        "1JR7u7omy6dQFLRe679RbHSSxKzpVnX3JC": [],
        "1JdPbxeVNMDkvos4KwTWQZfjdZUR2YnuYp": [],
        "1KEFJX2vyYESkHz6sc34KE7KCWvgLoAuDa": [],
        "1KH6vofuJ7SM2vpoBchXRkvHHzAanwYuFy": [],
        "1MhVaXWyThLAcDMWbTqyAAmMLo2Jpos5vU": [],
        "1Mq8jxunzm7RKZhsrM6mfMMGad5Whja43e": [],
        "1MvTqTVw7yy1zrfLJFY8Z8P75cdzuz6U88": []
    },
    "addresses": {
        "change": [
            "19qMsMpuwrd7geo12pazM2ke7HnBcqsPpd",
            "18RsEKFD1hhBaE1W9rbGkMGS4FeHfDf9QJ",
            "1GBkZ2Vbi8Ti9qXbuEMgHd7vQTGNDMFoVr",
            "14jvs7ZadvcWMib2wX7XWTzjpqCAv8Urej",
            "1BLPbWA6xCsnvJUnCBWWiS19Xrw23WcxmS",
            "1FVb11dao2zkYYW6eJoHX4Z7GfgfaicTDX",
            "1KEFJX2vyYESkHz6sc34KE7KCWvgLoAuDa",
            "1Ap4LUVbyaJ7N7iu3XmWxXY4rDn9aFAeQ2",
            "17hSAFtd4EQtHK3i2ay8XWoAFK4c8ahY5A",
            "1Mq8jxunzm7RKZhsrM6mfMMGad5Whja43e"
        ],
        "receiving": [
            "1887bVuKFghckbFhU3cUzMLH5oktHRgcer",
            "1BchDCcVdBkuYWLfVRzfcZE45osucSMkRM",
            "1GMj33RFLsjehWvqDPpq4ZByhG2XBKv3cU",
            "1FbPSfwintY82aBQeSMbZvS6DG4yMBvKE5",
            "19Qo5AN1RLosjctS2NPwCf9SDJ9Rru9aSA",
            "1BF8jLQ22CPNBFuBiCZXsyianyYQt8i3bD",
            "1JdPbxeVNMDkvos4KwTWQZfjdZUR2YnuYp",
            "1KH6vofuJ7SM2vpoBchXRkvHHzAanwYuFy",
            "1E3doHztRZUvuZCVNdvppwXX8oYNaHpLxZ",
            "18qWdNaXoLfZEes6cmjarwAH9kqtEm4q6h",
            "16b6BKdHKcpc8vBZkN73gPvvnX5PcCMErw",
            "19fCSS6c5n4jDWKiokC2hL1cbbRwpnnug7",
            "1MhVaXWyThLAcDMWbTqyAAmMLo2Jpos5vU",
            "14K7xcbpf8ncFzRBwmXg4jNEU2B6uhiesn",
            "1JR7u7omy6dQFLRe679RbHSSxKzpVnX3JC",
            "12PU1yQRqFvxZdZY5oYs8ncRn73LUA9jpu",
            "1GgLCRxJJFu6CobNWaV2E1jy7GFGT3JKN7",
            "1MvTqTVw7yy1zrfLJFY8Z8P75cdzuz6U88",
            "1274wkbLgX3HkEXmdK8mo62zQwNCh677cC",
            "176VdB8YCwGe2MKTgTTkaq2C4pSSEXaTgh"
        ]
    },
    "fiat_value": {},
    "frozen_coins": {},
    "invoices": {},
    "keystore": {
        "derivation": "m",
        "pw_hash_version": 1,
        "root_fingerprint": "a5e3a926",
        "seed": "minor zone pool account remain combine shift claw medal settle grace capable",
        "seed_type": "standard",
        "type": "bip32",
        "xprv": "xprv9s21ZrQH143K3hY4s8pxV4BUbvVUTfAnyWjUcaY29GgJJXkH1gpg81DHtno8DQTCdZdBtALTQcjh7BbAn89BgFkwCMoRiLuBgSgFcW3aZq4",
        "xpub": "xpub661MyMwAqRbcGBcXyAMxrC8D9xKxs7teLjf5QxwdhcDHBL5RZE8vfoXmk5ktHxbiY8JazdjQYWsjq9qheBUHLbvx87uua4Nhp5pGgwLWKag"
    },
    "labels": {},
    "payment_requests": {},
    "prevouts_by_scripthash": {},
    "seed_version": 50,
    "spent_outpoints": {},
    "transactions": {},
    "tx_fees": {},
    "txi": {},
    "txo": {},
    "use_encryption": false,
    "verified_tx3": {},
    "wallet_type": "standard"
}