{
    "addr_history": {
        "bc1q0x77umn4r43tk5pptz6r86f9kjcghu3e878scq": [],
        "bc1q22twcydyjpdh2ke2yt77sc2aqlm5u5nm74dm58": [],
        "bc1q2t2wmu0vvk0upnrdnh7974zwmh7dmcssmm9nkx": [],
        "bc1q4jljuc3k7mv6j94dz4nqm54jxd8h282ryc6jej": [],
        "bc1q5589ty72nxg2ccpn6fc8w6m27eaqrw9m3l5xw4": [],
        "bc1q6wyyrtmtxxkyztw62900tr3a88qxwm0zvln2jf": [],
        "bc1q7ch45ngrcu8ccj8t5hgsnvjlddrqtyrnnq8xwe": [],
        "bc1q7e8ysgqgzfl8lwpvx234k5mt2s76uugn3a5u2e": [],
        "bc1q7rt8zkuc8e8l4vzx3t4hgr9l099l9nejjn6aq4": [],
        "bc1qakd56z94nh340gjv4z27mke84jzdlywr4z0md7": [],
        "bc1qcd8sal3r02pwz8x67s0uy2qmz960qgpp9cp9xx": [],
        "bc1qd4529km3zwsx0vx9wvnujcvxr5x63444v0lwga": [],
        "bc1qde8en4ugvfvq5z2ke8774fm3v35q08cnqq7syh": [],
        "bc1qh4c0c7gpyyncd7rt0c75nrmpj2u5hx6zqf5ajc": [],
        "bc1qh8ggpq9zqjzrag99wsw2kmz9kyqnhpy42uay4k": [],
        "bc1qjyjzx3j9wkja6tnyhdrrpq2pxur0fy52x66nsq": [],
        "bc1qk9n6kmuscp0q4t9fwds4pxvpe7xjyn3fjjrclu": [],
        "bc1qlss2zvlh6u0lxfw0n5jgmhctwn2ch4f6y049ae": [],
        "bc1qn5etzm8zhku9xjkc96q0wmkr9d6cduhlsavllt": [],
        "bc1qn63e0tdx5s5law6ldxup5zedvlhsd4nv45pe7h": [],
        "bc1qnhrcs339h9xdh8s58vem467e9l8n2fzvl628rc": [],
        "bc1qp8d7xelsm8fakj6dtn0qn95ayaudq5jtn62s6t": [],
        "bc1qplwjgu3faw7e4wzvxer9w8n3mlny82xj33uulf": [],
        "bc1qrcu4az4ekczfytxquywkfcfn4eazg5zzu5z4r6": [],
        "bc1qrznmwccqdul4drwnqkwhfl4nqm8j977c7yg4qc": [],
        "bc1qs2uesxnwn7vvn9tcr02td53cs48ljlarmtfztj": [],
        "bc1qt4trjlyamdp288rcpahey23fhl2gqvay2e5r5h": [],
        "bc1quf26z24r4xmc7tzm39ek8tv6hggfhxqjh7fz8x": [],
        "bc1quhrtmn5ekp4fe2fxkp0wyler3e4232jatvntkx": [],
        "bc1qukk02v078chzwfg6e5ncal35zhxpgcapj3e0tn": []
    },
    "addresses": {
        "change": [
            "bc1q7rt8zkuc8e8l4vzx3t4hgr9l099l9nejjn6aq4",
            "bc1qh8ggpq9zqjzrag99wsw2kmz9kyqnhpy42uay4k",
            "bc1qukk02v078chzwfg6e5ncal35zhxpgcapj3e0tn",
            "bc1q5589ty72nxg2ccpn6fc8w6m27eaqrw9m3l5xw4",
            "bc1qt4trjlyamdp288rcpahey23fhl2gqvay2e5r5h",
            "bc1qh4c0c7gpyyncd7rt0c75nrmpj2u5hx6zqf5ajc",
            "bc1q2t2wmu0vvk0upnrdnh7974zwmh7dmcssmm9nkx",
            "bc1qjyjzx3j9wkja6tnyhdrrpq2pxur0fy52x66nsq",
            "bc1quf26z24r4xmc7tzm39ek8tv6hggfhxqjh7fz8x",
            "bc1qs2uesxnwn7vvn9tcr02td53cs48ljlarmtfztj"
        ],
        "receiving": [
            "bc1qlss2zvlh6u0lxfw0n5jgmhctwn2ch4f6y049ae",
            "bc1qn5etzm8zhku9xjkc96q0wmkr9d6cduhlsavllt",
            "bc1qn63e0tdx5s5law6ldxup5zedvlhsd4nv45pe7h",
            "bc1qp8d7xelsm8fakj6dtn0qn95ayaudq5jtn62s6t",
            "bc1qnhrcs339h9xdh8s58vem467e9l8n2fzvl628rc",
            "bc1quhrtmn5ekp4fe2fxkp0wyler3e4232jatvntkx",
            "bc1q0x77umn4r43tk5pptz6r86f9kjcghu3e878scq",
            "bc1qd4529km3zwsx0vx9wvnujcvxr5x63444v0lwga",
            "bc1qrznmwccqdul4drwnqkwhfl4nqm8j977c7yg4qc",
            "bc1qk9n6kmuscp0q4t9fwds4pxvpe7xjyn3fjjrclu",
            "bc1q7ch45ngrcu8ccj8t5hgsnvjlddrqtyrnnq8xwe",
            "bc1q22twcydyjpdh2ke2yt77sc2aqlm5u5nm74dm58",
            "bc1qde8en4ugvfvq5z2ke8774fm3v35q08cnqq7syh",
            "bc1q6wyyrtmtxxkyztw62900tr3a88qxwm0zvln2jf",
            "bc1q4jljuc3k7mv6j94dz4nqm54jxd8h282ryc6jej",
            "bc1qakd56z94nh340gjv4z27mke84jzdlywr4z0md7",
            "bc1qrcu4az4ekczfytxquywkfcfn4eazg5zzu5z4r6",
            "bc1qcd8sal3r02pwz8x67s0uy2qmz960qgpp9cp9xx",
            "bc1q7e8ysgqgzfl8lwpvx234k5mt2s76uugn3a5u2e",
            "bc1qplwjgu3faw7e4wzvxer9w8n3mlny82xj33uulf"
        ]
    },
    "channels": {},
    "fiat_value": {},
    "frozen_coins": {},
    "imported_channel_backups": {},
    "invoices": {},
    "keystore": {
        "derivation": "m/0'",
        "pw_hash_version": 1,
        "root_fingerprint": "79e8fb76",
        "seed": "minor zone pool adapt remain combine direct claw medal settle grace capable",
        "seed_type": "segwit",
        "type": "bip32",
        "xprv": "zprvAZTePGSbSFGdtd3FxmMzAoDNRTJnYmek6wVxzz5EQvqxEoQVyD9G78hwEGkeBrGhFgaLLVvei4mWC991Go5sscwX24GvSWw14MSVhxyDsKT",
        "xpub": "zpub6nSznmyVGcpw777j4ntzXwA6yV9GxENbUARZoNUqyGNw7bjeWkTWew2R5XW76ivWk3oWSiPeCHNtBnJQMebLYCVgtF48Q4JBEtEG9srf5Ue"
    },
    "labels": {},
    "lightning_payments": {},
    "lightning_preimages": {},
    "lightning_xprv": "zprvAbWi2A9YsAsumBAfTCP6kYBHHX8vi1LsZwsk3Yh77a3KrE5qZYpKFnvuoP8PnJs5HyLEU23RS8bBBLmhVT9B342TeCdgR6XBXQ8ekFsiQjr",
    "onchain_channel_backups": {},
    "payment_requests": {},
    "prevouts_by_scripthash": {},
    "seed_version": 50,
    "spent_outpoints": {},
    "submarine_swaps": {},
    "transactions": {},
    "tx_fees": {},
    "txi": {},
    "txo": {},
    "use_encryption": false,
    "verified_tx3": {},
    "wallet_type": "standard"
}