{
    "addr_history": {
        "134aHPLR7Dv4Q5xQeUJSsZKb7aCXepCjEo": [],
        "13adnRC5D1qh37pg1z4wZqdunCHdmXDowG": [],
        "144qKJZLsqMUGA4Ebv4HHJQopgWsvZmVRL": [],
        "14rngcaFmExfAGr9SSLAwfroG3uZe364nt": [],
        "15aS9YesSKdoyuy42pHWMok5UcPDtQ1Cfv": [],
        "15q4Nw7VjSro3UFfNAgiZQgcC9RnJ9NdM4": [],
        "15qtNwSRqWfocyzD461QR1zDx7t1xNfsdK": [],
        "165Scmhz57X19jTdmzX8UAvKwLaYunDUy5": [],
        "17FRJPtxwq9pKi6P6nJ7DNYrkSRD6FfuVL": [],
        "17HBakS8y23MHEEqdNHMmht1g9LrDRCXUV": [],
        "17QPqGcLeN97QXePbQ9Ltna1jJbEE7L1Rf": [],
        "18pj2j4d93WkCEYXXeNWRUbRLFeJv2125u": [],
        "1BTscNhvuzX4rxjFujDMnk4sng6Np9GqZz": [],
        "1BiAh1sM2z1ADHbPngXfrS91NXnmcecHp4": [],
        "1CP9kU3LdfGSHTdYqHRgwgpxnbzEXav5JC": [],
        "1CabZSDWf1yymSNuDuj6yCyg8gWwHWTJ5a": [],
        "1DTS7o3SNu5E7uH2PjApnLVd71r3Tabx59": [],
        "1GQnF4TdKUBs1bThUptNwcqTjucdPSc76p": [],
        "1GZEk4mQRmz6cig97h4Nsf2nCRvynfYmde": [],
        "1GhGVvmsaWdhEcJkN5KB5eytauUNx6ZbUn": [],
        "1H2RDodKjdN5KmPgdUucNcjpjMz3t8yExK": [],
        "1L3J72YoBRyQ7eHmeiaGxFQa4HsMx4Z3Xr": [],
        "1LoH2aXq1iGb2zhd3VeAMA6yVVi2VXgmV7": [],
        "1M327YoDqKxz9imtH8r7HFE2TotMSV45cY": [],
        "1NVVuYFYDgid9VJww5d8Lq7QqJAomLEG8p": [],
        "1Nga8xE29cb74cVpjsdmRb7Emvws62gMTX": [],
        "1PfSEszzKpEsqbZUq1i7BmjH5cSB4PqtEK": [],
        "1Ph7KbNQK5dTRouVqH6SLmmb6fST6uTSNv": [],
        "1dv2EvvsxHj5t2PnzW8yNfTLWh7sq4zyt": [],
        "1tRSsRVDuKLFTF8sSoQXNNAaDzxWdKKEU": []
    },
    "addresses": {
        "change": [
            "1LoH2aXq1iGb2zhd3VeAMA6yVVi2VXgmV7",
            "1Ph7KbNQK5dTRouVqH6SLmmb6fST6uTSNv",
            "14rngcaFmExfAGr9SSLAwfroG3uZe364nt",
            "1BiAh1sM2z1ADHbPngXfrS91NXnmcecHp4",
            "1BTscNhvuzX4rxjFujDMnk4sng6Np9GqZz",
            "13adnRC5D1qh37pg1z4wZqdunCHdmXDowG",
            "1CabZSDWf1yymSNuDuj6yCyg8gWwHWTJ5a",
            "1DTS7o3SNu5E7uH2PjApnLVd71r3Tabx59",
            "1tRSsRVDuKLFTF8sSoQXNNAaDzxWdKKEU",
            "165Scmhz57X19jTdmzX8UAvKwLaYunDUy5"
        ],
        "receiving": [
            "17QPqGcLeN97QXePbQ9Ltna1jJbEE7L1Rf",
            "1PfSEszzKpEsqbZUq1i7BmjH5cSB4PqtEK",
            "134aHPLR7Dv4Q5xQeUJSsZKb7aCXepCjEo",
            "15q4Nw7VjSro3UFfNAgiZQgcC9RnJ9NdM4",
            "1NVVuYFYDgid9VJww5d8Lq7QqJAomLEG8p",
            "1M327YoDqKxz9imtH8r7HFE2TotMSV45cY",
            "1GZEk4mQRmz6cig97h4Nsf2nCRvynfYmde",
            "1GQnF4TdKUBs1bThUptNwcqTjucdPSc76p",
            "1H2RDodKjdN5KmPgdUucNcjpjMz3t8yExK",
            "1CP9kU3LdfGSHTdYqHRgwgpxnbzEXav5JC",
            "17HBakS8y23MHEEqdNHMmht1g9LrDRCXUV",
            "1L3J72YoBRyQ7eHmeiaGxFQa4HsMx4Z3Xr",
            "15qtNwSRqWfocyzD461QR1zDx7t1xNfsdK",
            "1GhGVvmsaWdhEcJkN5KB5eytauUNx6ZbUn",
            "1dv2EvvsxHj5t2PnzW8yNfTLWh7sq4zyt",
            "1Nga8xE29cb74cVpjsdmRb7Emvws62gMTX",
            "15aS9YesSKdoyuy42pHWMok5UcPDtQ1Cfv",
            "144qKJZLsqMUGA4Ebv4HHJQopgWsvZmVRL",
            "18pj2j4d93WkCEYXXeNWRUbRLFeJv2125u",
            "17FRJPtxwq9pKi6P6nJ7DNYrkSRD6FfuVL"
        ]
    },
    "fiat_value": {},
    "frozen_coins": {},
    "invoices": {},
    "keystore": {
        "derivation": "m",
        "pw_hash_version": 1,
        "root_fingerprint": "8c89265a",
        "seed": "minor zone pool balance remain combine issue claw medal settle grace capable",
        "seed_type": "standard",
        "type": "bip32",
        "xprv": "xprv9s21ZrQH143K2b4WRxvS6MPXaNAcQKeTfcaA5gmWemBMZD5fsFwTEiVyXHJf7YXncCytf9cPWV6CSFYuHvBcVdioukp8kYzCJUGbfhGkSYv",
        "xpub": "xpub661MyMwAqRbcF58yXzTSTVLG8Q16onNK2qVkt5B8D6iLS1QpQoFhnWpTNaDphfnR8iD7KH5FQ2ZEJ4cMFSceNESwBQupYyAPgyHkwAwJE71"
    },
    "labels": {},
    "payment_requests": {},
    "prevouts_by_scripthash": {},
    "seed_version": 50,
    "spent_outpoints": {},
    "transactions": {},
    "tx_fees": {},
    "txi": {},
    "txo": {},
    "use_encryption": false,
    "verified_tx3": {},
    "wallet_type": "standard"
}