{
    "addr_history": {
        "1126gBYYvn22CZCHkKF8Ffd2PH5RWroygU": [],
        "132Y2WNsYaiKKBEc4LNZz5FDFX52BFNX2w": [],
        "13B34MgnfLgqRfuisueM2BUw6qKnnkwtDd": [],
        "13NJLKm5RZLTgg9nsBukfq4NVfdfD8jaud": [],
        "13m8W2wwWKQ5GAxHbynsUNBMYknzsox9Xc": [],
        "13stMNQr1Yo9D8WNz4zNtGQUdiHujKsbs1": [],
        "14C4wYmeTazZR664s8zYGRKPUpCRD9kKKs": [],
        "14Vsg9D9Tk9tah9i9i4ZF7Ns6aMRgqPt7p": [],
        "153trcADPR2nZGn6UH59zY19jDbGF7Zy5D": [],
        "15pdMBox1cVJBnBvdHmHfaaTD8VPSrqsRm": [],
        "17YT2AymCnhi2HHGjkfFGxr5uUXGbvQLsA": [],
        "18THCUpDuguSnjGqjW7nNKr61KVgMqNH48": [],
        "18UKH5mNji6CCd2xyKP5kiGNmhpcphU1SX": [],
        "18vkk8K3uMjApZqECLUdzHdKSaKofhmp33": [],
        "19rCskfZVhE3FWGTyHz8o9qv8K5XcTLQfD": [],
        "1B2sJdKykrxinAYHkakbMky2L2pnywFMu": [],
        "1BNKmtMnKKEhhbUhL95kisiQhff7LkcnYt": [],
        "1CW4NtQyS6q3m31fDNYHQvZvXpyA2itFJ5": [],
        "1DY5nzdvy1F4kaZRnm1Wmoy7CPMTpRp7h8": [],
        "1E6rBAq8BhCqzKdBPnhdQSGHokgJ7tykuB": [],
        "1F7LChPLU86ST1JfmWqDnBRYCBQ2VSxmgv": [],
        "1Fj49co7bmRxUk6SphUb2MzDXNGSqcZCpy": [],
        "1H8kQqGX8y5xyZsMuMFtzUw3tnAjs5cgwn": [],
        "1HAbwADW71zximUA2F1iAqnPFaBAhmsdYR": [],
        "1HS3rD9koxjjHi4QNbfi5NMks2xZ4qVpGb": [],
        "1LbDFVgXzVVj1KZPQ5dGZmrXnPQa8sa3jF": [],
        "1MkFcU91z8BMitohfpHUsNuGRATzKu96HC": [],
        "1NcmcDoqXEjs6RrfxJMk772H9wbyf1jn24": [],
        "1NyYey8usBBnBd1FcJw3BuTDcEfqE3DBMU": [],
        "1mrEAFbVRxonmoqBLfHbiSWeV9e6MGMWe": []
    },
    "addresses": {
        "change": [
            "14C4wYmeTazZR664s8zYGRKPUpCRD9kKKs",
            "1B2sJdKykrxinAYHkakbMky2L2pnywFMu",
            "13m8W2wwWKQ5GAxHbynsUNBMYknzsox9Xc",
            "1DY5nzdvy1F4kaZRnm1Wmoy7CPMTpRp7h8",
            "1NyYey8usBBnBd1FcJw3BuTDcEfqE3DBMU",
            "1E6rBAq8BhCqzKdBPnhdQSGHokgJ7tykuB",
            "1126gBYYvn22CZCHkKF8Ffd2PH5RWroygU",
            "1HAbwADW71zximUA2F1iAqnPFaBAhmsdYR",
            "17YT2AymCnhi2HHGjkfFGxr5uUXGbvQLsA",
            "1BNKmtMnKKEhhbUhL95kisiQhff7LkcnYt"
        ],
        "receiving": [
            "153trcADPR2nZGn6UH59zY19jDbGF7Zy5D",
            "1CW4NtQyS6q3m31fDNYHQvZvXpyA2itFJ5",
            "1NcmcDoqXEjs6RrfxJMk772H9wbyf1jn24",
            "1Fj49co7bmRxUk6SphUb2MzDXNGSqcZCpy",
            "1H8kQqGX8y5xyZsMuMFtzUw3tnAjs5cgwn",
            "1MkFcU91z8BMitohfpHUsNuGRATzKu96HC",
            "18THCUpDuguSnjGqjW7nNKr61KVgMqNH48",
            "19rCskfZVhE3FWGTyHz8o9qv8K5XcTLQfD",
            "18vkk8K3uMjApZqECLUdzHdKSaKofhmp33",
            "1HS3rD9koxjjHi4QNbfi5NMks2xZ4qVpGb",
            "13B34MgnfLgqRfuisueM2BUw6qKnnkwtDd",
            "18UKH5mNji6CCd2xyKP5kiGNmhpcphU1SX",
            "13NJLKm5RZLTgg9nsBukfq4NVfdfD8jaud",
            "15pdMBox1cVJBnBvdHmHfaaTD8VPSrqsRm",
            "1F7LChPLU86ST1JfmWqDnBRYCBQ2VSxmgv",
            "132Y2WNsYaiKKBEc4LNZz5FDFX52BFNX2w",
            "1mrEAFbVRxonmoqBLfHbiSWeV9e6MGMWe",
            "1LbDFVgXzVVj1KZPQ5dGZmrXnPQa8sa3jF",
            "14Vsg9D9Tk9tah9i9i4ZF7Ns6aMRgqPt7p",
            "13stMNQr1Yo9D8WNz4zNtGQUdiHujKsbs1"
        ]
    },
    "fiat_value": {},
    "frozen_coins": {},
    "invoices": {},
    "keystore": {
        "derivation": "m",
        "pw_hash_version": 1,
        "root_fingerprint": "d59bbd59",
        "seed": "minor zone pool acid remain combine cricket claw medal settle grace capable",
        "seed_type": "standard",
        "type": "bip32",
        "xprv": "xprv9s21ZrQH143K2CcXJxMfz5sM6dkmre43xcGy3C4nxTXu7WaJ76binL6t7nx2wRgeXAa4MjSescP7wWPjK9mtubjCToBbbFTRktxCQYFADGc",
        "xpub": "xpub661MyMwAqRbcEggzQytgMDp5efbGG6muKqCZqaUQWo4szJuSeduyL8RMy4nN1wMXPZKTwfNWnt2xX9Kexefrq5cjC3VtUpon9m5DEEh2EXR"
    },
    "labels": {},
    "payment_requests": {},
    "prevouts_by_scripthash": {},
    "seed_version": 50,
    "spent_outpoints": {},
    "transactions": {},
    "tx_fees": {},
    "txi": {},
    "txo": {},
    "use_encryption": false,
    "verified_tx3": {},
    "wallet_type": "standard"
}