{
    "addr_history": {
        "12rY6WLr5dKa56eT77ijEAD67PBQNjbrGB": [],
        "13AYV7aEwtrvm7NsYYKC4q5pgxjcXmevir": [],
        "13pPukaJ3THDUY2AwXfQJW9nd9rsnL84Fv": [],
        "147AJtFGMcG7GmEinoU4eg5WEtacVXHb7Y": [],
        "14MgZdHJ8Y4FhRv4B2apg4c3W6ESM81C4L": [],
        "14njHzwNqmqqMzQNt1mTThUVVLtB4vorNo": [],
        "153NJEbVS6UHskGZUNSRpGJSNzP65eBNwP": [],
        "15CwDa2rFx2mg3gk9Wi6VbeqgPqDHwnsjH": [],
        "15S64fhjoVXjM3ETFrg7wrUXhVeF6hkyKu": [],
        "16ZY4yFunsRVroCmqdnXuEHg1WzrjwoTrd": [],
        "174EWWxJrk1me7cVaP9gFnoEkTezHFD7B9": [],
        "17T38ZfKZJxhSJKqkb9kHrR3YZEUpatqaM": [],
        "19JdtpgUbvq9N7aZYZZHoJv7x4HCwMUdig": [],
        "19tEkTL5Mf7gjneA5Jh5y118WUXpwN1wkK": [],
        "1AAjfYmYvVPwSRZJjXXwFUJdEja4YqHG1n": [],
        "1AdF9TgcXsur64yZpmsWkA1SdQccMucQeo": [],
        "1C8EN9Rk9vNoRBtZRGA9hrVB85BYdJQjFW": [],
        "1G3NDHP5Zf7FtemHbPXV4QqReKHJTSySh5": [],
        "1H9BzjSQedYv6dpuVvuARrYDCYA3BhN7o7": [],
        "1HKG35Pjc1tuTv4vBJvpknXyyf5KYWMiwZ": [],
        "1Hu2SwLYjRE8NMqfUr73V6XkeY6Ckg9ZMh": [],
        "1KLrbh54FAE7pjD1Ph3c86nvmZMQ6AQqiB": [],
        "1KTUPC9Hd6PsVpKsFDYenut7sEwzAsQfG7": [],
        "1L278urHLTNPbGHBsfFKPjCVBSnvhPuDGx": [],
        "1LdCLtcA5xWVqqGVQ2GBRDT6ChSzUGuh8D": [],
        "1NC23kpf357Hfva5sErfPD9kuXQcDYv8Mz": [],
        "1NW3nJHdBX6fv9XqyvHug5n48u8AZZ2dcB": [],
        "1Pso6FkRUHf5vcj9uvxUw9v4ErQwyyUEAy": [],
        "1QDgpKJey47cG6L6V2v1NTG6mSmJH2Lu7o": [],
        "1fBP1XqxKmKhW2g4xn82vFg2iJNNDSNjM": []
    },
    "addresses": {
        "change": [
            "1LdCLtcA5xWVqqGVQ2GBRDT6ChSzUGuh8D",
            "1NW3nJHdBX6fv9XqyvHug5n48u8AZZ2dcB",
            "1AdF9TgcXsur64yZpmsWkA1SdQccMucQeo",
            "174EWWxJrk1me7cVaP9gFnoEkTezHFD7B9",
            "14MgZdHJ8Y4FhRv4B2apg4c3W6ESM81C4L",
            "13AYV7aEwtrvm7NsYYKC4q5pgxjcXmevir",
            "1KLrbh54FAE7pjD1Ph3c86nvmZMQ6AQqiB",
            "147AJtFGMcG7GmEinoU4eg5WEtacVXHb7Y",
            "1QDgpKJey47cG6L6V2v1NTG6mSmJH2Lu7o",
            "1L278urHLTNPbGHBsfFKPjCVBSnvhPuDGx"
        ],
        "receiving": [
            "1HKG35Pjc1tuTv4vBJvpknXyyf5KYWMiwZ",
            "1AAjfYmYvVPwSRZJjXXwFUJdEja4YqHG1n",
            "19tEkTL5Mf7gjneA5Jh5y118WUXpwN1wkK",
            "1KTUPC9Hd6PsVpKsFDYenut7sEwzAsQfG7",
            "15S64fhjoVXjM3ETFrg7wrUXhVeF6hkyKu",
            "19JdtpgUbvq9N7aZYZZHoJv7x4HCwMUdig",
            "1Pso6FkRUHf5vcj9uvxUw9v4ErQwyyUEAy",
            "16ZY4yFunsRVroCmqdnXuEHg1WzrjwoTrd",
            "12rY6WLr5dKa56eT77ijEAD67PBQNjbrGB",
            "1fBP1XqxKmKhW2g4xn82vFg2iJNNDSNjM",
            "153NJEbVS6UHskGZUNSRpGJSNzP65eBNwP",
            "1G3NDHP5Zf7FtemHbPXV4QqReKHJTSySh5",
            "15CwDa2rFx2mg3gk9Wi6VbeqgPqDHwnsjH",
            "13pPukaJ3THDUY2AwXfQJW9nd9rsnL84Fv",
            "1C8EN9Rk9vNoRBtZRGA9hrVB85BYdJQjFW",
            "14njHzwNqmqqMzQNt1mTThUVVLtB4vorNo",
            "1Hu2SwLYjRE8NMqfUr73V6XkeY6Ckg9ZMh",
            "1H9BzjSQedYv6dpuVvuARrYDCYA3BhN7o7",
            "17T38ZfKZJxhSJKqkb9kHrR3YZEUpatqaM",
            "1NC23kpf357Hfva5sErfPD9kuXQcDYv8Mz"
        ]
    },
    "fiat_value": {},
    "frozen_coins": {},
    "invoices": {},
    "keystore": {
        "derivation": "m",
        "pw_hash_version": 1,
        "root_fingerprint": "69237bcf",
        "seed": "minor zone pool all remain combine always claw medal settle grace capable",
        "seed_type": "standard",
        "type": "bip32",
        "xprv": "xprv9s21ZrQH143K3TcsJPum5fY2HzbwYJSHrkkpkTdi9CV57be83iiobtKTNyFvHaieHeiewvjkuAPqD6rjXt8KLeGCqngHXurjcJw1mTLTYEw",
        "xpub": "xpub661MyMwAqRbcFwhLQRSmSoUkr2SRwmA9DygRYr3KhY23zPyGbG349gdwEGkkR3vbkKV5zTAdQTkikqshEjsnfhoiApwj98dLukkJnAP1dCw"
    },
    "labels": {},
    "payment_requests": {},
    "prevouts_by_scripthash": {},
    "seed_version": 50,
    "spent_outpoints": {},
    "transactions": {},
    "tx_fees": {},
    "txi": {},
    "txo": {},
    "use_encryption": false,
    "verified_tx3": {},
    "wallet_type": "standard"
}