{
    "addr_history": {
        "12Xx4AnEE4A6aAEuTwkiVfXaNpswbpojKJ": [],
        "12rpKgjSvGKdnibbueiuaomjvdnReKJTM2": [],
        "14ZZstvzd4e1AhvQrsUooisMkziBrk8p5k": [],
        "14yDYoWyoYDJ1XVT5ETKxAo97fGbmdLN99": [],
        "15qc2K8u8Bs7985zew8ATe8mVX2B7KGi9n": [],
        "15sxckZDMKWbKPxtVDXRgeTn2jXr3f7azB": [],
        "16SsSabMr6xcNJVUBH6cnycpk4K4j3imkL": [],
        "1739p7dUqVMm9z9WVe2X6HVi7azzrbdj9B": [],
        "17xtVghwqzmPEo7MhgQnyqyp6J9QrTAadP": [],
        "18M7HgoNq2MW6epLgWjonZfVcwES8ERoJC": [],
        "18xXqXyFucfhAcGZJhwz4j72pJcrz7Ue85": [],
        "1BCjuAF14TpHTE7Bd4wxhXYL3LyqZt7zB7": [],
        "1BWPercLHjj121SpTwN97Y6KrADRdvryZk": [],
        "1CsHpWUAP3Zm3JwF9wMRQtasNALsFZwUfm": [],
        "1D45UZs6LTwSwqqZsTNzaL54ty8TL1XyFt": [],
        "1DEAb16Xic1AKacSa4PxGmUooTDsofuZnu": [],
        "1DhMckz71SUAxGG6dxumcgsRRrfSd57ceZ": [],
        "1EbYD7qRSrugrXneoc64uA46JNy4iq1Psg": [],
        "1F67DechGYZ8bvVggdbnkpH6mnf6DEQe5k": [],
        "1GEw5bKXXD28AFvnoemsKdwWfKss3by5w8": [],
        "1H6Q9yuyQjHNgf64AqVgppAE56zRYDHAfm": [],
        "1HfPDDY6bWnhgBWFRpVrByhmW8Q1A44jaV": [],
        "1J2aP3kGJuujYYs1EMqQqTpMngrxdzPnjH": [],
        "1JmRfn5pNMcTyEGoP7jKgsuwxWAwWCLEpa": [],
        "1M4yGqXF9WsFBfc6ayxGuxBsFyDH6NDobX": [],
        "1MaPh7AP2t3am2rEm43hJVC5qG5YptiVow": [],
        "1MaYnHvDBwcJtesxXUQkaQz2S9HFns6rv2": [],
        "1MhEcggDuyzed2Qqm4Px4YWE96TxWt41Lj": [],
        "1P51wFsV9NPvX4V4sadFkT7iDjN9ncq5tH": [],
        "1PicfMrNm6r4acAL3m1rY2NdaHELL15cUz": []
    },
    "addresses": {
        "change": [
            "15qc2K8u8Bs7985zew8ATe8mVX2B7KGi9n",
            "1BWPercLHjj121SpTwN97Y6KrADRdvryZk",
            "1MhEcggDuyzed2Qqm4Px4YWE96TxWt41Lj",
            "14ZZstvzd4e1AhvQrsUooisMkziBrk8p5k",
            "1GEw5bKXXD28AFvnoemsKdwWfKss3by5w8",
            "12rpKgjSvGKdnibbueiuaomjvdnReKJTM2",
            "1EbYD7qRSrugrXneoc64uA46JNy4iq1Psg",
            "15sxckZDMKWbKPxtVDXRgeTn2jXr3f7azB",
            "12Xx4AnEE4A6aAEuTwkiVfXaNpswbpojKJ",
            "1HfPDDY6bWnhgBWFRpVrByhmW8Q1A44jaV"
        ],
        "receiving": [
            "1J2aP3kGJuujYYs1EMqQqTpMngrxdzPnjH",
            "1JmRfn5pNMcTyEGoP7jKgsuwxWAwWCLEpa",
            "1M4yGqXF9WsFBfc6ayxGuxBsFyDH6NDobX",
            "1D45UZs6LTwSwqqZsTNzaL54ty8TL1XyFt",
            "1MaYnHvDBwcJtesxXUQkaQz2S9HFns6rv2",
            "14yDYoWyoYDJ1XVT5ETKxAo97fGbmdLN99",
            "1739p7dUqVMm9z9WVe2X6HVi7azzrbdj9B",
            "16SsSabMr6xcNJVUBH6cnycpk4K4j3imkL",
            "1F67DechGYZ8bvVggdbnkpH6mnf6DEQe5k",
            "1P51wFsV9NPvX4V4sadFkT7iDjN9ncq5tH",
            "1PicfMrNm6r4acAL3m1rY2NdaHELL15cUz",
            "1BCjuAF14TpHTE7Bd4wxhXYL3LyqZt7zB7",
            "1H6Q9yuyQjHNgf64AqVgppAE56zRYDHAfm",
            "18M7HgoNq2MW6epLgWjonZfVcwES8ERoJC",
            "1CsHpWUAP3Zm3JwF9wMRQtasNALsFZwUfm",
            "17xtVghwqzmPEo7MhgQnyqyp6J9QrTAadP",
            "1DEAb16Xic1AKacSa4PxGmUooTDsofuZnu",
            "1DhMckz71SUAxGG6dxumcgsRRrfSd57ceZ",
            "18xXqXyFucfhAcGZJhwz4j72pJcrz7Ue85",
            "1MaPh7AP2t3am2rEm43hJVC5qG5YptiVow"
        ]
    },
    "fiat_value": {},
    "frozen_coins": {},
    "invoices": {},
    "keystore": {
        "derivation": "m",
        "pw_hash_version": 1,
        "root_fingerprint": "39efe1ce",
        "seed": "minor zone pool awful remain combine almost claw medal settle grace capable",
        "seed_type": "standard",
        "type": "bip32",
        "xprv": "xprv9s21ZrQH143K2G9eTJt96iAGq55vTjTZj5trDjyoafDj9YkwUveLxsJsz4kTkTurGfu1X3jSkobQhkSJakRxmVkVRjejGja4TecVApnn2Ec",
        "xpub": "xpub661MyMwAqRbcEkE7ZLR9Tr71P6vQsCBR6JpT28PR8zki2M662TxbWfdMqLJnrCdig6nJNeNzdLhpSAJXZZUtfa9oe9nbcdjNysQsyNyoY54"
    },
    "labels": {},
    "payment_requests": {},
    "prevouts_by_scripthash": {},
    "seed_version": 50,
    "spent_outpoints": {},
    "transactions": {},
    "tx_fees": {},
    "txi": {},
    "txo": {},
    "use_encryption": false,
    "verified_tx3": {},
    "wallet_type": "standard"
}