{
    "addr_history": {
        "13k2gbUQH8NhwPmqqNCXyDfUggsKRks6at": [],
        "16DTKvcrUFyJkD8PyRBCXj5SBVwVzqzxmC": [],
        "176g7sX8G8n59PjJ99NtRAyKCZV3hjvZ2g": [],
        "17H1oKzSxXc1aXu4hPTgDgfa2zH8cpuguZ": [],
        "17KjfKD8Wr1PxAbbN4R9okTdrNZ9WHX7G6": [],
        "18GeexJpHPZfWGf9uUgpFtLpuSCvRK2DL6": [],
        "18ur9XTNciqvsZKJgQfAcap1cBnPf5YACE": [],
        "19UMysgibyukC42f48PUKxkGjThvhvyQMH": [],
        "1ASqDSsCNPVr3v8hyjKc9HNxLnyhaskW6Q": [],
        "1BHSPLCfDSNtSxS7BdYGAvm4Q59YsVPcAp": [],
        "1DUW8Y2GuQ9aoSfNFuzPtbmk3ciYnvCP6p": [],
        "1DscrXuWJHMhW7JQd6NhxD52zdB8z2UMu5": [],
        "1EAwPP5DbfX9McAiJeR9C4ivPpCevMPX54": [],
        "1EKZEw9KhpDJhghEVEKm4xYEe9V5R1x8PH": [],
        "1FrFZtLg8KoLJwmQR3zCAeqMJsEDFjFp47": [],
        "1HFvdeRGy6kiG2cDPwzbVoGqA4mu5rE3PY": [],
        "1HxtS68r8uxtf5CxqLbbZEcvbaax4h8bU2": [],
        "1K9SrHLcykyLYPro62Rv3eo5JfBCwRjJDz": [],
        "1KLAixCNVrgUDj61bAt7kJY83hzunU89S8": [],
        "1KseZSKjKz5sEm6Pvxbj19PVr7QJFyKabv": [],
        "1KtyD6DizQEfFJPcFy5rRXwKHpKGPP7GXp": [],
        "1LAcqoixhodPyQ6No31TNDnhyn5WkPNyKe": [],
        "1Lme7qNvUvv5tD6xn3rSsziZ8KATxMH6NM": [],
        "1NeSEMn9XYoSGJi8kVoKVCdWs7jUyijWnS": [],
        "1NhRuYfHpWU2Y1dXM96G3rN5PA6iuSq7ne": [],
        "1NtgTvNmXSzw55j57NgP2KUvwUyB5WpS1g": [],
        "1PCadpPWvyLZeXaZkRWLwHqbh2mZh1s3Gd": [],
        "1PtBnLZq8GCVUJen9MubS1KrExUj6dSe5g": [],
        "1PtkN6tLVnGSUbjfocEsBcv594vdYeKU7N": [],
        "1QCCJhHtT6jtZ6eXKEJK7zpMhNQw132K9s": []
    },
    "addresses": {
        "change": [
            "1HxtS68r8uxtf5CxqLbbZEcvbaax4h8bU2",
            "1BHSPLCfDSNtSxS7BdYGAvm4Q59YsVPcAp",
            "1NtgTvNmXSzw55j57NgP2KUvwUyB5WpS1g",
            "1PtkN6tLVnGSUbjfocEsBcv594vdYeKU7N",
            "17H1oKzSxXc1aXu4hPTgDgfa2zH8cpuguZ",
            "1KseZSKjKz5sEm6Pvxbj19PVr7QJFyKabv",
            "1NeSEMn9XYoSGJi8kVoKVCdWs7jUyijWnS",
            "13k2gbUQH8NhwPmqqNCXyDfUggsKRks6at",
            "1LAcqoixhodPyQ6No31TNDnhyn5WkPNyKe",
            "1K9SrHLcykyLYPro62Rv3eo5JfBCwRjJDz"
        ],
        "receiving": [
            "176g7sX8G8n59PjJ99NtRAyKCZV3hjvZ2g",
            "19UMysgibyukC42f48PUKxkGjThvhvyQMH",
            "1KLAixCNVrgUDj61bAt7kJY83hzunU89S8",
            "1DUW8Y2GuQ9aoSfNFuzPtbmk3ciYnvCP6p",
            "1KtyD6DizQEfFJPcFy5rRXwKHpKGPP7GXp",
            "18GeexJpHPZfWGf9uUgpFtLpuSCvRK2DL6",
            "1PtBnLZq8GCVUJen9MubS1KrExUj6dSe5g",
            "1DscrXuWJHMhW7JQd6NhxD52zdB8z2UMu5",
            "16DTKvcrUFyJkD8PyRBCXj5SBVwVzqzxmC",
            "18ur9XTNciqvsZKJgQfAcap1cBnPf5YACE",
            "1FrFZtLg8KoLJwmQR3zCAeqMJsEDFjFp47",
            "1HFvdeRGy6kiG2cDPwzbVoGqA4mu5rE3PY",
            "1EAwPP5DbfX9McAiJeR9C4ivPpCevMPX54",
            "1NhRuYfHpWU2Y1dXM96G3rN5PA6iuSq7ne",
            "1QCCJhHtT6jtZ6eXKEJK7zpMhNQw132K9s",
            "1EKZEw9KhpDJhghEVEKm4xYEe9V5R1x8PH",
            "1PCadpPWvyLZeXaZkRWLwHqbh2mZh1s3Gd",
            "17KjfKD8Wr1PxAbbN4R9okTdrNZ9WHX7G6",
            "1ASqDSsCNPVr3v8hyjKc9HNxLnyhaskW6Q",
            "1Lme7qNvUvv5tD6xn3rSsziZ8KATxMH6NM"
        ]
    },
    "fiat_value": {},
    "frozen_coins": {},
    "invoices": {},
    "keystore": {
        "derivation": "m",
        "pw_hash_version": 1,
        "root_fingerprint": "0f6bc8c8",
        "seed": "minor zone pool across remain combine model claw medal settle grace capable",
        "seed_type": "standard",
        "type": "bip32",
        "xprv": "xprv9s21ZrQH143K2LsDFJ5ctHmDgqxhJCh7PQAKQMC72f67pYryWZK9bb9L2gXz7m86UHZJHBkwGPfSVaFQHvzesHimRy28867SjLi3GudFkb7",
        "xpub": "xpub661MyMwAqRbcEpwgMKcdFRhxEsoBhfQxkd5vCjbiazd6hMC846dQ9PTosyXd4Y7vxnBuarHpV1cxDoTTuiGVzH8xQgrSSi3A1HBrDdWU2Gv"
    },
    "labels": {},
    "payment_requests": {},
    "prevouts_by_scripthash": {},
    "seed_version": 50,
    "spent_outpoints": {},
    "transactions": {},
    "tx_fees": {},
    "txi": {},
    "txo": {},
    "use_encryption": false,
    "verified_tx3": {},
    "wallet_type": "standard"
}