{
    "addr_history": {
        "114sXmZRfB6DFQ5dKtgxt94JZk7iPYXgfG": [],
        "12SMSPxGGAXx3kHtrVewMnPZr45CLuuK6C": [],
        "13bPu1RuyeJDN7z9MmjTmtzBAZ7xf8HKJ2": [],
        "142WLvpAiRLRHbBRM8rbnTaUpK4EoiKTWN": [],
        "14HxgqUtUM3PsSbyDjtHAKiJrMKtee3C79": [],
        "15XeaT1uHa2FTCMWhAkzuVKuYi3VuvbBbd": [],
        "15bAjFPmaHGasBNoVgqeRruA9nCmvNW3wy": [],
        "16M74ds9bE4LSZSuzNhJUgbLwrmZWiojw7": [],
        "16ztReHf3JQBpnkiakFPKaeWgyKXx6yyio": [],
        "18Gd6Tgds6K3HK4ndktBZ9uqeVeVuXqkea": [],
        "18LUHsHjJq4tikr79bEaJ2Pi9Z6FuWXLtd": [],
        "18kDtsRsAi4jw4oUDSGNSd2FXXKCQ3pkWs": [],
        "19RsRsnfYEqmMMJVeNbnfwDufkXwJpuVyQ": [],
        "19TjbXBHbSGaCkqR7rnCKuzWEud7ZLftCh": [],
        "1A2agWiCKrvPiPJKR8qVxFg4FXYqXsUVHm": [],
        "1AFTbqEztkUybqMCf1h6z1KRCbPMbnEZyB": [],
        "1AMNWgAbzEAsk3J2gUCCoptmtXAxMDTZpZ": [],
        "1B9qopCKaKdkarSc5yeWmpxWeS8Ehj7N5L": [],
        "1DiMTBR69yymQ5duUqRLPVzU8g9Yd92UVz": [],
        "1F9dtbjfrMSroh1pbbQfuKxhAhdbMjvQg2": [],
        "1G31HDNhvHCX4Qqi2cgYgkm7T6SrHdypp5": [],
        "1GtzUpMf63VoZH9WBU6rJZDxAyGcdKbrru": [],
        "1GuGLDRf1Dr7m5w55Hks59gTP1XFFfEtGe": [],
        "1HxwvWyE4SwHZgTaDBCjT2hCMggXRundER": [],
        "1Kdvrz6mRxitGGcJmoxVHyhtFJHPE8KL1h": [],
        "1LGWK9F3m1kKHTd3b9vuVLHgwrhAEtu1h1": [],
        "1LsKYDkfeNd4Bs1GfLKTzrHzxyCDudrfpV": [],
        "1NPjzFf8NyAzVDjXfEj4MnVZpJRDck3RCQ": [],
        "1PouHZkJjpz3eGnt848JhJRjwfCDKsiFQS": [],
        "1cY5eQYmUcbNZgVdMrfKQUrQERagpkuUs": []
    },
    "addresses": {
        "change": [
            "18kDtsRsAi4jw4oUDSGNSd2FXXKCQ3pkWs",
            "18LUHsHjJq4tikr79bEaJ2Pi9Z6FuWXLtd",
            "1G31HDNhvHCX4Qqi2cgYgkm7T6SrHdypp5",
            "1AFTbqEztkUybqMCf1h6z1KRCbPMbnEZyB",
            "142WLvpAiRLRHbBRM8rbnTaUpK4EoiKTWN",
            "114sXmZRfB6DFQ5dKtgxt94JZk7iPYXgfG",
            "1GuGLDRf1Dr7m5w55Hks59gTP1XFFfEtGe",
            "1AMNWgAbzEAsk3J2gUCCoptmtXAxMDTZpZ",
            "1A2agWiCKrvPiPJKR8qVxFg4FXYqXsUVHm",
            "1LGWK9F3m1kKHTd3b9vuVLHgwrhAEtu1h1"
        ],
        "receiving": [
            "1Kdvrz6mRxitGGcJmoxVHyhtFJHPE8KL1h",
            "15bAjFPmaHGasBNoVgqeRruA9nCmvNW3wy",
            "1B9qopCKaKdkarSc5yeWmpxWeS8Ehj7N5L",
            "16ztReHf3JQBpnkiakFPKaeWgyKXx6yyio",
            "1PouHZkJjpz3eGnt848JhJRjwfCDKsiFQS",
            "1NPjzFf8NyAzVDjXfEj4MnVZpJRDck3RCQ",
            "18Gd6Tgds6K3HK4ndktBZ9uqeVeVuXqkea",
            "1GtzUpMf63VoZH9WBU6rJZDxAyGcdKbrru",
            "1DiMTBR69yymQ5duUqRLPVzU8g9Yd92UVz",
            "1HxwvWyE4SwHZgTaDBCjT2hCMggXRundER",
            "1cY5eQYmUcbNZgVdMrfKQUrQERagpkuUs",
            "1F9dtbjfrMSroh1pbbQfuKxhAhdbMjvQg2",
            "15XeaT1uHa2FTCMWhAkzuVKuYi3VuvbBbd",
            "13bPu1RuyeJDN7z9MmjTmtzBAZ7xf8HKJ2",
            "19RsRsnfYEqmMMJVeNbnfwDufkXwJpuVyQ",
            "19TjbXBHbSGaCkqR7rnCKuzWEud7ZLftCh",
            "14HxgqUtUM3PsSbyDjtHAKiJrMKtee3C79",
            "12SMSPxGGAXx3kHtrVewMnPZr45CLuuK6C",
            "16M74ds9bE4LSZSuzNhJUgbLwrmZWiojw7",
            "1LsKYDkfeNd4Bs1GfLKTzrHzxyCDudrfpV"
        ]
    },
    "fiat_value": {},
    "frozen_coins": {},
    "invoices": {},
    "keystore": {
        "derivation": "m",
        "pw_hash_version": 1,
        "root_fingerprint": "ec21a901",
        "seed": "minor zone pool alley remain combine couch claw medal settle grace capable",
        "seed_type": "standard",
        "type": "bip32",
        "xprv": "xprv9s21ZrQH143K2Q6VQJb5CKCgt8FWEv9CBJgjfzq29iFzHD3DZEqr9H3b5mADDZgBMUYhBVWfRWuWXuwbdgcpG7ce52iS4GqWKqwv84uTmZq",
        "xpub": "xpub661MyMwAqRbcEtAxWL85ZT9RSA5zeNs3YXcLUPEdi3nyA1NN6nA6h5N4w1eFKNshkoLGDQchUCV8NYN4NP4auJSjF77Wd6EMdCvRdAp3LqZ"
    },
    "labels": {},
    "payment_requests": {},
    "prevouts_by_scripthash": {},
    "seed_version": 50,
    "spent_outpoints": {},
    "transactions": {},
    "tx_fees": {},
    "txi": {},
    "txo": {},
    "use_encryption": false,
    "verified_tx3": {},
    "wallet_type": "standard"
}