{
    "addr_history": {
        "133gnSngypAudjMQnPcvYM69TEGBLnEW24": [],
        "14yDpw5Zwxqxuqw4RWgDKeFrk8gXGKF3Ww": [],
        "15UisbvQApVhXHCSDq6Xj3guuJJt29MrVm": [],
        "15bHV6SJDCiFKYCdzwrpTHi47TtNkW5vRs": [],
        "15uaC9vfHKtb1F4LkqRqvxNUniBd5cZgZd": [],
        "16eNFP37Dv2kkeJ8QqAwryMzCEQYAuZiLK": [],
        "16uLJ8CdcTNd9JveaCGC7bV5hhV6f448a3": [],
        "1924Up1bjC9BXLaW8wzgSZvksn24Q4cACt": [],
        "19LDEXA8b7w2WRL6Q2LrAWGJsTmjHjzPTj": [],
        "19U8G1ioHUdhYbUwBKC9LWuNtiZc72VipZ": [],
        "1A7CDNMA7ZkKZZT25n7PmGZs4MH1WyAKa7": [],
        "1B8GuCDmKTSFuiEkKMQthh1Sh7Pgk6Wkkk": [],
        "1BL5HgkxsdQMQxBHar4XAp8S38b8byZ1Gs": [],
        "1BnLMLXeLqMV6dSwy2y1xtbGksK4VrnHoz": [],
        "1ByoPbFDwFTDhbJGvT7Qvxsqvfmou2uQXb": [],
        "1C7JrLm3awWSHsXWi4JLN7sumUuVafJS65": [],
        "1ChgkbNJUXfMkkPoHJCnP5WEK3w8uDDzap": [],
        "1D8VcS54bZTfPEztVbnEYctiX4M3bybHxS": [],
        "1D8q1EwKBAc4PTgZ5FXm5YXss5tEDgzxPB": [],
        "1DuWQRRyeuuMoWbqmqFT5jrS2nBjRDjHCA": [],
        "1ECRVy7XuWoEMRjgMKaqF19UyPb9opoeHZ": [],
        "1F26Wnnsia9n9SvcwJK8PUVJ1EHyRFBmVp": [],
        "1FakgGD3upGenFduQuWPF63PADWYY7nRQL": [],
        "1GUQFMwyYKoqEV3EH8QMAugN8dFXDumeyd": [],
        "1JZjU2S9BgX3ZZD5aDVeyqfA5PfLUrnBz4": [],
        "1K4Tvw4LVYQVA3rjVv6JS2tRR1czajpNUQ": [],
        "1LKZWfwRo84bwxC1epwpUvAU6k18s4KBV9": [],
        "1Lfv5AU1qaLdBcUiWXn3gXr8a6g1Pkwwgs": [],
        "1PNTdKay2vKxwfk5cyP9XvJGkjCb1cL4SA": [],
        "1PgZZeVVTu2GxHBsdRMNQM9Zu2HvMcbcbC": []
    },
    "addresses": {
        "change": [
            "1K4Tvw4LVYQVA3rjVv6JS2tRR1czajpNUQ",
            "1BL5HgkxsdQMQxBHar4XAp8S38b8byZ1Gs",
            "1FakgGD3upGenFduQuWPF63PADWYY7nRQL",
            "15uaC9vfHKtb1F4LkqRqvxNUniBd5cZgZd",
            "1D8VcS54bZTfPEztVbnEYctiX4M3bybHxS",
            "1GUQFMwyYKoqEV3EH8QMAugN8dFXDumeyd",
            "1PNTdKay2vKxwfk5cyP9XvJGkjCb1cL4SA",
            "15UisbvQApVhXHCSDq6Xj3guuJJt29MrVm",
            "1PgZZeVVTu2GxHBsdRMNQM9Zu2HvMcbcbC",
            "14yDpw5Zwxqxuqw4RWgDKeFrk8gXGKF3Ww"
        ],
        "receiving": [
            "19U8G1ioHUdhYbUwBKC9LWuNtiZc72VipZ",
            "1D8q1EwKBAc4PTgZ5FXm5YXss5tEDgzxPB",
            "1ByoPbFDwFTDhbJGvT7Qvxsqvfmou2uQXb",
            "16eNFP37Dv2kkeJ8QqAwryMzCEQYAuZiLK",
            "15bHV6SJDCiFKYCdzwrpTHi47TtNkW5vRs",
            "19LDEXA8b7w2WRL6Q2LrAWGJsTmjHjzPTj",
            "1LKZWfwRo84bwxC1epwpUvAU6k18s4KBV9",
            "1A7CDNMA7ZkKZZT25n7PmGZs4MH1WyAKa7",
            "133gnSngypAudjMQnPcvYM69TEGBLnEW24",
            "16uLJ8CdcTNd9JveaCGC7bV5hhV6f448a3",
            "1924Up1bjC9BXLaW8wzgSZvksn24Q4cACt",
            "1F26Wnnsia9n9SvcwJK8PUVJ1EHyRFBmVp",
            "1B8GuCDmKTSFuiEkKMQthh1Sh7Pgk6Wkkk",
            "1BnLMLXeLqMV6dSwy2y1xtbGksK4VrnHoz",
            "1JZjU2S9BgX3ZZD5aDVeyqfA5PfLUrnBz4",
            "1ChgkbNJUXfMkkPoHJCnP5WEK3w8uDDzap",
            "1DuWQRRyeuuMoWbqmqFT5jrS2nBjRDjHCA",
            "1Lfv5AU1qaLdBcUiWXn3gXr8a6g1Pkwwgs",
            "1C7JrLm3awWSHsXWi4JLN7sumUuVafJS65",
            "1ECRVy7XuWoEMRjgMKaqF19UyPb9opoeHZ"
        ]
    },
    "fiat_value": {},
    "frozen_coins": {},
    "invoices": {},
    "keystore": {
        "derivation": "m",
        "pw_hash_version": 1,
        "root_fingerprint": "8ea243bf",
        "seed": "minor zone pool arctic remain combine lady claw medal settle grace capable",
        "seed_type": "standard",
        "type": "bip32",
        "xprv": "xprv9s21ZrQH143K2CKJY4Trsm5QoMsgZW7osqNydXs9fxPEKKzsAmCANsyPsbDVkYQgn3hVEeyejvDRpL9C6vvW4eShnqucNzaQGg9riYsESka",
        "xpub": "xpub661MyMwAqRbcEgPme5zsEu29MPiAxxqfF4JaRvGmEHvDC8L1iJWQvgHsir18YuArPjUS4xaswVgSzgraBcVhRpYe5c4HxJCT82JLB6RiPCA"
    },
    "labels": {},
    "payment_requests": {},
    "prevouts_by_scripthash": {},
    "seed_version": 50,
    "spent_outpoints": {},
    "transactions": {},
    "tx_fees": {},
    "txi": {},
    "txo": {},
    "use_encryption": false,
    "verified_tx3": {},
    "wallet_type": "standard"
}