{
    "addr_history": {
        "12K1uh79UqjC1yUJ5thB95ip9LpLwVAwmv": [],
        "12hKuqBpY4xVUuhtAMi968YCXhBo12Mu8u": [],
        "13j1G8SGzqeYTgHPtiuvaucJWPYPJcr8xc": [],
        "14ptE4cq5veP4QComjxLZu2k5H3v4ZmzD9": [],
        "16YqB7rD3A42vDzs28B1D9kBHctZVTdEvQ": [],
        "17GKqqbZbNB8cHaaVogoN59zXbriThhmvx": [],
        "17LYJYNqRK9abuEf13YosH4bsMh94FfaD9": [],
        "19CQa4B27AKkDh83993KbPBCdDZiEMKKDo": [],
        "1AG6j77G7KxLdEVMRnvbFKmpmPd9GU4BxD": [],
        "1BK4PxieADbbFP3rQhQvnMmXrGid47DoJu": [],
        "1BieKVMiCuqsHr1SD5bBYtM4skcV6VsgDq": [],
        "1CMEtgcrQeb7SrCUfmvfbmLLNeBuaJ3nEz": [],
        "1D498etYkL1gmMp8iGhpccj2anmghdDCrA": [],
        "1DwSXJFmoo67duu2vTGVKGeBkmHd6PKwKe": [],
        "1EKvJ1ShkNtbWJqDXEBH7RG9hbj41ridMV": [],
        "1Ec9UuWu9CvzjAqEdSmjTHRSSxX5WVeiK6": [],
        "1FUX5HUwJoNe9HQgpBtAX5ojLQtB2jr2gH": [],
        "1FqkZ6kCKkJv4RHfxTBu32d5q7LiGAYxSy": [],
        "1HG5Aic1Wec9j71TDgw6dSCr75kfC4X8JX": [],
        "1HpUbuXebchanTorcn5PQp4CMtdeuVyM42": [],
        "1JeG45K4VmJMZ3GTxfE8kVkzLLfhjG2UJz": [],
        "1M3Vkz9xRTiD5z5ZjxEZDroe5sSzEB5sBD": [],
        "1MVUrVrrrDzsFtQpfJgGM2Jya2jzqa71zg": [],
        "1NZfgfcXSPeHUN9qcfeD1JVL9nFH69UicF": [],
        "1NoWGN2RSJNBRfwsejkLw8dMTyJ99jgkKD": [],
        "1Ns1k8bmgFXrinY9MU3Phyzndn1JNoFJQ8": [],
        "1UGJvYt87jirLYzLCHjTtg6Y2bTpCg61G": [],
        "1UMgJd29aLw27akMSCDpXzXoBpGYBXXdi": [],
        "1Zv11KFtH1ECar2b96EWofej7q2xdm6Db": [],
        "1aovdBeicncBiSBM3N6FSJ6VoeHUzvrAC": []
    },
    "addresses": {
        "change": [
            "1FqkZ6kCKkJv4RHfxTBu32d5q7LiGAYxSy",
            "16YqB7rD3A42vDzs28B1D9kBHctZVTdEvQ",
            "1JeG45K4VmJMZ3GTxfE8kVkzLLfhjG2UJz",
            "1UGJvYt87jirLYzLCHjTtg6Y2bTpCg61G",
            "1NoWGN2RSJNBRfwsejkLw8dMTyJ99jgkKD",
            "1AG6j77G7KxLdEVMRnvbFKmpmPd9GU4BxD",
            "19CQa4B27AKkDh83993KbPBCdDZiEMKKDo",
            "1UMgJd29aLw27akMSCDpXzXoBpGYBXXdi",
            "12K1uh79UqjC1yUJ5thB95ip9LpLwVAwmv",
            "1D498etYkL1gmMp8iGhpccj2anmghdDCrA"
        ],
        "receiving": [
            "1HG5Aic1Wec9j71TDgw6dSCr75kfC4X8JX",
            "1aovdBeicncBiSBM3N6FSJ6VoeHUzvrAC",
            "1FUX5HUwJoNe9HQgpBtAX5ojLQtB2jr2gH",
            "1HpUbuXebchanTorcn5PQp4CMtdeuVyM42",
            "1Ec9UuWu9CvzjAqEdSmjTHRSSxX5WVeiK6",
            "14ptE4cq5veP4QComjxLZu2k5H3v4ZmzD9",
            "1CMEtgcrQeb7SrCUfmvfbmLLNeBuaJ3nEz",
            "13j1G8SGzqeYTgHPtiuvaucJWPYPJcr8xc",
            "1M3Vkz9xRTiD5z5ZjxEZDroe5sSzEB5sBD",
            "17LYJYNqRK9abuEf13YosH4bsMh94FfaD9",
            "1NZfgfcXSPeHUN9qcfeD1JVL9nFH69UicF",
            "17GKqqbZbNB8cHaaVogoN59zXbriThhmvx",
            "1BK4PxieADbbFP3rQhQvnMmXrGid47DoJu",
            "1DwSXJFmoo67duu2vTGVKGeBkmHd6PKwKe",
            "1Ns1k8bmgFXrinY9MU3Phyzndn1JNoFJQ8",
            "1BieKVMiCuqsHr1SD5bBYtM4skcV6VsgDq",
            "1MVUrVrrrDzsFtQpfJgGM2Jya2jzqa71zg",
            "1Zv11KFtH1ECar2b96EWofej7q2xdm6Db",
            "12hKuqBpY4xVUuhtAMi968YCXhBo12Mu8u",
            "1EKvJ1ShkNtbWJqDXEBH7RG9hbj41ridMV"
        ]
    },
    "fiat_value": {},
    "frozen_coins": {},
    "invoices": {},
    "keystore": {
        "derivation": "m",
        "pw_hash_version": 1,
        "root_fingerprint": "69bab40b",
        "seed": "minor zone pool ankle remain combine again claw medal settle grace capable",
        "seed_type": "standard",
        "type": "bip32",
        "xprv": "xprv9s21ZrQH143K4TBVq2549UPr7Rt8TdAYTYgLcyNJWDvy6H7BKyfKB3jFFD2jtAC36YWG36jjziWMMBqB7epNSZ81XbAoDKQyi6er2zNtW2R",
        "xpub": "xpub661MyMwAqRbcGwFxw3c4WcLafTics5tPpmbwRMmv4ZTwy5SKsWyZir3j6W25PDtdjnXjrLwxY4u3b6Qo3MV6NUg4baUBgUbmf9xAjqXwM18"
    },
    "labels": {},
    "payment_requests": {},
    "prevouts_by_scripthash": {},
    "seed_version": 50,
    "spent_outpoints": {},
    "transactions": {},
    "tx_fees": {},
    "txi": {},
    "txo": {},
    "use_encryption": false,
    "verified_tx3": {},
    "wallet_type": "standard"
}