{
    "addr_history": {
        "12EVzwuHS4jPqjFoBkkRqfSPJc9KzW7wSi": [],
        "12NfndtRA5j9owwMRqg17Y67HNAFG428DE": [],
        "12Qif7TVxh47BKfRaGHm1Ymhe348qu3rmi": [],
        "14DwXskKWbETzBfXuhKSRJ3PoJtVLFY2mS": [],
        "14qMsA85b5xUeyMeYFSPPcTsnosiJrG2Fq": [],
        "15MAcCaBj85CyDtG51PzzgsCnWkEjFPUMd": [],
        "17z8SFxr74wKp8iQUa9JzmJYmeCHvsf77t": [],
        "195bwwu3Sno591ysjYKYJhzzMfy5Us2EJi": [],
        "19ycDRNZUXZHmcXdaAVRhXdMUvP7Ufr5V7": [],
        "1AugHSGX6TPszPGzdYtXKPCUp7rWnD83Sf": [],
        "1Cf33wrNF8K5J6Bk6C6B9YoxXs9mrKCfXs": [],
        "1DjZoanCacQLndQ7SfRfXuJFkxCa5gDFVZ": [],
        "1E2RySscZtgXP1kXMksQ2cAbva6VW8JdRW": [],
        "1ECfj2TCNdj3bKMWkmVFEGwPsSYyb9vBjh": [],
        "1Egxk5SBN4vhQD7aWYa4tsxSVaP8YJyDcZ": [],
        "1G24ZgP2HjgUTp1GcJ7vdeJAujXjXuxr9M": [],
        "1GoaAfCZrmv3KZotpFvZQrUYoyo8cenmJf": [],
        "1JmZGqidPw3aZhzff4yoDZM6UdSKCWPyzK": [],
        "1KNsnyafD1Cjg1nFxU8DdTVwwXeMw8cYUe": [],
        "1L4Sba6eMk6fuiRy4RUVXmxkdDMtEM1uuc": [],
        "1LCRX2Co2CeNyHX8Q6SUJoKiHfMHKF7gX6": [],
        "1LPfqpwpzMJbFJD6zTamxqjtDYeFm9cYL5": [],
        "1Lvmr9KgdXnAW8QqGoCHyPpPwxhvCthpjT": [],
        "1M5C5aiKThB8L7orTurrERAoW3dpvCXJdV": [],
        "1MgnsA5iVBCEwLoEStancUwcoCcnjfJCAR": [],
        "1MpCYS7ifHySXYhJV4aeACeSLnkKJ7pnWw": [],
        "1MtERX4cgLzi7Mq2Ffo5iMJEgWezRt4517": [],
        "1ZmFgEmpcTWUKRHJwP3w28tFeM3wBhfSB": [],
        "1h5HEQm1JcuRfyVczJuKpiPZasPEVQoeg": [],
        "1sdMFDp98YqwWBk3EXFEDBSbdQPfAn5pR": []
    },
    "addresses": {
        "change": [
            "1KNsnyafD1Cjg1nFxU8DdTVwwXeMw8cYUe",
            "1sdMFDp98YqwWBk3EXFEDBSbdQPfAn5pR",
            "1MpCYS7ifHySXYhJV4aeACeSLnkKJ7pnWw",
            "1LCRX2Co2CeNyHX8Q6SUJoKiHfMHKF7gX6",
            "14qMsA85b5xUeyMeYFSPPcTsnosiJrG2Fq",
            "1Cf33wrNF8K5J6Bk6C6B9YoxXs9mrKCfXs",
            "15MAcCaBj85CyDtG51PzzgsCnWkEjFPUMd",
            "1MgnsA5iVBCEwLoEStancUwcoCcnjfJCAR",
            "12Qif7TVxh47BKfRaGHm1Ymhe348qu3rmi",
            "1Lvmr9KgdXnAW8QqGoCHyPpPwxhvCthpjT"
        ],
        "receiving": [
            "1Egxk5SBN4vhQD7aWYa4tsxSVaP8YJyDcZ",
            "1MtERX4cgLzi7Mq2Ffo5iMJEgWezRt4517",
            "1G24ZgP2HjgUTp1GcJ7vdeJAujXjXuxr9M",
            "1ECfj2TCNdj3bKMWkmVFEGwPsSYyb9vBjh",
            "1GoaAfCZrmv3KZotpFvZQrUYoyo8cenmJf",
            "19ycDRNZUXZHmcXdaAVRhXdMUvP7Ufr5V7",
            "12NfndtRA5j9owwMRqg17Y67HNAFG428DE",
            "1h5HEQm1JcuRfyVczJuKpiPZasPEVQoeg",
            "1E2RySscZtgXP1kXMksQ2cAbva6VW8JdRW",
            "1L4Sba6eMk6fuiRy4RUVXmxkdDMtEM1uuc",
            "12EVzwuHS4jPqjFoBkkRqfSPJc9KzW7wSi",
            "195bwwu3Sno591ysjYKYJhzzMfy5Us2EJi",
            "1AugHSGX6TPszPGzdYtXKPCUp7rWnD83Sf",
            "14DwXskKWbETzBfXuhKSRJ3PoJtVLFY2mS",
            "1DjZoanCacQLndQ7SfRfXuJFkxCa5gDFVZ",
            "1M5C5aiKThB8L7orTurrERAoW3dpvCXJdV",
            "1LPfqpwpzMJbFJD6zTamxqjtDYeFm9cYL5",
            "17z8SFxr74wKp8iQUa9JzmJYmeCHvsf77t",
            "1JmZGqidPw3aZhzff4yoDZM6UdSKCWPyzK",
            "1ZmFgEmpcTWUKRHJwP3w28tFeM3wBhfSB"
        ]
    },
    "fiat_value": {},
    "frozen_coins": {},
    "invoices": {},
    "keystore": {
        "derivation": "m",
        "pw_hash_version": 1,
        "root_fingerprint": "40874411",
        "seed": "minor zone pool above remain combine come claw medal settle grace capable",
        "seed_type": "standard",
        "type": "bip32",
        "xprv": "xprv9s21ZrQH143K2GRGLDNberbAGizv8etbRfd9BhidTiqjcwfeEBiqCeojmhyRV5jXeryuF9pL6cqpTK2aq89nrtTW943pfLn1mb8KDWc1cGC",
        "xpub": "xpub661MyMwAqRbcEkVjSEuc1zXtpkqQY7cSntYjz68F24NiVjznmj35kT8Dd2isskrXFkzhYVXwkbmfZ8RhLu59qsHTfQh8SQmL7KNGuDuQmiv"
    },
    "labels": {},
    "payment_requests": {},
    "prevouts_by_scripthash": {},
    "seed_version": 50,
    "spent_outpoints": {},
    "transactions": {},
    "tx_fees": {},
    "txi": {},
    "txo": {},
    "use_encryption": false,
    "verified_tx3": {},
    "wallet_type": "standard"
}