{
    "addr_history": {
        "12JmfwhTjSL6DFoZQPaB93KMTJgxhwSEYm": [],
        "12LPAZ9Ct9sS55M8v5rAvHwFWEbsnbZ4wo": [],
        "12YjU392ihn4uogKGDdE4rBnV3uBdZEbcK": [],
        "15KaZs5up58PYWYBan2WREitnM67SXz1sT": [],
        "15wTuz1RmpdakPepbhGs1nNibMjKwXF1jH": [],
        "17CAFPoUmUQGtJBJQmLHenKrxvjs5Sc74X": [],
        "193oKxKsuJRdnqcLJ7CSrxTdJn7xKrXVUp": [],
        "1ATacEiBcWWetRfzaQdeVBYn1TQQ5DxY9A": [],
        "1BDjK1WHihUDivAt7KsitpEreXRkDx7itP": [],
        "1BNjUVXxPpQtGo73X1JzkK7s4CHKf4wrUp": [],
        "1CPw4ckEETFw7yXjdrEyMZPUExq3gajDdy": [],
        "1CpvZsfDSMZk3X4mDXK1puHkhkTmQrAccb": [],
        "1DA3LYH5vRYTHxdqs3mfMhdYbREJA9iQ9y": [],
        "1FM3iji64QCtzRfTyW6YF82jhiZY6zyZpk": [],
        "1FYad93C3jfs6WyYjhi39GyG5gPj7QQ8vs": [],
        "1FcW8RmgrjsxUD7dSRU4hcJDPkHbJtDpYr": [],
        "1GBDbCACfEGLuL4WpAscbQ9B4ukGdn4hgW": [],
        "1Gp1dNEiBJcTFZ13KuQDcGCh9zEqbQ7UJP": [],
        "1HbBS5MGcLm1ajHWvZDasbGH62zQf47akw": [],
        "1J69uat5qSjw4HAuf73pWADRnpaVwG5tx2": [],
        "1JAicXgmxv3aVPgBY625my8erf9c6NDHnt": [],
        "1JSSz7N9ndu42nF75dJpHuWvERWieUqBL5": [],
        "1K2c6zcKFCxbon6Xkkt3F3uNhUCwGQdpd8": [],
        "1LygzCU5PxrUfRwuyGuPvBRLG5HFEHiwLZ": [],
        "1MWmRwecppVydZuYzLJniBEEsbkWr4oDtk": [],
        "1MkingnvELfemcD18LzsYaAMtuMiK7W2sh": [],
        "1Mn5bMZHuX9pvFf2KJpmNWnf1LVT3EWvLt": [],
        "1N1itzeReH275XjLLJJGwB1Jfos8BCAqoU": [],
        "1PxkvCEN8H7A8CKsWiYfg5fDMEFcnAc3Tq": [],
        "1jnqb3EnuWjzH656rVa5UaekyqSdZunfT": []
    },
    "addresses": {
        "change": [
            "1GBDbCACfEGLuL4WpAscbQ9B4ukGdn4hgW",
            "1Mn5bMZHuX9pvFf2KJpmNWnf1LVT3EWvLt",
            "1LygzCU5PxrUfRwuyGuPvBRLG5HFEHiwLZ",
            "1BDjK1WHihUDivAt7KsitpEreXRkDx7itP",
            "1jnqb3EnuWjzH656rVa5UaekyqSdZunfT",
            "1Gp1dNEiBJcTFZ13KuQDcGCh9zEqbQ7UJP",
            "1K2c6zcKFCxbon6Xkkt3F3uNhUCwGQdpd8",
            "1HbBS5MGcLm1ajHWvZDasbGH62zQf47akw",
            "1MWmRwecppVydZuYzLJniBEEsbkWr4oDtk",
            "15KaZs5up58PYWYBan2WREitnM67SXz1sT"
        ],
        "receiving": [
            "1PxkvCEN8H7A8CKsWiYfg5fDMEFcnAc3Tq",
            "1JSSz7N9ndu42nF75dJpHuWvERWieUqBL5",
            "1DA3LYH5vRYTHxdqs3mfMhdYbREJA9iQ9y",
            "12LPAZ9Ct9sS55M8v5rAvHwFWEbsnbZ4wo",
            "1FcW8RmgrjsxUD7dSRU4hcJDPkHbJtDpYr",
            "1CpvZsfDSMZk3X4mDXK1puHkhkTmQrAccb",
            "193oKxKsuJRdnqcLJ7CSrxTdJn7xKrXVUp",
            "1JAicXgmxv3aVPgBY625my8erf9c6NDHnt",
            "1MkingnvELfemcD18LzsYaAMtuMiK7W2sh",
            "12JmfwhTjSL6DFoZQPaB93KMTJgxhwSEYm",
            "1N1itzeReH275XjLLJJGwB1Jfos8BCAqoU",
            "1ATacEiBcWWetRfzaQdeVBYn1TQQ5DxY9A",
            "15wTuz1RmpdakPepbhGs1nNibMjKwXF1jH",
            "1J69uat5qSjw4HAuf73pWADRnpaVwG5tx2",
            "1FYad93C3jfs6WyYjhi39GyG5gPj7QQ8vs",
            "1CPw4ckEETFw7yXjdrEyMZPUExq3gajDdy",
            "12YjU392ihn4uogKGDdE4rBnV3uBdZEbcK",
            "1FM3iji64QCtzRfTyW6YF82jhiZY6zyZpk",
            "1BNjUVXxPpQtGo73X1JzkK7s4CHKf4wrUp",
            "17CAFPoUmUQGtJBJQmLHenKrxvjs5Sc74X"
        ]
    },
    "fiat_value": {},
    "frozen_coins": {},
    "invoices": {},
    "keystore": {
        "derivation": "m",
        "pw_hash_version": 1,
        "root_fingerprint": "1170d121",
        "seed": "minor zone pool aisle remain combine beach claw medal settle grace capable",
        "seed_type": "standard",
        "type": "bip32",
        "xprv": "xprv9s21ZrQH143K3fnZ65qcdMMHTjLTHFZ6VUyPtcf7t95dhcjKy4vL99fN1h71ntMVdft4c3b87AqHC7gCXY8AZ3P1fj42AhP25ke9gSinS64",
        "xpub": "xpub661MyMwAqRbcG9s2C7NczVJ21mAwgiGwrhtzh14jSUccaR4UWcEagwyqry55DgHoWvvbfkU5azLCScYfNuzDBqK5nj76TLX4yyjRN8t3LcH"
    },
    "labels": {},
    "payment_requests": {},
    "prevouts_by_scripthash": {},
    "seed_version": 50,
    "spent_outpoints": {},
    "transactions": {},
    "tx_fees": {},
    "txi": {},
    "txo": {},
    "use_encryption": false,
    "verified_tx3": {},
    "wallet_type": "standard"
}