{
    "addr_history": {
        "129XyRBBtuvUF1UBeE91sgg2eyBjb6tNvS": [],
        "12TARydidCH8jBqqHecpPgTZydmVAfCChr": [],
        "12pG7YGrgDKJQ7pLZm8fDbndpTEf5iSWuZ": [],
        "14DfGL2A5VVDyzRQqAGmgN5w9cCnxCziT1": [],
        "14n5sYCN9NSp3PewZeeowSLgFKkTZnbnYr": [],
        "15b5qzM4uU6DZZLqED9b2Jw2WVjdJZhFHH": [],
        "15qf3TzCLhYaqT7PXyt1nhJiWYZNWJCJ5x": [],
        "164uJ3rVJZrdz9YufUKBbNHXTEcRvoBNLQ": [],
        "16bA5ggpJLNsDeUJ6KAJcZdFPWiZhtRxYW": [],
        "17LauAfNAMCYmpPbT77ab5KR9898wK1VrG": [],
        "17rqjiTcrVLvxdgr8VRWZM2dqfE7qP5rK7": [],
        "17wHbNfD1jGQdXZ2cmCKwkBuRE2PC5jYbP": [],
        "18Lw4c1SGjADF3VMLEMkcZ9xDWUX1oGPEu": [],
        "19TQNAAT6jPxe96RLH4mxuMWvNw2G4jktM": [],
        "1AxmT2jzwddCyDDphN89WHwo7qMH3mvfSe": [],
        "1CEYjbviYRbpu7jm18SDrNeXP9uvcfkHKt": [],
        "1CL2bvU3smGqeyEuVzeoLifKGxTdFwLkx3": [],
        "1DDJ5oakD4wHbXriXDNVBTdZP6r1jVw7D2": [],
        "1DqVot2R1Q8XUJvdycCDQ8EnyasGWqZRV3": [],
        "1FRBQhW82br47HX7j28p66wgJEyq3r84We": [],
        "1Gw5WLhJw5dsH1RMnVrAL8Lx76AwYeWFvv": [],
        "1HxzuZmMrnxZCrKsDxt3tNspNK7Y6UWwR3": [],
        "1JDcMpHbyjqHiHC6sC2MZuvqWujcvp2ZEh": [],
        "1KRsQVsSTuNu4EFkmtpZ4wtt6EPTo4nBJN": [],
        "1KwZuZxRhi8psxoiphrZW9xb8PCGDqNULm": [],
        "1LMdizFuuPCd73zZXicP7cXyDfMa3KWZbN": [],
        "1MTyxdVv6FGzAMZ8dJ5v8zaop9obnFaCUJ": [],
        "1MUZ1PRgm8xcMB9ZJZZzvojAyMBiFwW9W6": [],
        "1PwGZuKHGGuWp8ZnrhYXqcPnrNkGK9meyR": [],
        "1bNZ3GcWuPXHirEuu6K17UhGgFFVaKk21": []
    },
    "addresses": {
        "change": [
            "1DqVot2R1Q8XUJvdycCDQ8EnyasGWqZRV3",
            "17rqjiTcrVLvxdgr8VRWZM2dqfE7qP5rK7",
            "1MUZ1PRgm8xcMB9ZJZZzvojAyMBiFwW9W6",
            "17wHbNfD1jGQdXZ2cmCKwkBuRE2PC5jYbP",
            "1Gw5WLhJw5dsH1RMnVrAL8Lx76AwYeWFvv",
            "12pG7YGrgDKJQ7pLZm8fDbndpTEf5iSWuZ",
            "1CL2bvU3smGqeyEuVzeoLifKGxTdFwLkx3",
            "19TQNAAT6jPxe96RLH4mxuMWvNw2G4jktM",
            "1bNZ3GcWuPXHirEuu6K17UhGgFFVaKk21",
            "12TARydidCH8jBqqHecpPgTZydmVAfCChr"
        ],
        "receiving": [
            "1AxmT2jzwddCyDDphN89WHwo7qMH3mvfSe",
            "1HxzuZmMrnxZCrKsDxt3tNspNK7Y6UWwR3",
            "15qf3TzCLhYaqT7PXyt1nhJiWYZNWJCJ5x",
            "129XyRBBtuvUF1UBeE91sgg2eyBjb6tNvS",
            "1MTyxdVv6FGzAMZ8dJ5v8zaop9obnFaCUJ",
            "1JDcMpHbyjqHiHC6sC2MZuvqWujcvp2ZEh",
            "1PwGZuKHGGuWp8ZnrhYXqcPnrNkGK9meyR",
            "1LMdizFuuPCd73zZXicP7cXyDfMa3KWZbN",
            "164uJ3rVJZrdz9YufUKBbNHXTEcRvoBNLQ",
            "1FRBQhW82br47HX7j28p66wgJEyq3r84We",
            "16bA5ggpJLNsDeUJ6KAJcZdFPWiZhtRxYW",
            "18Lw4c1SGjADF3VMLEMkcZ9xDWUX1oGPEu",
            "17LauAfNAMCYmpPbT77ab5KR9898wK1VrG",
            "1CEYjbviYRbpu7jm18SDrNeXP9uvcfkHKt",
            "14DfGL2A5VVDyzRQqAGmgN5w9cCnxCziT1",
            "1KwZuZxRhi8psxoiphrZW9xb8PCGDqNULm",
            "14n5sYCN9NSp3PewZeeowSLgFKkTZnbnYr",
            "1KRsQVsSTuNu4EFkmtpZ4wtt6EPTo4nBJN",
            "1DDJ5oakD4wHbXriXDNVBTdZP6r1jVw7D2",
            "15b5qzM4uU6DZZLqED9b2Jw2WVjdJZhFHH"
        ]
    },
    "fiat_value": {},
    "frozen_coins": {},
    "invoices": {},
    "keystore": {
        "derivation": "m",
        "pw_hash_version": 1,
        "root_fingerprint": "776c6c3c",
        "seed": "minor zone pool balcony remain combine add claw medal settle grace capable",
        "seed_type": "standard",
        "type": "bip32",
        "xprv": "xprv9s21ZrQH143K2MxP8dKuFio8Y6wekvtNa553xou7LY7B3BddDmRMUqgxTupWv17nmCwFZczkF2ANouHccp46ts9gi69TbQG4Nka7XyVfr95",
        "xpub": "xpub661MyMwAqRbcEr2rEerucrjs68n9APcDwHzemCJitse9uyxmmJjc2e1SKB3MMRKWBvfDokwcmG9HzRo4QrbYWkTLRuQieUexGSTA9j2NodW"
    },
    "labels": {},
    "payment_requests": {},
    "prevouts_by_scripthash": {},
    "seed_version": 50,
    "spent_outpoints": {},
    "transactions": {},
    "tx_fees": {},
    "txi": {},
    "txo": {},
    "use_encryption": false,
    "verified_tx3": {},
    "wallet_type": "standard"
}