{
    "addr_history": {
        "12BJwwgnNLqAtTpn69QGm1bhNL6sSSJn7z": [],
        "12G891VDbPg6HdwmxsMXnGm4xdHKMnpJvu": [],
        "12t4QmDXWtZYBvg3PV87n2BQX8o3MhFaHh": [],
        "13VBZwNF1DLK9dF9R4LwKsXoMD3Atgob3D": [],
        "13hSXi4QshjSbVJvuKQnP49ek1wbX3aeCW": [],
        "166wVkbmfCEaHTvn3owREz9oJrakbbw6eQ": [],
        "16ovWeRN7vaJ9svjSfE71evCd7HjH3fiG5": [],
        "16rFLjcWANDnmzCzdRDBUpYCk97HCwwcxv": [],
        "16v24m46ZqrapLZBCpy2EhZ6rmCxzm7X1B": [],
        "17PrMi98b1AFxXsdP94RB4r93qLqfddPyn": [],
        "17hma2TV5KWyDnuKueJEe6sxpK9Ly7Qt7": [],
        "182DZmiu1GSydFJdubKAcYMrqZ6Kefyn6J": [],
        "19JcHrURErgAYtKpA2irzHNfSpHRpjqERN": [],
        "1AD3r5EN73XV9ZMREzDCLLCvVkrovNXv77": [],
        "1AYcgcagj892YHDy5jWtLC9aYAZUZkem1": [],
        "1BJfGeYWc7VfD4kmxo1FVu8hBow6fTqjdC": [],
        "1BxoQSgwyG3WG3VaK5zrPE3BELSGdRrUVN": [],
        "1CmH2k9N5ezEaMaAFGf7pza5pxM9KYwEWF": [],
        "1DyuQLMrhXzfGjtwPiEeNePFEzZsMX4a6z": [],
        "1EBHVx9jJzXDv8XUymJRYmR34SrdQsxFES": [],
        "1FG2wgpTc3h398fqP9AYxpG1CPHK9LvG4S": [],
        "1GZMXoDqSjy6LcmuJKJXofVGycbS3ekzJi": [],
        "1Giwd8r7UEymqTrs2jMVAKe3iPw4xxVVz4": [],
        "1HLq8G91Xqvy9bxsyzpD3ba2nmKn2CmtTW": [],
        "1KwUG6tJ8GNSpLUWCpbLu6QvEv6dHD4jub": [],
        "1NS9mhsoa2j1851XzQXX1YV4ZXTno5wTwW": [],
        "1PB5Nswf2PA8fd8VjFiHqsPjk3DvF8cixi": [],
        "1PCLj59jb9Y52dA837tQk1j5BHCtG59ysF": [],
        "1PbegTUbt6ubJa66xRJbnfx1qEziYcVrqq": [],
        "1Ph1LLMNrVan3wQcMcB372Sn8iscj8D8hT": []
    },
    "addresses": {
        "change": [
            "12G891VDbPg6HdwmxsMXnGm4xdHKMnpJvu",
            "19JcHrURErgAYtKpA2irzHNfSpHRpjqERN",
            "12t4QmDXWtZYBvg3PV87n2BQX8o3MhFaHh",
            "1PbegTUbt6ubJa66xRJbnfx1qEziYcVrqq",
            "17PrMi98b1AFxXsdP94RB4r93qLqfddPyn",
            "1BxoQSgwyG3WG3VaK5zrPE3BELSGdRrUVN",
            "1PCLj59jb9Y52dA837tQk1j5BHCtG59ysF",
            "1EBHVx9jJzXDv8XUymJRYmR34SrdQsxFES",
            "1PB5Nswf2PA8fd8VjFiHqsPjk3DvF8cixi",
            "1KwUG6tJ8GNSpLUWCpbLu6QvEv6dHD4jub"
        ],
        "receiving": [
            "166wVkbmfCEaHTvn3owREz9oJrakbbw6eQ",
            "16ovWeRN7vaJ9svjSfE71evCd7HjH3fiG5",
            "17hma2TV5KWyDnuKueJEe6sxpK9Ly7Qt7",
            "16rFLjcWANDnmzCzdRDBUpYCk97HCwwcxv",
            "13hSXi4QshjSbVJvuKQnP49ek1wbX3aeCW",
            "1GZMXoDqSjy6LcmuJKJXofVGycbS3ekzJi",
            "12BJwwgnNLqAtTpn69QGm1bhNL6sSSJn7z",
            "1Giwd8r7UEymqTrs2jMVAKe3iPw4xxVVz4",
            "1AD3r5EN73XV9ZMREzDCLLCvVkrovNXv77",
            "13VBZwNF1DLK9dF9R4LwKsXoMD3Atgob3D",
            "16v24m46ZqrapLZBCpy2EhZ6rmCxzm7X1B",
            "1BJfGeYWc7VfD4kmxo1FVu8hBow6fTqjdC",
            "1CmH2k9N5ezEaMaAFGf7pza5pxM9KYwEWF",
            "1HLq8G91Xqvy9bxsyzpD3ba2nmKn2CmtTW",
            "1FG2wgpTc3h398fqP9AYxpG1CPHK9LvG4S",
            "1DyuQLMrhXzfGjtwPiEeNePFEzZsMX4a6z",
            "1Ph1LLMNrVan3wQcMcB372Sn8iscj8D8hT",
            "1NS9mhsoa2j1851XzQXX1YV4ZXTno5wTwW",
            "1AYcgcagj892YHDy5jWtLC9aYAZUZkem1",
            "182DZmiu1GSydFJdubKAcYMrqZ6Kefyn6J"
        ]
    },
    "fiat_value": {},
    "frozen_coins": {},
    "invoices": {},
    "keystore": {
        "derivation": "m",
        "pw_hash_version": 1,
        "root_fingerprint": "4f0f7ae4",
        "seed": "minor zone pool arch remain combine swallow claw medal settle grace capable",
        "seed_type": "standard",
        "type": "bip32",
        "xprv": "xprv9s21ZrQH143K4CbCxaqruZTj6trrKjgTFMuh179P5wegBCAD1BUpiJyrJnd69ZJAKJfAVdkZfXFFru9QJmDDawe43ddBsNiNSgQrNzT714H",
        "xpub": "xpub661MyMwAqRbcGgfg4cNsGhQTevhLjCQJcaqHoVYzeHBf3zVMYio5G7JLA5hsY6UBSUkoiBqn1JJ9YoSvm73wEPH4Cwn1v2LPN57ypjSLiXV"
    },
    "labels": {},
    "payment_requests": {},
    "prevouts_by_scripthash": {},
    "seed_version": 50,
    "spent_outpoints": {},
    "transactions": {},
    "tx_fees": {},
    "txi": {},
    "txo": {},
    "use_encryption": false,
    "verified_tx3": {},
    "wallet_type": "standard"
}