{
    "addr_history": {
        "12Z3yA7FQ9ZJYQfh6mFscQ2mnA46LXzuB3": [],
        "12d1psnnG3yVCZHH3NCWrXrsHSAggfWmfC": [],
        "12sJZGWEwToQrKDSaSp4E3cmcdTSuY5mHA": [],
        "13NUTU3UhtBQf8h9UBhgSxwe2WHjVRZAVi": [],
        "14VL3mc8qMMqWKBCyFroQFbp1s4dJxmBYB": [],
        "15VSgKdWWpMeY1DjPGygFYS3riU4MJq9D5": [],
        "17knZX7s5DG4qMC1XCqYQfb67ebFCmyceC": [],
        "18fXAJXxj6VSctZH1NKZ5ZukoQmwn9sAua": [],
        "18uHafMVX99sfsPLuKVzyvND6agSYQASCq": [],
        "1AruPgRkGCpvn3mrsN1rKR1JUq7KfQMVp5": [],
        "1BXWHBByCkRoFTVdcw7Xfz32Pi2vwhBP9B": [],
        "1BfNg1tWFRhu4oCEK6SjQhqMhG24JuBBqj": [],
        "1BfWn7eT3AChUeBZNGb4iKXJ5JKYrfebgv": [],
        "1BnfpHe7VQ6bnHXjjRTmTzFP4KQys4a63o": [],
        "1D8H81oLGViqNh8Dq2ZoFo7CzLT2x4dky7": [],
        "1DxJ1CZDuJNL3zYuRAfTaVNA89BYX7cei3": [],
        "1DytKn1rn5eQUpTxw74TeWeqnSqXZqdzTo": [],
        "1E1RPjLxbzD5bFFxUMC6memPVZVxtUebyV": [],
        "1EZz4MKpqDEVTKvgAqrBB89qADCvanxwkH": [],
        "1Fju3rmej2kfqEYrWtVRggAKw2dhmjd1gk": [],
        "1GeQdWGFKUxUKZZWbEW42gXr7z49CXV6j4": [],
        "1H1FoMgKBu6RxSxsgERt4YUcU2QHsaJfaq": [],
        "1KoCNVYgRYFMEg9REYUYw9x28aKW7Feu5Q": [],
        "1MAWvR6nF6ghooy2KK1uPtWgogSfEc7LVk": [],
        "1MHE9tuRbUYeGUmFi4rxrMrxCrTL6E3Fza": [],
        "1Mj5Eah3SrGzjZ36pmktjox943QEErLMGo": [],
        "1Nn2aHJcg5ktf2Q6B3HRMC3Qkysjfofydx": [],
        "1PqfgqX5kncqHanAb77Y2gxsh4517Xkix9": [],
        "1QDQXEdYrCKCwsyyBugHccFEV6QarnFxTB": [],
        "1f7nXdCvJcwqX36pKEkpRe9xwbvqEAuuh": []
    },
    "addresses": {
        "change": [
            "1Fju3rmej2kfqEYrWtVRggAKw2dhmjd1gk",
            "1PqfgqX5kncqHanAb77Y2gxsh4517Xkix9",
            "12Z3yA7FQ9ZJYQfh6mFscQ2mnA46LXzuB3",
            "1KoCNVYgRYFMEg9REYUYw9x28aKW7Feu5Q",
            "18fXAJXxj6VSctZH1NKZ5ZukoQmwn9sAua",
            "1BnfpHe7VQ6bnHXjjRTmTzFP4KQys4a63o",
            "1MAWvR6nF6ghooy2KK1uPtWgogSfEc7LVk",
            "1f7nXdCvJcwqX36pKEkpRe9xwbvqEAuuh",
            "14VL3mc8qMMqWKBCyFroQFbp1s4dJxmBYB",
            "1E1RPjLxbzD5bFFxUMC6memPVZVxtUebyV"
        ],
        "receiving": [
            "1AruPgRkGCpvn3mrsN1rKR1JUq7KfQMVp5",
            "1EZz4MKpqDEVTKvgAqrBB89qADCvanxwkH",
            "12d1psnnG3yVCZHH3NCWrXrsHSAggfWmfC",
            "1Nn2aHJcg5ktf2Q6B3HRMC3Qkysjfofydx",
            "1QDQXEdYrCKCwsyyBugHccFEV6QarnFxTB",
            "1BfWn7eT3AChUeBZNGb4iKXJ5JKYrfebgv",
            "1D8H81oLGViqNh8Dq2ZoFo7CzLT2x4dky7",
            "17knZX7s5DG4qMC1XCqYQfb67ebFCmyceC",
            "1Mj5Eah3SrGzjZ36pmktjox943QEErLMGo",
            "13NUTU3UhtBQf8h9UBhgSxwe2WHjVRZAVi",
            "1H1FoMgKBu6RxSxsgERt4YUcU2QHsaJfaq",
            "12sJZGWEwToQrKDSaSp4E3cmcdTSuY5mHA",
            "18uHafMVX99sfsPLuKVzyvND6agSYQASCq",
            "1DytKn1rn5eQUpTxw74TeWeqnSqXZqdzTo",
            "1MHE9tuRbUYeGUmFi4rxrMrxCrTL6E3Fza",
            "1DxJ1CZDuJNL3zYuRAfTaVNA89BYX7cei3",
            "1GeQdWGFKUxUKZZWbEW42gXr7z49CXV6j4",
            "15VSgKdWWpMeY1DjPGygFYS3riU4MJq9D5",
            "1BXWHBByCkRoFTVdcw7Xfz32Pi2vwhBP9B",
            "1BfNg1tWFRhu4oCEK6SjQhqMhG24JuBBqj"
        ]
    },
    "fiat_value": {},
    "frozen_coins": {},
    "invoices": {},
    "keystore": {
        "derivation": "m",
        "pw_hash_version": 1,
        "root_fingerprint": "a67907c5",
        "seed": "minor zone pool autumn remain combine evoke claw medal settle grace capable",
        "seed_type": "standard",
        "type": "bip32",
        "xprv": "xprv9s21ZrQH143K2QLL63wxHoFNdYkGQkNSf8g5HkHXY9s5egmzs7n4tiSxVoenGFEuFw7XRdwnLZL5ZysA2oAHkdhgC42CNZV5MbcViGmXVfZ",
        "xpub": "xpub661MyMwAqRbcEtQoC5UxewC7BaakpD6J2Mbg68h96VQ4XV79Qf6KSWmSM54T1CfkAw1uJfimgQXep6WKN9ghiRzdB8stwKZxXZoz2iXaWAR"
    },
    "labels": {},
    "payment_requests": {},
    "prevouts_by_scripthash": {},
    "seed_version": 50,
    "spent_outpoints": {},
    "transactions": {},
    "tx_fees": {},
    "txi": {},
    "txo": {},
    "use_encryption": false,
    "verified_tx3": {},
    "wallet_type": "standard"
}