{
    "addr_history": {
        "12xLNneZLp5cTRaqEhLpDEtXHDvbJ8KAnE": [],
        "15eZUF6s7Ut7DyvK9bvanhydd4uRgC5Moo": [],
        "15fwpZGzdUqkeX7VQWyVVQULgB5JcFjZJ9": [],
        "165eFHqMrqY7vCFfVWpZfUMW9fgw58631d": [],
        "16EzbC3nsw2NT3i3U94G7MLDqT3HL1o3Mp": [],
        "16Ldx31iYREX32jmLXBksHsgVGwftHeeE9": [],
        "1AzXdzL81AUyGUYDZ6yA59HEFAoAtxecdq": [],
        "1C6t9QT6x6wbZAb7Tude897hfd3QoGHe3V": [],
        "1CDhjmBWjEjfuUCYPUNTuGnytabza4oFMx": [],
        "1CUsQMZa1EU9kkhQuYcAMr3sAKr5zsjuXK": [],
        "1Cmnvw3QEsJU8ckj1pPbKNVgFSZJe8uv9P": [],
        "1Evi7E2cjTH8n8REzQszX3jCbkPSTyYLfH": [],
        "1FLubZTd3oypenQBugg5abQo3ATHq8XyHz": [],
        "1Fer9V6bBa39hDvgqmCkA8JqSrda6NKdMd": [],
        "1GNw3b9QybDMcASnu1mcxB25TN7XdwA8er": [],
        "1JZC67VyuVFUYFgXnZviDftoQxii1g4YCq": [],
        "1Jvmdb7NNSiSSkdmCQHYY6dVZ9BnkP9VNQ": [],
        "1LW7UaB8bqRWH6M8JRkvytMGMmVAuSA54g": [],
        "1MV5Pnz4EpgRNoiPx4teomxDQ45h8pBUfu": [],
        "1MWHR24AuoL6xJQRnmwLy7dE1XC23N81DN": [],
        "1MdjdftsMi6RfZmrA7BLtxfphEE6yV4QLx": [],
        "1NkfyMeAXtRtakt4JAWUXwP8KFDcfgmYyJ": [],
        "1PtvzXQyxBA2xn6cz6DD81o1VNQbbg9V5h": [],
        "1PvYpEaCQctrcwcQqoaEbapxMJxcuEUdT3": [],
        "1Q84KhuQ1Tmu1pu1d46yEFSPy4Ei4BKSeE": [],
        "1W5UyjGM689zKj4HZo4kijPSjNFJoYSsg": [],
        "1dULCkhZ655RsLvyeNVSTX23quuMAGdFY": [],
        "1iG5c5JvysN6PRBka2QjRxxUa4AyUZbCb": [],
        "1vcxPczVqRdywTzcW5qN5YDxM62Do5fkG": [],
        "1yWjTvisYbESoqRNW1DGheGUSQK9hzhPX": []
    },
    "addresses": {
        "change": [
            "1MV5Pnz4EpgRNoiPx4teomxDQ45h8pBUfu",
            "1CDhjmBWjEjfuUCYPUNTuGnytabza4oFMx",
            "16Ldx31iYREX32jmLXBksHsgVGwftHeeE9",
            "1dULCkhZ655RsLvyeNVSTX23quuMAGdFY",
            "1iG5c5JvysN6PRBka2QjRxxUa4AyUZbCb",
            "1Q84KhuQ1Tmu1pu1d46yEFSPy4Ei4BKSeE",
            "1MdjdftsMi6RfZmrA7BLtxfphEE6yV4QLx",
            "1W5UyjGM689zKj4HZo4kijPSjNFJoYSsg",
            "1Cmnvw3QEsJU8ckj1pPbKNVgFSZJe8uv9P",
            "12xLNneZLp5cTRaqEhLpDEtXHDvbJ8KAnE"
        ],
        "receiving": [
            "1Fer9V6bBa39hDvgqmCkA8JqSrda6NKdMd",
            "1yWjTvisYbESoqRNW1DGheGUSQK9hzhPX",
            "165eFHqMrqY7vCFfVWpZfUMW9fgw58631d",
            "1Evi7E2cjTH8n8REzQszX3jCbkPSTyYLfH",
            "1JZC67VyuVFUYFgXnZviDftoQxii1g4YCq",
            "1C6t9QT6x6wbZAb7Tude897hfd3QoGHe3V",
            "16EzbC3nsw2NT3i3U94G7MLDqT3HL1o3Mp",
            "1MWHR24AuoL6xJQRnmwLy7dE1XC23N81DN",
            "1NkfyMeAXtRtakt4JAWUXwP8KFDcfgmYyJ",
            "1Jvmdb7NNSiSSkdmCQHYY6dVZ9BnkP9VNQ",
            "1CUsQMZa1EU9kkhQuYcAMr3sAKr5zsjuXK",
            "1AzXdzL81AUyGUYDZ6yA59HEFAoAtxecdq",
            "1FLubZTd3oypenQBugg5abQo3ATHq8XyHz",
            "1vcxPczVqRdywTzcW5qN5YDxM62Do5fkG",
            "15fwpZGzdUqkeX7VQWyVVQULgB5JcFjZJ9",
            "1PtvzXQyxBA2xn6cz6DD81o1VNQbbg9V5h",
            "15eZUF6s7Ut7DyvK9bvanhydd4uRgC5Moo",
            "1LW7UaB8bqRWH6M8JRkvytMGMmVAuSA54g",
            "1GNw3b9QybDMcASnu1mcxB25TN7XdwA8er",
            "1PvYpEaCQctrcwcQqoaEbapxMJxcuEUdT3"
        ]
    },
    "fiat_value": {},
    "frozen_coins": {},
    "invoices": {},
    "keystore": {
        "derivation": "m",
        "pw_hash_version": 1,
        "root_fingerprint": "95bb32ef",
        "seed": "minor zone pool arrow remain combine express claw medal settle grace capable",
        "seed_type": "standard",
        "type": "bip32",
        "xprv": "xprv9s21ZrQH143K2vGCDcvhKE9ze9FGankNCo4tQe6wFd7Ro8Nq64s89vmXcfq9gc8Rv3TpFLBF3yCbs5PqAcUQQqpWjhfxEYPS5Jo6iuCFKv1",
        "xpub": "xpub661MyMwAqRbcFQLfKeThgN6jCB5kzFUDa1zVD2WYoxeQfvhydcBNhj61Tvbcy6t7o6oAaGkDRAjFPB9oiDpRvp6nbdcMypX7er3djjak5Tv"
    },
    "labels": {},
    "payment_requests": {},
    "prevouts_by_scripthash": {},
    "seed_version": 50,
    "spent_outpoints": {},
    "transactions": {},
    "tx_fees": {},
    "txi": {},
    "txo": {},
    "use_encryption": false,
    "verified_tx3": {},
    "wallet_type": "standard"
}