{
    "addr_history": {
        "12ujCZccoyKNoRXk62SFXNq4QXXoy2pUyj": [],
        "12wUGQcLFY8QQTruPJJ3gEJ7c7ZK7Z2fxr": [],
        "13hmhJNxL6QxSddywhifuUnyfjU236poAg": [],
        "144PsADaP76deG4U7nzuYuJRy1ZdBr5q9L": [],
        "14pB55Q1GiLCp64wKga4Y9jDkyswC6n7TZ": [],
        "14tu5xhcLVD518CKtWsyyNPda9sq5ASZLo": [],
        "157Kvfjz8XEXmUPVCKJc5fefGFqJXorGZ3": [],
        "16bm7fgQ1cNJsLanJw3BwDac4fMEbY2f4r": [],
        "16fYp3yYByo34oi5gVyEqnNJuaYsCFVDve": [],
        "17Eyot5oRRQwYYTapGb7nYzNfHdyxBMw1Y": [],
        "18BteXxGtcTPEHUi7RwZhJzQJfyuJpqGN6": [],
        "198Gi2ZwRHFZCfuSroHFJMaTMgP5CRUXvC": [],
        "19c4B4XpYU29Uz56R7w8DR9uSZEjE9HWEV": [],
        "19unPCeohvHwdGf9YtnSJkVUfAndqgAnp2": [],
        "1A87tyZDtYASpnF6zEjJCYrPQ5L3JcUGZR": [],
        "1B1cWCvAbPZmASYhgMCmR5y4EbXSk2N8Mr": [],
        "1BUDS8UCEpdFeiyxf5zD352anwZ1TF8YK5": [],
        "1Bow8ws6Sa9rwzUMiQ3WLJD2RjxnuWyzwc": [],
        "1Byc8wzKPb2umFawRiRx5s98Hv4Y8Def5Z": [],
        "1D7YmfqQF2VbfPUwzxXZfgFtdJJejCVhaj": [],
        "1EtLzCXNdZnek2gtCCCEanSZhD8EoSohF7": [],
        "1G5cdDU1M2jVMa4kqtDTXzwA83C6cheecH": [],
        "1GCY16xDnHkTUAoQGzW8L4MbTro1W4Wa7E": [],
        "1GzDZnJMPvYy22oWPaKNYf9ht24QJsxgFu": [],
        "1Hu3EEd4eSZNuYt3VU7FC2uyDmTYF8ZEq8": [],
        "1MFBqPjbVsndcpQwzLf7SN7fB9wKcrzSHv": [],
        "1NFVVVJYWvHNjkxQU5kf3yT64dBSHtSkPt": [],
        "1NeuPgS2KCpSHMTtHFaRgSLeEr3HBh4f5y": [],
        "1NxiwFRoexxbMpQzUuq65FcdaGCrVFigdi": [],
        "1Q7pxM1qjEAQWhgkSKPrAmN1LS4KXJKsch": []
    },
    "addresses": {
        "change": [
            "1Hu3EEd4eSZNuYt3VU7FC2uyDmTYF8ZEq8",
            "16bm7fgQ1cNJsLanJw3BwDac4fMEbY2f4r",
            "1BUDS8UCEpdFeiyxf5zD352anwZ1TF8YK5",
            "18BteXxGtcTPEHUi7RwZhJzQJfyuJpqGN6",
            "144PsADaP76deG4U7nzuYuJRy1ZdBr5q9L",
            "1B1cWCvAbPZmASYhgMCmR5y4EbXSk2N8Mr",
            "157Kvfjz8XEXmUPVCKJc5fefGFqJXorGZ3",
            "1Byc8wzKPb2umFawRiRx5s98Hv4Y8Def5Z",
            "14pB55Q1GiLCp64wKga4Y9jDkyswC6n7TZ",
            "1NxiwFRoexxbMpQzUuq65FcdaGCrVFigdi"
        ],
        "receiving": [
            "16fYp3yYByo34oi5gVyEqnNJuaYsCFVDve",
            "1A87tyZDtYASpnF6zEjJCYrPQ5L3JcUGZR",
            "1Bow8ws6Sa9rwzUMiQ3WLJD2RjxnuWyzwc",
            "12ujCZccoyKNoRXk62SFXNq4QXXoy2pUyj",
            "1G5cdDU1M2jVMa4kqtDTXzwA83C6cheecH",
            "19unPCeohvHwdGf9YtnSJkVUfAndqgAnp2",
            "1GzDZnJMPvYy22oWPaKNYf9ht24QJsxgFu",
            "1EtLzCXNdZnek2gtCCCEanSZhD8EoSohF7",
            "1Q7pxM1qjEAQWhgkSKPrAmN1LS4KXJKsch",
            "19c4B4XpYU29Uz56R7w8DR9uSZEjE9HWEV",
            "1MFBqPjbVsndcpQwzLf7SN7fB9wKcrzSHv",
            "1GCY16xDnHkTUAoQGzW8L4MbTro1W4Wa7E",
            "1NFVVVJYWvHNjkxQU5kf3yT64dBSHtSkPt",
            "1D7YmfqQF2VbfPUwzxXZfgFtdJJejCVhaj",
            "17Eyot5oRRQwYYTapGb7nYzNfHdyxBMw1Y",
            "13hmhJNxL6QxSddywhifuUnyfjU236poAg",
            "198Gi2ZwRHFZCfuSroHFJMaTMgP5CRUXvC",
            "1NeuPgS2KCpSHMTtHFaRgSLeEr3HBh4f5y",
            "14tu5xhcLVD518CKtWsyyNPda9sq5ASZLo",
            "12wUGQcLFY8QQTruPJJ3gEJ7c7ZK7Z2fxr"
        ]
    },
    "fiat_value": {},
    "frozen_coins": {},
    "invoices": {},
    "keystore": {
        "derivation": "m",
        "pw_hash_version": 1,
        "root_fingerprint": "39a14499",
        "seed": "minor zone pool bamboo remain combine cross claw medal settle grace capable",
        "seed_type": "standard",
        "type": "bip32",
        "xprv": "xprv9s21ZrQH143K29n6DTn4PaUPQ137m7aLbsevbqYAeCY3RoCbsuT15EGJsz6FBgh69Kc5gK7BKHE8DntMmeKXztCewqRtesSmpvP9jCJTXtr",
        "xpub": "xpub661MyMwAqRbcEdrZKVK4kiR7x2scAaJBy6aXQDwnCY52JbXkRSmFd2anjGnBAYDTFpa3ChDsUhzA6ZL29eUQVfxbhXD27bDA4HiXemDDFFG"
    },
    "labels": {},
    "payment_requests": {},
    "prevouts_by_scripthash": {},
    "seed_version": 50,
    "spent_outpoints": {},
    "transactions": {},
    "tx_fees": {},
    "txi": {},
    "txo": {},
    "use_encryption": false,
    "verified_tx3": {},
    "wallet_type": "standard"
}