{
    "addr_history": {
        "141agkUo7RHnAgDGL6h5bJoqESWsYEyFeT": [],
        "15ikqwNGb6SNf55pxmFRZfLPEGVfU3oTXq": [],
        "17F5iSdPqkqGCJjMJ6fcsh2ewswkGof2px": [],
        "192zAwhHqPusKhBqsdRTrjfRQYEVpeGmjR": [],
        "19EvDJHYKNUw1KGR81EswQtn68VwTCRjMP": [],
        "19RexBBwEeqG43MszciPfPcQz7FiKUk9Q9": [],
        "1AN1wjAmUsoVMfwL3vLrXmUpuAPzmjnBkk": [],
        "1AU8oNxEKSXhGTP86QRiBaHSMsxrkMSe8E": [],
        "1AagBHxiJAPbHjrQJjrPKRzsREabQRSsWm": [],
        "1AxHrkdStY4mQZk8wVJ8qmvoHRLAuZMFQJ": [],
        "1BkdqXhJu5t5zXrfgx4uM9JLzahhCwmmLi": [],
        "1C76LUAbb1RM5hx9eHi26a198vCm99GwtJ": [],
        "1CSgvCm9iRS7eakbM3vniAvnitPiPhLTzi": [],
        "1DUQv3AVdMJah4fWHRZzegVdx3ypHDzctV": [],
        "1DerYj1YXkVfUn9itJHk7c7y5xbeF9HTGT": [],
        "1Dzx2yCtaLFEJnq9JpZdC7QPNqqho9ap99": [],
        "1EbbhgzpkydUCUNomWGs14pEUTa2kLT3GQ": [],
        "1Eixmt5MZd5WNoFyEJfPVsgbY83GUHHx3r": [],
        "1Enui6URowK1Me3wvWikoRquyPW9hVrcUZ": [],
        "1FRQGLHJmokWsBJWZhyhXRwoYBZUxUsfhK": [],
        "1J4tf9srqm9f65E5biuxxeoziajsmk2feN": [],
        "1JBF4j8DXXzLYuoQeoXawumE5oFMf6XFRk": [],
        "1Jx4pdsyxbrFBWGdoRb9uA5ezAUaeoeHRi": [],
        "1KsChBqVHdrGFfx56HK8Q1249jRyX3umaq": [],
        "1LZcbBgRMDWXk8j1JHz2BpCuDtUvfDqVbB": [],
        "1MyJvozbeXpa39jrdhh69Zw1JfDtKCWcTH": [],
        "1NrP6hET4tja13okp3rN4BHJ148t1WYEv2": [],
        "1P26aMGD8h91ZzyhdcrdygdxyrEiuR9osN": [],
        "1Ptq83AE2Nt6LoKun6V5gHQJpkYfSJsQhv": [],
        "1Pu6NfjEvYEeeqNvfrYtiRq5QpSyAhCo3P": []
    },
    "addresses": {
        "change": [
            "1LZcbBgRMDWXk8j1JHz2BpCuDtUvfDqVbB",
            "1AxHrkdStY4mQZk8wVJ8qmvoHRLAuZMFQJ",
            "17F5iSdPqkqGCJjMJ6fcsh2ewswkGof2px",
            "1Ptq83AE2Nt6LoKun6V5gHQJpkYfSJsQhv",
            "1Dzx2yCtaLFEJnq9JpZdC7QPNqqho9ap99",
            "141agkUo7RHnAgDGL6h5bJoqESWsYEyFeT",
            "1NrP6hET4tja13okp3rN4BHJ148t1WYEv2",
            "1FRQGLHJmokWsBJWZhyhXRwoYBZUxUsfhK",
            "1AN1wjAmUsoVMfwL3vLrXmUpuAPzmjnBkk",
            "1Pu6NfjEvYEeeqNvfrYtiRq5QpSyAhCo3P"
        ],
        "receiving": [
            "1Eixmt5MZd5WNoFyEJfPVsgbY83GUHHx3r",
            "1JBF4j8DXXzLYuoQeoXawumE5oFMf6XFRk",
            "1J4tf9srqm9f65E5biuxxeoziajsmk2feN",
            "1MyJvozbeXpa39jrdhh69Zw1JfDtKCWcTH",
            "1Jx4pdsyxbrFBWGdoRb9uA5ezAUaeoeHRi",
            "1DerYj1YXkVfUn9itJHk7c7y5xbeF9HTGT",
            "1EbbhgzpkydUCUNomWGs14pEUTa2kLT3GQ",
            "1CSgvCm9iRS7eakbM3vniAvnitPiPhLTzi",
            "1AagBHxiJAPbHjrQJjrPKRzsREabQRSsWm",
            "1AU8oNxEKSXhGTP86QRiBaHSMsxrkMSe8E",
            "1Enui6URowK1Me3wvWikoRquyPW9hVrcUZ",
            "1DUQv3AVdMJah4fWHRZzegVdx3ypHDzctV",
            "1KsChBqVHdrGFfx56HK8Q1249jRyX3umaq",
            "192zAwhHqPusKhBqsdRTrjfRQYEVpeGmjR",
            "15ikqwNGb6SNf55pxmFRZfLPEGVfU3oTXq",
            "1P26aMGD8h91ZzyhdcrdygdxyrEiuR9osN",
            "19RexBBwEeqG43MszciPfPcQz7FiKUk9Q9",
            "19EvDJHYKNUw1KGR81EswQtn68VwTCRjMP",
            "1C76LUAbb1RM5hx9eHi26a198vCm99GwtJ",
            "1BkdqXhJu5t5zXrfgx4uM9JLzahhCwmmLi"
        ]
    },
    "fiat_value": {},
    "frozen_coins": {},
    "invoices": {},
    "keystore": {
        "derivation": "m",
        "pw_hash_version": 1,
        "root_fingerprint": "e8ddbc30",
        "seed": "minor zone pool action remain combine record claw medal settle grace capable",
        "seed_type": "standard",
        "type": "bip32",
        "xprv": "xprv9s21ZrQH143K2NRS6mCg2bp4ymEAJVnUH8GGNcuLF6WsnxTbCUWjfpUowaCpHAsPkiLmkqKYg7RbR94z1c9XVcWKdRDsqi4ihNA9ZgJeNdH",
        "xpub": "xpub661MyMwAqRbcErVuCnjgPjkoXo4ehxWKeMBsB1JwoS3rfknjk1pzDcoHnrjPTjzNkFfkTWRuReL2aHrJkzw6sQiyawmbpXa5eud5xvvr29L"
    },
    "labels": {},
    "payment_requests": {},
    "prevouts_by_scripthash": {},
    "seed_version": 50,
    "spent_outpoints": {},
    "transactions": {},
    "tx_fees": {},
    "txi": {},
    "txo": {},
    "use_encryption": false,
    "verified_tx3": {},
    "wallet_type": "standard"
}