{
    "addr_history": {
        "128nfbDLNWZPJ3RqiGaVBwfLk8rrXQcUny": [],
        "12HQzHYedUvZthHWyZgFMN3xY7EiHeXxSn": [],
        "12aSF2RobzNoLbWFZZCDLCgmdWZSHUobyf": [],
        "12gPZdsBvwkbAU7oPgCBwg4XqXFSQBYkM4": [],
        "138B8JKNZn3zxJMgm6Jt8me2NAvh6zZxku": [],
        "13syyAktPxdgoxziDpeqbrUUTYSKzL2Eq3": [],
        "14iqXnBYZbErHyardMHxCqDda4BhxSjvEj": [],
        "153yZpLZHzV71K6rnMqYdkuxNxboesUFN9": [],
        "15ppQdq8pXA2wY6mxYmJDWQQS7oT4k6ukA": [],
        "15vgtCdMGydKUT3gvUQKC3cTYBif2rHcfq": [],
        "17wNLK2F7cCfe42mpDm6H33joSXJoQbsFh": [],
        "18jZ9yyQYbKA1Mndo8TCah3XQejRsujumU": [],
        "18qx6NbUXps4gYAa52sLeagpsQBNeEVQNX": [],
        "19VsdHttQ38EChQqpkhzTXMJW2TLqWkpTR": [],
        "19sTLeGP1pvC6C17w1r834pmkULX5X3EmP": [],
        "1Cav3xnuwCcMZyJRuurcqqAz2s54Qyw5Lx": [],
        "1Cf45J2MQzYVW7GXXse1RjWP6yEww38Rrh": [],
        "1DsQ6gawpochgbrzimQbaFqEifqF4mhAPB": [],
        "1Dub67p8vCRZReYktYSi5fhnW5MHYvACrs": [],
        "1ErhReeAKWWV5zHAvZm5MwcEccFtkMXBss": [],
        "1FHvLUUxuSTyrLaU2VgQ7moQZiLUQR9S3w": [],
        "1Gvf5YVM99CHzqznCpn9ypqtQr5Z4WQDCz": [],
        "1Hi4mWs32CN7JBcGP5rhdiTCHjsxgkzF8v": [],
        "1Kn4vgxZaqzuAo9DHjf7Fj1JZvGfWwRNUh": [],
        "1KwpTGn7vGNuKWzqbaB6hHT4LhGdvnCczo": [],
        "1L44SbJTqjztrt11sHN9h59NhCzFhDEKrc": [],
        "1LsaTmb46eAKAwTrzibWrVYgMo6ooCQG1t": [],
        "1MvHr1ZE2MEHQcnonYRKEX6JWTUr7S9L25": [],
        "1PvaDmcJqtp44bhKXRcSaZYitykYPsX8Px": [],
        "1QBbSm6BZ5Vr21MW9iVgBtR1ha8LC5jtc8": []
    },
    "addresses": {
        "change": [
            "1Cav3xnuwCcMZyJRuurcqqAz2s54Qyw5Lx",
            "1ErhReeAKWWV5zHAvZm5MwcEccFtkMXBss",
            "13syyAktPxdgoxziDpeqbrUUTYSKzL2Eq3",
            "1Cf45J2MQzYVW7GXXse1RjWP6yEww38Rrh",
            "153yZpLZHzV71K6rnMqYdkuxNxboesUFN9",
            "18qx6NbUXps4gYAa52sLeagpsQBNeEVQNX",
            "1FHvLUUxuSTyrLaU2VgQ7moQZiLUQR9S3w",
            "138B8JKNZn3zxJMgm6Jt8me2NAvh6zZxku",
            "1Dub67p8vCRZReYktYSi5fhnW5MHYvACrs",
            "12aSF2RobzNoLbWFZZCDLCgmdWZSHUobyf"
        ],
        "receiving": [
            "19VsdHttQ38EChQqpkhzTXMJW2TLqWkpTR",
            "17wNLK2F7cCfe42mpDm6H33joSXJoQbsFh",
            "18jZ9yyQYbKA1Mndo8TCah3XQejRsujumU",
            "15vgtCdMGydKUT3gvUQKC3cTYBif2rHcfq",
            "1QBbSm6BZ5Vr21MW9iVgBtR1ha8LC5jtc8",
            "1MvHr1ZE2MEHQcnonYRKEX6JWTUr7S9L25",
            "14iqXnBYZbErHyardMHxCqDda4BhxSjvEj",
            "128nfbDLNWZPJ3RqiGaVBwfLk8rrXQcUny",
            "1Kn4vgxZaqzuAo9DHjf7Fj1JZvGfWwRNUh",
            "1KwpTGn7vGNuKWzqbaB6hHT4LhGdvnCczo",
            "1LsaTmb46eAKAwTrzibWrVYgMo6ooCQG1t",
            "1Gvf5YVM99CHzqznCpn9ypqtQr5Z4WQDCz",
            "15ppQdq8pXA2wY6mxYmJDWQQS7oT4k6ukA",
            "1DsQ6gawpochgbrzimQbaFqEifqF4mhAPB",
            "1PvaDmcJqtp44bhKXRcSaZYitykYPsX8Px",
            "12HQzHYedUvZthHWyZgFMN3xY7EiHeXxSn",
            "1Hi4mWs32CN7JBcGP5rhdiTCHjsxgkzF8v",
            "19sTLeGP1pvC6C17w1r834pmkULX5X3EmP",
            "12gPZdsBvwkbAU7oPgCBwg4XqXFSQBYkM4",
            "1L44SbJTqjztrt11sHN9h59NhCzFhDEKrc"
        ]
    },
    "fiat_value": {},
    "frozen_coins": {},
    "invoices": {},
    "keystore": {
        "derivation": "m",
        "pw_hash_version": 1,
        "root_fingerprint": "662f748e",
        "seed": "minor zone pool accuse remain combine slogan claw medal settle grace capable",
        "seed_type": "standard",
        "type": "bip32",
        "xprv": "xprv9s21ZrQH143K2zE77bSPkGeYmSD61cQCKq1yL8cH8cNVcS8k33aXs4LgaYZdvJv2BC3GwMejjEnBKHkiWrEDMsmGizEhWjERQupMZrwYMpN",
        "xpub": "xpub661MyMwAqRbcFUJaDcyQ7QbHKU3aR583h3wa8X1tgwuUVETtaatnQrfARqB8cXd7M3EF9FNB9e5PxiqPhCZqwEp9hXnNeNjNPeYAfbk6cuS"
    },
    "labels": {},
    "payment_requests": {},
    "prevouts_by_scripthash": {},
    "seed_version": 50,
    "spent_outpoints": {},
    "transactions": {},
    "tx_fees": {},
    "txi": {},
    "txo": {},
    "use_encryption": false,
    "verified_tx3": {},
    "wallet_type": "standard"
}