{
    "addr_history": {
        "12ebGfWcjBiNAp3UpfZadEPJNvv1CG2BuH": [],
        "13NQCh2TFgH3J85uxdDkS1WJdE8RbNoCjW": [],
        "14RKD2e2C65Sehe9Spe6HeQDGB4rCaM7is": [],
        "14W1dmjH4X32ivovnSBTNBiUUQtDT5z5Qd": [],
        "15AJAFQMHfEj7iPorXxgAKDafUUWa5n67S": [],
        "15UyUSWX1TJ47NPW68KtmkncqVTZ9G1vQ3": [],
        "17DbE42JVYbyveXQGaZXpmuCBN2ZPL85c7": [],
        "17JbqLw25Rovx1xnVU3kvnE9Tr2UrVYLdv": [],
        "1AEaKQm89Y93GfYGsnCCz8sDUapkjWntVJ": [],
        "1ATHrvV58L7Feei78jrLDEpGbo1t83T2px": [],
        "1Anjvw9aR4zB5wKoSdHjvMkF3utwCgsDZn": [],
        "1ArsKBcXP3HQosF3hFv3BzyUGaiXYyJSqi": [],
        "1BYhG8QKYS1SpZhZ1BqY5xKdUBjH8Gs4Xv": [],
        "1BYkqPcQFynGppxgXQAGopzNMTj25ZEG5r": [],
        "1CZVBijf3bNY7KyuXphVDsjtcyVV5UUYQX": [],
        "1EUaW92nLKzLuG37Vet7dBvTUtCs1rEPbH": [],
        "1EgANaNidFAPe1r9XCVre27RyyXA7jvTz9": [],
        "1F9DmUxg3AnYaxwB9Uw4u1J58QttrZ9QfQ": [],
        "1FwS8EvsuLYBw7gd8M991geUSRf69cE2RV": [],
        "1GDP889mMys9pgjmivpjDW41kHJbDxd98t": [],
        "1GH2dh471NnaEA7k9vD4hpHNSB3MvLB1ER": [],
        "1H9iZYqPaiDjUAn8F9EfdJ58xNLLnbyMkY": [],
        "1L2NtqaTfkdCNAw2XLoiwMJq33Ry6NB4jw": [],
        "1LgwSF35Ung1LDwpbX3nhhpXdAH5uJJoiz": [],
        "1MDaw67ieY7UuRvCXDNBgCakzHzVjQmzd9": [],
        "1Nj1egX3XjA45QoqqPhEZUPb8k4fMjmQT9": [],
        "1PR2tkqVJBQsxQPfq9s9dXuRdv5cigKdpy": [],
        "1Q8RduM7wiX26qZYXQvAgpZerfvBMYNqhZ": [],
        "1Q9PLU6LdbdmLYsx4RoVY5a9RN62g1qfJ8": [],
        "1yR64XaCu4Nws1yiy5muXPxxvAXinWJDK": []
    },
    "addresses": {
        "change": [
            "1PR2tkqVJBQsxQPfq9s9dXuRdv5cigKdpy",
            "15UyUSWX1TJ47NPW68KtmkncqVTZ9G1vQ3",
            "1FwS8EvsuLYBw7gd8M991geUSRf69cE2RV",
            "14RKD2e2C65Sehe9Spe6HeQDGB4rCaM7is",
            "1H9iZYqPaiDjUAn8F9EfdJ58xNLLnbyMkY",
            "1AEaKQm89Y93GfYGsnCCz8sDUapkjWntVJ",
            "1BYhG8QKYS1SpZhZ1BqY5xKdUBjH8Gs4Xv",
            "14W1dmjH4X32ivovnSBTNBiUUQtDT5z5Qd",
            "1ATHrvV58L7Feei78jrLDEpGbo1t83T2px",
            "1GDP889mMys9pgjmivpjDW41kHJbDxd98t"
        ],
        "receiving": [
            "17JbqLw25Rovx1xnVU3kvnE9Tr2UrVYLdv",
            "1CZVBijf3bNY7KyuXphVDsjtcyVV5UUYQX",
            "1Q8RduM7wiX26qZYXQvAgpZerfvBMYNqhZ",
            "1F9DmUxg3AnYaxwB9Uw4u1J58QttrZ9QfQ",
            "1Q9PLU6LdbdmLYsx4RoVY5a9RN62g1qfJ8",
            "1yR64XaCu4Nws1yiy5muXPxxvAXinWJDK",
            "1BYkqPcQFynGppxgXQAGopzNMTj25ZEG5r",
            "1EUaW92nLKzLuG37Vet7dBvTUtCs1rEPbH",
            "13NQCh2TFgH3J85uxdDkS1WJdE8RbNoCjW",
            "1ArsKBcXP3HQosF3hFv3BzyUGaiXYyJSqi",
            "1GH2dh471NnaEA7k9vD4hpHNSB3MvLB1ER",
            "17DbE42JVYbyveXQGaZXpmuCBN2ZPL85c7",
            "1LgwSF35Ung1LDwpbX3nhhpXdAH5uJJoiz",
            "1EgANaNidFAPe1r9XCVre27RyyXA7jvTz9",
            "1Nj1egX3XjA45QoqqPhEZUPb8k4fMjmQT9",
            "1MDaw67ieY7UuRvCXDNBgCakzHzVjQmzd9",
            "1Anjvw9aR4zB5wKoSdHjvMkF3utwCgsDZn",
            "1L2NtqaTfkdCNAw2XLoiwMJq33Ry6NB4jw",
            "15AJAFQMHfEj7iPorXxgAKDafUUWa5n67S",
            "12ebGfWcjBiNAp3UpfZadEPJNvv1CG2BuH"
        ]
    },
    "fiat_value": {},
    "frozen_coins": {},
    "invoices": {},
    "keystore": {
        "derivation": "m",
        "pw_hash_version": 1,
        "root_fingerprint": "b564101c",
        "seed": "minor zone pool announce remain combine neglect claw medal settle grace capable",
        "seed_type": "standard",
        "type": "bip32",
        "xprv": "xprv9s21ZrQH143K4MGUfMdxyRsmTgYCyWcSmgA9bsq1tVjhXSjA1V2uytm8kZukfWUQLMXZoqcGEWGbGNYY3S1FXebBBjSPmrB4ETkoeLNpmYc",
        "xpub": "xpub661MyMwAqRbcGqLwmPAyLZpW1iNhNyLJ8u5kQGEdSqGgQF4JZ2MAXh5cbrPaB8u3o9i8brosLuYoQFKnfkDJY7vZiwC6VYLz1SLxDe6jdPv"
    },
    "labels": {},
    "payment_requests": {},
    "prevouts_by_scripthash": {},
    "seed_version": 50,
    "spent_outpoints": {},
    "transactions": {},
    "tx_fees": {},
    "txi": {},
    "txo": {},
    "use_encryption": false,
    "verified_tx3": {},
    "wallet_type": "standard"
}