{
    "addr_history": {
        "12hA6J8qTh9WPVTBGCzmP5apGPoHBPKLPb": [],
        "13ECEobGZUeYFcmeWBcp6L4z7qLFc1kUqk": [],
        "14KB9KGa8nD4LY4qXyTygW54o7vKFtFkSA": [],
        "14uLEPYiNhBSKBJ3YYChXRkFUQDdM3xhiV": [],
        "16KRFmDSDKFJ8n5FiWtcYeg8FUGYaGALW5": [],
        "17HY9VwSGT5pXy7AmQkjZcp7MHZvx2dhVM": [],
        "189srEYiu4UX3oqLyBDn7tJxZSLFKqyPf1": [],
        "18bK7yYX5Rh3VbFH2nFehUFgkys4dW86dq": [],
        "1964wnV6uuFAghEBhK5VRN4bikahuvxS1S": [],
        "1AHHr4mKFXMSMRTWUqaVHEMavmH3XsD76R": [],
        "1AakzbPFimHyUHikZRQa1wRwu9TgwXnvRq": [],
        "1BGBzofsvBV6rmXid4XLzGfnqmUAZ9vAra": [],
        "1DXwbZyTLew9XNEMzbXMJAVg5Ymv3xuR6j": [],
        "1E4YzR1rbdaxmcXvaAnHqUuPbnyiQ3DjXW": [],
        "1E6c9fWnEji7t7Y72XRhzRktcY1dUTDGuN": [],
        "1ECUnq8cwWzs8SNjJgWDHRqWJdH9Luy9iC": [],
        "1EF7txYmwfEE5J7hUe8NzEZpa64zziAy1q": [],
        "1EsDz6USXynSLbKNmVRAFRJKBUdPFFLYdd": [],
        "1FFDnR5m9VKpdvzTp2523tAHB7pkG55v8A": [],
        "1FnUZLZApMpMPWeTDwiyVMQA22X8HvjViZ": [],
        "1G9bcrpjzi6pT29ds1ixgzSEKKz6EJq86X": [],
        "1HMK1AjCJwwpDuWRXituTgvJwcuUzB86BZ": [],
        "1Hbxbh74XGbjDr8fqF9aoQEQoTFuoxAotQ": [],
        "1JEZKrUoK1qcA1SeiXdkur6RHrBL9u4BJC": [],
        "1KRvHSMzgVsSgvxHzNCLMX6Fjct8h8A6so": [],
        "1L6DmU9Jqy2ymae1MfF9ahPLpEmU3n7VG9": [],
        "1LCvTYFgLJfRyZSRBPCRCNbTa7VB9teDjM": [],
        "1LS9b1jfRYRwfT8es1kKS1xDGQmqYsgRNx": [],
        "1NhzvvjW1NFJ4y9uLVeZ2WtrDu4Rauxb9r": [],
        "1Pty1LhfzBNAZhCD8MxdKm7bnmdqzzTdfE": []
    },
    "addresses": {
        "change": [
            "189srEYiu4UX3oqLyBDn7tJxZSLFKqyPf1",
            "18bK7yYX5Rh3VbFH2nFehUFgkys4dW86dq",
            "1LS9b1jfRYRwfT8es1kKS1xDGQmqYsgRNx",
            "1KRvHSMzgVsSgvxHzNCLMX6Fjct8h8A6so",
            "1AakzbPFimHyUHikZRQa1wRwu9TgwXnvRq",
            "1DXwbZyTLew9XNEMzbXMJAVg5Ymv3xuR6j",
            "1AHHr4mKFXMSMRTWUqaVHEMavmH3XsD76R",
            "14uLEPYiNhBSKBJ3YYChXRkFUQDdM3xhiV",
            "1NhzvvjW1NFJ4y9uLVeZ2WtrDu4Rauxb9r",
            "1E4YzR1rbdaxmcXvaAnHqUuPbnyiQ3DjXW"
        ],
        "receiving": [
            "16KRFmDSDKFJ8n5FiWtcYeg8FUGYaGALW5",
            "1964wnV6uuFAghEBhK5VRN4bikahuvxS1S",
            "1G9bcrpjzi6pT29ds1ixgzSEKKz6EJq86X",
            "12hA6J8qTh9WPVTBGCzmP5apGPoHBPKLPb",
            "1L6DmU9Jqy2ymae1MfF9ahPLpEmU3n7VG9",
            "1Hbxbh74XGbjDr8fqF9aoQEQoTFuoxAotQ",
            "1EsDz6USXynSLbKNmVRAFRJKBUdPFFLYdd",
            "1Pty1LhfzBNAZhCD8MxdKm7bnmdqzzTdfE",
            "1JEZKrUoK1qcA1SeiXdkur6RHrBL9u4BJC",
            "1EF7txYmwfEE5J7hUe8NzEZpa64zziAy1q",
            "1FnUZLZApMpMPWeTDwiyVMQA22X8HvjViZ",
            "1HMK1AjCJwwpDuWRXituTgvJwcuUzB86BZ",
            "13ECEobGZUeYFcmeWBcp6L4z7qLFc1kUqk",
            "1LCvTYFgLJfRyZSRBPCRCNbTa7VB9teDjM",
            "14KB9KGa8nD4LY4qXyTygW54o7vKFtFkSA",
            "1BGBzofsvBV6rmXid4XLzGfnqmUAZ9vAra",
            "1E6c9fWnEji7t7Y72XRhzRktcY1dUTDGuN",
            "1FFDnR5m9VKpdvzTp2523tAHB7pkG55v8A",
            "17HY9VwSGT5pXy7AmQkjZcp7MHZvx2dhVM",
            "1ECUnq8cwWzs8SNjJgWDHRqWJdH9Luy9iC"
        ]
    },
    "fiat_value": {},
    "frozen_coins": {},
    "invoices": {},
    "keystore": {
        "derivation": "m",
        "pw_hash_version": 1,
        "root_fingerprint": "03944969",
        "seed": "minor zone pool asthma remain combine thunder claw medal settle grace capable",
        "seed_type": "standard",
        "type": "bip32",
        "xprv": "xprv9s21ZrQH143K3eL2f6SLnYcWfJdvKpimEU52vcZpUVhy7DosyigGy5hn7fNQJNm2ZeKVV4AhpgWYmCcR5ST1eovhMUrgddZSzFRUd6nUVmP",
        "xpub": "xpub661MyMwAqRbcG8QVm7yM9gZFDLUQjHScbgzdizyS2qEwz292XFzXWt2FxurFWji5VoKD8oomwkayE8RcHJxVvgcLW6dKyLiFK7rbXo3tHem"
    },
    "labels": {},
    "payment_requests": {},
    "prevouts_by_scripthash": {},
    "seed_version": 50,
    "spent_outpoints": {},
    "transactions": {},
    "tx_fees": {},
    "txi": {},
    "txo": {},
    "use_encryption": false,
    "verified_tx3": {},
    "wallet_type": "standard"
}