{
    "addr_history": {
        "12WXXgLBGdmdZ257uBGJJH6VQK4PHPuFHT": [],
        "13PYgLT94QJ9uDv9szgYdTryn7jnpiRmHr": [],
        "13fqETHvVR93fJ54UpSXJV5e2WfAFtVvac": [],
        "13nwEq6j5PW4D6GgWxiwSTKQuxaeKVQjfC": [],
        "14ZakCkH7bmaWazLuKkhcdPbeYqVCt9PxV": [],
        "14zRV6qpwWFrwwE7idG879kG2eHukaYqky": [],
        "15EDPuJ84iCaCX2U93jLA7PeGMwPfzg3yE": [],
        "15HHSJYMjRjSTwWGhES28NMUPd5C39nWke": [],
        "15MykFFXLwqQQnXotXUJa8QKMa5iXQoi8b": [],
        "15UxcPY9hAmc7AZtpaYaUFhJShyYeiorsi": [],
        "16Hh5oWZpXYy5U2wgQU4hZXKR4xq7pCWEp": [],
        "17JipZTppVBs1Uxeuhese464QFr2QHnG1M": [],
        "17KH39k8Mi28Gddfz3v8pCgVBzhpaoPgKw": [],
        "17Yz1UehqYxxpZ8gBzBU8UzvEkgmugbDrD": [],
        "18P7MWaL7bE6y9HttBEzD4w8NoFs9cyUvV": [],
        "1DJjUWCzNR5wsnHErFGGVBxEFriKxcqok3": [],
        "1Dmkn87tATxF5NPxxucX7xzyMXb2BJwRJ6": [],
        "1DyvTfGorL6an7nW8inAUgaK1XS1rzjDJg": [],
        "1FGYHPEEsM8UwN4NSiiAkUWHJJh3bVosYZ": [],
        "1FnGfsx1CvXjxhFcrAPH9rVjSc63hYyUzV": [],
        "1G9dT1uCpduhT4dHjCpnGhz6FABsZHjiai": [],
        "1GexqKZPrBNsbd3kRwEY5ywpwoN6joiSzz": [],
        "1HN5BhuRx1nL4U5aCgMwwqPuqkjbCKtpAL": [],
        "1LR7HVRb5S7PLXsiDXB4jx4xjQgr7cXG4r": [],
        "1Mo3v133JCLP4xuF1feY57kDyoxnR5UkAU": [],
        "1NJfxCu8wzqp2vjfkCBtqwjMctBs1QqXUk": [],
        "1NZhSrTHEEmt4d34g1vXBhpy3PWKSagBwd": [],
        "1P74Qh1qWYPT2QpYRp8nH1BHiYTxT2vvcT": [],
        "1PGb33anHQFaGhuEvDoJYEExHZ4BJcUtLu": [],
        "1PuLK5yV6qtjLWvkyZhBnuFdTvYh9VgGST": []
    },
    "addresses": {
        "change": [
            "1G9dT1uCpduhT4dHjCpnGhz6FABsZHjiai",
            "1LR7HVRb5S7PLXsiDXB4jx4xjQgr7cXG4r",
            "1Mo3v133JCLP4xuF1feY57kDyoxnR5UkAU",
            "1FnGfsx1CvXjxhFcrAPH9rVjSc63hYyUzV",
            "1PGb33anHQFaGhuEvDoJYEExHZ4BJcUtLu",
            "1P74Qh1qWYPT2QpYRp8nH1BHiYTxT2vvcT",
            "13fqETHvVR93fJ54UpSXJV5e2WfAFtVvac",
            "14zRV6qpwWFrwwE7idG879kG2eHukaYqky",
            "13nwEq6j5PW4D6GgWxiwSTKQuxaeKVQjfC",
            "18P7MWaL7bE6y9HttBEzD4w8NoFs9cyUvV"
        ],
        "receiving": [
            "1DyvTfGorL6an7nW8inAUgaK1XS1rzjDJg",
            "1Dmkn87tATxF5NPxxucX7xzyMXb2BJwRJ6",
            "15MykFFXLwqQQnXotXUJa8QKMa5iXQoi8b",
            "17Yz1UehqYxxpZ8gBzBU8UzvEkgmugbDrD",
            "1DJjUWCzNR5wsnHErFGGVBxEFriKxcqok3",
            "16Hh5oWZpXYy5U2wgQU4hZXKR4xq7pCWEp",
            "1GexqKZPrBNsbd3kRwEY5ywpwoN6joiSzz",
            "12WXXgLBGdmdZ257uBGJJH6VQK4PHPuFHT",
            "1HN5BhuRx1nL4U5aCgMwwqPuqkjbCKtpAL",
            "15UxcPY9hAmc7AZtpaYaUFhJShyYeiorsi",
            "15EDPuJ84iCaCX2U93jLA7PeGMwPfzg3yE",
            "14ZakCkH7bmaWazLuKkhcdPbeYqVCt9PxV",
            "13PYgLT94QJ9uDv9szgYdTryn7jnpiRmHr",
            "15HHSJYMjRjSTwWGhES28NMUPd5C39nWke",
            "1FGYHPEEsM8UwN4NSiiAkUWHJJh3bVosYZ",
            "1NZhSrTHEEmt4d34g1vXBhpy3PWKSagBwd",
            "17JipZTppVBs1Uxeuhese464QFr2QHnG1M",
            "17KH39k8Mi28Gddfz3v8pCgVBzhpaoPgKw",
            "1NJfxCu8wzqp2vjfkCBtqwjMctBs1QqXUk",
            "1PuLK5yV6qtjLWvkyZhBnuFdTvYh9VgGST"
        ]
    },
    "fiat_value": {},
    "frozen_coins": {},
    "invoices": {},
    "keystore": {
        "derivation": "m",
        "pw_hash_version": 1,
        "root_fingerprint": "bd2caeb9",
        "seed": "minor zone pool amount remain combine security claw medal settle grace capable",
        "seed_type": "standard",
        "type": "bip32",
        "xprv": "xprv9s21ZrQH143K41Qf5kDzDvQw9xScgJDxz9b1JvXrgw8Dj2qsPCi9pKRdKw5CaxweCwURR3nwaNcmYwELDFT8G9PP6VoS891M3eeXSLRVHMA",
        "xpub": "xpub661MyMwAqRbcGVV8Bmkzb4MfhzH75kwpMNWc7JwUFGfCbqB1vk2QN7k7BFaRYcEgxUCZuhRk9suyUrRCXEcscd7pPzut9G3tSWaRvTSari8"
    },
    "labels": {},
    "payment_requests": {},
    "prevouts_by_scripthash": {},
    "seed_version": 50,
    "spent_outpoints": {},
    "transactions": {},
    "tx_fees": {},
    "txi": {},
    "txo": {},
    "use_encryption": false,
    "verified_tx3": {},
    "wallet_type": "standard"
}