{
    "addr_history": {
        "112WuSamRoLYgDeJ1y6QKx76GX8vQE6uwf": [],
        "1154vHfg7dbTDVuxiNDGRGZGU95zLcZ8SY": [],
        "12ohRY5HPicebdZqZjE8yXtwDiahKVqbzi": [],
        "13drsHXrQ5WYG3bpYHDebzsRpnzc2aVWnK": [],
        "13xJBXy9kTi9QeaVYWvge3W6uhbP9vzy3F": [],
        "14x9t7JiJCfdshczV1NbJjTdy9UbNVaaDo": [],
        "14z2uJJ8jKYAYADg92cqqRJ1WcAMhNTPKR": [],
        "15jhUfGLSqhSa9rAQk4DCRpp7yJGswgvfc": [],
        "16mTq9k5eSUaEvoWPDF3C5ejUNTP4yhBMF": [],
        "17X338DojH6E6JMTCV9WCveN37Hj57G6ty": [],
        "18hMxRHwUTGA6ghkE92PFpUipRH7WpCfbt": [],
        "19X4MX6HtK8aRVRgwHMXv1NDXhMyGXw3Mp": [],
        "19cujZ6CLrus87mKcvbzuuPWRGTb2u7YS3": [],
        "1BLQuu4rX4p8EmZa6Au3A3kVTXk1o4dCxC": [],
        "1EHpCbNGcudE7c6cKm1CHz14mbMBav2drS": [],
        "1EjGfhyNSDpNhLrXknj8BjSZBKPv2GzSPo": [],
        "1FxfcKyK5hunEZfkqRZgvhhe6sAWTKHeqQ": [],
        "1JciqSEMm92ucrdPtfdp2dV7qLj3qi98yx": [],
        "1LHVUc9iBh1mBKxHZqEKEXRJsErH9SisYJ": [],
        "1M491F1ogYKKDoaLikN4rf4zs7Df8puYMK": [],
        "1M6SA2zHxZKyMfvw42NZRuFtNhoqfygbS1": [],
        "1MRhXqoLCCSFjD59fSbfYXnpeMGcpq4Bvb": [],
        "1N2W41zkKVjTAQqx2RoQS762bvL7UBtvTS": [],
        "1N6NdjsEk9qa4h9YRJkhwvW7fyPjzsyhQG": [],
        "1NL4UkP1HP55SrUbJ3GP8zF3DrzKauwWf6": [],
        "1NNVmEX3j72crKv9CQUKAXwQM8AUZTJywf": [],
        "1NahvcJngqdkk1i1yX6xYvuWe11wx99HZy": [],
        "1P2rfpfW6Y9kWce7UChbpiRMeZXAX2Wh22": [],
        "1Q2hjYyw4URHHuyzr4r4nffgR7irTCDpEQ": [],
        "1kTpmTXMkET1mCUXgNWbR6VmcjP3aqfP5": []
    },
    "addresses": {
        "change": [
            "15jhUfGLSqhSa9rAQk4DCRpp7yJGswgvfc",
            "19cujZ6CLrus87mKcvbzuuPWRGTb2u7YS3",
            "16mTq9k5eSUaEvoWPDF3C5ejUNTP4yhBMF",
            "1NahvcJngqdkk1i1yX6xYvuWe11wx99HZy",
            "17X338DojH6E6JMTCV9WCveN37Hj57G6ty",
            "1N6NdjsEk9qa4h9YRJkhwvW7fyPjzsyhQG",
            "1FxfcKyK5hunEZfkqRZgvhhe6sAWTKHeqQ",
            "18hMxRHwUTGA6ghkE92PFpUipRH7WpCfbt",
            "1N2W41zkKVjTAQqx2RoQS762bvL7UBtvTS",
            "1JciqSEMm92ucrdPtfdp2dV7qLj3qi98yx"
        ],
        "receiving": [
            "1Q2hjYyw4URHHuyzr4r4nffgR7irTCDpEQ",
            "1154vHfg7dbTDVuxiNDGRGZGU95zLcZ8SY",
            "19X4MX6HtK8aRVRgwHMXv1NDXhMyGXw3Mp",
            "13xJBXy9kTi9QeaVYWvge3W6uhbP9vzy3F",
            "14z2uJJ8jKYAYADg92cqqRJ1WcAMhNTPKR",
            "1P2rfpfW6Y9kWce7UChbpiRMeZXAX2Wh22",
            "112WuSamRoLYgDeJ1y6QKx76GX8vQE6uwf",
            "1LHVUc9iBh1mBKxHZqEKEXRJsErH9SisYJ",
            "1M491F1ogYKKDoaLikN4rf4zs7Df8puYMK",
            "1EjGfhyNSDpNhLrXknj8BjSZBKPv2GzSPo",
            "1M6SA2zHxZKyMfvw42NZRuFtNhoqfygbS1",
            "12ohRY5HPicebdZqZjE8yXtwDiahKVqbzi",
            "13drsHXrQ5WYG3bpYHDebzsRpnzc2aVWnK",
            "1NL4UkP1HP55SrUbJ3GP8zF3DrzKauwWf6",
            "1BLQuu4rX4p8EmZa6Au3A3kVTXk1o4dCxC",
            "1MRhXqoLCCSFjD59fSbfYXnpeMGcpq4Bvb",
            "1EHpCbNGcudE7c6cKm1CHz14mbMBav2drS",
            "1NNVmEX3j72crKv9CQUKAXwQM8AUZTJywf",
            "14x9t7JiJCfdshczV1NbJjTdy9UbNVaaDo",
            "1kTpmTXMkET1mCUXgNWbR6VmcjP3aqfP5"
        ]
    },
    "fiat_value": {},
    "frozen_coins": {},
    "invoices": {},
    "keystore": {
        "derivation": "m",
        "pw_hash_version": 1,
        "root_fingerprint": "ffe17c03",
        "seed": "minor zone pool antenna remain combine reunion claw medal settle grace capable",
        "seed_type": "standard",
        "type": "bip32",
        "xprv": "xprv9s21ZrQH143K4Vf5XXa5X6JP4cPqzEjXf4UwLmjSGf9XBPjMkSN9TbwtRdAmWtNzS2ipMPPdxJkAeA935DUrYfQr8WxbaBHNieDAzvwqHn5",
        "xpub": "xpub661MyMwAqRbcGyjYdZ75tEF7ceELPhTP2HQY9A93pzgW4C4WHygQ1QGNGuuvWjGjDrDWgzYXFUkBxnUizRXpSVgJd1P47B1mQsNEDUGEqcT"
    },
    "labels": {},
    "payment_requests": {},
    "prevouts_by_scripthash": {},
    "seed_version": 50,
    "spent_outpoints": {},
    "transactions": {},
    "tx_fees": {},
    "txi": {},
    "txo": {},
    "use_encryption": false,
    "verified_tx3": {},
    "wallet_type": "standard"
}