{
    "addr_history": {
        "121iijpeFdyGGxqUZm1BBL5HjaakgwYfRZ": [],
        "12WYzRotRDKy1t1Uy63Pb13Q8QmVd5Hz92": [],
        "12aNJwnF1Aa3bjp2dmARkEiq4rUQBnRYDk": [],
        "12xf1y1TLDS8cNDNVkkv6Vb61TxCFosyN4": [],
        "13tLCRfZLoMBUThH3KqKLQ7uis2Dy9Yims": [],
        "14V4XcFrxxYiSiMamjN2zq4g2vkMuiUjMV": [],
        "14cR2xquTgfg69mjcmmQQ8954vCTw9iWTk": [],
        "14cWZk7NbKsCKu8pFsgstgPeQKk2r8SsfQ": [],
        "15c2KJfz27nr7vxsTNCnMtpyU8c1VGys9U": [],
        "16NZZvwUgxVk5RPNoJ1wbsQEqNKojaQASQ": [],
        "17xvTpqQGUhN9HVZXHGPj3uzp5pT84r2Et": [],
        "192f8ficanUKzhr8AdSGzNdQ37PtB2Y3js": [],
        "19AAQbab5JfpdBmDkeCugkWoxzgRwfeDX3": [],
        "19imZwjtYySQpR3iztXEHyV3J7BvoZmtvr": [],
        "1AJXEXJdZs1vQ3UtznZerbRuPecVZ6B2p2": [],
        "1B7RH5oUo4yJ5eEw6Kt4ggP2hBGXvF4hFe": [],
        "1D9ZAkGDUY235Y9BD91fu3QzABcrsHgJuA": [],
        "1E2b1GpgBH66C5TghUBxYunNezpU3PDuGB": [],
        "1FnsjUedgz8UKUM9YoijmKCzA7RUx1xEFA": [],
        "1FsSc2GxT1J49gySDttfBtW5uejgQg646T": [],
        "1GCjo9eVhSDMpTF2MYHfMdTEu6NAarx3Vy": [],
        "1GuornmHDMPKGAFD7GmYK3SueqZ3kPEwK9": [],
        "1GwWc3XeboVWMY28DUu4NLW8RPVYdx8Gud": [],
        "1H4t7BZfRqt6AjZFRPozyh7H2sxLhNwAFG": [],
        "1HC3RE8u1faZqCnehTkmdNmKwHgPbBJmMz": [],
        "1HdLe1Jay5ebjhnWoa3Hm1fWewJkipaUJS": [],
        "1KNQ56oKp5TkXyzQF5WuSuvqt3DfcE1pQP": [],
        "1Ky3RWNi1rne5Mp9TEJib4zXRjwqSaFS5k": [],
        "1LYpqgLed7PQCgZU57bcNy95KkgkKU71Vm": [],
        "1P1kJBFfX314qKJbpTGgysScERRgBuemR3": []
    },
    "addresses": {
        "change": [
            "1AJXEXJdZs1vQ3UtznZerbRuPecVZ6B2p2",
            "1GCjo9eVhSDMpTF2MYHfMdTEu6NAarx3Vy",
            "1Ky3RWNi1rne5Mp9TEJib4zXRjwqSaFS5k",
            "19AAQbab5JfpdBmDkeCugkWoxzgRwfeDX3",
            "15c2KJfz27nr7vxsTNCnMtpyU8c1VGys9U",
            "1GuornmHDMPKGAFD7GmYK3SueqZ3kPEwK9",
            "1E2b1GpgBH66C5TghUBxYunNezpU3PDuGB",
            "19imZwjtYySQpR3iztXEHyV3J7BvoZmtvr",
            "14cR2xquTgfg69mjcmmQQ8954vCTw9iWTk",
            "13tLCRfZLoMBUThH3KqKLQ7uis2Dy9Yims"
        ],
        "receiving": [
            "1P1kJBFfX314qKJbpTGgysScERRgBuemR3",
            "1FnsjUedgz8UKUM9YoijmKCzA7RUx1xEFA",
            "1LYpqgLed7PQCgZU57bcNy95KkgkKU71Vm",
            "1D9ZAkGDUY235Y9BD91fu3QzABcrsHgJuA",
            "1HC3RE8u1faZqCnehTkmdNmKwHgPbBJmMz",
            "1GwWc3XeboVWMY28DUu4NLW8RPVYdx8Gud",
            "14V4XcFrxxYiSiMamjN2zq4g2vkMuiUjMV",
            "121iijpeFdyGGxqUZm1BBL5HjaakgwYfRZ",
            "1HdLe1Jay5ebjhnWoa3Hm1fWewJkipaUJS",
            "16NZZvwUgxVk5RPNoJ1wbsQEqNKojaQASQ",
            "1FsSc2GxT1J49gySDttfBtW5uejgQg646T",
            "12aNJwnF1Aa3bjp2dmARkEiq4rUQBnRYDk",
            "1H4t7BZfRqt6AjZFRPozyh7H2sxLhNwAFG",
            "1KNQ56oKp5TkXyzQF5WuSuvqt3DfcE1pQP",
            "14cWZk7NbKsCKu8pFsgstgPeQKk2r8SsfQ",
            "12xf1y1TLDS8cNDNVkkv6Vb61TxCFosyN4",
            "17xvTpqQGUhN9HVZXHGPj3uzp5pT84r2Et",
            "1B7RH5oUo4yJ5eEw6Kt4ggP2hBGXvF4hFe",
            "192f8ficanUKzhr8AdSGzNdQ37PtB2Y3js",
            "12WYzRotRDKy1t1Uy63Pb13Q8QmVd5Hz92"
        ]
    },
    "fiat_value": {},
    "frozen_coins": {},
    "invoices": {},
    "keystore": {
        "derivation": "m",
        "pw_hash_version": 1,
        "root_fingerprint": "a0eb5ec7",
        "seed": "minor zone pool alpha remain combine west claw medal settle grace capable",
        "seed_type": "standard",
        "type": "bip32",
        "xprv": "xprv9s21ZrQH143K37rQjCdBPBRKyq3KHzrnHX2L3AniLgGU2bRp2QnZFQnSMCVNXRLaL7R3xbhzEfykJ2mVgSuKXq9G7uBeTa2KBFuXEfzLHWN",
        "xpub": "xpub661MyMwAqRbcFbvsqEABkKN4XrsohTadejwvqZCKu1oSuPkxZx6ooD6vCVAbHWzA4TuGhkFURJhCMj6mJnqsQPygP88e4Jx45oUc2KtyGfc"
    },
    "labels": {},
    "payment_requests": {},
    "prevouts_by_scripthash": {},
    "seed_version": 50,
    "spent_outpoints": {},
    "transactions": {},
    "tx_fees": {},
    "txi": {},
    "txo": {},
    "use_encryption": false,
    "verified_tx3": {},
    "wallet_type": "standard"
}