{
    "addr_history": {
        "115uenPV2DKmvnt54xaAFLL3bRCw71m2ff": [],
        "12erwnpkhgz74Xryn8nUSmS2ziqo1k82wp": [],
        "132CcZ6o33SXTDzZ3WMdyHKX7qwDKcAKVm": [],
        "13QBNRkcuUmFgF4fAtV6ZDDgGMekXzL2SN": [],
        "148pqyh1Ky1AkYUyorDK2AG9i4oUtSKr4w": [],
        "15cRS3d1oZfDo7SfSre3XzTh7eeAYW7eJH": [],
        "17bs4ts2Bd7PdqsCc1oykuMDT8fFC8FKK7": [],
        "17v7ZGKTBnNVw39vHzyp9qAKu12vhdmVDM": [],
        "18J9zVUNovNDYChDJ51MVpJsDEjUHTBG6Y": [],
        "18bMsEzGQ9UckXUTrDHHTBXEgZG42BjHgm": [],
        "196zcaf1X95z9j16yv35m1DvZ5zcw4mvPN": [],
        "198H4ssG8ozTpaizDvngduPer3FiDj9MM5": [],
        "1AH6iv8BUTcBFkg6z2u1jdisTsBULVng2d": [],
        "1AJnkAiMZvbfwSsUoXJz1PEWT1kCHcD4yM": [],
        "1C4g9oWMZgHTcvDCS7RD9DtEvH1rmLRjob": [],
        "1CQLEn8MiScyrcPSWEsTNykvkkv8RoQsrg": [],
        "1D1RV6rA24T88E42urvXn8UPTKJ8W7r1AX": [],
        "1D4ZCJEj2Zj4wQiqqLsRemRdGxB54hmpzG": [],
        "1DZmFdBSSZ4svMbsTAhq7AzEMf8hdcQDg4": [],
        "1EMTZotBXVj8PMDqxQVRUtsXhUaSwqQ3tS": [],
        "1EYsEHh8Zshz6Kwyq2mKCSRnQvTHaFtWkS": [],
        "1GwKDKbAS5bcxsfoH6HBsF5MUTDP9xZ7cN": [],
        "1JyWBroutH1wv2bQoonhdBKCmRYfeectSm": [],
        "1K6U1kvA9vA8zjJXkLXNN3abD4ceBwmob1": [],
        "1L6HFt7unqsueXeRRXgF9Nj1DVVFzgYEDQ": [],
        "1Lf1o4BhrhMDLCNCq31S167J3n97cX5Uzk": [],
        "1M9YL3473yNcxbtEpunNzuGWPQrGdFJnwE": [],
        "1MVTdUYSDHor1kyaZiWc3Ck6LiskXa4cF3": [],
        "1NABVYsKYXUDXuKncE5hnD1o3vUQ1rQ2Sp": [],
        "1NTkLBwJWKDM1fur6hV8TUYfeqYkFsvDe4": []
    },
    "addresses": {
        "change": [
            "1D4ZCJEj2Zj4wQiqqLsRemRdGxB54hmpzG",
            "17v7ZGKTBnNVw39vHzyp9qAKu12vhdmVDM",
            "1M9YL3473yNcxbtEpunNzuGWPQrGdFJnwE",
            "1AH6iv8BUTcBFkg6z2u1jdisTsBULVng2d",
            "18bMsEzGQ9UckXUTrDHHTBXEgZG42BjHgm",
            "12erwnpkhgz74Xryn8nUSmS2ziqo1k82wp",
            "13QBNRkcuUmFgF4fAtV6ZDDgGMekXzL2SN",
            "1K6U1kvA9vA8zjJXkLXNN3abD4ceBwmob1",
            "132CcZ6o33SXTDzZ3WMdyHKX7qwDKcAKVm",
            "198H4ssG8ozTpaizDvngduPer3FiDj9MM5"
        ],
        "receiving": [
            "148pqyh1Ky1AkYUyorDK2AG9i4oUtSKr4w",
            "15cRS3d1oZfDo7SfSre3XzTh7eeAYW7eJH",
            "1NABVYsKYXUDXuKncE5hnD1o3vUQ1rQ2Sp",
            "1MVTdUYSDHor1kyaZiWc3Ck6LiskXa4cF3",
            "1EMTZotBXVj8PMDqxQVRUtsXhUaSwqQ3tS",
            "1Lf1o4BhrhMDLCNCq31S167J3n97cX5Uzk",
            "1C4g9oWMZgHTcvDCS7RD9DtEvH1rmLRjob",
            "1L6HFt7unqsueXeRRXgF9Nj1DVVFzgYEDQ",
            "17bs4ts2Bd7PdqsCc1oykuMDT8fFC8FKK7",
            "1D1RV6rA24T88E42urvXn8UPTKJ8W7r1AX",
            "1CQLEn8MiScyrcPSWEsTNykvkkv8RoQsrg",
            "18J9zVUNovNDYChDJ51MVpJsDEjUHTBG6Y",
            "1JyWBroutH1wv2bQoonhdBKCmRYfeectSm",
            "1EYsEHh8Zshz6Kwyq2mKCSRnQvTHaFtWkS",
            "196zcaf1X95z9j16yv35m1DvZ5zcw4mvPN",
            "1GwKDKbAS5bcxsfoH6HBsF5MUTDP9xZ7cN",
            "115uenPV2DKmvnt54xaAFLL3bRCw71m2ff",
            "1AJnkAiMZvbfwSsUoXJz1PEWT1kCHcD4yM",
            "1NTkLBwJWKDM1fur6hV8TUYfeqYkFsvDe4",
            "1DZmFdBSSZ4svMbsTAhq7AzEMf8hdcQDg4"
        ]
    },
    "fiat_value": {},
    "frozen_coins": {},
    "invoices": {},
    "keystore": {
        "derivation": "m",
        "pw_hash_version": 1,
        "root_fingerprint": "a201bba7",
        "seed": "minor zone pool axis remain combine fantasy claw medal settle grace capable",
        "seed_type": "standard",
        "type": "bip32",
        "xprv": "xprv9s21ZrQH143K3VTGdWTHj9RTYGUUcDRLY9L8KpuqS8tnd37KGKXq38yjzPNNbbbrCfWZUPRjtBsSY4M1XtY1vZqpzPwnt5zvD9UAA9pUqWH",
        "xpub": "xpub661MyMwAqRbcFyXjjXzJ6HNC6JJy1g9BuNFj8DKSzURmVqSTorr5awJDqfhasb1rjvyRtx3ZaTd6hCX5Mi1rPioNZJJZCq3GRumioPBSYTK"
    },
    "labels": {},
    "payment_requests": {},
    "prevouts_by_scripthash": {},
    "seed_version": 50,
    "spent_outpoints": {},
    "transactions": {},
    "tx_fees": {},
    "txi": {},
    "txo": {},
    "use_encryption": false,
    "verified_tx3": {},
    "wallet_type": "standard"
}