{
    "addr_history": {
        "129pr68ZQpBc4o4iX22YVKLRAfZZ3XCjxE": [],
        "12c7Czk2AJVdL86Eo2FxTGKkiQTxGBewXi": [],
        "12oskyHX8wHcnDUocTqJQqpHcUz8C6A5DN": [],
        "14CKFiPkUKwWMKjwsR36Ca366vWRoP48Ej": [],
        "15895AUwVugPWBq6W43WoR1xHGgWYmVBvC": [],
        "15TWX1wtaVKUfrGHkVGj4xGNPLM7MbD2bh": [],
        "161NZy2i9AM6VsXDbMNJrngY7FDnznPjfz": [],
        "17ga7L4g9p6MGb1wyuLgb1FZvvXM1AoFtK": [],
        "17wn6b7JjDbvtcyet5Waz95TDByBEanz8": [],
        "17xQs6qdTdPtZBDGr4b1fJQcVoVRC6DTdF": [],
        "19F4eEi5Z1xmMB9rvm2c5wyw1LGCVPcoiP": [],
        "19subv8SNeqF84Gnzyv9R6x1NDRiySNtrn": [],
        "19uEjNKLfwc7thrSA2kEm74tK8x4YRS8xr": [],
        "1BEV65XqcobHPAzHnvNNHzmsoVj88iPZw9": [],
        "1BfciFT2d5D4DSJWNUfq2TFfryCn251sUm": [],
        "1DrcjLLLiKpUFVVj88A1A3qjWgFurt7QbR": [],
        "1DyAmN8rZYdayGkQiNL6FTZCd8qmAXsQFn": [],
        "1Eeohmdv3aZRgUZrCgwK4ErqQx4nDfanb2": [],
        "1FbJDRvcqph43hx7Xehrh8wCxUMiEZnQUx": [],
        "1FcBnX6bZpKEQMbeWa3Par8n1bz5qSHSmY": [],
        "1FfcMbfwa7aPqwHSN6Rt2iTPUU4jdvX1uZ": [],
        "1GWvgaK6g8iWrXVjA6qLUG5riLVpc26VJi": [],
        "1H89NJ9EeB5bshKUQ1LJjxqkxkD3M7SXjv": [],
        "1HpF4movGoxF6iSHki2aZhRbDDsAdexbxx": [],
        "1L9GztY4jmthTaypUT3BKd2tZ3nS54Zqwv": [],
        "1NBzhmjK2rBorkBju66NrrajVzTPiioFYM": [],
        "1PhQpMgDbJW3icibeBV3rdRzFwEJun7qvC": [],
        "1PvcxvZCssP5T4xsMrTfRkvPhVESwQFJwP": [],
        "1Q1P2AcxFbNw1SGM6mAojB9ABPMKF7CtdQ": [],
        "1n3o7Zw6Bc7bYucBc5u8xYZrFajRKYRWK": []
    },
    "addresses": {
        "change": [
            "1Eeohmdv3aZRgUZrCgwK4ErqQx4nDfanb2",
            "15895AUwVugPWBq6W43WoR1xHGgWYmVBvC",
            "1DrcjLLLiKpUFVVj88A1A3qjWgFurt7QbR",
            "19uEjNKLfwc7thrSA2kEm74tK8x4YRS8xr",
            "17xQs6qdTdPtZBDGr4b1fJQcVoVRC6DTdF",
            "1BEV65XqcobHPAzHnvNNHzmsoVj88iPZw9",
            "1DyAmN8rZYdayGkQiNL6FTZCd8qmAXsQFn",
            "1PhQpMgDbJW3icibeBV3rdRzFwEJun7qvC",
            "17ga7L4g9p6MGb1wyuLgb1FZvvXM1AoFtK",
            "1BfciFT2d5D4DSJWNUfq2TFfryCn251sUm"
        ],
        "receiving": [
            "12oskyHX8wHcnDUocTqJQqpHcUz8C6A5DN",
            "161NZy2i9AM6VsXDbMNJrngY7FDnznPjfz",
            "15TWX1wtaVKUfrGHkVGj4xGNPLM7MbD2bh",
            "1GWvgaK6g8iWrXVjA6qLUG5riLVpc26VJi",
            "1NBzhmjK2rBorkBju66NrrajVzTPiioFYM",
            "1HpF4movGoxF6iSHki2aZhRbDDsAdexbxx",
            "19subv8SNeqF84Gnzyv9R6x1NDRiySNtrn",
            "1H89NJ9EeB5bshKUQ1LJjxqkxkD3M7SXjv",
            "17wn6b7JjDbvtcyet5Waz95TDByBEanz8",
            "1L9GztY4jmthTaypUT3BKd2tZ3nS54Zqwv",
            "1FfcMbfwa7aPqwHSN6Rt2iTPUU4jdvX1uZ",
            "12c7Czk2AJVdL86Eo2FxTGKkiQTxGBewXi",
            "1Q1P2AcxFbNw1SGM6mAojB9ABPMKF7CtdQ",
            "1FcBnX6bZpKEQMbeWa3Par8n1bz5qSHSmY",
            "1n3o7Zw6Bc7bYucBc5u8xYZrFajRKYRWK",
            "14CKFiPkUKwWMKjwsR36Ca366vWRoP48Ej",
            "1PvcxvZCssP5T4xsMrTfRkvPhVESwQFJwP",
            "1FbJDRvcqph43hx7Xehrh8wCxUMiEZnQUx",
            "129pr68ZQpBc4o4iX22YVKLRAfZZ3XCjxE",
            "19F4eEi5Z1xmMB9rvm2c5wyw1LGCVPcoiP"
        ]
    },
    "fiat_value": {},
    "frozen_coins": {},
    "invoices": {},
    "keystore": {
        "derivation": "m",
        "pw_hash_version": 1,
        "root_fingerprint": "e8f75b48",
        "seed": "minor zone pool abstract remain combine hen claw medal settle grace capable",
        "seed_type": "standard",
        "type": "bip32",
        "xprv": "xprv9s21ZrQH143K2UL4yCvPPj2fGF4tyLtv43G4gZudhcd7K5XfBPYEKnVjw6UzJnJ8A6U92txs9Rgb1ragyeJjkApSWurdeNicUNEAFTvi4We",
        "xpub": "xpub661MyMwAqRbcExQY5ETPkryPpGuPNocmRGBfUxKFFxA6BsroivrUsapDnLzKv1AJGbPHp5VqEYVeKy2NdzWV4TGuj65qzNVtzrdW1ScuDdt"
    },
    "labels": {},
    "payment_requests": {},
    "prevouts_by_scripthash": {},
    "seed_version": 50,
    "spent_outpoints": {},
    "transactions": {},
    "tx_fees": {},
    "txi": {},
    "txo": {},
    "use_encryption": false,
    "verified_tx3": {},
    "wallet_type": "standard"
}