{
    "addr_history": {
        "12rSHy7ucXHojY22P7JeRvAo4P98LR3utG": [],
        "138ofsdnUzevnMejCJ7ATjCgMvcbAAeZL4": [],
        "13HkaShFkYGtDSws3rSnFC5KsN1ReiVaL9": [],
        "13NHC4UtPXY6L1ri4UQyvgKYQ28BQPPJq8": [],
        "13Uh63xTwtPZNuQqANi215za4Zj4kWfK88": [],
        "14hqYaFfLpaovCGL2rMqrEAeKqXxdseZya": [],
        "15X6TX6Pzw5zFJXXbbhcbLdFuVYndHNDhi": [],
        "1661vpunh2wxtwYq3cfvFqri7tzAWyR8w4": [],
        "16NKzrybPnLmMCrEHcTjPRLfnxjrWcqey1": [],
        "17ru3hApqECoapSjx4X7SDdfZxT6xQVLVN": [],
        "18dfGBbfksSE1WKe1ccKuXz3W6oo61rngK": [],
        "19CKgJ8f5HXZZ8S8rgDeqNXLrtJpqVyCEA": [],
        "19gAjVgMTEJhGoxE6ZfVphZz2ah2MK3gHZ": [],
        "1AJz8XNDQQnS1WrpaU4HiAe9Zcs6MLQiiy": [],
        "1ANWjEN3FxmLwTMZfry7p1qPqCGacJns1p": [],
        "1BHjSpz1ABY1AheDrtDLGHVkexFjzv2iT": [],
        "1BW7gQkiCeiTW4wqqeh2vJuH5MCHo3wVAt": [],
        "1Bj4MJLK6AaF3GgrArEQnBaD7ssifMEyBX": [],
        "1DqeAEEH4e91E89FvNPVs2ur4Ki1gMw6ca": [],
        "1EagT4b5ntW2HzQ7gkatzbCnihnBWMm33S": [],
        "1EmuF7RACCaEpiudibidMkcmdRuaZm2p2t": [],
        "1FKBPVBRJj6qkSnoKV9NktijKK8k3LKR5": [],
        "1GMRpfVLFZZC3stbkfxShMuvp3n8uNtHuV": [],
        "1KLgXgEKyZN6Losw3Yq63rirrAdJArLxUM": [],
        "1MD6aC6V6dndmbUCMCUJRgYVEar9tRBYZo": [],
        "1MHjNMAokefHHkG3iWTWmS7i2gGb82dDJv": [],
        "1NB5yjKq8WyZJGSmhUZyo6cnNNV8xaetD7": [],
        "1RnJDy9CKGaTr2wU7K3XxWHd75RPt7118": [],
        "1pwYtY5Ekf5iXY4chCuhM1cWaFWTt6393": [],
        "1sP9gJGAMU47s98c1g5j3q3jNG8N4bkhC": []
    },
    "addresses": {
        "change": [
            "13HkaShFkYGtDSws3rSnFC5KsN1ReiVaL9",
            "1BW7gQkiCeiTW4wqqeh2vJuH5MCHo3wVAt",
            "15X6TX6Pzw5zFJXXbbhcbLdFuVYndHNDhi",
            "13NHC4UtPXY6L1ri4UQyvgKYQ28BQPPJq8",
            "17ru3hApqECoapSjx4X7SDdfZxT6xQVLVN",
            "19gAjVgMTEJhGoxE6ZfVphZz2ah2MK3gHZ",
            "13Uh63xTwtPZNuQqANi215za4Zj4kWfK88",
            "18dfGBbfksSE1WKe1ccKuXz3W6oo61rngK",
            "1661vpunh2wxtwYq3cfvFqri7tzAWyR8w4",
            "1DqeAEEH4e91E89FvNPVs2ur4Ki1gMw6ca"
        ],
        "receiving": [
            "16NKzrybPnLmMCrEHcTjPRLfnxjrWcqey1",
            "12rSHy7ucXHojY22P7JeRvAo4P98LR3utG",
            "1sP9gJGAMU47s98c1g5j3q3jNG8N4bkhC",
            "1EmuF7RACCaEpiudibidMkcmdRuaZm2p2t",
            "1RnJDy9CKGaTr2wU7K3XxWHd75RPt7118",
            "1ANWjEN3FxmLwTMZfry7p1qPqCGacJns1p",
            "1KLgXgEKyZN6Losw3Yq63rirrAdJArLxUM",
            "1AJz8XNDQQnS1WrpaU4HiAe9Zcs6MLQiiy",
            "138ofsdnUzevnMejCJ7ATjCgMvcbAAeZL4",
            "1pwYtY5Ekf5iXY4chCuhM1cWaFWTt6393",
            "14hqYaFfLpaovCGL2rMqrEAeKqXxdseZya",
            "1MHjNMAokefHHkG3iWTWmS7i2gGb82dDJv",
            "1NB5yjKq8WyZJGSmhUZyo6cnNNV8xaetD7",
            "1MD6aC6V6dndmbUCMCUJRgYVEar9tRBYZo",
            "1GMRpfVLFZZC3stbkfxShMuvp3n8uNtHuV",
            "1Bj4MJLK6AaF3GgrArEQnBaD7ssifMEyBX",
            "1EagT4b5ntW2HzQ7gkatzbCnihnBWMm33S",
            "19CKgJ8f5HXZZ8S8rgDeqNXLrtJpqVyCEA",
            "1FKBPVBRJj6qkSnoKV9NktijKK8k3LKR5",
            "1BHjSpz1ABY1AheDrtDLGHVkexFjzv2iT"
        ]
    },
    "fiat_value": {},
    "frozen_coins": {},
    "invoices": {},
    "keystore": {
        "derivation": "m",
        "pw_hash_version": 1,
        "root_fingerprint": "60e131bb",
        "seed": "minor zone pool ball remain combine vacuum claw medal settle grace capable",
        "seed_type": "standard",
        "type": "bip32",
        "xprv": "xprv9s21ZrQH143K4Wc7oL5iSDBmNt2TLdunoaH7tzzYxQ5XBJRVHw4VqtnnKa1vDr1Ny69mmTWykCaEWVjMW9FLsxaMt3TQcG5PiQQc9DyCvfn",
        "xpub": "xpub661MyMwAqRbcGzgauMcioM8Vvurwk6deAoCihPQAWjcW46kdqUNkPh7GApQqmEgj4ihJM5fWcD8z7HfP697BLDkgjBRHGh4acRdoLAZKtWY"
    },
    "labels": {},
    "payment_requests": {},
    "prevouts_by_scripthash": {},
    "seed_version": 50,
    "spent_outpoints": {},
    "transactions": {},
    "tx_fees": {},
    "txi": {},
    "txo": {},
    "use_encryption": false,
    "verified_tx3": {},
    "wallet_type": "standard"
}