{
    "addr_history": {
        "14SRbgc6ffbgFq8Mq1qXMZ6KAyU9U8gxP4": [],
        "15r2uVeTUay6vKFL17DHhNgnnDnp4LvW6W": [],
        "15tE9Zee1GCxkojC2h5s2LNjBwxZEqfX6n": [],
        "17fdxrSjH1PbNb9YtGFpXgXkZ45khVG8i": [],
        "183NemTrwMtC57R1yvWCA5SaqXXkLwvP9m": [],
        "188pmYLmuw7S1EwRhMbHFzZSeY4joAoTQx": [],
        "18GkBkT47j71D1nyQRUCguK5wFBThhSMcj": [],
        "18UUvNW9dWCT2pycFmZAcjHk21BBJjvaza": [],
        "19nCUXCZHpPcJs1cYnNQV6AoQtgmNWsRdW": [],
        "1A2EHwzLTCy3fFFVS1nMfVwB6WktRu7sbS": [],
        "1AS2mHPxkqhqJ4t8Tz93J639chr8XVLgdW": [],
        "1BQiZDK6bVMR1VmzMyczdtXhfy1FJTqoq5": [],
        "1BZT2VMxiPNjZHPNbKy6JVr6MvyipA9PtG": [],
        "1CbiXN38pZUQbfpu7FhnG8LEJJrzUMWK57": [],
        "1D1v49PHESBA94EoXqrF1sra2jSP3P6A77": [],
        "1DBZErAUWiAfDmDuQv8jJKTZuGSQRn3xc2": [],
        "1DfXj5p7ARjij49Y7tZBbP4WWpVLAAGY51": [],
        "1Dzg4RGeMfCdnX2R3836Yk3dHgVFjwjNaB": [],
        "1EnhEj2SLadr16qGd4K9xk5QevabasNRvh": [],
        "1FPUUePSa7hxDoZAGMosXtEDBVB8SFxnh": [],
        "1JeQHueFcwpg9eKng2n1bAPjvz6jzCAheX": [],
        "1JkQmUoF6jg2375XckqBYb9tw3RU9Y4p7N": [],
        "1KEEGAWeFir6koMBfYSXHS5KGPrcY1z9ot": [],
        "1LDtZzLE7LvWYj2vim6Lcb4gSBnBEFmG3m": [],
        "1LT2etyg6cp4Ki8iwbPyJ9AhFLUqg2tY12": [],
        "1MRB7eq43EhdQnsUGdGW6hWk18c9xhVngL": [],
        "1NExA1FZvTsqusXTWmnE5TcGtv87SWGoyh": [],
        "1NWFydYpFcr3riAJf8dZrLnH5JZETj67Tq": [],
        "1Nma21xqczWE4SStKcXd4Xdb1Y3VVvDe3A": [],
        "1NrbfJ48jGXcBbnxDUvs9BMw6amK54jhff": []
    },
    "addresses": {
        "change": [
            "1JeQHueFcwpg9eKng2n1bAPjvz6jzCAheX",
            "15tE9Zee1GCxkojC2h5s2LNjBwxZEqfX6n",
            "1A2EHwzLTCy3fFFVS1nMfVwB6WktRu7sbS",
            "1Nma21xqczWE4SStKcXd4Xdb1Y3VVvDe3A",
            "15r2uVeTUay6vKFL17DHhNgnnDnp4LvW6W",
            "1NrbfJ48jGXcBbnxDUvs9BMw6amK54jhff",
            "1CbiXN38pZUQbfpu7FhnG8LEJJrzUMWK57",
            "188pmYLmuw7S1EwRhMbHFzZSeY4joAoTQx",
            "17fdxrSjH1PbNb9YtGFpXgXkZ45khVG8i",
            "1BQiZDK6bVMR1VmzMyczdtXhfy1FJTqoq5"
        ],
        "receiving": [
            "19nCUXCZHpPcJs1cYnNQV6AoQtgmNWsRdW",
            "1FPUUePSa7hxDoZAGMosXtEDBVB8SFxnh",
            "1DBZErAUWiAfDmDuQv8jJKTZuGSQRn3xc2",
            "1LDtZzLE7LvWYj2vim6Lcb4gSBnBEFmG3m",
            "1AS2mHPxkqhqJ4t8Tz93J639chr8XVLgdW",
            "1JkQmUoF6jg2375XckqBYb9tw3RU9Y4p7N",
            "1NExA1FZvTsqusXTWmnE5TcGtv87SWGoyh",
            "1MRB7eq43EhdQnsUGdGW6hWk18c9xhVngL",
            "1Dzg4RGeMfCdnX2R3836Yk3dHgVFjwjNaB",
            "183NemTrwMtC57R1yvWCA5SaqXXkLwvP9m",
            "1BZT2VMxiPNjZHPNbKy6JVr6MvyipA9PtG",
            "1DfXj5p7ARjij49Y7tZBbP4WWpVLAAGY51",
            "1EnhEj2SLadr16qGd4K9xk5QevabasNRvh",
            "18UUvNW9dWCT2pycFmZAcjHk21BBJjvaza",
            "1LT2etyg6cp4Ki8iwbPyJ9AhFLUqg2tY12",
            "1NWFydYpFcr3riAJf8dZrLnH5JZETj67Tq",
            "14SRbgc6ffbgFq8Mq1qXMZ6KAyU9U8gxP4",
            "18GkBkT47j71D1nyQRUCguK5wFBThhSMcj",
            "1KEEGAWeFir6koMBfYSXHS5KGPrcY1z9ot",
            "1D1v49PHESBA94EoXqrF1sra2jSP3P6A77"
        ]
    },
    "fiat_value": {},
    "frozen_coins": {},
    "invoices": {},
    "keystore": {
        "derivation": "m",
        "pw_hash_version": 1,
        "root_fingerprint": "30a895b4",
        "seed": "minor zone pool above remain combine comic claw medal settle grace capable",
        "seed_type": "standard",
        "type": "bip32",
        "xprv": "xprv9s21ZrQH143K3c58MAa2T1UuRP2cZRbjuAkVt5dCgLxdKCSFDwz9uAYoA1c1Lj8M9oRTwmS6KA8hJERESPjdu9mQrrgYBPRbD8yuF1xs1hG",
        "xpub": "xpub661MyMwAqRbcG69bTC72p9RdyQs6xtKbGPg6gU2pEgVcBzmPmVJQSxsH1HvAguBfn7ndfqGK35Y7hJ5yJ9TxmpmXtENA3MFRs9n1NgdEvVE"
    },
    "labels": {},
    "payment_requests": {},
    "prevouts_by_scripthash": {},
    "seed_version": 50,
    "spent_outpoints": {},
    "transactions": {},
    "tx_fees": {},
    "txi": {},
    "txo": {},
    "use_encryption": false,
    "verified_tx3": {},
    "wallet_type": "standard"
}