{
    "addr_history": {
        "124aadBns6SHFDveYHcmQjrBL4tBZuA8mi": [],
        "12SPHA3dcHdAZGYFb8N121uVEaybrxpii4": [],
        "13gFxDBZ3P6qGTBVnHZicLpZ5akCSZqim8": [],
        "13k4LyoDzo9psGGTLoTwXyNGo8NRjQscFy": [],
        "13uGXDTCmu9yiWdMpkH1ZPHwCkoQeRCS8A": [],
        "15NL9hWKero8nWAcakSU3FcSmFx1GpGhaq": [],
        "15prz6yFH56rSr2BhRrE42nvyqV9eXgXqQ": [],
        "16LmJhWJ4htkfixrDxSquvMg6gT5LDSu14": [],
        "17n8qeMJNLUMyV3Hc7BCzsA9JGEqRb4Xw3": [],
        "18v7zfJGnqFvNJtn7tYmizZ1RNAcyRmCEi": [],
        "19122gPkEMSsJ2o6nUCsf7aXarQ7i3FC2i": [],
        "192aYgkyQcqqTUjZEegDmGg3aRqAmezzZV": [],
        "19oga9EBd1sCkbDCeXssVNzzjuQFQh13Jw": [],
        "1AeuGDeUb9XSvyLwNzQe3cCijEBo8uCC4": [],
        "1AieddMwoDvxqmuwoPHVTTjB7xXMEwUz6L": [],
        "1AnvJ7aLZ7hEsFi6zJzsCBuxVcoTZR5WQj": [],
        "1AyQsBdTB4YYxPwJEBE3MJDVan6VZe3VjK": [],
        "1FECe18JWShCfe2xsNEocaV9ARNwCTMFhn": [],
        "1FsK3iTcqgQKYpbTQNRua2rX71BmMULuDa": [],
        "1Kvv4cYvbrBVwgsUmmz2cut52AG7ecEMs5": [],
        "1LvsZNXZ1hYnKAVV1M2eg8XSiHckEGezPU": [],
        "1MRxUUBcNJHtjg31mzYbYh2SwPDhTf9Zoj": [],
        "1MvJtzpWsoik2vGkS58L4zzQNVVBe29hPB": [],
        "1Mxgm882mHxBop72uBrBUBJsozcp62yUg9": [],
        "1Mz7gRc3FNcx5PKWX22rvmUWeXmNQRVa7E": [],
        "1NvHfTeGZtUzHefbVjKhpsMbRdhg2hkGFn": [],
        "1PEdHjevnECV1Upn7CdHFoL9qRv3eaYqY9": [],
        "1PzBUvoAex2KQ5uyYFW5qAR1rA4xVUSf8b": [],
        "1YJ7H3ufjxwd8qdWzsdq8HUaxWzzoRgsz": [],
        "1sgkSVapzxQTDkqiYZpoWGNzLn2Z4eT5H": []
    },
    "addresses": {
        "change": [
            "19oga9EBd1sCkbDCeXssVNzzjuQFQh13Jw",
            "1FECe18JWShCfe2xsNEocaV9ARNwCTMFhn",
            "1MRxUUBcNJHtjg31mzYbYh2SwPDhTf9Zoj",
            "12SPHA3dcHdAZGYFb8N121uVEaybrxpii4",
            "1AnvJ7aLZ7hEsFi6zJzsCBuxVcoTZR5WQj",
            "1Kvv4cYvbrBVwgsUmmz2cut52AG7ecEMs5",
            "1NvHfTeGZtUzHefbVjKhpsMbRdhg2hkGFn",
            "19122gPkEMSsJ2o6nUCsf7aXarQ7i3FC2i",
            "124aadBns6SHFDveYHcmQjrBL4tBZuA8mi",
            "1AyQsBdTB4YYxPwJEBE3MJDVan6VZe3VjK"
        ],
        "receiving": [
            "1LvsZNXZ1hYnKAVV1M2eg8XSiHckEGezPU",
            "1AeuGDeUb9XSvyLwNzQe3cCijEBo8uCC4",
            "13uGXDTCmu9yiWdMpkH1ZPHwCkoQeRCS8A",
            "1Mxgm882mHxBop72uBrBUBJsozcp62yUg9",
            "1YJ7H3ufjxwd8qdWzsdq8HUaxWzzoRgsz",
            "13gFxDBZ3P6qGTBVnHZicLpZ5akCSZqim8",
            "1PEdHjevnECV1Upn7CdHFoL9qRv3eaYqY9",
            "17n8qeMJNLUMyV3Hc7BCzsA9JGEqRb4Xw3",
            "15NL9hWKero8nWAcakSU3FcSmFx1GpGhaq",
            "18v7zfJGnqFvNJtn7tYmizZ1RNAcyRmCEi",
            "1AieddMwoDvxqmuwoPHVTTjB7xXMEwUz6L",
            "1Mz7gRc3FNcx5PKWX22rvmUWeXmNQRVa7E",
            "1MvJtzpWsoik2vGkS58L4zzQNVVBe29hPB",
            "1PzBUvoAex2KQ5uyYFW5qAR1rA4xVUSf8b",
            "1FsK3iTcqgQKYpbTQNRua2rX71BmMULuDa",
            "16LmJhWJ4htkfixrDxSquvMg6gT5LDSu14",
            "1sgkSVapzxQTDkqiYZpoWGNzLn2Z4eT5H",
            "13k4LyoDzo9psGGTLoTwXyNGo8NRjQscFy",
            "192aYgkyQcqqTUjZEegDmGg3aRqAmezzZV",
            "15prz6yFH56rSr2BhRrE42nvyqV9eXgXqQ"
        ]
    },
    "fiat_value": {},
    "frozen_coins": {},
    "invoices": {},
    "keystore": {
        "derivation": "m",
        "pw_hash_version": 1,
        "root_fingerprint": "3d67757e",
        "seed": "minor zone pool atom remain combine slim claw medal settle grace capable",
        "seed_type": "standard",
        "type": "bip32",
        "xprv": "xprv9s21ZrQH143K2WG4mVXgNqSLAUQ2PNrMqs6XLGCASK7N9BU2SmVDhhro2WFqbSGAXaFZq3E4Vdiw2yCpX2kVpHwcJYVSJNqTiejZdr5CxGJ",
        "xpub": "xpub661MyMwAqRbcEzLXsX4gjyP4iWEWnqaDD6288ebmzeeM1yoAzJoUFWBGskpa7WHFbXfG7Succz2fo4VWBUFEVDj7XvwdDL7r4YL7A5k3J9h"
    },
    "labels": {},
    "payment_requests": {},
    "prevouts_by_scripthash": {},
    "seed_version": 50,
    "spent_outpoints": {},
    "transactions": {},
    "tx_fees": {},
    "txi": {},
    "txo": {},
    "use_encryption": false,
    "verified_tx3": {},
    "wallet_type": "standard"
}