{
    "addr_history": {
        "114ZJgUkCduoEfb82HeANyceDChLWRqa49": [],
        "13TnexZSRhdSeLHGxE8krRWHRHFESoT36Q": [],
        "14SNnLFQ6DkWpSLdprzUDrNKwN3VxT3vgn": [],
        "15FjccK5h8Y9Vm4V5o3Qf8Fh8TA2g6RBGJ": [],
        "15VSFpY4JEfo6GqqiQmQ1FjYLVbBEURLgc": [],
        "15W2kScmCdPGV1dTrDBRfe8gW4BYZRyBQ4": [],
        "15guvp1bjsvqNLpJjoPtkvXw5nqofiVh7u": [],
        "16B5BVavSNuJrQyQ52vRkW79vvuiAuuxmy": [],
        "17Gq4csKJ6Am6BsyhssnefJcRui89FEKub": [],
        "17eH78nX6o87gbvJ1avTaSzBa3EST5mgXv": [],
        "18KX2AvVDWvgzSyNgzLcWUD4XfSvGxxSxw": [],
        "19QmhxrAPv71qJS7Dtz7t4opbaTAHna2im": [],
        "1CRcPdt2TS4NUxfabRWVyjNFCG5BXMmTSg": [],
        "1CqhhjLkgTQrviGxg6S2swFhb1ZfLJhCv9": [],
        "1DTf1QxCjxNW33Fo6e8jbwKicpWzRdq6Bv": [],
        "1Dry5S8YoDKJb6CgiMpiA91UAVQxvYh4kE": [],
        "1Ds5qqUKtKcfJzPmTFTPkqxQkCgDFZm6GH": [],
        "1EbrbzAdp2WkHBFMQgghcJCjnKgrsX4bGU": [],
        "1EvzxYD9eFr5XtRSv9K8UTDrdF9qiqgk3L": [],
        "1FrSbw2AWC3cP8Ykyq58oVFGcsVwRwtMRZ": [],
        "1Gy9QUrGKpiabyMkpwuFReZz1XP2ez5UTc": [],
        "1HWrAZn92nKsCZR4tFnxLXS45FwaVUHvWf": [],
        "1KS2dFJGhNxXo1mv8nvHbuaXm6Yt4MZmY4": [],
        "1Kdu1NxyoQ9A5WN7Lut1dXkpAeCnYYL5Tc": [],
        "1NPLRCodTPh2573MfNY9cXMRLe9qcDYSCm": [],
        "1NUEeAybuMgWCAkhBfRyBnBUxShtXDnYXM": [],
        "1NuoPgTM1yBoga8fJT3Dj8SQsuKNkzezzN": [],
        "1PHojZ46DiYEnAwxeZtWjqdYnZ5ZgWhtzg": [],
        "1V1fMbYQYoTaN2qSd6ziUX7Fy5sGQVHA1": [],
        "1xFNQGu5pMZPJ5NU3qZpJdkJEQvoTTNUM": []
    },
    "addresses": {
        "change": [
            "1NPLRCodTPh2573MfNY9cXMRLe9qcDYSCm",
            "1xFNQGu5pMZPJ5NU3qZpJdkJEQvoTTNUM",
            "1Dry5S8YoDKJb6CgiMpiA91UAVQxvYh4kE",
            "15guvp1bjsvqNLpJjoPtkvXw5nqofiVh7u",
            "1NUEeAybuMgWCAkhBfRyBnBUxShtXDnYXM",
            "1DTf1QxCjxNW33Fo6e8jbwKicpWzRdq6Bv",
            "19QmhxrAPv71qJS7Dtz7t4opbaTAHna2im",
            "17Gq4csKJ6Am6BsyhssnefJcRui89FEKub",
            "114ZJgUkCduoEfb82HeANyceDChLWRqa49",
            "15FjccK5h8Y9Vm4V5o3Qf8Fh8TA2g6RBGJ"
        ],
        "receiving": [
            "1NuoPgTM1yBoga8fJT3Dj8SQsuKNkzezzN",
            "15VSFpY4JEfo6GqqiQmQ1FjYLVbBEURLgc",
            "18KX2AvVDWvgzSyNgzLcWUD4XfSvGxxSxw",
            "13TnexZSRhdSeLHGxE8krRWHRHFESoT36Q",
            "1PHojZ46DiYEnAwxeZtWjqdYnZ5ZgWhtzg",
            "1Gy9QUrGKpiabyMkpwuFReZz1XP2ez5UTc",
            "16B5BVavSNuJrQyQ52vRkW79vvuiAuuxmy",
            "14SNnLFQ6DkWpSLdprzUDrNKwN3VxT3vgn",
            "1EbrbzAdp2WkHBFMQgghcJCjnKgrsX4bGU",
            "1HWrAZn92nKsCZR4tFnxLXS45FwaVUHvWf",
            "1CqhhjLkgTQrviGxg6S2swFhb1ZfLJhCv9",
            "1V1fMbYQYoTaN2qSd6ziUX7Fy5sGQVHA1",
            "1FrSbw2AWC3cP8Ykyq58oVFGcsVwRwtMRZ",
            "1CRcPdt2TS4NUxfabRWVyjNFCG5BXMmTSg",
            "1KS2dFJGhNxXo1mv8nvHbuaXm6Yt4MZmY4",
            "15W2kScmCdPGV1dTrDBRfe8gW4BYZRyBQ4",
            "1Ds5qqUKtKcfJzPmTFTPkqxQkCgDFZm6GH",
            "1EvzxYD9eFr5XtRSv9K8UTDrdF9qiqgk3L",
            "17eH78nX6o87gbvJ1avTaSzBa3EST5mgXv",
            "1Kdu1NxyoQ9A5WN7Lut1dXkpAeCnYYL5Tc"
        ]
    },
    "fiat_value": {},
    "frozen_coins": {},
    "invoices": {},
    "keystore": {
        "derivation": "m",
        "pw_hash_version": 1,
        "root_fingerprint": "96ea6713",
        "seed": "minor zone pool approve remain combine afraid claw medal settle grace capable",
        "seed_type": "standard",
        "type": "bip32",
        "xprv": "xprv9s21ZrQH143K4RFUQiSxvqVVPExXXoXHZVZdKYVREpbqp6rg5rdby5dz5Sv5W8KjCsgU52EdBhLgRd4rCza1VMz6HbscqK6bufKT6964ioS",
        "xpub": "xpub661MyMwAqRbcGuKwWjyyHySDwGo1wGF8viVE7vu2oA8pguBpdPwrWsxTviQ2U53TDE1CD5mHqmCkfprwcPvytgrPvAsqgURCWeHrfFSQwox"
    },
    "labels": {},
    "payment_requests": {},
    "prevouts_by_scripthash": {},
    "seed_version": 50,
    "spent_outpoints": {},
    "transactions": {},
    "tx_fees": {},
    "txi": {},
    "txo": {},
    "use_encryption": false,
    "verified_tx3": {},
    "wallet_type": "standard"
}