{
    "addr_history": {
        "12qJDUZ9B58oBfJBXgNnY1oWxVa8jSHdER": [],
        "13rU43NmyL5jPny3jzLGguK939PLg6T4S7": [],
        "14QL2g9EvW2AqzsgoDbZmqs7hugvJTJEyr": [],
        "14RySmF1NfdGUn45GfJN6mTV3HjKjLiYj9": [],
        "16MXLr9ehoAV3zBgziHup3JfFBMzSygVZi": [],
        "16dmfn8dyBMsHyN4nL55sJLHPAJ2go8awB": [],
        "173YUwE15b9FhrwMWk6C4B49iY8iC58fEL": [],
        "173hRmT9x8sHCXZRjc7PRSVSQqDt1Mhtyp": [],
        "18XM51HAnaUTGjiDGs4FGTKGLajP6oCBLL": [],
        "1ADgk7DiRrEPgx1JP4DyMnDVvGLVHJJ4e2": [],
        "1ApHH75h63YBDDT4V5Boes3iaZowefkhsu": [],
        "1BSc56o6cF25Jubfy4YqdU29FHVQT7X4Vb": [],
        "1CWHodKSQw5ZQkG4L7tYasm2kw8FYVXuE3": [],
        "1DTcUWexJrLruVemLQyJAyEjjTT3pXDzUm": [],
        "1DV6VTYzU8iijQwHXp52hBJHRsiLpDJ4wQ": [],
        "1Dw6uTiVdCjrsUXqzH935MnoYuyBE8cfUU": [],
        "1F6DQSkhHsHMRAScXnWYsEqsLLVtvVW4Be": [],
        "1FAf1HsFgC7MHRaCqrGQXDLaRZtwENcGXN": [],
        "1G5neonjpWkM2LYy8Brbp9mfQFrFipEX9V": [],
        "1GediVb6C7quKuWsrXjjFsYADLVihjejnJ": [],
        "1GkBLhG9RNqv5bbQFMjM15KCNot1fqSTcs": [],
        "1HUiX1KgV5ZGUxgob4YBSftjD5nSajEr1f": [],
        "1KXqLk8rv6F3gstkth8BnCfdYYJ52PKt4e": [],
        "1L2cM65qDa3NSNUGGiBMC9LTCpuGdTdLvU": [],
        "1LZBs2caZMuSJZGkFx6cFcCUSNdiYAmPw2": [],
        "1M4cyjCNRQuVx7nAKzN855xjWR7frAbEJY": [],
        "1M7qmtDDq1w1tvTy9yL8A8nLdoCyCBi3u6": [],
        "1MNRG9wgvR3KKLtDuPtMt3pR37AnoNHXYf": [],
        "1PeMHwhbR6kCLpvSKsLkUDRj4uSrSw2pEy": [],
        "1zSXvqzFh92gVjnNCkXdK4TnSaQtQ1jyW": []
    },
    "addresses": {
        "change": [
            "1HUiX1KgV5ZGUxgob4YBSftjD5nSajEr1f",
            "1GediVb6C7quKuWsrXjjFsYADLVihjejnJ",
            "173YUwE15b9FhrwMWk6C4B49iY8iC58fEL",
            "1GkBLhG9RNqv5bbQFMjM15KCNot1fqSTcs",
            "1ApHH75h63YBDDT4V5Boes3iaZowefkhsu",
            "1G5neonjpWkM2LYy8Brbp9mfQFrFipEX9V",
            "14RySmF1NfdGUn45GfJN6mTV3HjKjLiYj9",
            "1zSXvqzFh92gVjnNCkXdK4TnSaQtQ1jyW",
            "1KXqLk8rv6F3gstkth8BnCfdYYJ52PKt4e",
            "1F6DQSkhHsHMRAScXnWYsEqsLLVtvVW4Be"
        ],
        "receiving": [
            "1M4cyjCNRQuVx7nAKzN855xjWR7frAbEJY",
            "1PeMHwhbR6kCLpvSKsLkUDRj4uSrSw2pEy",
            "18XM51HAnaUTGjiDGs4FGTKGLajP6oCBLL",
            "16MXLr9ehoAV3zBgziHup3JfFBMzSygVZi",
            "1MNRG9wgvR3KKLtDuPtMt3pR37AnoNHXYf",
            "13rU43NmyL5jPny3jzLGguK939PLg6T4S7",
            "14QL2g9EvW2AqzsgoDbZmqs7hugvJTJEyr",
            "1M7qmtDDq1w1tvTy9yL8A8nLdoCyCBi3u6",
            "1BSc56o6cF25Jubfy4YqdU29FHVQT7X4Vb",
            "1DTcUWexJrLruVemLQyJAyEjjTT3pXDzUm",
            "12qJDUZ9B58oBfJBXgNnY1oWxVa8jSHdER",
            "1L2cM65qDa3NSNUGGiBMC9LTCpuGdTdLvU",
            "1FAf1HsFgC7MHRaCqrGQXDLaRZtwENcGXN",
            "1Dw6uTiVdCjrsUXqzH935MnoYuyBE8cfUU",
            "1ADgk7DiRrEPgx1JP4DyMnDVvGLVHJJ4e2",
            "1LZBs2caZMuSJZGkFx6cFcCUSNdiYAmPw2",
            "173hRmT9x8sHCXZRjc7PRSVSQqDt1Mhtyp",
            "1DV6VTYzU8iijQwHXp52hBJHRsiLpDJ4wQ",
            "16dmfn8dyBMsHyN4nL55sJLHPAJ2go8awB",
            "1CWHodKSQw5ZQkG4L7tYasm2kw8FYVXuE3"
        ]
    },
    "fiat_value": {},
    "frozen_coins": {},
    "invoices": {},
    "keystore": {
        "derivation": "m",
        "pw_hash_version": 1,
        "root_fingerprint": "1ab949f5",
        "seed": "minor zone pool april remain combine slab claw medal settle grace capable",
        "seed_type": "standard",
        "type": "bip32",
        "xprv": "xprv9s21ZrQH143K2bRwVh5iDSBvxxvWXUUiLzda679UGgqzW3D9Pvn3FYP6wrcLBRq3ueVkrQVoRD3c91GZKA1YrBcjZ517VWang3sy2DMmGDL",
        "xpub": "xpub661MyMwAqRbcF5WQbiciaa8fWzkzvwCZiDZAtVZ5q2NyNqYHwU6HoLhao72Q9TRVrTfL658JqSxRWpJvLZe3w1bsewUh5FNurFeT23gZcXf"
    },
    "labels": {},
    "payment_requests": {},
    "prevouts_by_scripthash": {},
    "seed_version": 50,
    "spent_outpoints": {},
    "transactions": {},
    "tx_fees": {},
    "txi": {},
    "txo": {},
    "use_encryption": false,
    "verified_tx3": {},
    "wallet_type": "standard"
}