{
    "addr_history": {
        "14qELeqDQ3dkSN5MdMXJKbEQAxCsK9tkTy": [],
        "17B3HCwCWfdgJ2kSfuLdQ9D3dXZHjEJbGu": [],
        "17FfEwztaUVrp2qwuoxRsdd4KiNyx1NKLN": [],
        "17qBPfEFC4JKSxdvcZQ3bCFXaRHUoUL9qQ": [],
        "17tJPW3ZVRK18G3PE7Ybw54csAJSUFTkPw": [],
        "18C4HPxKxktZkZdGeFdVqdRfF2M1rmtXSx": [],
        "18WRzFwVZVYCrSg5P1GijhMnQ51idT4oFV": [],
        "18pgcYxj6d9oprZZFXFRNRYMdyCkfxBvU4": [],
        "197GFKQTN6FcBRBa8YaQcPTsHAiffu1Fy7": [],
        "19KdiQuggEGmvPcaQNzoMPfMXNXTcJWUbH": [],
        "19Wj8z8iGQqnQtKWMBkRUoh8t6xx8g2jcV": [],
        "1C4qyyP1YweH7jFzWd5va3pA8KMnvFECrt": [],
        "1CGxDypJ54jexBVNdnpLpm7EQ3woK6Fs9i": [],
        "1DTemifCk6yKdMbXqrBhWpPq3o7rwBYHUi": [],
        "1DxoyWmGjvVznX46QMyiFs5ZVVev7Spt4j": [],
        "1E6HzhSPjw2st7sDmgmKMMhekNBCkWjbRd": [],
        "1EMab3JAc54h9XUDCz6cSR37JEsFm2eni1": [],
        "1EoPLzExUnUSf1cLKbE2fyLfxgP3DLyPE": [],
        "1EyiLhRrfzpeLgYwdH9nJsViMj476H8CP8": [],
        "1FfAkyM468mASh79apK7VZR9o5BkPiTRxL": [],
        "1HGFRCSfcDFp9X7NGB8B6Kwbs2UhFaZHwP": [],
        "1JamTgRU2RNvsWaZKpvfwE9vUYRzCsxniU": [],
        "1L2v2hTRPmG2iDpoNKTDs1ypGBvBkKjpY8": [],
        "1LCbdhuYpyWTWTvBSJgkrVGtRerhdGkyZH": [],
        "1Lb9kgbywNdVVga7DXnLD9dJtgfQCGTQU5": [],
        "1MNrU97ezPzpT8snsZJMWDNNQHj7mfVY44": [],
        "1N5hja4NyVyQVfARVjfdtV65oPHhgqUrFv": [],
        "1NXVTmrF1JzopvzMLVcgvbkfDFE4eU33oz": [],
        "1PphHbwP5BN4AgKZf7LqVnvYjQrBcTrTFE": [],
        "1Q9UX8gLQJrzLRSJ29oZ2F5VVpNPB8HL37": []
    },
    "addresses": {
        "change": [
            "1MNrU97ezPzpT8snsZJMWDNNQHj7mfVY44",
            "1LCbdhuYpyWTWTvBSJgkrVGtRerhdGkyZH",
            "1JamTgRU2RNvsWaZKpvfwE9vUYRzCsxniU",
            "17qBPfEFC4JKSxdvcZQ3bCFXaRHUoUL9qQ",
            "1FfAkyM468mASh79apK7VZR9o5BkPiTRxL",
            "1Q9UX8gLQJrzLRSJ29oZ2F5VVpNPB8HL37",
            "14qELeqDQ3dkSN5MdMXJKbEQAxCsK9tkTy",
            "1Lb9kgbywNdVVga7DXnLD9dJtgfQCGTQU5",
            "1L2v2hTRPmG2iDpoNKTDs1ypGBvBkKjpY8",
            "18WRzFwVZVYCrSg5P1GijhMnQ51idT4oFV"
        ],
        "receiving": [
            "197GFKQTN6FcBRBa8YaQcPTsHAiffu1Fy7",
            "1EoPLzExUnUSf1cLKbE2fyLfxgP3DLyPE",
            "18pgcYxj6d9oprZZFXFRNRYMdyCkfxBvU4",
            "1N5hja4NyVyQVfARVjfdtV65oPHhgqUrFv",
            "1EyiLhRrfzpeLgYwdH9nJsViMj476H8CP8",
            "19Wj8z8iGQqnQtKWMBkRUoh8t6xx8g2jcV",
            "1CGxDypJ54jexBVNdnpLpm7EQ3woK6Fs9i",
            "1NXVTmrF1JzopvzMLVcgvbkfDFE4eU33oz",
            "1E6HzhSPjw2st7sDmgmKMMhekNBCkWjbRd",
            "17FfEwztaUVrp2qwuoxRsdd4KiNyx1NKLN",
            "1C4qyyP1YweH7jFzWd5va3pA8KMnvFECrt",
            "1DxoyWmGjvVznX46QMyiFs5ZVVev7Spt4j",
            "19KdiQuggEGmvPcaQNzoMPfMXNXTcJWUbH",
            "1EMab3JAc54h9XUDCz6cSR37JEsFm2eni1",
            "17tJPW3ZVRK18G3PE7Ybw54csAJSUFTkPw",
            "1HGFRCSfcDFp9X7NGB8B6Kwbs2UhFaZHwP",
            "17B3HCwCWfdgJ2kSfuLdQ9D3dXZHjEJbGu",
            "1DTemifCk6yKdMbXqrBhWpPq3o7rwBYHUi",
            "18C4HPxKxktZkZdGeFdVqdRfF2M1rmtXSx",
            "1PphHbwP5BN4AgKZf7LqVnvYjQrBcTrTFE"
        ]
    },
    "fiat_value": {},
    "frozen_coins": {},
    "invoices": {},
    "keystore": {
        "derivation": "m",
        "pw_hash_version": 1,
        "root_fingerprint": "7f4741c7",
        "seed": "minor zone pool add remain combine enemy claw medal settle grace capable",
        "seed_type": "standard",
        "type": "bip32",
        "xprv": "xprv9s21ZrQH143K37TmwbtRKK8J37H1Ch32SbHTBNbsGA5zcBpuU1TDtVSCKAhrzQKGBCuTfZDcY9aUk2X7pAtpC146vjt96QTuS9dsxEuCniM",
        "xpub": "xpub661MyMwAqRbcFbYF3dRRgT52b97Vc9ksopD3ym1UpVcyUzA41YmUSHkgAS4TrKLcw7mwwgM8fePVRw8Xbo1t1y64w8j42WBxJVjQNURD514"
    },
    "labels": {},
    "payment_requests": {},
    "prevouts_by_scripthash": {},
    "seed_version": 50,
    "spent_outpoints": {},
    "transactions": {},
    "tx_fees": {},
    "txi": {},
    "txo": {},
    "use_encryption": false,
    "verified_tx3": {},
    "wallet_type": "standard"
}