{
    "addr_history": {
        "bc1q032wxr6uutmlqxyf3nynhu66f45krqcvqln3kz": [],
        "bc1q0da4dmnl0jtr6ktfww0u8k8jfa9azhd555hz57": [],
        "bc1q2tm87fwmj33ltuwc45jnunzznd0670k3a6l94l": [],
        "bc1q5qr4qseh27pegypygfaglesaq7dm389z4fx8y9": [],
        "bc1q5xf3v2ulx38adc3jf7e69chy63swrrm696uqww": [],
        "bc1q6spv996pxsrx555hcp4udfvy8kjx6ccwhrr5cn": [],
        "bc1q7l2nawqwrsufuqr2wcd52npffajfx0xx8cwkgr": [],
        "bc1q9k064t8rlpmrj4vd7u490344njk8ynh4q5sdtj": [],
        "bc1qapfy5y9wcux3re04vznddact6ln7qng32yyfhl": [],
        "bc1qcsy3yhjxsfpu5a4j7wvf5ghdtpjnaxvhk7xxuh": [],
        "bc1qcyhhlr3npk76jlysxatwvmwu5fn8ey5ulf8udn": [],
        "bc1qffz5g2puxywkhxkzyuqcl9tdhfengeneemhye5": [],
        "bc1qfx3ztkwaysemtwm9ylk53vqjmtsnhwwadrlfak": [],
        "bc1qgl0kjtf4jacq8q6stjs8adcecy87cfks93cwy4": [],
        "bc1qgqfrzjh6p455lzds82rl0nrd893wx25rdk43vh": [],
        "bc1qjf46f2cu5zvwwlnswvc3lthq89g29p0mwzjzu6": [],
        "bc1qkvw27su6uw6k77uryq3dr0lzm5y0uhulucj4gy": [],
        "bc1ql8hyly66g6rhfhwx7m9rdhyhjfru23fgfv3v4z": [],
        "bc1qm7kg52tsdqtzjquu4le0xtq7ptuzw0gvddkgfj": [],
        "bc1qpzzejx5237ud2c3dhgpvc0dhehhh2gql6uh65m": [],
        "bc1qsup2z77sjlnz4nytj63fqyfsygxufmas8j4tma": [],
        "bc1qtusdj5whmcxygdgz93em6q5ez4s4vag2405yty": [],
        "bc1qv5f6q5ejk67y6l6zcns8qptq9wg2x4r59cgkgx": [],
        "bc1qv6ggv7s3nec9uyqljjt0rcpfj5uz4nq0ylgc9g": [],
        "bc1qvegt4frpfy9welv3jud7qdy4stydq0yv44phru": [],
        "bc1qw0scmak8h3x93s4k32rm7mym35te93qr9yt58v": [],
        "bc1qw7utwnr0st8x475flxmh2gjpyl3gejak6d5dce": [],
        "bc1qwlp7ewcs4hnhven79nveagl8aw8ndue78xqd2r": [],
        "bc1qwx9hrm3zu537hv5nsf69sux45wq7xyym0c0cka": [],
        "bc1qz72u8cqyml5peah0zjsnsh2szpnvhyq4260e55": []
    },
    "addresses": {
        "change": [
            "bc1qfx3ztkwaysemtwm9ylk53vqjmtsnhwwadrlfak",
            "bc1qgqfrzjh6p455lzds82rl0nrd893wx25rdk43vh",
            "bc1qv5f6q5ejk67y6l6zcns8qptq9wg2x4r59cgkgx",
            "bc1qcyhhlr3npk76jlysxatwvmwu5fn8ey5ulf8udn",
            "bc1qwlp7ewcs4hnhven79nveagl8aw8ndue78xqd2r",
            "bc1qtusdj5whmcxygdgz93em6q5ez4s4vag2405yty",
            "bc1qgl0kjtf4jacq8q6stjs8adcecy87cfks93cwy4",
            "bc1q0da4dmnl0jtr6ktfww0u8k8jfa9azhd555hz57",
            "bc1q032wxr6uutmlqxyf3nynhu66f45krqcvqln3kz",
            "bc1q2tm87fwmj33ltuwc45jnunzznd0670k3a6l94l"
        ],
        "receiving": [
            "bc1q9k064t8rlpmrj4vd7u490344njk8ynh4q5sdtj",
            "bc1qsup2z77sjlnz4nytj63fqyfsygxufmas8j4tma",
            "bc1qv6ggv7s3nec9uyqljjt0rcpfj5uz4nq0ylgc9g",
            "bc1qwx9hrm3zu537hv5nsf69sux45wq7xyym0c0cka",
            "bc1qcsy3yhjxsfpu5a4j7wvf5ghdtpjnaxvhk7xxuh",
            "bc1qz72u8cqyml5peah0zjsnsh2szpnvhyq4260e55",
            "bc1qpzzejx5237ud2c3dhgpvc0dhehhh2gql6uh65m",
            "bc1ql8hyly66g6rhfhwx7m9rdhyhjfru23fgfv3v4z",
            "bc1qjf46f2cu5zvwwlnswvc3lthq89g29p0mwzjzu6",
            "bc1qw7utwnr0st8x475flxmh2gjpyl3gejak6d5dce",
            "bc1qvegt4frpfy9welv3jud7qdy4stydq0yv44phru",
            "bc1qffz5g2puxywkhxkzyuqcl9tdhfengeneemhye5",
            "bc1q5xf3v2ulx38adc3jf7e69chy63swrrm696uqww",
            "bc1qkvw27su6uw6k77uryq3dr0lzm5y0uhulucj4gy",
            "bc1q6spv996pxsrx555hcp4udfvy8kjx6ccwhrr5cn",
            "bc1qm7kg52tsdqtzjquu4le0xtq7ptuzw0gvddkgfj",
            "bc1q5qr4qseh27pegypygfaglesaq7dm389z4fx8y9",
            "bc1qw0scmak8h3x93s4k32rm7mym35te93qr9yt58v",
            "bc1q7l2nawqwrsufuqr2wcd52npffajfx0xx8cwkgr",
            "bc1qapfy5y9wcux3re04vznddact6ln7qng32yyfhl"
        ]
    },
    "channels": {},
    "fiat_value": {},
    "frozen_coins": {},
    "imported_channel_backups": {},
    "invoices": {},
    "keystore": {
        "derivation": "m/0'",
        "pw_hash_version": 1,
        "root_fingerprint": "f8abf4f2",
        "seed": "minor zone pool add remain combine shy claw medal settle grace capable",
        "seed_type": "segwit",
        "type": "bip32",
        "xprv": "zprvAaPghBopuwcXa3JDG4ZRQgedtQDQV7j7JymwoA5mubYpFYBoQKKYLF3g8iqGFJFFfK8ENYzUFL5evDy3bS71jSBmm7Tss4fVuGA17XuKefV",
        "xpub": "zpub6oP36hLikKApnXNgN66RmpbNSS3ttaSxgChYbYVPTw5o8LWwwrdnt3N9z1kjjmUbCZt7rxydqH9eVYqjttJDpPZKW6ebD73bUMoec7Ko189"
    },
    "labels": {},
    "lightning_payments": {},
    "lightning_preimages": {},
    "lightning_xprv": "zprvAc8GVWoC3vzHTNtjML1WcyWE39xXVwYCtPfJSFu8NRmab3MeNjHtAsbD11EY4CixvANcnNvRpbgAdePui4hv6G5CMrNQpQi1qP34ruY7fJ5",
    "onchain_channel_backups": {},
    "payment_requests": {},
    "prevouts_by_scripthash": {},
    "seed_version": 50,
    "spent_outpoints": {},
    "submarine_swaps": {},
    "transactions": {},
    "tx_fees": {},
    "txi": {},
    "txo": {},
    "use_encryption": false,
    "verified_tx3": {},
    "wallet_type": "standard"
}