{
    "addr_history": {
        "128CMwzpWjPaUxE4eS5gSwEqdbDg1yy42P": [],
        "12V3r4MBiaFp1HFdEFuH5h7XgAsfHGegcM": [],
        "12tYKjJ3WeDz3ENCfGzdQpn9DbUuHRgvRF": [],
        "13SnVMqAHT42S3RJcFVwjQQBT75Qg3241K": [],
        "13iqZME4p1NVtwAMHSRpRRuFfmZmWa4iN7": [],
        "15JX8nTPrFvghhVqnyskHmSDcZ8BrWsbbd": [],
        "16fg7LoiJp3v9FUVohYYzLxU15rEoLHa9u": [],
        "16hGm5uzjohboBdByYcPFUh68U9pqER3RM": [],
        "18rSsiJdzfPQGDi13n7PhXpXz4WndRLtd7": [],
        "18vxZWA8cDgAMsE8Hy7S1zbSFR31Nve8hx": [],
        "1A1pHjXVBMijgzXKpCBuN7d7gV7iT5yRAq": [],
        "1AKGbeSwroXsjcbVMSvAJwtywQJaYU3PdG": [],
        "1AmK4QGZ7GfZsEiB7dPKSfQCLxsVMspysH": [],
        "1AzNyTeWP9kriQmZd6cjJxjt8XyCizdKnt": [],
        "1C7nz3JKXfZuahH1qMQYd5r7h8xkqdzXJx": [],
        "1DBByGodMsXJSP9BF6nWumumeMTxKCNzyD": [],
        "1DmVKHPQGxnxhSgwG9oX1gY7iwnq9K3ndL": [],
        "1EGPs33ZbQTx2pWhTLsBK797c8cbsZuxeJ": [],
        "1EUKeq5xYDhiXdeynJ2LDhY3nB8SW96sdr": [],
        "1EavtGa3PX7TU7ZXC6N1gSGjFgRh97J6Qo": [],
        "1Ev6Wh4A1CQhvZdKAXUcnT7gN7e7g5s9Yc": [],
        "1F3ZQPU7c8mL7BBXWKRZWWaZJg9dcnwgpR": [],
        "1FTbjxpqf5FWt45LfhwYpDWeCimh7CaQED": [],
        "1GByiUBXTFiSZojSBR9pgj7ppn4xsgCfXX": [],
        "1GErMTpCJ9TvMBBkpK4LBWfpNr4uvRRNvu": [],
        "1KhvCtpMPouffesCUCQ2WpZXJchuQWsdE7": [],
        "1NSpEicDVhyPpWbNL69SS9CPkwLx3yBXB3": [],
        "1NjsvgByWr9MDmHjkN3su3Sv1LDuu6VDA2": [],
        "1PfGbjQNzrJj8grzdc3sShRMoAEsJaJSgP": [],
        "1PzKL85Xep86BuKaeomqHHARLz9zoyodrR": []
    },
    "addresses": {
        "change": [
            "1EGPs33ZbQTx2pWhTLsBK797c8cbsZuxeJ",
            "1PfGbjQNzrJj8grzdc3sShRMoAEsJaJSgP",
            "1EUKeq5xYDhiXdeynJ2LDhY3nB8SW96sdr",
            "1F3ZQPU7c8mL7BBXWKRZWWaZJg9dcnwgpR",
            "18rSsiJdzfPQGDi13n7PhXpXz4WndRLtd7",
            "1C7nz3JKXfZuahH1qMQYd5r7h8xkqdzXJx",
            "13iqZME4p1NVtwAMHSRpRRuFfmZmWa4iN7",
            "1GByiUBXTFiSZojSBR9pgj7ppn4xsgCfXX",
            "1DBByGodMsXJSP9BF6nWumumeMTxKCNzyD",
            "1A1pHjXVBMijgzXKpCBuN7d7gV7iT5yRAq"
        ],
        "receiving": [
            "18vxZWA8cDgAMsE8Hy7S1zbSFR31Nve8hx",
            "1NSpEicDVhyPpWbNL69SS9CPkwLx3yBXB3",
            "1DmVKHPQGxnxhSgwG9oX1gY7iwnq9K3ndL",
            "1AzNyTeWP9kriQmZd6cjJxjt8XyCizdKnt",
            "1AKGbeSwroXsjcbVMSvAJwtywQJaYU3PdG",
            "1NjsvgByWr9MDmHjkN3su3Sv1LDuu6VDA2",
            "1KhvCtpMPouffesCUCQ2WpZXJchuQWsdE7",
            "12V3r4MBiaFp1HFdEFuH5h7XgAsfHGegcM",
            "1GErMTpCJ9TvMBBkpK4LBWfpNr4uvRRNvu",
            "12tYKjJ3WeDz3ENCfGzdQpn9DbUuHRgvRF",
            "15JX8nTPrFvghhVqnyskHmSDcZ8BrWsbbd",
            "1EavtGa3PX7TU7ZXC6N1gSGjFgRh97J6Qo",
            "1FTbjxpqf5FWt45LfhwYpDWeCimh7CaQED",
            "1PzKL85Xep86BuKaeomqHHARLz9zoyodrR",
            "1AmK4QGZ7GfZsEiB7dPKSfQCLxsVMspysH",
            "16fg7LoiJp3v9FUVohYYzLxU15rEoLHa9u",
            "13SnVMqAHT42S3RJcFVwjQQBT75Qg3241K",
            "1Ev6Wh4A1CQhvZdKAXUcnT7gN7e7g5s9Yc",
            "128CMwzpWjPaUxE4eS5gSwEqdbDg1yy42P",
            "16hGm5uzjohboBdByYcPFUh68U9pqER3RM"
        ]
    },
    "fiat_value": {},
    "frozen_coins": {},
    "invoices": {},
    "keystore": {
        "derivation": "m",
        "pw_hash_version": 1,
        "root_fingerprint": "028123bd",
        "seed": "minor zone pool arctic remain combine sister claw medal settle grace capable",
        "seed_type": "standard",
        "type": "bip32",
        "xprv": "xprv9s21ZrQH143K2Y2uZUnB4ps3xkL5WYNGcjwdqw9hhmJr4eNFuEMyuNB4qcApnDV6N5c5yLse8snuMa6kamrKoV7hekVtjnzs6fTm9XrFTUn",
        "xpub": "xpub661MyMwAqRbcF27NfWKBRxonWnAZv167yxsEeKZKG6qpwShQSmgETAVYgrkHi7NfM6yugAk3hrDQkNchFhAY6kqHiJ7SXRDwPQe5JM5WQyd"
    },
    "labels": {},
    "payment_requests": {},
    "prevouts_by_scripthash": {},
    "seed_version": 50,
    "spent_outpoints": {},
    "transactions": {},
    "tx_fees": {},
    "txi": {},
    "txo": {},
    "use_encryption": false,
    "verified_tx3": {},
    "wallet_type": "standard"
}