{
    "addr_history": {
        "12vpBGZttKV3JyANTYE1D4dFyuoKKvccoM": [],
        "13HXkEm6G9h9XZppFVnKVsESsGvGNGRRb7": [],
        "17GsXMUQbrYTDV1KCpjRNTX112D9PewXxS": [],
        "17aSpHBiXoU5QkHfMHZ6ca9VMsrFJd5nkZ": [],
        "189k9myWzwps1oiB9JSjCT6LkgYQuCDnNF": [],
        "18FKn1PR2wbuUwv9qWZSQmzMTein6kB8Wz": [],
        "1BxEor1SKB23xyyab7XzZvwEgETX53CAK6": [],
        "1CYLKuWnM7VA36HNVreAEoqc3FMTNFeDd1": [],
        "1DGqCeD1qu7voRjFST6VVrqsNz8rBeciTe": [],
        "1DbzyKxxqVdWwtBi5Qgkkn4XeriQCL7RFE": [],
        "1DerPZDEaPQGr7YjdUdM1nPcsdsR459eoo": [],
        "1E4WNaGwcL3DVaSvZvvyyw9VQJkokD52Uj": [],
        "1FuHZUFovKu4RcgxCRAdS6v24VA3a9jtXC": [],
        "1GRURGySwvN4p1zEMoz16SKne6vGcHxa2u": [],
        "1Gpt6qqnWLQ7Cfby3UkrZCZ7ZYT2K7QP2S": [],
        "1HLEYknDttpPbQUJs7X5mq2K2biR7AxVud": [],
        "1J77aGhL292z3eCKDya1H3tLsvZqtDzo2P": [],
        "1JEgvXKpPz2hBDi5f2hzsCpqv8dous4tSu": [],
        "1L2TeGszodcSwaAbt7NLcRFSMq2nNdhLtX": [],
        "1LSRwS2yBBka8DSAiRaGsoUXztuf9AA5CC": [],
        "1Li5y7HbxGVWhvY6jTbnartHnuXB8kPQtC": [],
        "1MuKHXt7TKp95RB5MXhamuiCXa1UsHBi77": [],
        "1NVk7hcjYmG555CYGefU69LQBLj3njDYtr": [],
        "1P45RFV3ZWfuzyvZRUkM1iRb3quizZ3QtX": [],
        "1PYA72CoGfLFLUWZJZKXV9ZkoetwjNNs1U": [],
        "1PcPEgKAWAarsqhAjJGDpFL7z4nDxAekSH": [],
        "1QCA92MHHop9Gc6zJuZjRrRRofZ3vtvfv9": [],
        "1S2qKpgDdwUTuxGqnAPVE14hx12BRdsCa": [],
        "1coF2oSa72rw1xW2tcLa5YiGNycei6wKH": [],
        "1eXvnWMegUpQL2kcx9jRoBrfyYuGe8UdP": []
    },
    "addresses": {
        "change": [
            "1BxEor1SKB23xyyab7XzZvwEgETX53CAK6",
            "1PcPEgKAWAarsqhAjJGDpFL7z4nDxAekSH",
            "1PYA72CoGfLFLUWZJZKXV9ZkoetwjNNs1U",
            "1Gpt6qqnWLQ7Cfby3UkrZCZ7ZYT2K7QP2S",
            "1LSRwS2yBBka8DSAiRaGsoUXztuf9AA5CC",
            "1S2qKpgDdwUTuxGqnAPVE14hx12BRdsCa",
            "1eXvnWMegUpQL2kcx9jRoBrfyYuGe8UdP",
            "1Li5y7HbxGVWhvY6jTbnartHnuXB8kPQtC",
            "1MuKHXt7TKp95RB5MXhamuiCXa1UsHBi77",
            "12vpBGZttKV3JyANTYE1D4dFyuoKKvccoM"
        ],
        "receiving": [
            "13HXkEm6G9h9XZppFVnKVsESsGvGNGRRb7",
            "1J77aGhL292z3eCKDya1H3tLsvZqtDzo2P",
            "1JEgvXKpPz2hBDi5f2hzsCpqv8dous4tSu",
            "189k9myWzwps1oiB9JSjCT6LkgYQuCDnNF",
            "1QCA92MHHop9Gc6zJuZjRrRRofZ3vtvfv9",
            "1DerPZDEaPQGr7YjdUdM1nPcsdsR459eoo",
            "1coF2oSa72rw1xW2tcLa5YiGNycei6wKH",
            "1E4WNaGwcL3DVaSvZvvyyw9VQJkokD52Uj",
            "1HLEYknDttpPbQUJs7X5mq2K2biR7AxVud",
            "17aSpHBiXoU5QkHfMHZ6ca9VMsrFJd5nkZ",
            "1DbzyKxxqVdWwtBi5Qgkkn4XeriQCL7RFE",
            "1P45RFV3ZWfuzyvZRUkM1iRb3quizZ3QtX",
            "18FKn1PR2wbuUwv9qWZSQmzMTein6kB8Wz",
            "1CYLKuWnM7VA36HNVreAEoqc3FMTNFeDd1",
            "17GsXMUQbrYTDV1KCpjRNTX112D9PewXxS",
            "1GRURGySwvN4p1zEMoz16SKne6vGcHxa2u",
            "1FuHZUFovKu4RcgxCRAdS6v24VA3a9jtXC",
            "1NVk7hcjYmG555CYGefU69LQBLj3njDYtr",
            "1DGqCeD1qu7voRjFST6VVrqsNz8rBeciTe",
            "1L2TeGszodcSwaAbt7NLcRFSMq2nNdhLtX"
        ]
    },
    "fiat_value": {},
    "frozen_coins": {},
    "invoices": {},
    "keystore": {
        "derivation": "m",
        "pw_hash_version": 1,
        "root_fingerprint": "d881ccda",
        "seed": "minor zone pool badge remain combine abandon claw medal settle grace capable",
        "seed_type": "standard",
        "type": "bip32",
        "xprv": "xprv9s21ZrQH143K4QpV8MUqAh6xpUtdj6bsVXWe33wEFXqtLaMekU57TacLKCzMnnjQjh44WtMLHZQjv58iVUM8VwsJKVAssk3mnkE7ri3cxAJ",
        "xpub": "xpub661MyMwAqRbcGttxEP1qXq3hNWj88ZKirkSEqSLqosNsDNgoJ1PN1NvpATX4n1V1Vb1W5Ei7RXbGCYM4wQdxFphGhfBbLkYE8uVMunQmwof"
    },
    "labels": {},
    "payment_requests": {},
    "prevouts_by_scripthash": {},
    "seed_version": 50,
    "spent_outpoints": {},
    "transactions": {},
    "tx_fees": {},
    "txi": {},
    "txo": {},
    "use_encryption": false,
    "verified_tx3": {},
    "wallet_type": "standard"
}