{
    "addr_history": {
        "12vZyacm7iNomFhm6CeXQz14UUCPUY44Vs": [],
        "133KBrdJjfjscBd6V1AMwygWANAa1B6eW7": [],
        "13DYDiRSkjxB6iG5eZ4W5LrKGVGKf7inzA": [],
        "14HSSc1pSyYYD6CgDoi2E5YKf1FMU5LzYx": [],
        "14rg39B79JZ2h1tQHxg2NMu8deAMpq2GWU": [],
        "14v7iJPYQBVZVRtRmsr2yrcn3bRjRXPNyP": [],
        "15rjk2peYaskguUNfoy9fsn18beh316fSF": [],
        "16EnMp8K351vyn8hFbRwtQxwApSuAXscDC": [],
        "16pJMehXvTB9Qc5F2yAc2FEJj1AJ28sc2x": [],
        "178TXKrWBFDSi7ZnMGMEdPv6mEg5Brmdea": [],
        "18C7e7pmfeUu9sQCRVh7zH4gEVg8VRsULb": [],
        "18U42YA5ujZ427zyRgCgPrKGABGaPtnPQJ": [],
        "19GXwgr7qRMa8grXE1BxKCbZZVWyDFdZ3G": [],
        "19dBmQayt6ZCCxfpxXvXUv448CKLztq9CF": [],
        "1Bz2MC6A2LjxwhCXWbQ5vmRqnjbXVgkkhd": [],
        "1DAz7SLrjipwu4gNmbKxKFVU81LUrSwUut": [],
        "1DZP76UoSVsfGzEwUcFGTKakZ6obKFrU8q": [],
        "1Du1cx4goaTYRF8hwA9LxAQYRV3HfVRcFR": [],
        "1ExALmm1VpVfW7YT2fouc3mf5ipzJzGMT2": [],
        "1F7WBwpmFamajxqz3mytpeaKmgUbqRRr2y": [],
        "1F7hTuQVnz19dHbUM2qRCiqRP5U4jonvGf": [],
        "1FCguTwv9MoExcWKCVnmGG1yHoyAdR6fff": [],
        "1HGytaW99pXfBNRWeGQVDEKGtqxgETWCZ5": [],
        "1JrQHofrpU15rDeaDjjEGFM2Lgy5So5m4g": [],
        "1LsVGWYXhYxuUyVwGUEUUiKpfwtw1DEXzs": [],
        "1Mka3n1E86uXErofo5e2xHtWrmVN4pUVY6": [],
        "1MsEc1vYN4QnaKQ3DcqcjdL95b3VY1h2bJ": [],
        "1NHDsYSAdZB2DvUGgA3Q87kosoLnPfZru1": [],
        "1NbhCiZiPks2sk2HGhY8DSxCB6WpUnajhJ": [],
        "1Y3rHWwm99LZpsEwDtgFonWvYxccKXjb9": []
    },
    "addresses": {
        "change": [
            "1ExALmm1VpVfW7YT2fouc3mf5ipzJzGMT2",
            "14HSSc1pSyYYD6CgDoi2E5YKf1FMU5LzYx",
            "1DAz7SLrjipwu4gNmbKxKFVU81LUrSwUut",
            "1Du1cx4goaTYRF8hwA9LxAQYRV3HfVRcFR",
            "178TXKrWBFDSi7ZnMGMEdPv6mEg5Brmdea",
            "18C7e7pmfeUu9sQCRVh7zH4gEVg8VRsULb",
            "1JrQHofrpU15rDeaDjjEGFM2Lgy5So5m4g",
            "14v7iJPYQBVZVRtRmsr2yrcn3bRjRXPNyP",
            "18U42YA5ujZ427zyRgCgPrKGABGaPtnPQJ",
            "1F7WBwpmFamajxqz3mytpeaKmgUbqRRr2y"
        ],
        "receiving": [
            "1Bz2MC6A2LjxwhCXWbQ5vmRqnjbXVgkkhd",
            "1Mka3n1E86uXErofo5e2xHtWrmVN4pUVY6",
            "13DYDiRSkjxB6iG5eZ4W5LrKGVGKf7inzA",
            "19GXwgr7qRMa8grXE1BxKCbZZVWyDFdZ3G",
            "16pJMehXvTB9Qc5F2yAc2FEJj1AJ28sc2x",
            "1NHDsYSAdZB2DvUGgA3Q87kosoLnPfZru1",
            "1DZP76UoSVsfGzEwUcFGTKakZ6obKFrU8q",
            "1LsVGWYXhYxuUyVwGUEUUiKpfwtw1DEXzs",
            "15rjk2peYaskguUNfoy9fsn18beh316fSF",
            "16EnMp8K351vyn8hFbRwtQxwApSuAXscDC",
            "1NbhCiZiPks2sk2HGhY8DSxCB6WpUnajhJ",
            "19dBmQayt6ZCCxfpxXvXUv448CKLztq9CF",
            "1FCguTwv9MoExcWKCVnmGG1yHoyAdR6fff",
            "1HGytaW99pXfBNRWeGQVDEKGtqxgETWCZ5",
            "133KBrdJjfjscBd6V1AMwygWANAa1B6eW7",
            "1MsEc1vYN4QnaKQ3DcqcjdL95b3VY1h2bJ",
            "1Y3rHWwm99LZpsEwDtgFonWvYxccKXjb9",
            "14rg39B79JZ2h1tQHxg2NMu8deAMpq2GWU",
            "1F7hTuQVnz19dHbUM2qRCiqRP5U4jonvGf",
            "12vZyacm7iNomFhm6CeXQz14UUCPUY44Vs"
        ]
    },
    "fiat_value": {},
    "frozen_coins": {},
    "invoices": {},
    "keystore": {
        "derivation": "m",
        "pw_hash_version": 1,
        "root_fingerprint": "a766de34",
        "seed": "minor zone pool auction remain combine possible claw medal settle grace capable",
        "seed_type": "standard",
        "type": "bip32",
        "xprv": "xprv9s21ZrQH143K3DnJmvbgo9wM9hZTxPMn4VFkcRvbypBdJPMiLphxCyorAYJxVhgmdBVuWCDwKaXDwufRaHB3q8DD4bE7RjWt3RjapkPboD8",
        "xpub": "xpub661MyMwAqRbcFhrmsx8hAHt5hjPxMr5dRiBMQpLDY9icBBgrtN2Ckn8L1nfgcXP2GLRKyX6HE3M645xZ1P3toqr4qMxfzUUrR8kw3ZHSWe8"
    },
    "labels": {},
    "payment_requests": {},
    "prevouts_by_scripthash": {},
    "seed_version": 50,
    "spent_outpoints": {},
    "transactions": {},
    "tx_fees": {},
    "txi": {},
    "txo": {},
    "use_encryption": false,
    "verified_tx3": {},
    "wallet_type": "standard"
}