{
    "addr_history": {
        "12NRA1XoTLBK9QgqTgSXAmrhdPARbdzhYR": [],
        "13bMvK1fAbsSCUttNp6m9GEqDb9bX1PQsp": [],
        "14upyDvDGUxVhmoasL2SH1fjA1FUWUr4vq": [],
        "16EV446kS5n2kY1bVSrkdup7wJbbTujjNr": [],
        "16dcEYkNt9NjMcw3pPHA6hsB37svwRnUSd": [],
        "16hCPUmbp9tTTbG7DK9s5CENKWqKSCvjiG": [],
        "17CPNZbmgeEd6Z955P6P35HEJbMJYyQZDP": [],
        "18jTy9TZwWv5vCetp3NMBgqFC6RLHQxXfv": [],
        "18m6HfdFCKKrUD1V6foPPdstFhApQ29ZfY": [],
        "19kRfr64QtGt3NhjCYeEpitEPP3nreYRde": [],
        "19qogQ5qErfrUxfqoGRehvMYDxkjKdtJWM": [],
        "19uXWGwW9zwooYBxxMzFg1CKtRipXiQYHa": [],
        "1AvK7zuKq3prY7MTtZr17nw1tY2hEZzLkw": [],
        "1Czc3tVUYokjmQd98TXrSjcF2pHBheFuD8": [],
        "1FHpZC4CtxtSNo5cGevkssJHAQqVGcnBtz": [],
        "1FQyFcbi8rXdTWTRfGkiWkqo9xDThYinQq": [],
        "1FkLMv1gAXEpPLsCc66toHxL8vckWBBfi6": [],
        "1Fy2CZN5sfKeAisN3y5Unp1FEzEKRSRVc2": [],
        "1GR2bEJM9dZLXV6ZmR7mNcuR63qJ73x9PK": [],
        "1HUj7XLU6sUosuwPPGgHJf32tN4rVmz97T": [],
        "1Hipurw5DKXvWckRYTkyonJVpre62vKWSD": [],
        "1KudvAfV4KvTBfxwP25mvSf5aFH9Y5QDkM": [],
        "1LFoKeqi9YFpwkutxbHK7f4knDNXLu5mZf": [],
        "1LyDrZfZCC5eAUvYNdmQhYPmNmyshBFqox": [],
        "1MLk7yevRWj7sXpZjYmVpUqLzSEYNcRWuQ": [],
        "1MnEn7pJKt6AJacBu8Z5UKeMeScChcGjah": [],
        "1NPRXJ4bQBF5WKyWyp8xSTSAPmtLkptNrc": [],
        "1PCN3MJkfeUbHp9WGJPEd1HJymWzd1tReW": [],
        "1W7fFrku2NXNiaKLdzurrsJ6QReHzd4UW": [],
        "1xiuW5F2zq4t1Q46xBmkRzpEKwoXnpasv": []
    },
    "addresses": {
        "change": [
            "1MLk7yevRWj7sXpZjYmVpUqLzSEYNcRWuQ",
            "1AvK7zuKq3prY7MTtZr17nw1tY2hEZzLkw",
            "1LyDrZfZCC5eAUvYNdmQhYPmNmyshBFqox",
            "18m6HfdFCKKrUD1V6foPPdstFhApQ29ZfY",
            "14upyDvDGUxVhmoasL2SH1fjA1FUWUr4vq",
            "16dcEYkNt9NjMcw3pPHA6hsB37svwRnUSd",
            "13bMvK1fAbsSCUttNp6m9GEqDb9bX1PQsp",
            "1GR2bEJM9dZLXV6ZmR7mNcuR63qJ73x9PK",
            "19uXWGwW9zwooYBxxMzFg1CKtRipXiQYHa",
            "1FkLMv1gAXEpPLsCc66toHxL8vckWBBfi6"
        ],
        "receiving": [
            "1W7fFrku2NXNiaKLdzurrsJ6QReHzd4UW",
            "1HUj7XLU6sUosuwPPGgHJf32tN4rVmz97T",
            "1KudvAfV4KvTBfxwP25mvSf5aFH9Y5QDkM",
            "1MnEn7pJKt6AJacBu8Z5UKeMeScChcGjah",
            "19kRfr64QtGt3NhjCYeEpitEPP3nreYRde",
            "1PCN3MJkfeUbHp9WGJPEd1HJymWzd1tReW",
            "19qogQ5qErfrUxfqoGRehvMYDxkjKdtJWM",
            "1NPRXJ4bQBF5WKyWyp8xSTSAPmtLkptNrc",
            "1xiuW5F2zq4t1Q46xBmkRzpEKwoXnpasv",
            "1Czc3tVUYokjmQd98TXrSjcF2pHBheFuD8",
            "16EV446kS5n2kY1bVSrkdup7wJbbTujjNr",
            "16hCPUmbp9tTTbG7DK9s5CENKWqKSCvjiG",
            "1Fy2CZN5sfKeAisN3y5Unp1FEzEKRSRVc2",
            "18jTy9TZwWv5vCetp3NMBgqFC6RLHQxXfv",
            "1FQyFcbi8rXdTWTRfGkiWkqo9xDThYinQq",
            "17CPNZbmgeEd6Z955P6P35HEJbMJYyQZDP",
            "1LFoKeqi9YFpwkutxbHK7f4knDNXLu5mZf",
            "12NRA1XoTLBK9QgqTgSXAmrhdPARbdzhYR",
            "1Hipurw5DKXvWckRYTkyonJVpre62vKWSD",
            "1FHpZC4CtxtSNo5cGevkssJHAQqVGcnBtz"
        ]
    },
    "fiat_value": {},
    "frozen_coins": {},
    "invoices": {},
    "keystore": {
        "derivation": "m",
        "pw_hash_version": 1,
        "root_fingerprint": "d0129d51",
        "seed": "minor zone pool answer remain combine stone claw medal settle grace capable",
        "seed_type": "standard",
        "type": "bip32",
        "xprv": "xprv9s21ZrQH143K3hxU4GevLfWezC4SEHTUETdFVwXbWYxGSVH4EudRFQHkMyV7125kx8B1Uz61NbZNtvUACGfLmyr3BVocrUkhETrW9kk1fDC",
        "xpub": "xpub661MyMwAqRbcGC2wAJBvhoTPYDtvdkBKbgYrJKwD4tVFKHcCnSwfoCcEDGEzrWYzSC1XGv2eVdoYhiuYWho8iHFPD4FyNTTFrKBj6MnwAFC"
    },
    "labels": {},
    "payment_requests": {},
    "prevouts_by_scripthash": {},
    "seed_version": 50,
    "spent_outpoints": {},
    "transactions": {},
    "tx_fees": {},
    "txi": {},
    "txo": {},
    "use_encryption": false,
    "verified_tx3": {},
    "wallet_type": "standard"
}