{
    "addr_history": {
        "12EYRysBs1pUwUib2Me5GeefZwuSZq5zXp": [],
        "12Ut1gjrR5BdxxkMo3pSd99WUbptKbt21s": [],
        "131E5qzCcUFqrntf27tkK3gBmL6AnCHdAN": [],
        "13YNrsHdYPyeyacrUMd4oTErdXiyMuDcxr": [],
        "17RLy9d8C4VcdoQciHuXPR8FcdDdSP4mKj": [],
        "17sJg5G2oYiagVSa6PLq4x4GNkmekHXaXz": [],
        "186afkAFfvp6doc7D2eGidbZRnMr4o6dtB": [],
        "18fXtZUAs2RCHcBwo59qCEXHv7xtdTY17Y": [],
        "18zVJqfoXTPVaY9mKXmfh6cFs9rYcVK36d": [],
        "1AVCibg9sMfwBo6LgRaxzHdnNoDB57vESm": [],
        "1Aorn72Pt2xkmixNDfbiGsZADi83SwAW7k": [],
        "1Ay7pPxY6pdAG78Xfun98gVi2vb6qTk6ht": [],
        "1BWCbeHJuVLguGUdMfcksAaMX7dE6iCCcw": [],
        "1D8NnLrJRGkozemzPzJSbMtCYK5VmDEsKW": [],
        "1DFDrdbEL2iGdCHxyFXMaKr8W69LP1N6Ep": [],
        "1DKPCV7L3pXtxR2oqkxhs8YAFBjvmF73zS": [],
        "1DZU6cAraAKBYoWeJYj5jBf6A9Cyu6g8wR": [],
        "1Dc2CvtYHzEpu99g89icRJsfNtQE2eSn26": [],
        "1Etoe6VMdWAswLAcuRDNg86VahdtPsjBCy": [],
        "1FyuzceR7ucNoh8rYzmYyc1yr3oh6acAgm": [],
        "1GQtythR7nkMoCjzkSa9F8QXB7qK8b2bTD": [],
        "1GUcorkVHoyNzCMQdy4gn1jzT6BLXTVbnB": [],
        "1HMFCiSc5b8hNH9ACs5WsLt83HFwJ9adS8": [],
        "1HMFgSyzAw1z3iG34C4WWsrQappXphH44o": [],
        "1KeK1YL5zUwJYbUd9NxaoArrH3oQWZpf8L": [],
        "1Meme88341F4Y6iMzDiLKA4Ypqmh1tjS3L": [],
        "1P2nVtsuqN69QEBp7NXg8Dkopwb16n9cs6": [],
        "1PsMk7HS5zLTrAL3E2QSdZTP4paEzUsdnn": [],
        "1eGE1FftwMj6E57xb9SKc6zRgqBMGEDWc": [],
        "1mbUEoiwKbFRpKrhFyrtwk4rY7KMnhVz5": []
    },
    "addresses": {
        "change": [
            "1GQtythR7nkMoCjzkSa9F8QXB7qK8b2bTD",
            "1D8NnLrJRGkozemzPzJSbMtCYK5VmDEsKW",
            "1HMFgSyzAw1z3iG34C4WWsrQappXphH44o",
            "1P2nVtsuqN69QEBp7NXg8Dkopwb16n9cs6",
            "1Aorn72Pt2xkmixNDfbiGsZADi83SwAW7k",
            "1Meme88341F4Y6iMzDiLKA4Ypqmh1tjS3L",
            "1mbUEoiwKbFRpKrhFyrtwk4rY7KMnhVz5",
            "17sJg5G2oYiagVSa6PLq4x4GNkmekHXaXz",
            "1PsMk7HS5zLTrAL3E2QSdZTP4paEzUsdnn",
            "1AVCibg9sMfwBo6LgRaxzHdnNoDB57vESm"
        ],
        "receiving": [
            "13YNrsHdYPyeyacrUMd4oTErdXiyMuDcxr",
            "131E5qzCcUFqrntf27tkK3gBmL6AnCHdAN",
            "17RLy9d8C4VcdoQciHuXPR8FcdDdSP4mKj",
            "1BWCbeHJuVLguGUdMfcksAaMX7dE6iCCcw",
            "186afkAFfvp6doc7D2eGidbZRnMr4o6dtB",
            "18fXtZUAs2RCHcBwo59qCEXHv7xtdTY17Y",
            "1FyuzceR7ucNoh8rYzmYyc1yr3oh6acAgm",
            "1Etoe6VMdWAswLAcuRDNg86VahdtPsjBCy",
            "18zVJqfoXTPVaY9mKXmfh6cFs9rYcVK36d",
            "1eGE1FftwMj6E57xb9SKc6zRgqBMGEDWc",
            "1Ay7pPxY6pdAG78Xfun98gVi2vb6qTk6ht",
            "12Ut1gjrR5BdxxkMo3pSd99WUbptKbt21s",
            "1DFDrdbEL2iGdCHxyFXMaKr8W69LP1N6Ep",
            "1HMFCiSc5b8hNH9ACs5WsLt83HFwJ9adS8",
            "1GUcorkVHoyNzCMQdy4gn1jzT6BLXTVbnB",
            "1DZU6cAraAKBYoWeJYj5jBf6A9Cyu6g8wR",
            "1DKPCV7L3pXtxR2oqkxhs8YAFBjvmF73zS",
            "12EYRysBs1pUwUib2Me5GeefZwuSZq5zXp",
            "1KeK1YL5zUwJYbUd9NxaoArrH3oQWZpf8L",
            "1Dc2CvtYHzEpu99g89icRJsfNtQE2eSn26"
        ]
    },
    "fiat_value": {},
    "frozen_coins": {},
    "invoices": {},
    "keystore": {
        "derivation": "m",
        "pw_hash_version": 1,
        "root_fingerprint": "393ebcd7",
        "seed": "minor zone pool adult remain combine boy claw medal settle grace capable",
        "seed_type": "standard",
        "type": "bip32",
        "xprv": "xprv9s21ZrQH143K47EUjeGkmgfNwU3Wf5rRYn2CD8azv7AVhHc8xqJgqkf3VNGp8ZeJHXP6E6qdwHjgqGi4WLmVcHA6QDHFudDKvSgLbK6ANJv",
        "xpub": "xpub661MyMwAqRbcGbJwqfom8pc7VVt14YaGuzwo1WzcUShUa5wHWNcwPYyXLfm7fHEKUJdV623g6grxbTg42uSTGE47hZsDdNF5La2Ha7HCtva"
    },
    "labels": {},
    "payment_requests": {},
    "prevouts_by_scripthash": {},
    "seed_version": 50,
    "spent_outpoints": {},
    "transactions": {},
    "tx_fees": {},
    "txi": {},
    "txo": {},
    "use_encryption": false,
    "verified_tx3": {},
    "wallet_type": "standard"
}