{
    "addr_history": {
        "129DyfpdNcLLLqXPzfH1tNMTbcgVD3mExe": [],
        "137iyaMJQS2J1xhoARZvGVB15sBKWN36Qu": [],
        "14VQDaYXXfyunYZ1FipjQPitcoWwDBk6Rj": [],
        "15mmDD73EJLFAZ411JD6C5HuTJsjndepL6": [],
        "16k848LdVNxRCdu95wDiueNaiSvxLFJ37D": [],
        "17S9Z9k5TqevCDBcA7kJFpQsRwytWgH1r9": [],
        "17UcAXrjMhVaRk5tR5VgrU5H3Y7fVurqtS": [],
        "1849NS6iV7cmiNZJxXDVhdZ8kXobxzLCqZ": [],
        "19CU5xhDyaNBWLJSJiheMEonLPT58HQZQx": [],
        "19mxGhLNhuYhjVoZLkc5niEpKSvJLUE6gR": [],
        "1AYCNdVQoChDLcshYPhUWUFGSnUw16pFSX": [],
        "1B1H7owxnsqjGzXuNG7SMpT2qiuh2Bu4uB": [],
        "1BACa2No4Q6rvZ7sPRngbpAnZX1qPqSdFv": [],
        "1ByLTHgnxjhZQrHECAMKzmeoviMd5uREDe": [],
        "1DHKDLp8SNMaiq3tMTHA2XkeT1ryeeFMw8": [],
        "1EnFhpHepZ9EBBQYJ5kp6UqkopVRNzhmdQ": [],
        "1EqGdZh3NQxDWQ3Jd29AL1Aa9WGbWGNz1z": [],
        "1Ew59k5mqy6Fik93n3GtdfyABHtgNMvbGQ": [],
        "1FdqK6E7QsyXuTjDvtzb2woNDujdxwr9R2": [],
        "1G8hMFeR1St3neSPBc1wwVRManRjbc4mbU": [],
        "1JAuzo3ASZouZLTyyo3qDqdM8dKJBkbYGb": [],
        "1JECv5DgMkcUuhmb3R9RmRU8jURfpgMfpY": [],
        "1JKx56VjUexbTYTGeHtWtKPfwKFERDnJ4g": [],
        "1JNeAH6mPChoyVF4fkk2h1Gd5W8oa17R8b": [],
        "1KhpVM6v3nqbaYeis3G1yP5gUv38XWmf5a": [],
        "1KpvoaHL1kGk5eRdfUuFrq1z1hwbzwBn6Z": [],
        "1LDngvvDL61Yt86Xy6nJpyg1bAFiruaH8j": [],
        "1PxnzLzgENN9zFEKhGtgAfKpo4M9fJQBgk": [],
        "1Q6LgaKfbSV7kQ4EAY5VtJTgQJEhhVi7Rj": [],
        "1YbGQQzy3vDmosUbbQyoPxKxcC7E3h5Sg": []
    },
    "addresses": {
        "change": [
            "16k848LdVNxRCdu95wDiueNaiSvxLFJ37D",
            "1KpvoaHL1kGk5eRdfUuFrq1z1hwbzwBn6Z",
            "1BACa2No4Q6rvZ7sPRngbpAnZX1qPqSdFv",
            "1EqGdZh3NQxDWQ3Jd29AL1Aa9WGbWGNz1z",
            "129DyfpdNcLLLqXPzfH1tNMTbcgVD3mExe",
            "1JAuzo3ASZouZLTyyo3qDqdM8dKJBkbYGb",
            "19CU5xhDyaNBWLJSJiheMEonLPT58HQZQx",
            "14VQDaYXXfyunYZ1FipjQPitcoWwDBk6Rj",
            "1LDngvvDL61Yt86Xy6nJpyg1bAFiruaH8j",
            "1YbGQQzy3vDmosUbbQyoPxKxcC7E3h5Sg"
        ],
        "receiving": [
            "1KhpVM6v3nqbaYeis3G1yP5gUv38XWmf5a",
            "1JKx56VjUexbTYTGeHtWtKPfwKFERDnJ4g",
            "15mmDD73EJLFAZ411JD6C5HuTJsjndepL6",
            "1JECv5DgMkcUuhmb3R9RmRU8jURfpgMfpY",
            "1AYCNdVQoChDLcshYPhUWUFGSnUw16pFSX",
            "19mxGhLNhuYhjVoZLkc5niEpKSvJLUE6gR",
            "137iyaMJQS2J1xhoARZvGVB15sBKWN36Qu",
            "1ByLTHgnxjhZQrHECAMKzmeoviMd5uREDe",
            "1Ew59k5mqy6Fik93n3GtdfyABHtgNMvbGQ",
            "17UcAXrjMhVaRk5tR5VgrU5H3Y7fVurqtS",
            "17S9Z9k5TqevCDBcA7kJFpQsRwytWgH1r9",
            "1Q6LgaKfbSV7kQ4EAY5VtJTgQJEhhVi7Rj",
            "1G8hMFeR1St3neSPBc1wwVRManRjbc4mbU",
            "1DHKDLp8SNMaiq3tMTHA2XkeT1ryeeFMw8",
            "1849NS6iV7cmiNZJxXDVhdZ8kXobxzLCqZ",
            "1EnFhpHepZ9EBBQYJ5kp6UqkopVRNzhmdQ",
            "1PxnzLzgENN9zFEKhGtgAfKpo4M9fJQBgk",
            "1JNeAH6mPChoyVF4fkk2h1Gd5W8oa17R8b",
            "1FdqK6E7QsyXuTjDvtzb2woNDujdxwr9R2",
            "1B1H7owxnsqjGzXuNG7SMpT2qiuh2Bu4uB"
        ]
    },
    "fiat_value": {},
    "frozen_coins": {},
    "invoices": {},
    "keystore": {
        "derivation": "m",
        "pw_hash_version": 1,
        "root_fingerprint": "3b7149f0",
        "seed": "minor zone pool april remain combine proof claw medal settle grace capable",
        "seed_type": "standard",
        "type": "bip32",
        "xprv": "xprv9s21ZrQH143K3hSkYxZtUUG5FN4z7fWbXxc5ENqKwVAZDN1aze78JPhpH4nQtbPqdGMHYMTp4NQT2HqxgAxnpoAwBB6wLNQKkYubPvjsD9E",
        "xpub": "xpub661MyMwAqRbcGBXDez6tqcCooPuUX8ESuBXg2mEwVphY6ALjYBRNrC2J8JiPMEuZUFhDNKopFJpX6sPacCudAgD679jHSNppDAgiekDEiQT"
    },
    "labels": {},
    "payment_requests": {},
    "prevouts_by_scripthash": {},
    "seed_version": 50,
    "spent_outpoints": {},
    "transactions": {},
    "tx_fees": {},
    "txi": {},
    "txo": {},
    "use_encryption": false,
    "verified_tx3": {},
    "wallet_type": "standard"
}