{
    "addr_history": {
        "122Fyrvodq6bzvcc2RCrDJ3ihnbmj4ZK8H": [],
        "13oQ5QkY1Bu9XCZhxZtSLLBz1oQabKCTGA": [],
        "14V72mgKTJHnhp9bpSaskvbbHiPJfG1XTQ": [],
        "14iFJ2XsEhZrLPgGDeaJvk1oLFJUk5N1bz": [],
        "15Mkz2RAs1NeCzMTci8qBFwY4gC38k48nc": [],
        "18jnYfNsDdRuG3eYX4Nu19EnqFAnrBmaHi": [],
        "19CvZX4RpnPqkoVjMFT8Ex8FSM2QK4ziRJ": [],
        "19bALvCctZo5vG3fq96V2YT2h6cS8V58pb": [],
        "19ha6cRbrHt2PdKyMeRcbVUfAVMDktzmcC": [],
        "19iZhcSHoHLGbVrxjVofpGBPAVMDzs2ASP": [],
        "1A96zg5SkTk1zsCcxS1y1iaR5p9QDDBiHd": [],
        "1CHCTRfC9183Ccxi44ReTj67dZMDdBxqSd": [],
        "1CcYoRwiWmZi7Qb558JcS53LZNDX1foMg7": [],
        "1Csqq1iZsAzY3KzGwg9dKSbhLPHW5VvKEo": [],
        "1E5dBG6KUkSwvQiPhja5SDQpkYe5rUFNX1": [],
        "1EYcEWFC3unQvGhWnyzMbnrQmZEMj85Gn4": [],
        "1Ebe4Kp9hFDD6egj9qMUE3992QTQtHdCDk": [],
        "1FKRXypGp5Pur7utYjq2oFbuhBzjC22X3D": [],
        "1FR3MXYFLZ5QaMKkYQH1xY1H9DMYUHnoXT": [],
        "1GZoo62iaiRVBb9Qostbsm9kSLSF8HdXaR": [],
        "1GmkyQvS9vdJrz867ZneFwVArnQV4fufVz": [],
        "1GygNTnsKEGrsqDcYo1AV1p5g4F9vaAVsz": [],
        "1H2LxyLaAosjtv1kXgufZdE91eyL5qJugE": [],
        "1HMtcRpkD9wPymYmuqUwvgCnLWsZgPkCqi": [],
        "1J5oMg1kJT6ro5UPz8wJsbirqpdiyGS25s": [],
        "1K6Z9n5WFuz6HrTDiFZJBJSkR4msCzRgKt": [],
        "1Me9VDCa5UWqYWwFPFpbbfJfXMZQ5D9a39": [],
        "1NNQE3mYadZkyPraS5euGp9bGw72VW5DSx": [],
        "1NwUC5qwjZUDyTK77cnbB9XZrD22PpFpTj": [],
        "1PzMN53NKWvCq8ZVFXj7TRzofYXAGFbXU3": []
    },
    "addresses": {
        "change": [
            "1FKRXypGp5Pur7utYjq2oFbuhBzjC22X3D",
            "1CHCTRfC9183Ccxi44ReTj67dZMDdBxqSd",
            "14V72mgKTJHnhp9bpSaskvbbHiPJfG1XTQ",
            "1Me9VDCa5UWqYWwFPFpbbfJfXMZQ5D9a39",
            "1H2LxyLaAosjtv1kXgufZdE91eyL5qJugE",
            "19ha6cRbrHt2PdKyMeRcbVUfAVMDktzmcC",
            "1Csqq1iZsAzY3KzGwg9dKSbhLPHW5VvKEo",
            "19iZhcSHoHLGbVrxjVofpGBPAVMDzs2ASP",
            "1NNQE3mYadZkyPraS5euGp9bGw72VW5DSx",
            "1GygNTnsKEGrsqDcYo1AV1p5g4F9vaAVsz"
        ],
        "receiving": [
            "1A96zg5SkTk1zsCcxS1y1iaR5p9QDDBiHd",
            "1E5dBG6KUkSwvQiPhja5SDQpkYe5rUFNX1",
            "1K6Z9n5WFuz6HrTDiFZJBJSkR4msCzRgKt",
            "1GZoo62iaiRVBb9Qostbsm9kSLSF8HdXaR",
            "1FR3MXYFLZ5QaMKkYQH1xY1H9DMYUHnoXT",
            "1CcYoRwiWmZi7Qb558JcS53LZNDX1foMg7",
            "1Ebe4Kp9hFDD6egj9qMUE3992QTQtHdCDk",
            "1HMtcRpkD9wPymYmuqUwvgCnLWsZgPkCqi",
            "1NwUC5qwjZUDyTK77cnbB9XZrD22PpFpTj",
            "19CvZX4RpnPqkoVjMFT8Ex8FSM2QK4ziRJ",
            "1PzMN53NKWvCq8ZVFXj7TRzofYXAGFbXU3",
            "19bALvCctZo5vG3fq96V2YT2h6cS8V58pb",
            "15Mkz2RAs1NeCzMTci8qBFwY4gC38k48nc",
            "14iFJ2XsEhZrLPgGDeaJvk1oLFJUk5N1bz",
            "122Fyrvodq6bzvcc2RCrDJ3ihnbmj4ZK8H",
            "1EYcEWFC3unQvGhWnyzMbnrQmZEMj85Gn4",
            "1J5oMg1kJT6ro5UPz8wJsbirqpdiyGS25s",
            "1GmkyQvS9vdJrz867ZneFwVArnQV4fufVz",
            "18jnYfNsDdRuG3eYX4Nu19EnqFAnrBmaHi",
            "13oQ5QkY1Bu9XCZhxZtSLLBz1oQabKCTGA"
        ]
    },
    "fiat_value": {},
    "frozen_coins": {},
    "invoices": {},
    "keystore": {
        "derivation": "m",
        "pw_hash_version": 1,
        "root_fingerprint": "63678ae6",
        "seed": "minor zone pool also remain combine soup claw medal settle grace capable",
        "seed_type": "standard",
        "type": "bip32",
        "xprv": "xprv9s21ZrQH143K3HiGcj8y7FNYQWk77c8DYQieRzJQDyTohDafHp4cvYUSCUs4F92wT3TsunDzjojThY9pvEwyG5Po2gP7HVUEvUJkRX7pUAv",
        "xpub": "xpub661MyMwAqRbcFmnjikfyUPKGxYabX4r4udeFENi1nJzna1uoqMNsULnv3mrF6fHHpLFDKca9qXsx1ahGYpvt6LJ6vJT4QcTJV7v4txWduTx"
    },
    "labels": {},
    "payment_requests": {},
    "prevouts_by_scripthash": {},
    "seed_version": 50,
    "spent_outpoints": {},
    "transactions": {},
    "tx_fees": {},
    "txi": {},
    "txo": {},
    "use_encryption": false,
    "verified_tx3": {},
    "wallet_type": "standard"
}