{
    "addr_history": {
        "12vBj3mkFhZotr2f7DwnUhAfaRNBx2wW46": [],
        "14gnd612rEZEWdfmQj13eQMcyXXwCYR5tB": [],
        "15Zp3wKDEP5o5KVuTUiSeXG8tYKRAyihdh": [],
        "16Qwr9HBtqgZrjDmicu8FgyCo96uh5oQdW": [],
        "16gFVKhUwVcjYMNgerEKPbKUXy9dtXSutM": [],
        "16vDaau5Wfq2NvLtg5gUC9rY1Eywvrwfs9": [],
        "17BZJHcapDdecjVNiqQDtHHZzJVrCeWhU5": [],
        "17gkDgFCtYWJnWzUhdsasMjQfb82u4vksF": [],
        "18xSLCtEs27k6XEGvPjFCsYYcJifqBK2qD": [],
        "19NuFdxAznHMDKD1TW1aZJkqLcxSWUwYFh": [],
        "19RHiTcNPEqcdsm6HdDZhYojBeUwZfhP1Q": [],
        "19iLy8bc5BA6tjTNnpw7zyi7oFErFoJ9rf": [],
        "19pwQ329Cx3HFBvMq1gEbYo7RDs78eKMrh": [],
        "19saQ5Bobis3Qmt3N4kwydRkXt21KYwqFB": [],
        "19xUf3Q55TbNN6SkXyxrjoydc7Pu55eEc7": [],
        "1AkB9jnnA7DamjLFasZCqVyMuiQDqpWd7V": [],
        "1BSMVrc8RgJnUmUx5J4zraSJQanhRd1GDG": [],
        "1BsUTXrgk1eeunp4GYoi7DE43RWDg66bJy": [],
        "1CMNHkHrCDhyonSq11CT3NqcC1qukZqPz2": [],
        "1CPjBn5Cpn8y4cqsBfvrKLzD7BhSR3U133": [],
        "1DErpigitzu347PciRPuTBL3cPqV6ph9WL": [],
        "1DJ8Hg3MVt74HomPcd4q7DPecaKFJswfVa": [],
        "1EJALpwbHZLePuQe394EHLrXWqZLuipwp8": [],
        "1EjeL4wEzX9yMtvq2fVtSmdfdff4iGxTj2": [],
        "1FzVZik3UmVeQ8F3rhqKkWXYQJMAHLJqbi": [],
        "1H6zwvC1X4Yb7PUNV7CtV317NXuKmCc5EX": [],
        "1KhsYgsLmn5M625E8x3fi5ph6TuWg39nYp": [],
        "1LMuzMdJskRGrbf9ctPDCe1KSst9mpKxsN": [],
        "1MM3yFS1c3oT83VZkSTpDPsuYZYdM3sPry": [],
        "1MQD2poHqzrQRKb3pwdLDHMMK7kqtZ14WB": []
    },
    "addresses": {
        "change": [
            "1KhsYgsLmn5M625E8x3fi5ph6TuWg39nYp",
            "16gFVKhUwVcjYMNgerEKPbKUXy9dtXSutM",
            "19xUf3Q55TbNN6SkXyxrjoydc7Pu55eEc7",
            "1DErpigitzu347PciRPuTBL3cPqV6ph9WL",
            "16Qwr9HBtqgZrjDmicu8FgyCo96uh5oQdW",
            "1FzVZik3UmVeQ8F3rhqKkWXYQJMAHLJqbi",
            "1MM3yFS1c3oT83VZkSTpDPsuYZYdM3sPry",
            "1CPjBn5Cpn8y4cqsBfvrKLzD7BhSR3U133",
            "19pwQ329Cx3HFBvMq1gEbYo7RDs78eKMrh",
            "1EJALpwbHZLePuQe394EHLrXWqZLuipwp8"
        ],
        "receiving": [
            "12vBj3mkFhZotr2f7DwnUhAfaRNBx2wW46",
            "19saQ5Bobis3Qmt3N4kwydRkXt21KYwqFB",
            "15Zp3wKDEP5o5KVuTUiSeXG8tYKRAyihdh",
            "16vDaau5Wfq2NvLtg5gUC9rY1Eywvrwfs9",
            "17BZJHcapDdecjVNiqQDtHHZzJVrCeWhU5",
            "1BSMVrc8RgJnUmUx5J4zraSJQanhRd1GDG",
            "1DJ8Hg3MVt74HomPcd4q7DPecaKFJswfVa",
            "19NuFdxAznHMDKD1TW1aZJkqLcxSWUwYFh",
            "1CMNHkHrCDhyonSq11CT3NqcC1qukZqPz2",
            "1MQD2poHqzrQRKb3pwdLDHMMK7kqtZ14WB",
            "1H6zwvC1X4Yb7PUNV7CtV317NXuKmCc5EX",
            "18xSLCtEs27k6XEGvPjFCsYYcJifqBK2qD",
            "1LMuzMdJskRGrbf9ctPDCe1KSst9mpKxsN",
            "19iLy8bc5BA6tjTNnpw7zyi7oFErFoJ9rf",
            "17gkDgFCtYWJnWzUhdsasMjQfb82u4vksF",
            "1EjeL4wEzX9yMtvq2fVtSmdfdff4iGxTj2",
            "1BsUTXrgk1eeunp4GYoi7DE43RWDg66bJy",
            "19RHiTcNPEqcdsm6HdDZhYojBeUwZfhP1Q",
            "1AkB9jnnA7DamjLFasZCqVyMuiQDqpWd7V",
            "14gnd612rEZEWdfmQj13eQMcyXXwCYR5tB"
        ]
    },
    "fiat_value": {},
    "frozen_coins": {},
    "invoices": {},
    "keystore": {
        "derivation": "m",
        "pw_hash_version": 1,
        "root_fingerprint": "1c5a899e",
        "seed": "minor zone pool athlete remain combine return claw medal settle grace capable",
        "seed_type": "standard",
        "type": "bip32",
        "xprv": "xprv9s21ZrQH143K3m5XuFRQsQ532av52oUxMwtNzY4T7cFp1zkhTPQpgpELEq68jj2KGD3Q4HJJKAK7UJFj8NiUyareGUS69birxFB1r23cT7V",
        "xpub": "xpub661MyMwAqRbcGFA11GxREY1mackZSGCojAoynvU4fwnnto5qzvj5EcYp66AWPaWDhwRjfRPsjVDa4JbM23dmbJPL9sEVwss62M1DdkXq6FE"
    },
    "labels": {},
    "payment_requests": {},
    "prevouts_by_scripthash": {},
    "seed_version": 50,
    "spent_outpoints": {},
    "transactions": {},
    "tx_fees": {},
    "txi": {},
    "txo": {},
    "use_encryption": false,
    "verified_tx3": {},
    "wallet_type": "standard"
}