{
    "addr_history": {
        "12TfVu1iiwMzssjzhHix5WBVC8pvDpHgQi": [],
        "13MZ6Vkm3psCYUqDkCUUyGJpSveiWDg8KN": [],
        "13ibi7ZMMPB6fBAZkvoZ6ChUsL7PZykgfg": [],
        "14GF2gYEQyxhz3dhQuvgXUBJVRhNzwn8oX": [],
        "14jRqC6DMVb5frFX4zsE7KVhqiJGrdCufw": [],
        "15KAurX8t8bnCVjAp6dYxGCVRxBUphEg4k": [],
        "16fdQgQB8bNytMWNii7hqxpbrCbobYh4MF": [],
        "1727wU9gCLWPHoC6rAaws1fVSWLfub65q9": [],
        "17EyT2FPHYfxgFJ9pXW7EjZWANtCm2XuLz": [],
        "18RoVgEiK4t5YxJg8ZW5Tq3Wcky6xRQb4a": [],
        "18USztDibCBgq439kaF1hv372aRtku4sYw": [],
        "1AMXNbfGfUCwTmHQtzBhEoiPqspLSWsybZ": [],
        "1AjgFp62CGV4Cf6cBsX7iV2xf7jY8CwxUw": [],
        "1B66EqxvxprWqHnEP8QRSM3JF7HJZRcLzy": [],
        "1BFtphg7BqkWabqYuYqozx3TXS357xBen": [],
        "1BMFNKfrRHhyksCnfwuXLUJVjgYvCVVKi2": [],
        "1CEqc7HDntMLiMCHNPmUqCjAEoX6CxrsFB": [],
        "1EYJJvrwsS6Xq69E4HA1zj3aEFevDENWHi": [],
        "1ErNbeKPYG1LPgsXxcoiA1seHzqv4MybD3": [],
        "1FWPesGNMnxpnnqJQYaY9vFmQEBuTisNwG": [],
        "1GkPriMyUxkLtpz8XJv7A82fUmxHTaQfU1": [],
        "1HTeMVjpLY3VoZsFtcN5567BGR2KFZm5Sd": [],
        "1LProY7G8pN4XTwurPYi3VbE4MS4srzGCH": [],
        "1LYBK22HysweM8cndFtKgyDyphRzunbFqG": [],
        "1NFLqXGdLeqbKrbExTxyx17f6r7GJDAnN4": [],
        "1P6fpQGAw6h5t7ycaezRrrY7hPp9pBYgEG": [],
        "1P8aHDzkGrM2Wu5P5jFZdxWqK6BPNDGTbq": [],
        "1PVFA2gDNafyc285nJh9G82wZrpcVgUv81": [],
        "1PxnMkeZvbn1aCwu275CqsUGejWMK5jDf4": [],
        "1jR7kn91QYmXEqSqcnBZUf6XGnQLEfizJ": []
    },
    "addresses": {
        "change": [
            "1CEqc7HDntMLiMCHNPmUqCjAEoX6CxrsFB",
            "1jR7kn91QYmXEqSqcnBZUf6XGnQLEfizJ",
            "1BMFNKfrRHhyksCnfwuXLUJVjgYvCVVKi2",
            "1AMXNbfGfUCwTmHQtzBhEoiPqspLSWsybZ",
            "1ErNbeKPYG1LPgsXxcoiA1seHzqv4MybD3",
            "1FWPesGNMnxpnnqJQYaY9vFmQEBuTisNwG",
            "1P6fpQGAw6h5t7ycaezRrrY7hPp9pBYgEG",
            "1PVFA2gDNafyc285nJh9G82wZrpcVgUv81",
            "15KAurX8t8bnCVjAp6dYxGCVRxBUphEg4k",
            "1727wU9gCLWPHoC6rAaws1fVSWLfub65q9"
        ],
        "receiving": [
            "1NFLqXGdLeqbKrbExTxyx17f6r7GJDAnN4",
            "14jRqC6DMVb5frFX4zsE7KVhqiJGrdCufw",
            "1PxnMkeZvbn1aCwu275CqsUGejWMK5jDf4",
            "1LYBK22HysweM8cndFtKgyDyphRzunbFqG",
            "13ibi7ZMMPB6fBAZkvoZ6ChUsL7PZykgfg",
            "18USztDibCBgq439kaF1hv372aRtku4sYw",
            "17EyT2FPHYfxgFJ9pXW7EjZWANtCm2XuLz",
            "18RoVgEiK4t5YxJg8ZW5Tq3Wcky6xRQb4a",
            "13MZ6Vkm3psCYUqDkCUUyGJpSveiWDg8KN",
            "14GF2gYEQyxhz3dhQuvgXUBJVRhNzwn8oX",
            "1GkPriMyUxkLtpz8XJv7A82fUmxHTaQfU1",
            "1AjgFp62CGV4Cf6cBsX7iV2xf7jY8CwxUw",
            "1HTeMVjpLY3VoZsFtcN5567BGR2KFZm5Sd",
            "1BFtphg7BqkWabqYuYqozx3TXS357xBen",
            "1P8aHDzkGrM2Wu5P5jFZdxWqK6BPNDGTbq",
            "16fdQgQB8bNytMWNii7hqxpbrCbobYh4MF",
            "12TfVu1iiwMzssjzhHix5WBVC8pvDpHgQi",
            "1B66EqxvxprWqHnEP8QRSM3JF7HJZRcLzy",
            "1LProY7G8pN4XTwurPYi3VbE4MS4srzGCH",
            "1EYJJvrwsS6Xq69E4HA1zj3aEFevDENWHi"
        ]
    },
    "fiat_value": {},
    "frozen_coins": {},
    "invoices": {},
    "keystore": {
        "derivation": "m",
        "pw_hash_version": 1,
        "root_fingerprint": "289c4f6f",
        "seed": "minor zone pool arm remain combine village claw medal settle grace capable",
        "seed_type": "standard",
        "type": "bip32",
        "xprv": "xprv9s21ZrQH143K2VHBEjvPtAbAstfscXc4Fg9ZevsyT5ZbjVei4HyuULokhMgEMGcZqEst4FhHBFereNwKtzXEJ7wMMcTYf3r41VzqX2QtAUh",
        "xpub": "xpub661MyMwAqRbcEyMeLmTQFJXuRvWN1zKucu5ATKHb1R6acHyrbqJA298EYg5M4FgWjdC8HuZBc9NrFEYnfAimE8JXVthNeyagYPtgJ4BcSeE"
    },
    "labels": {},
    "payment_requests": {},
    "prevouts_by_scripthash": {},
    "seed_version": 50,
    "spent_outpoints": {},
    "transactions": {},
    "tx_fees": {},
    "txi": {},
    "txo": {},
    "use_encryption": false,
    "verified_tx3": {},
    "wallet_type": "standard"
}