{
    "addr_history": {
        "12CuFzFk4AShioz8P3CBT1DwBVFFft5iJa": [],
        "12JdTfmCxsNiycHkyB4TL7e1NuTBeP7TGj": [],
        "12UGrEEfp6fZGVSjSrZTKbmPKJayn271kW": [],
        "13B2ymTmC7Nu7wN9z4MorN2EQTNgRf8VqC": [],
        "13mgWvLSXtZ1dEM7drjWFeLKic1FaTJJSv": [],
        "14m7xk4YrDUvZe5GkDTbcMfC35uSA5xcxV": [],
        "15EcUq9PSnBtxbCRSETDj7QieCtDvmRKqT": [],
        "175e3gaWJyEXKMDjDt33EmzLtWzCh8JR5X": [],
        "176bnwt6nUtr36vqN8jLnuJVdmAq3xbNZV": [],
        "17Gyy2FtQzwmyPZ382Jxd2R6Uh5VfMCKoP": [],
        "17stmbxjiQbLh7sipcHpa7dmsS43nu5agF": [],
        "19UKyu8i4UzA1K9qNeMMTVSfHYbqgsRmj2": [],
        "1AUo56CLmDEceJRk1gcVVSXL6EtBxoi1UD": [],
        "1AZinv8PeRQYQihFKW8W3SQaMQ3z8yMcA2": [],
        "1CCFjxWY3QUgRQVVC55eZWoNg2Fxwat5cf": [],
        "1DXMV2mfiW2iAj3bXQmb3yhWRbz8UDtKZF": [],
        "1DkDDorzzC7Jcfo7NBuVzt4paVow17HDiu": [],
        "1DuHPvzphDNzEaDjKcc9pyZLLM4tABJCyK": [],
        "1FpMiB959GkyDqoXi332wHtrsYgGr78173": [],
        "1G7x4MHq7W8dhD9j21yq16rgAHpUtqDwsp": [],
        "1HGfmdRrc4TrJpBMywSV4KFDNAspjdSvZU": [],
        "1HfqRKwAV6gXfXHBivx4DJWVSLKNQMNRaE": [],
        "1J7wqowe3zuvWxk6nEBmXrmRyj9AkzMPpt": [],
        "1JUSD5S8biBWnP69qS2zuuxzB6jrPNDbTd": [],
        "1LdL7H7cv4F8JVzGWxks4XstdyXvkJqdDo": [],
        "1LvL2DRpnmKe3SZqNbuLmstibsneuFn6em": [],
        "1N2vZJSLyfMYihETasjs7MHr43NwusDYm2": [],
        "1NoWYAuxYsxyBj4sxA7AWe3oDKau28LJAh": [],
        "1PhV1PDHGSyZUAG4q85NN9B4PvzfbDVF6y": [],
        "1Rbj9Eg5aY7K7diiZRzQ44APHYmPdnNUJ": []
    },
    "addresses": {
        "change": [
            "1FpMiB959GkyDqoXi332wHtrsYgGr78173",
            "175e3gaWJyEXKMDjDt33EmzLtWzCh8JR5X",
            "1AUo56CLmDEceJRk1gcVVSXL6EtBxoi1UD",
            "1J7wqowe3zuvWxk6nEBmXrmRyj9AkzMPpt",
            "1DXMV2mfiW2iAj3bXQmb3yhWRbz8UDtKZF",
            "17stmbxjiQbLh7sipcHpa7dmsS43nu5agF",
            "1HGfmdRrc4TrJpBMywSV4KFDNAspjdSvZU",
            "15EcUq9PSnBtxbCRSETDj7QieCtDvmRKqT",
            "176bnwt6nUtr36vqN8jLnuJVdmAq3xbNZV",
            "1DkDDorzzC7Jcfo7NBuVzt4paVow17HDiu"
        ],
        "receiving": [
            "19UKyu8i4UzA1K9qNeMMTVSfHYbqgsRmj2",
            "13mgWvLSXtZ1dEM7drjWFeLKic1FaTJJSv",
            "12UGrEEfp6fZGVSjSrZTKbmPKJayn271kW",
            "1PhV1PDHGSyZUAG4q85NN9B4PvzfbDVF6y",
            "1AZinv8PeRQYQihFKW8W3SQaMQ3z8yMcA2",
            "1N2vZJSLyfMYihETasjs7MHr43NwusDYm2",
            "1DuHPvzphDNzEaDjKcc9pyZLLM4tABJCyK",
            "17Gyy2FtQzwmyPZ382Jxd2R6Uh5VfMCKoP",
            "1HfqRKwAV6gXfXHBivx4DJWVSLKNQMNRaE",
            "1LdL7H7cv4F8JVzGWxks4XstdyXvkJqdDo",
            "1Rbj9Eg5aY7K7diiZRzQ44APHYmPdnNUJ",
            "1LvL2DRpnmKe3SZqNbuLmstibsneuFn6em",
            "13B2ymTmC7Nu7wN9z4MorN2EQTNgRf8VqC",
            "1NoWYAuxYsxyBj4sxA7AWe3oDKau28LJAh",
            "12JdTfmCxsNiycHkyB4TL7e1NuTBeP7TGj",
            "1JUSD5S8biBWnP69qS2zuuxzB6jrPNDbTd",
            "1CCFjxWY3QUgRQVVC55eZWoNg2Fxwat5cf",
            "1G7x4MHq7W8dhD9j21yq16rgAHpUtqDwsp",
            "14m7xk4YrDUvZe5GkDTbcMfC35uSA5xcxV",
            "12CuFzFk4AShioz8P3CBT1DwBVFFft5iJa"
        ]
    },
    "fiat_value": {},
    "frozen_coins": {},
    "invoices": {},
    "keystore": {
        "derivation": "m",
        "pw_hash_version": 1,
        "root_fingerprint": "6915a8ba",
        "seed": "minor zone pool able remain combine dry claw medal settle grace capable",
        "seed_type": "standard",
        "type": "bip32",
        "xprv": "xprv9s21ZrQH143K3y6GxWrBBQpyK44YuUEhUjodG537XxvmXHBPmzUHzqWoRNt328SjXnryu8A7mBzC52AVNcFNPCurFYcn8p1ZdqRK6cV1xsu",
        "xpub": "xpub661MyMwAqRbcGTAk4YPBYYmhs5u3JvxYqxjE4TSj6JTkQ5WYKXnYYdqHGeZY6jUV1HDzAyQb1Bc1HdYK3GgriNJoFp1o9SHmR5QBMjb9eqx"
    },
    "labels": {},
    "payment_requests": {},
    "prevouts_by_scripthash": {},
    "seed_version": 50,
    "spent_outpoints": {},
    "transactions": {},
    "tx_fees": {},
    "txi": {},
    "txo": {},
    "use_encryption": false,
    "verified_tx3": {},
    "wallet_type": "standard"
}