{
    "addr_history": {
        "12Zjqwf5Havu3DATZnxfqrWVyctixUo1o4": [],
        "14YxCGTYBn32QH12sRXnVFXX3eQauwbjev": [],
        "14aHMeUPcSbxcjBsV86Bg2iNN3SrRiTKwM": [],
        "14bF8LRiwhdwwzL6bD7Ucei7yXsQWWVTmD": [],
        "14mhP6uQXP6vL35Sm7s8GKzvCk8cMKyETm": [],
        "14p4sRctNzoe1ZMb5idPL3sBvFdHU5DhFN": [],
        "15CgNFWX35czvYXVGRKNJN7a8J5h9z7mv4": [],
        "15YTL7kewbGwenvwXk76M6XfVN2Lb3eGZb": [],
        "168gNrzovpv3qcJSNTnbL2MZGh1Nqzg2VF": [],
        "16jbyW4sPYnc4LFUkymTxqrsGLp63HeSB8": [],
        "18LD5VbBTSd78vTu7mG3v961PWFz1oNKin": [],
        "1AyTh9qiKYZT9R6qTqr2pCHXFpNRakR9s2": [],
        "1BoXhPp5sUx5HAhjsYDsERt2or9zuLiiug": [],
        "1D8ZWWvCEKicfYaxw6YsK9EQahCBG7RRZ4": [],
        "1DMSqoA9mVYej3s9vZfQVcw7rGUWAKAMZF": [],
        "1DppALVcGSzDrKa1ajvyn3NV4txoxzjRBi": [],
        "1Ef4vmdRe7YnAgZ6ptxD2FGvSK41B7wL3e": [],
        "1EzsuurfgbTuMaKaqjgLP136QLEwXNkVfU": [],
        "1G3nCtGHA1DZckFtc2BGgZezSeBP2UzMdm": [],
        "1G7y2w2BFhp1aPN19wAskp1coKzDQbidgE": [],
        "1GCuRJRvefYFkJZhh9VVAZNjATAnU7knCN": [],
        "1GZWfhhf92HwbC6mgJJ9iBBHaPsCFWmmwN": [],
        "1HjSPqbM7Lx2AM4jZgZmEPkcEivVfY5U5W": [],
        "1JMqWwr4Je62cVmRSvx1Y7vdpsN2kiEtUB": [],
        "1LYPfbYgDoXV2dzbvCYyrQY12EjeGi4zCG": [],
        "1Nqv1CHvGJ9QmjVoqtRDafcPw2j58aGhec": [],
        "1NzfzWYqMT1AkBX3vCGqG7u1Pi4kbt6Hpb": [],
        "1PdCpewFaNG1ZR5VUoxXVUDgTiHfC4H6Bi": [],
        "1PjT3HuaoGpL2f1bk26VXZXKZrxEkusGF2": [],
        "1kphJ46uuUn3b4JQakbpLh463CLyh5i3C": []
    },
    "addresses": {
        "change": [
            "1kphJ46uuUn3b4JQakbpLh463CLyh5i3C",
            "14aHMeUPcSbxcjBsV86Bg2iNN3SrRiTKwM",
            "1D8ZWWvCEKicfYaxw6YsK9EQahCBG7RRZ4",
            "16jbyW4sPYnc4LFUkymTxqrsGLp63HeSB8",
            "1GZWfhhf92HwbC6mgJJ9iBBHaPsCFWmmwN",
            "15CgNFWX35czvYXVGRKNJN7a8J5h9z7mv4",
            "14YxCGTYBn32QH12sRXnVFXX3eQauwbjev",
            "14p4sRctNzoe1ZMb5idPL3sBvFdHU5DhFN",
            "168gNrzovpv3qcJSNTnbL2MZGh1Nqzg2VF",
            "1G7y2w2BFhp1aPN19wAskp1coKzDQbidgE"
        ],
        "receiving": [
            "1AyTh9qiKYZT9R6qTqr2pCHXFpNRakR9s2",
            "18LD5VbBTSd78vTu7mG3v961PWFz1oNKin",
            "1JMqWwr4Je62cVmRSvx1Y7vdpsN2kiEtUB",
            "12Zjqwf5Havu3DATZnxfqrWVyctixUo1o4",
            "1G3nCtGHA1DZckFtc2BGgZezSeBP2UzMdm",
            "1PjT3HuaoGpL2f1bk26VXZXKZrxEkusGF2",
            "1NzfzWYqMT1AkBX3vCGqG7u1Pi4kbt6Hpb",
            "1Nqv1CHvGJ9QmjVoqtRDafcPw2j58aGhec",
            "1HjSPqbM7Lx2AM4jZgZmEPkcEivVfY5U5W",
            "14mhP6uQXP6vL35Sm7s8GKzvCk8cMKyETm",
            "1LYPfbYgDoXV2dzbvCYyrQY12EjeGi4zCG",
            "1DMSqoA9mVYej3s9vZfQVcw7rGUWAKAMZF",
            "1PdCpewFaNG1ZR5VUoxXVUDgTiHfC4H6Bi",
            "1DppALVcGSzDrKa1ajvyn3NV4txoxzjRBi",
            "1Ef4vmdRe7YnAgZ6ptxD2FGvSK41B7wL3e",
            "14bF8LRiwhdwwzL6bD7Ucei7yXsQWWVTmD",
            "1BoXhPp5sUx5HAhjsYDsERt2or9zuLiiug",
            "15YTL7kewbGwenvwXk76M6XfVN2Lb3eGZb",
            "1GCuRJRvefYFkJZhh9VVAZNjATAnU7knCN",
            "1EzsuurfgbTuMaKaqjgLP136QLEwXNkVfU"
        ]
    },
    "fiat_value": {},
    "frozen_coins": {},
    "invoices": {},
    "keystore": {
        "derivation": "m",
        "pw_hash_version": 1,
        "root_fingerprint": "a0552417",
        "seed": "minor zone pool cart remain combine rail claw medal settle grace capable",
        "seed_type": "standard",
        "type": "bip32",
        "xprv": "xprv9s21ZrQH143K3u2osjL4sNwNPneLdewKin8vGQ9Xdkjb1kSHTVrQCLA5gikyPQCg5fayvPKyq9SoycU1ASZcn8m4U3MnLMnMPcCexhaawep",
        "xpub": "xpub661MyMwAqRbcGP7Gyks5EWt6wpUq37fB614X4nZ9C6GZtYmS13Aek8UZY2BVdwxNHA5sN9iJc5Ada1iXGusTurHEch7vhUiq6zcJ1Fv5K27"
    },
    "labels": {},
    "payment_requests": {},
    "prevouts_by_scripthash": {},
    "seed_version": 50,
    "spent_outpoints": {},
    "transactions": {},
    "tx_fees": {},
    "txi": {},
    "txo": {},
    "use_encryption": false,
    "verified_tx3": {},
    "wallet_type": "standard"
}