{
    "addr_history": {
        "122h1NxMpGetQ7DR1ErLRd1wobWEVaZ5vw": [],
        "12EEvQh2umvLvsb8UfPiLTfA8ngVS1ynUo": [],
        "12h1J9LYw82Z76uBZ3hf6CAitHjdsxCLhv": [],
        "141t5yUKqa4MZxTmxLXnBb5GDCmAxzkYqq": [],
        "148iuAPkqT3MW928Cu7efJoeAKhHLZqzWa": [],
        "149XPtBwS1mQthahexozCSDUC9MzHcHb4y": [],
        "14HMg9Zna2Z5ADSoyq6Ed5ceh2iWWZogPh": [],
        "15rWYX4R4PcMfhCg5xRszbGNkcTAwwSzi8": [],
        "16AJqBwC4HJVgsERzWAXZKSievXVNMRgQ3": [],
        "17FTSt51Bi9bM6bH5TRRpauE5VXXuwhjmp": [],
        "17bdQmZEMGLMtFBWtKjNeoeJucwkbzxdUY": [],
        "17tydHXebwCVz6ta5JMrFRcgmJrbeZasHa": [],
        "19Y4Y2vEbx8NfqojshhZCQQAeV7u9JaaaB": [],
        "1BKegH2pLXGJgRuo8DLeqWiHhDZvPUs3WH": [],
        "1Dny2HFxWVmpxbH3UDkb79P1EvooKhwHCy": [],
        "1HTgwUSLjRgF9LS7SERTJT54kPxVnF4ZJU": [],
        "1HWUz5FT4vDpm6NsEwhVCF8Tw12fuy8jTD": [],
        "1J69xERAysZ8Vam3BFHUPRmsbFLjDsEZUc": [],
        "1JjeQ9yxA7xSVcTjqEsAsCcs3Ypg56xqrp": [],
        "1K3fpZwz5j2Ynd6hAurbaxBZcRX9P2mhh": [],
        "1KW7yZYRmFf1Dkw6QK4ENpr4ZCi3CiqeEq": [],
        "1L3kLLP46dJcNJ1sEyrNijoy5FHx7mKSBc": [],
        "1LKXL8G54hv1woTQzFmc6fDP531pWm2APX": [],
        "1M2r57ZSouNPg6gr57nWGwLr1uUqLUqGMy": [],
        "1MBJgziEiig4v4dAt4UirWWYWN9zoJKNY9": [],
        "1Mm7AvL48vFQUWXdGzWDYzSv1qwwKoZ2eE": [],
        "1NBycbvW5Pdj9Fn5UiPcnbWLonz4cnaKd7": [],
        "1PvAFHhoddJer49ArKskMYFJEtyEU4r2eM": [],
        "1Q5n6wyf7AtdypGAD11DXWKtNnr62FmiA8": [],
        "1fMamxjJMJCJfjgRfFNrFXqZ9HMU9teJz": []
    },
    "addresses": {
        "change": [
            "1Mm7AvL48vFQUWXdGzWDYzSv1qwwKoZ2eE",
            "19Y4Y2vEbx8NfqojshhZCQQAeV7u9JaaaB",
            "16AJqBwC4HJVgsERzWAXZKSievXVNMRgQ3",
            "1PvAFHhoddJer49ArKskMYFJEtyEU4r2eM",
            "17FTSt51Bi9bM6bH5TRRpauE5VXXuwhjmp",
            "1KW7yZYRmFf1Dkw6QK4ENpr4ZCi3CiqeEq",
            "1K3fpZwz5j2Ynd6hAurbaxBZcRX9P2mhh",
            "17bdQmZEMGLMtFBWtKjNeoeJucwkbzxdUY",
            "1HWUz5FT4vDpm6NsEwhVCF8Tw12fuy8jTD",
            "149XPtBwS1mQthahexozCSDUC9MzHcHb4y"
        ],
        "receiving": [
            "1Q5n6wyf7AtdypGAD11DXWKtNnr62FmiA8",
            "1L3kLLP46dJcNJ1sEyrNijoy5FHx7mKSBc",
            "1LKXL8G54hv1woTQzFmc6fDP531pWm2APX",
            "1fMamxjJMJCJfjgRfFNrFXqZ9HMU9teJz",
            "1HTgwUSLjRgF9LS7SERTJT54kPxVnF4ZJU",
            "12EEvQh2umvLvsb8UfPiLTfA8ngVS1ynUo",
            "148iuAPkqT3MW928Cu7efJoeAKhHLZqzWa",
            "1J69xERAysZ8Vam3BFHUPRmsbFLjDsEZUc",
            "17tydHXebwCVz6ta5JMrFRcgmJrbeZasHa",
            "1BKegH2pLXGJgRuo8DLeqWiHhDZvPUs3WH",
            "1MBJgziEiig4v4dAt4UirWWYWN9zoJKNY9",
            "1JjeQ9yxA7xSVcTjqEsAsCcs3Ypg56xqrp",
            "12h1J9LYw82Z76uBZ3hf6CAitHjdsxCLhv",
            "14HMg9Zna2Z5ADSoyq6Ed5ceh2iWWZogPh",
            "1M2r57ZSouNPg6gr57nWGwLr1uUqLUqGMy",
            "122h1NxMpGetQ7DR1ErLRd1wobWEVaZ5vw",
            "1NBycbvW5Pdj9Fn5UiPcnbWLonz4cnaKd7",
            "1Dny2HFxWVmpxbH3UDkb79P1EvooKhwHCy",
            "141t5yUKqa4MZxTmxLXnBb5GDCmAxzkYqq",
            "15rWYX4R4PcMfhCg5xRszbGNkcTAwwSzi8"
        ]
    },
    "fiat_value": {},
    "frozen_coins": {},
    "invoices": {},
    "keystore": {
        "derivation": "m",
        "pw_hash_version": 1,
        "root_fingerprint": "e48fa516",
        "seed": "minor zone pool apple remain combine elbow claw medal settle grace capable",
        "seed_type": "standard",
        "type": "bip32",
        "xprv": "xprv9s21ZrQH143K4UAHWz6q4tSZPe45HTtCuRUx5sZu4yLha5izRnedhnQEFBdksqSX8Qj7gGPqQMfbatFWkRRe8iBJ4tb665Fr9GB1RAR6YHb",
        "xpub": "xpub661MyMwAqRbcGxEkd1dqS2PHwftZgvc4GeQYtFyWdJsgSt48yKxtFaii6Tp4h9qL7gTrjxKCJ5GXow9sdnU8yjeXG1cgmBMB3YBFDU89gQ7"
    },
    "labels": {},
    "payment_requests": {},
    "prevouts_by_scripthash": {},
    "seed_version": 50,
    "spent_outpoints": {},
    "transactions": {},
    "tx_fees": {},
    "txi": {},
    "txo": {},
    "use_encryption": false,
    "verified_tx3": {},
    "wallet_type": "standard"
}