{
    "addr_history": {
        "13a9RJCsQxAebBfzB6peyniWdBU96s8pwL": [],
        "13hd1mN3Ub2JHBvc6HEnmBdbMU3SsSYUGV": [],
        "13mSHF5nTcFZU1jDU9qfmLbryisggBjAe6": [],
        "143AdmMseqPJpEvwaYLf9Qb254VDS64aoP": [],
        "14sHGaYFMPMNjBQ2HSxqiqUJibDYS9yvgD": [],
        "14y1nwMjyXsALzNzRyMBFpeaSEb3LP48yk": [],
        "17gF3NhWFt9cVPuDUec4uKm4yin1udr1Zr": [],
        "18d2CoCYnvumwNMhhA4u4ySW2LF3d5s3Vj": [],
        "18mvanXfvU9jYogZdsZH2NKyJEoGYf3WeH": [],
        "1B1uefwCrKvBRp4mLoqvwi3C9QchPHuC8Q": [],
        "1BjcvwR1zM4ViiJgrjJnVyQNeFargQPHRa": [],
        "1Ci21FBoxPKqbsFsxRyua37aEeLVkjf9n3": [],
        "1D3nLdnELExx7qdXSPWEJPnsLNTqeNAHZi": [],
        "1DYZTU3spJdnHmZrFmrdVb1D6aySeFpQbZ": [],
        "1Ep4893LnadtSqasdmw3wmw8pxnSrfJJUL": [],
        "1FBLsW5Gcd2dQAeqVhfLP2FCG4ioxk1kNP": [],
        "1FsNNGfZ13MUKypAMX6Zr3U8SXKALQauiK": [],
        "1GHpGCnaUFvq7Gq5JCa5BUR2bw4TwPppxH": [],
        "1Gr3BTos2NYoq24B8zBoVCpsyJfvE1KUjg": [],
        "1Gvk1ndntyciZizdop2eNSAAWeKJjYzJEj": [],
        "1HW8yRw6SSbke7fzwo4DjYeyJpgHzoDYqB": [],
        "1Hp7bUDTfKX63qxwb6oP4dA3i92hygufMQ": [],
        "1JBgMWSJRGXC2Rnaf2XkkPkQi53K81rdkG": [],
        "1KVi4LwPg97VJRGNvW1WswAMjq5gccE92c": [],
        "1LmBTGokYJrPJdUwKRYpFi1BfUSGhe8ka7": [],
        "1MTqBtrSHzUuLntdMbBPhCnYr2Lzm8ER1h": [],
        "1MYHA2cdRtBHXArVSmiev3nDGBqWbaXL3Q": [],
        "1NBGLSoRmz5DaaFcvsds7fzYqTB8dhah7q": [],
        "1PSgWAmNpB4eYhFMaSpwAswt8iP7Nak1ak": [],
        "1bTmPTMhxW2Z7SBGXegMsaiub7CJdGijV": []
    },
    "addresses": {
        "change": [
            "1JBgMWSJRGXC2Rnaf2XkkPkQi53K81rdkG",
            "1BjcvwR1zM4ViiJgrjJnVyQNeFargQPHRa",
            "1MTqBtrSHzUuLntdMbBPhCnYr2Lzm8ER1h",
            "1HW8yRw6SSbke7fzwo4DjYeyJpgHzoDYqB",
            "1NBGLSoRmz5DaaFcvsds7fzYqTB8dhah7q",
            "18d2CoCYnvumwNMhhA4u4ySW2LF3d5s3Vj",
            "13hd1mN3Ub2JHBvc6HEnmBdbMU3SsSYUGV",
            "1D3nLdnELExx7qdXSPWEJPnsLNTqeNAHZi",
            "13a9RJCsQxAebBfzB6peyniWdBU96s8pwL",
            "1FBLsW5Gcd2dQAeqVhfLP2FCG4ioxk1kNP"
        ],
        "receiving": [
            "14y1nwMjyXsALzNzRyMBFpeaSEb3LP48yk",
            "1GHpGCnaUFvq7Gq5JCa5BUR2bw4TwPppxH",
            "1Gr3BTos2NYoq24B8zBoVCpsyJfvE1KUjg",
            "18mvanXfvU9jYogZdsZH2NKyJEoGYf3WeH",
            "1FsNNGfZ13MUKypAMX6Zr3U8SXKALQauiK",
            "1DYZTU3spJdnHmZrFmrdVb1D6aySeFpQbZ",
            "1bTmPTMhxW2Z7SBGXegMsaiub7CJdGijV",
            "1MYHA2cdRtBHXArVSmiev3nDGBqWbaXL3Q",
            "1PSgWAmNpB4eYhFMaSpwAswt8iP7Nak1ak",
            "1LmBTGokYJrPJdUwKRYpFi1BfUSGhe8ka7",
            "13mSHF5nTcFZU1jDU9qfmLbryisggBjAe6",
            "14sHGaYFMPMNjBQ2HSxqiqUJibDYS9yvgD",
            "1B1uefwCrKvBRp4mLoqvwi3C9QchPHuC8Q",
            "1Ep4893LnadtSqasdmw3wmw8pxnSrfJJUL",
            "1Hp7bUDTfKX63qxwb6oP4dA3i92hygufMQ",
            "1KVi4LwPg97VJRGNvW1WswAMjq5gccE92c",
            "1Gvk1ndntyciZizdop2eNSAAWeKJjYzJEj",
            "17gF3NhWFt9cVPuDUec4uKm4yin1udr1Zr",
            "143AdmMseqPJpEvwaYLf9Qb254VDS64aoP",
            "1Ci21FBoxPKqbsFsxRyua37aEeLVkjf9n3"
        ]
    },
    "fiat_value": {},
    "frozen_coins": {},
    "invoices": {},
    "keystore": {
        "derivation": "m",
        "pw_hash_version": 1,
        "root_fingerprint": "173a2107",
        "seed": "minor zone pool announce remain combine input claw medal settle grace capable",
        "seed_type": "standard",
        "type": "bip32",
        "xprv": "xprv9s21ZrQH143K41myL8iBNQXgcnbNLeGiGboPh689Q2sw7rUAjNx8tgqpZNMgyguRD98JBjdKczwCYpJLz2XitZRGt1z2cXJYUpngd8MNGXn",
        "xpub": "xpub661MyMwAqRbcGVrSSAFBjYURApRrk6zZdpizVUXkxNQuzeoKGvGPSVAJQf4aj1NvUYAamTzGDHGf1Z84zvg73qd4hABqits8ptsqoPKtqcQ"
    },
    "labels": {},
    "payment_requests": {},
    "prevouts_by_scripthash": {},
    "seed_version": 50,
    "spent_outpoints": {},
    "transactions": {},
    "tx_fees": {},
    "txi": {},
    "txo": {},
    "use_encryption": false,
    "verified_tx3": {},
    "wallet_type": "standard"
}