{
    "addr_history": {
        "14W9oBd2KzjavSe6Nr7sJy4pE2CzvUmaQg": [],
        "15H3Vhr2HTHx31x118UHXhwXHGGHDFM3JE": [],
        "15oUFNSQjDFxfxdiKer3rTr8izYjUmjZPt": [],
        "18BPRfnzLGrDnUwx4wYkh5cK4SJCAq33Gv": [],
        "18tUJYaadF83VCQq67Y3Szdri6cjDcMx6V": [],
        "19k8hy1kEwGtjSjpNGNJHScDB3Ddan3Fyb": [],
        "19xsK9QFkmuWobcfZV5oJcHuDxV4uv86ca": [],
        "1AGuMh3cB2MWBp4JvR89QTuGrvhWgDAeZx": [],
        "1AjnVWFktqPyqVdMybLRrWz2JkG7gLfG3M": [],
        "1BbpYKQYn2sZa5EEzSL2KPxHAf1X7Dekoz": [],
        "1BwVx5naDFXNG3S6w5UL6FQ4xFy7sLkqbG": [],
        "1CFS9vgkbVhPQJNyVeASuiy365yvQu52qs": [],
        "1Cbi2hu6iF79iTN9BBDxADEr7jJV45q6MP": [],
        "1CvgFDbb6AZvzkc6712NNggXvitZ88fzmX": [],
        "1D6ffXnJHrG3nwrMtmmN9rYvNZhKmHU9Ha": [],
        "1E46beBBCnicTjMQC8dNtwcF69sSmba9PP": [],
        "1FU886bxgHxNGf9dH465AfeXP4hEnLESTT": [],
        "1FdPzctE5rXGNK1fDzYeHVGnszV3PKJZxQ": [],
        "1JEYi9FsEghBkci46dAjV51VKRZddexQvz": [],
        "1JWBpAHrSFkTEW7VSzZBduYgNi8AkK59o1": [],
        "1JeCACYBxvLt4NG5CgxWWu3yzWJ2WrdmJB": [],
        "1K5soDtbksfsoLkFbAFDti57vvjcmCG2BL": [],
        "1LFXjQeTJFc3RGmhU2VQQof9cgP3YqHxJD": [],
        "1LjxJuah1aKRrY3dEgzFVWYsA77AXV5NEE": [],
        "1MFp9ef7bCfMfT9FvqktS2P2FKDDpPdzG6": [],
        "1MVDPfYYfUhbW2ePomepmqtYjgDLUSdWbV": [],
        "1MeGaBeQqijFW2ZWhnGR47Zp2f4hqh7B5u": [],
        "1N4ConCqS5fkmHEs8XWszSMRPmyKC21WcM": [],
        "1Q3AzGQrGtW9FHeGP3EtTVdDgqZyCLrpB6": [],
        "1ag8CxszCW3XDWqmVbhAqR9PABJB3Gjbg": []
    },
    "addresses": {
        "change": [
            "1K5soDtbksfsoLkFbAFDti57vvjcmCG2BL",
            "14W9oBd2KzjavSe6Nr7sJy4pE2CzvUmaQg",
            "1MeGaBeQqijFW2ZWhnGR47Zp2f4hqh7B5u",
            "18tUJYaadF83VCQq67Y3Szdri6cjDcMx6V",
            "1CvgFDbb6AZvzkc6712NNggXvitZ88fzmX",
            "1JWBpAHrSFkTEW7VSzZBduYgNi8AkK59o1",
            "1BwVx5naDFXNG3S6w5UL6FQ4xFy7sLkqbG",
            "15H3Vhr2HTHx31x118UHXhwXHGGHDFM3JE",
            "1ag8CxszCW3XDWqmVbhAqR9PABJB3Gjbg",
            "1MFp9ef7bCfMfT9FvqktS2P2FKDDpPdzG6"
        ],
        "receiving": [
            "1FdPzctE5rXGNK1fDzYeHVGnszV3PKJZxQ",
            "1E46beBBCnicTjMQC8dNtwcF69sSmba9PP",
            "1JEYi9FsEghBkci46dAjV51VKRZddexQvz",
            "1Cbi2hu6iF79iTN9BBDxADEr7jJV45q6MP",
            "1FU886bxgHxNGf9dH465AfeXP4hEnLESTT",
            "1CFS9vgkbVhPQJNyVeASuiy365yvQu52qs",
            "1D6ffXnJHrG3nwrMtmmN9rYvNZhKmHU9Ha",
            "1BbpYKQYn2sZa5EEzSL2KPxHAf1X7Dekoz",
            "1AGuMh3cB2MWBp4JvR89QTuGrvhWgDAeZx",
            "1MVDPfYYfUhbW2ePomepmqtYjgDLUSdWbV",
            "19k8hy1kEwGtjSjpNGNJHScDB3Ddan3Fyb",
            "1LjxJuah1aKRrY3dEgzFVWYsA77AXV5NEE",
            "19xsK9QFkmuWobcfZV5oJcHuDxV4uv86ca",
            "1Q3AzGQrGtW9FHeGP3EtTVdDgqZyCLrpB6",
            "1LFXjQeTJFc3RGmhU2VQQof9cgP3YqHxJD",
            "18BPRfnzLGrDnUwx4wYkh5cK4SJCAq33Gv",
            "15oUFNSQjDFxfxdiKer3rTr8izYjUmjZPt",
            "1JeCACYBxvLt4NG5CgxWWu3yzWJ2WrdmJB",
            "1N4ConCqS5fkmHEs8XWszSMRPmyKC21WcM",
            "1AjnVWFktqPyqVdMybLRrWz2JkG7gLfG3M"
        ]
    },
    "fiat_value": {},
    "frozen_coins": {},
    "invoices": {},
    "keystore": {
        "derivation": "m",
        "pw_hash_version": 1,
        "root_fingerprint": "1460f729",
        "seed": "minor zone pool aunt remain combine online claw medal settle grace capable",
        "seed_type": "standard",
        "type": "bip32",
        "xprv": "xprv9s21ZrQH143K2E2ryxGVbs26kdFNG9q88UCrRfS1oLBN3JGsYXm8oQB3Qzpjzxj8Uq87a5cs8Q9JMhaoKPswYzKVV66LpAuHj7Kd2HfjzHs",
        "xpub": "xpub661MyMwAqRbcEi7L5yoVxzxqJf5rfcYyVh8TE3qdMfiLv6c2655PMCVXGFD1dqwVP7MLztyeivMQN1GKQHHZNYEn24PtMjmDWsYmEuALAYQ"
    },
    "labels": {},
    "payment_requests": {},
    "prevouts_by_scripthash": {},
    "seed_version": 50,
    "spent_outpoints": {},
    "transactions": {},
    "tx_fees": {},
    "txi": {},
    "txo": {},
    "use_encryption": false,
    "verified_tx3": {},
    "wallet_type": "standard"
}