{
    "addr_history": {
        "115nnXVevauU6H6X6jm3zxf8y9LXFHWY7a": [],
        "12Z7LcuTLEhBw4oRYhFbRRVdGxSMNaPhZV": [],
        "12eXW6Ktc2yEEHGfZ2yuE91wqiBogxpVvT": [],
        "13CEN37H9x3WQFZVSoPY8fSqsyUKHx6hcX": [],
        "13ZmUeL65W4VeuqRQHnRgKXeaSTQkQPZWk": [],
        "13iQgmT7d58hHVFfMk8oji17zr732yLT5j": [],
        "1497bZZpqtvEreW6RdUHMyLZEqU6MMSY2m": [],
        "15ZRT3oKp61bGxxawWGiV1NAoa6jDxeGNM": [],
        "15cgDjqDp94bcELYaEGxFBgiYZNfiqhuKN": [],
        "15sh7A91dwkqVBMAGBJU52mLZYkYdhgkrL": [],
        "16jLGFJo6g554XZ3oqjDXUrtdvFc8Rtu9B": [],
        "17BkWxABeAjJwP1akMYFPEbMxCiGaWNMoC": [],
        "17KdhwQchxgwbbx8Vkef8jAmC9YiwoqwjF": [],
        "1A6VDRXPAZugrqzCrd5JbH75p1Mska53ub": [],
        "1AgNbYWTPZE2TvT7XrASiDsc1NZNoNBgEr": [],
        "1CJiriSRx1xXzbDxqnWkft7xwJ189Q4ea": [],
        "1GBv6m2cg7AJ64waQeMnHEdtc4uuyf1mM6": [],
        "1GJLP53d5x8SeckuoWYnBmRnBGBipDjKPw": [],
        "1GVej1Qoq3m3XnnHw7SAH9WyziPsSuEZZS": [],
        "1GxDAuVLDVfjfG7pQnGXrHiZewEop85sn3": [],
        "1JHMi8TzGMNvxBkEd65bQQr1PsowE8tmMM": [],
        "1JLHQ74gPmHtyEpepwUfzxjQVPmHm47Zon": [],
        "1KYv6L8d9tWrMDPki6K3Z3DjZAsAr6Z8wu": [],
        "1LobspCJMjoQbbJFtcLE7xY8UDJtmjt7g7": [],
        "1Lsvwg7NjZPADbKsMQzVb9Q9FKULBrx111": [],
        "1M1Y2Fhr5SmZR68NgNTM4GT1gB34ZBQiXU": [],
        "1MfhtBMC7UPVsGtBXWReYLdE6ZJAD3Q2KV": [],
        "1PXafSeEyf3XtcTEC6a76CwEEzepq1Tfbp": [],
        "1PjT2DfFLUb1gZuoAmH9djMAZ6pgxhMg4t": [],
        "1PjrhqndTRQDFJy7oibrDYFs6KvhVkdnG1": []
    },
    "addresses": {
        "change": [
            "1CJiriSRx1xXzbDxqnWkft7xwJ189Q4ea",
            "17BkWxABeAjJwP1akMYFPEbMxCiGaWNMoC",
            "1GJLP53d5x8SeckuoWYnBmRnBGBipDjKPw",
            "1LobspCJMjoQbbJFtcLE7xY8UDJtmjt7g7",
            "15ZRT3oKp61bGxxawWGiV1NAoa6jDxeGNM",
            "1PXafSeEyf3XtcTEC6a76CwEEzepq1Tfbp",
            "1A6VDRXPAZugrqzCrd5JbH75p1Mska53ub",
            "1KYv6L8d9tWrMDPki6K3Z3DjZAsAr6Z8wu",
            "12eXW6Ktc2yEEHGfZ2yuE91wqiBogxpVvT",
            "115nnXVevauU6H6X6jm3zxf8y9LXFHWY7a"
        ],
        "receiving": [
            "1AgNbYWTPZE2TvT7XrASiDsc1NZNoNBgEr",
            "1GVej1Qoq3m3XnnHw7SAH9WyziPsSuEZZS",
            "17KdhwQchxgwbbx8Vkef8jAmC9YiwoqwjF",
            "13iQgmT7d58hHVFfMk8oji17zr732yLT5j",
            "1PjrhqndTRQDFJy7oibrDYFs6KvhVkdnG1",
            "1JHMi8TzGMNvxBkEd65bQQr1PsowE8tmMM",
            "1M1Y2Fhr5SmZR68NgNTM4GT1gB34ZBQiXU",
            "15sh7A91dwkqVBMAGBJU52mLZYkYdhgkrL",
            "16jLGFJo6g554XZ3oqjDXUrtdvFc8Rtu9B",
            "1MfhtBMC7UPVsGtBXWReYLdE6ZJAD3Q2KV",
            "13CEN37H9x3WQFZVSoPY8fSqsyUKHx6hcX",
            "15cgDjqDp94bcELYaEGxFBgiYZNfiqhuKN",
            "1Lsvwg7NjZPADbKsMQzVb9Q9FKULBrx111",
            "12Z7LcuTLEhBw4oRYhFbRRVdGxSMNaPhZV",
            "1GxDAuVLDVfjfG7pQnGXrHiZewEop85sn3",
            "1JLHQ74gPmHtyEpepwUfzxjQVPmHm47Zon",
            "13ZmUeL65W4VeuqRQHnRgKXeaSTQkQPZWk",
            "1497bZZpqtvEreW6RdUHMyLZEqU6MMSY2m",
            "1GBv6m2cg7AJ64waQeMnHEdtc4uuyf1mM6",
            "1PjT2DfFLUb1gZuoAmH9djMAZ6pgxhMg4t"
        ]
    },
    "fiat_value": {},
    "frozen_coins": {},
    "invoices": {},
    "keystore": {
        "derivation": "m",
        "pw_hash_version": 1,
        "root_fingerprint": "7605e6c8",
        "seed": "minor zone pool attack remain combine green claw medal settle grace capable",
        "seed_type": "standard",
        "type": "bip32",
        "xprv": "xprv9s21ZrQH143K4AvMwSRJnTuZm23t1ShQQEPhh1XqctuRtLxnWEuPSFUS7AM6D4TQQC1HRiUDEwx8np3f1cNtMZG9yYseRavAJNskJdiXEXm",
        "xpub": "xpub661MyMwAqRbcGezq3TxK9brJK3tNQuRFmTKJVPwTBESQm9Hw3nDdz3nuxSArRn2rQGpsdX54JDotKVP1AWgw42YME23DDi38xZM7QMmsm5F"
    },
    "labels": {},
    "payment_requests": {},
    "prevouts_by_scripthash": {},
    "seed_version": 50,
    "spent_outpoints": {},
    "transactions": {},
    "tx_fees": {},
    "txi": {},
    "txo": {},
    "use_encryption": false,
    "verified_tx3": {},
    "wallet_type": "standard"
}