{
    "addr_history": {
        "bc1q49dzu8x8zyedc489h0t9npr76yk20lvxf332z9": [],
        "bc1q4s9t29zm0sl66crxjljm7czmlmmrulc36s6wg4": [],
        "bc1q4syngyt3zfmre89f5cczh9j9tkhk8gy9cefkru": [],
        "bc1q569kc6ltk077xyvlmhjtc9cawcwytdcq7rfx22": [],
        "bc1q5hlvz97pkjvmquphwjq2utfex3g0utsd20rd6c": [],
        "bc1q7u96nelch6t03l8lp9kw677zew9kxw2lcujwyv": [],
        "bc1q8ayptlclncsu8yzv895hpn3eddrdys7x3pvkhp": [],
        "bc1q8g4mxq8mfxan8x0xj7spy95zmdgacnuh977fwg": [],
        "bc1q9kt4ju56mxsquymw5g3e2h7cpdchhuw7t2r9tr": [],
        "bc1q9zd774xlgly5udhxwr2fat2n3hzx05sjxhp5lz": [],
        "bc1qev5l65n9arzgftneawgr52hk9p5xt2ww72xkkd": [],
        "bc1qfnux5dmjhgl7r00wvvefe4cwlr7ua0wksu6tsa": [],
        "bc1qfqhufgqewhuxjd86jg0f3ww62rqxacwn2l55td": [],
        "bc1qhlk33uxte8es3rnftzdj330au2d76v70m4gjqy": [],
        "bc1qhlrmrhcnuxtjhqqs8xe0ml6yrkj9j8kvqn8c6c": [],
        "bc1qhvcwnq353lhuxy9sdkdf3urdgm3wh4e7k0pesn": [],
        "bc1qj7wjx2rmq77cg6xas3gm2rtttz2dcpt7wm68lm": [],
        "bc1qjp6gdfyjv8p8lfny5pp3qzjhltn85myck9u47u": [],
        "bc1qk7zqrk4rnzgjqceerkanrw558lp07z3wpkkjlc": [],
        "bc1qlg3lk7ywsf4qp830jcp58cpv9gh5sfjzujfcus": [],
        "bc1qpf99r23kfw4m50m38xsvdcpvnaxkhy7fggn95g": [],
        "bc1qrrf00wce8988cpex3z8dmdce8l8jkvn056xe85": [],
        "bc1qrt3wfnuzs5wqr8d0s8n8qpcujf6eaxjs5vgtlf": [],
        "bc1qt4zt00ux7pke4m4q8ss0wn2fshza4acw7t2n05": [],
        "bc1qukmma8dz22ldz5vffhcngrvvmc7psztyua8yfh": [],
        "bc1qupvmpw388xprv0l74xrf8rjltuljm6e2ps79sj": [],
        "bc1quvraenkzx2jar87wy2jwm2fzdqdfd35d2a5k8x": [],
        "bc1qwgfvx47ydr9hks86shum6khxx4fheqr4cem7hh": [],
        "bc1qxf725zknhht2s7sxpgzzfut4t2v7hrhn5a9n5c": [],
        "bc1qy6r0u94nhnc3qulqq87ww2gqs55magq5rxdszt": []
    },
    "addresses": {
        "change": [
            "bc1q569kc6ltk077xyvlmhjtc9cawcwytdcq7rfx22",
            "bc1q8g4mxq8mfxan8x0xj7spy95zmdgacnuh977fwg",
            "bc1qrrf00wce8988cpex3z8dmdce8l8jkvn056xe85",
            "bc1qy6r0u94nhnc3qulqq87ww2gqs55magq5rxdszt",
            "bc1qupvmpw388xprv0l74xrf8rjltuljm6e2ps79sj",
            "bc1qhvcwnq353lhuxy9sdkdf3urdgm3wh4e7k0pesn",
            "bc1q8ayptlclncsu8yzv895hpn3eddrdys7x3pvkhp",
            "bc1q7u96nelch6t03l8lp9kw677zew9kxw2lcujwyv",
            "bc1q9kt4ju56mxsquymw5g3e2h7cpdchhuw7t2r9tr",
            "bc1qj7wjx2rmq77cg6xas3gm2rtttz2dcpt7wm68lm"
        ],
        "receiving": [
            "bc1q4syngyt3zfmre89f5cczh9j9tkhk8gy9cefkru",
            "bc1quvraenkzx2jar87wy2jwm2fzdqdfd35d2a5k8x",
            "bc1q5hlvz97pkjvmquphwjq2utfex3g0utsd20rd6c",
            "bc1q9zd774xlgly5udhxwr2fat2n3hzx05sjxhp5lz",
            "bc1qt4zt00ux7pke4m4q8ss0wn2fshza4acw7t2n05",
            "bc1qfnux5dmjhgl7r00wvvefe4cwlr7ua0wksu6tsa",
            "bc1qfqhufgqewhuxjd86jg0f3ww62rqxacwn2l55td",
            "bc1qk7zqrk4rnzgjqceerkanrw558lp07z3wpkkjlc",
            "bc1qpf99r23kfw4m50m38xsvdcpvnaxkhy7fggn95g",
            "bc1qukmma8dz22ldz5vffhcngrvvmc7psztyua8yfh",
            "bc1qxf725zknhht2s7sxpgzzfut4t2v7hrhn5a9n5c",
            "bc1qhlk33uxte8es3rnftzdj330au2d76v70m4gjqy",
            "bc1qhlrmrhcnuxtjhqqs8xe0ml6yrkj9j8kvqn8c6c",
            "bc1qev5l65n9arzgftneawgr52hk9p5xt2ww72xkkd",
            "bc1q4s9t29zm0sl66crxjljm7czmlmmrulc36s6wg4",
            "bc1qrt3wfnuzs5wqr8d0s8n8qpcujf6eaxjs5vgtlf",
            "bc1q49dzu8x8zyedc489h0t9npr76yk20lvxf332z9",
            "bc1qwgfvx47ydr9hks86shum6khxx4fheqr4cem7hh",
            "bc1qjp6gdfyjv8p8lfny5pp3qzjhltn85myck9u47u",
            "bc1qlg3lk7ywsf4qp830jcp58cpv9gh5sfjzujfcus"
        ]
    },
    "channels": {},
    "fiat_value": {},
    "frozen_coins": {},
    "imported_channel_backups": {},
    "invoices": {},
    "keystore": {
        "derivation": "m/0'",
        "pw_hash_version": 1,
        "root_fingerprint": "4df1f219",
        "seed": "minor zone pool balance remain combine miracle claw medal settle grace capable",
        "seed_type": "segwit",
        "type": "bip32",
        "xprv": "zprvAZ8uJhpFnQYeeemm2PfMyGGeSkW5392naUd5KjGF8j5iVpo8SAQDWbtWR59SQ28dwi4iXuPYDnEvK9MuwsPSovwpH5DU48X9hsfKc5FMwug",
        "xpub": "zpub6n8FiDM9cn6ws8rE8RCNLQDNznLZSbkdwhYg87frh4chNd8GyhiU4QCzGLnvccxHxv1CFk3cgSz7VDxeBF9cLCnTZYrduE1Yhwph9Pr52Yy"
    },
    "labels": {},
    "lightning_payments": {},
    "lightning_preimages": {},
    "lightning_xprv": "zprvAaZfxY5jc4dHwzUMRQKZLuHPnxpdte6QLuWsDFThTU5mqe8u233a5CFX82gMF26yHx7X77sUSReneEaBZUxmtwpjQmLBwtv3USsNWsuy5gF",
    "onchain_channel_backups": {},
    "payment_requests": {},
    "prevouts_by_scripthash": {},
    "seed_version": 50,
    "spent_outpoints": {},
    "submarine_swaps": {},
    "transactions": {},
    "tx_fees": {},
    "txi": {},
    "txo": {},
    "use_encryption": false,
    "verified_tx3": {},
    "wallet_type": "standard"
}