{
    "addr_history": {
        "12VUme5SuiX1P24GtyA3GTw359oueqyBFz": [],
        "12d18WaFBCfCYMJ7d4z7ETu8vkrwanx93Q": [],
        "14y7UJ7vGVyFUzJFzBarkDFY7E4C2kf8ip": [],
        "1572u35aeJ8u34xJV2UDgYJo5HMMgRUdDq": [],
        "15mrmaZsTyVzprC4mpX6sYmhziB9XM18Tw": [],
        "15wx1ZHFv9iWL5v8gzgXUsKd8Dt1up38s3": [],
        "174XexHJf9dmQSyCriAqYqoBArNkTgVxyu": [],
        "17VTX7jFxWb9HC5oV2tCjdS6zW8oi8MRtP": [],
        "17W7oaiGbojMavJ3UP8N2bsQ5t9uJHxyn": [],
        "18ocAB5NnZP8FEqAgwScGCxj43VWyVEgXC": [],
        "18ycnHcyKapxrhUaZs7Gm33DE7CzhMdomU": [],
        "19o5gUcRwz7HVU2m1u1FdiVoRfDyVCahfL": [],
        "1A9K9kr2Jg7Hh6aVoax24qFFrTLTzsGnoF": [],
        "1CHFRSnX6ggSCw2ePbGxepTuun4477PYXv": [],
        "1CoVNqcwg2hdMid37MtdbMGJ58yAoekKhM": [],
        "1DRz41EBkWM7UCSiAPbopzhsCJA6vLcfKG": [],
        "1EozeSdPKi1xgPJNAop514U4Ut6jkAAduW": [],
        "1F6Bmb4cYnmsKNnkuvEkj8t99rwTfu1J1h": [],
        "1FYvYxusEPLU98Fr7VjYA2QkxVNmhRnQVA": [],
        "1FvsL4tYfHH6yNs5MwQPiPnBfr5o8iKzaK": [],
        "1J8aDCKEPffFShR7zJfkXo3r8VZUspTALW": [],
        "1J8gFWCdhLW2TX8VCstRr2Eqz4RLomLDuH": [],
        "1JhScYZLUyGN9L5qGVm7H8TDNnYrfKk4h3": [],
        "1Jkga9AozLfHzyfMagKXsJh9kckHeehWR6": [],
        "1L2cc9w1AiidYogkL1i7kftMo342S2u7TY": [],
        "1LJLVySGsNEfbyNeEWkT4jbs9uJew4Kb4i": [],
        "1N6hJq6aiKn4D5kh2ZEbu2NATrxDSvNtY1": [],
        "1NzUDeZNdc9eUTwYcVyVdJDzRt4deyiB2m": [],
        "1PEMkmwJwVKNsuCZCjYPVcZZB7ot3sAz7w": [],
        "1Pazx3ef2E2RoTYG25e84qNxNR5R6gwhqy": []
    },
    "addresses": {
        "change": [
            "1N6hJq6aiKn4D5kh2ZEbu2NATrxDSvNtY1",
            "12d18WaFBCfCYMJ7d4z7ETu8vkrwanx93Q",
            "1A9K9kr2Jg7Hh6aVoax24qFFrTLTzsGnoF",
            "1CHFRSnX6ggSCw2ePbGxepTuun4477PYXv",
            "1EozeSdPKi1xgPJNAop514U4Ut6jkAAduW",
            "17VTX7jFxWb9HC5oV2tCjdS6zW8oi8MRtP",
            "1572u35aeJ8u34xJV2UDgYJo5HMMgRUdDq",
            "18ocAB5NnZP8FEqAgwScGCxj43VWyVEgXC",
            "174XexHJf9dmQSyCriAqYqoBArNkTgVxyu",
            "1L2cc9w1AiidYogkL1i7kftMo342S2u7TY"
        ],
        "receiving": [
            "1JhScYZLUyGN9L5qGVm7H8TDNnYrfKk4h3",
            "1J8aDCKEPffFShR7zJfkXo3r8VZUspTALW",
            "1NzUDeZNdc9eUTwYcVyVdJDzRt4deyiB2m",
            "1FYvYxusEPLU98Fr7VjYA2QkxVNmhRnQVA",
            "1DRz41EBkWM7UCSiAPbopzhsCJA6vLcfKG",
            "14y7UJ7vGVyFUzJFzBarkDFY7E4C2kf8ip",
            "12VUme5SuiX1P24GtyA3GTw359oueqyBFz",
            "18ycnHcyKapxrhUaZs7Gm33DE7CzhMdomU",
            "1F6Bmb4cYnmsKNnkuvEkj8t99rwTfu1J1h",
            "17W7oaiGbojMavJ3UP8N2bsQ5t9uJHxyn",
            "1J8gFWCdhLW2TX8VCstRr2Eqz4RLomLDuH",
            "1Pazx3ef2E2RoTYG25e84qNxNR5R6gwhqy",
            "1LJLVySGsNEfbyNeEWkT4jbs9uJew4Kb4i",
            "1Jkga9AozLfHzyfMagKXsJh9kckHeehWR6",
            "19o5gUcRwz7HVU2m1u1FdiVoRfDyVCahfL",
            "15wx1ZHFv9iWL5v8gzgXUsKd8Dt1up38s3",
            "1FvsL4tYfHH6yNs5MwQPiPnBfr5o8iKzaK",
            "1PEMkmwJwVKNsuCZCjYPVcZZB7ot3sAz7w",
            "15mrmaZsTyVzprC4mpX6sYmhziB9XM18Tw",
            "1CoVNqcwg2hdMid37MtdbMGJ58yAoekKhM"
        ]
    },
    "fiat_value": {},
    "frozen_coins": {},
    "invoices": {},
    "keystore": {
        "derivation": "m",
        "pw_hash_version": 1,
        "root_fingerprint": "bcd4ad83",
        "seed": "minor zone pool airport remain combine purpose claw medal settle grace capable",
        "seed_type": "standard",
        "type": "bip32",
        "xprv": "xprv9s21ZrQH143K3xvdDwUzTLUZss6uTesfp1tL8jQJdfp1ink55RjzeMREYiGnFBAh1iTtGQYHL3S1U5cXepAfyTprtEqdKHy5bzXDvK3hxUB",
        "xpub": "xpub661MyMwAqRbcGT16Ky1zpURJRtwPs7bXBEovw7ovC1Lzbb5Dcy4FC9jiPxdAcAV71bj9B2vmHGwCJaNFkKRMJkEnZv8iNkZLmQYF5iq438j"
    },
    "labels": {},
    "payment_requests": {},
    "prevouts_by_scripthash": {},
    "seed_version": 50,
    "spent_outpoints": {},
    "transactions": {},
    "tx_fees": {},
    "txi": {},
    "txo": {},
    "use_encryption": false,
    "verified_tx3": {},
    "wallet_type": "standard"
}