{
    "addr_history": {
        "12PMZhNdcFBdVNFir9yGqyC3uxb5jevGzL": [],
        "13d7njrumXYuNQfBRtLcGYJjJHiEDvdr5a": [],
        "13qxmeoCrJpB41QMjaNtvyZVsmzobdDFBE": [],
        "15tJveiYMtcN89i8mXvThxpZZrwKrsHuNK": [],
        "16CGcWEZvNY6ePLVfb7vpxpeVmWpoo2Tp5": [],
        "16mPW85VqpZHp5BQPbf5E2ktNRZ5ArJU9j": [],
        "16wLuJRkmdnMNMMSAeGuYTfbzya9vNQduF": [],
        "171B6w9zVPqJSMxCQGPSFazt22CkTWz63d": [],
        "17Mz3jG9YUwURP2QPchbLT4pi6qT5E8aUr": [],
        "1Ang1mkqtypLhrieHdNbshQ8mSa8uLpdhV": [],
        "1AsUcHwH1XAokpMBoskkdeowyN6aqTit7r": [],
        "1AzEhwDHNWT9VznKftv71qu33MQKNW3rSw": [],
        "1B5zNEZjoLkKJ95kVvt7YBLLboxE3gqGAE": [],
        "1BBgQRT7ZRXSDcPxA7tcbfKUcFRKV6YWye": [],
        "1BdydWxkNwT8W7eogDs94MZhnWPVUuVHWY": [],
        "1CSyVu9mCYEdYUX3CLDV8x2SpJdkfYyeSf": [],
        "1DEy17rg9GAZt6WBjKSiYYcSD22to6W92B": [],
        "1DR8EEMeqFWs1WAyvSS6vqVj79TxXEq3xz": [],
        "1HU1XvRrcL58Ueq4Zaj3JoNUtYxg4xnesz": [],
        "1J4QV6QhWiMgSUxxcG7JDmgJcUem3K8UJ9": [],
        "1JGrNesvzfGzUkeJZnxEB3WcyoFxc6EDup": [],
        "1JYWcrf4U6cXaBb9D3r547y6MoD8JX9gur": [],
        "1JmESnx92yuJLNzcdD6RjdK2J1SXeTaV3D": [],
        "1MJHeZB8Hy1EG4YQdntmroN2ZPMnnCSHF2": [],
        "1MR4hCjgnBRhY9Q7Ww8Sz8AkvBoXrFh9Un": [],
        "1MeSfitCjgQjcngQgxCecvkt2wGv9NkHbL": [],
        "1NFeQAkpNT97cKgmjnyKx2VVPZqC3xdPvS": [],
        "1PUyLNFFPQFiLkmT5n3V5719hyU6VWje4w": [],
        "1PoyRBCDSx4woohdvSCeXK7vAkVDhMmNXV": [],
        "1z8HhnxPn5ZRSPpz93NE3cnQSkMcSqy8H": []
    },
    "addresses": {
        "change": [
            "1AsUcHwH1XAokpMBoskkdeowyN6aqTit7r",
            "1Ang1mkqtypLhrieHdNbshQ8mSa8uLpdhV",
            "12PMZhNdcFBdVNFir9yGqyC3uxb5jevGzL",
            "13d7njrumXYuNQfBRtLcGYJjJHiEDvdr5a",
            "1PUyLNFFPQFiLkmT5n3V5719hyU6VWje4w",
            "1J4QV6QhWiMgSUxxcG7JDmgJcUem3K8UJ9",
            "16mPW85VqpZHp5BQPbf5E2ktNRZ5ArJU9j",
            "1BdydWxkNwT8W7eogDs94MZhnWPVUuVHWY",
            "1DEy17rg9GAZt6WBjKSiYYcSD22to6W92B",
            "1MR4hCjgnBRhY9Q7Ww8Sz8AkvBoXrFh9Un"
        ],
        "receiving": [
            "1HU1XvRrcL58Ueq4Zaj3JoNUtYxg4xnesz",
            "16wLuJRkmdnMNMMSAeGuYTfbzya9vNQduF",
            "1JmESnx92yuJLNzcdD6RjdK2J1SXeTaV3D",
            "1z8HhnxPn5ZRSPpz93NE3cnQSkMcSqy8H",
            "1NFeQAkpNT97cKgmjnyKx2VVPZqC3xdPvS",
            "16CGcWEZvNY6ePLVfb7vpxpeVmWpoo2Tp5",
            "1MJHeZB8Hy1EG4YQdntmroN2ZPMnnCSHF2",
            "1MeSfitCjgQjcngQgxCecvkt2wGv9NkHbL",
            "1B5zNEZjoLkKJ95kVvt7YBLLboxE3gqGAE",
            "1PoyRBCDSx4woohdvSCeXK7vAkVDhMmNXV",
            "1CSyVu9mCYEdYUX3CLDV8x2SpJdkfYyeSf",
            "171B6w9zVPqJSMxCQGPSFazt22CkTWz63d",
            "13qxmeoCrJpB41QMjaNtvyZVsmzobdDFBE",
            "1JYWcrf4U6cXaBb9D3r547y6MoD8JX9gur",
            "15tJveiYMtcN89i8mXvThxpZZrwKrsHuNK",
            "1BBgQRT7ZRXSDcPxA7tcbfKUcFRKV6YWye",
            "1AzEhwDHNWT9VznKftv71qu33MQKNW3rSw",
            "1JGrNesvzfGzUkeJZnxEB3WcyoFxc6EDup",
            "17Mz3jG9YUwURP2QPchbLT4pi6qT5E8aUr",
            "1DR8EEMeqFWs1WAyvSS6vqVj79TxXEq3xz"
        ]
    },
    "fiat_value": {},
    "frozen_coins": {},
    "invoices": {},
    "keystore": {
        "derivation": "m",
        "pw_hash_version": 1,
        "root_fingerprint": "4828e49a",
        "seed": "minor zone pool angle remain combine charge claw medal settle grace capable",
        "seed_type": "standard",
        "type": "bip32",
        "xprv": "xprv9s21ZrQH143K3YWgviTowtgueGL52rnTw5yCnvNm1TgFnECHhw51xKV52G2RPw4HjQ7G2e4iiHt1Nkjpyw7eoX9oWAqpj957Jp1hnBTbSd8",
        "xpub": "xpub661MyMwAqRbcG2bA2jzpK2deCJAZSKWKJJtobJnNZoDEf2XSFUPGW7oYsZQ2sWpNvd8zneWKdp2Nj25CAT2u7SVV2Qg4zJcVitezy5w4hP3"
    },
    "labels": {},
    "payment_requests": {},
    "prevouts_by_scripthash": {},
    "seed_version": 50,
    "spent_outpoints": {},
    "transactions": {},
    "tx_fees": {},
    "txi": {},
    "txo": {},
    "use_encryption": false,
    "verified_tx3": {},
    "wallet_type": "standard"
}