{
    "addr_history": {
        "11ZCw5UNfFNDo8eDF6TkKhf4PrUUwiC2f": [],
        "126r12gYga4wKRUbDMmLmccxCUHoqYUpaM": [],
        "14VdAVERVb8J55UhAJiottnovZX6vjhV1i": [],
        "15kaMv3rcLsnZkEJx2BGZM9D7HXQ8sZMdh": [],
        "15n1MfYRFTE5Mx6YEAmbtc2VrUMDkXhAzx": [],
        "16zc6CTbq55X7jrkch9QX9yhKB6tH56K8k": [],
        "19TpdvxEqxAzG68A7rA5Cf4BAG2ExqRp9W": [],
        "1A8k8TPLsLpM3NVs8ZRSGxx7bDQs7k3Vas": [],
        "1AQanH9FMGHArEV7VWorNbFZAcz1zQ47oi": [],
        "1AgzUGAh5znG3BWreboeoEs2jofFnojMN5": [],
        "1BYeVqDEVhtZRxZZzjcKLP7bwsu4j2EoA1": [],
        "1CLbjAdS8vxg2tQy8Fzm79FcsZqvbu6FmR": [],
        "1DQ3QTrTyzkyd8ZrfJQU2b9fPD3KU81mY7": [],
        "1E8ZNCvJ7a1kF31i5zBaSL7ZvH5F7xjx6q": [],
        "1FE921xCJdAgsEHgGKsgunu2vvgtT8sgX": [],
        "1FKDmtqENStjnMhH94nrrcQsDvGDUs8ANm": [],
        "1FMg8uvg4T87UE17v8tPVHwi8ACTKCJJHJ": [],
        "1FQue6YaNjTLqEbkqNwWMjYjWs8BP9oRsY": [],
        "1FuKmX6sJgzkt2HwSQ4TKT7rbfrVCF9NSD": [],
        "1G2a1x5zn8kXRFvCayfhAhkigT9Hx8Y1rx": [],
        "1G8oacjVwYW4jnZRnnKgsh11oSVqEqEiVC": [],
        "1GZjL7Y8oSN7D5QEiMgeFAZiePTezQbpoD": [],
        "1GjgXE1nh5ovY9yDtKFdFrDB5voGFRQJoF": [],
        "1JsKUtJkDtCw9fW87fFoET3XAZxphUfeRq": [],
        "1LAsA3x1kCciYPC2ZvDnb2wB3MftDhNA4b": [],
        "1LFs4CbcQw3d1U6DiuNet1dw7XJad3oCxJ": [],
        "1NJHFNiWLJv3Jbmq9qPVXAjyfHTdpAYPGk": [],
        "1NddB9AvbpWDCt2JXxVKWNBLYdNavDoJKA": [],
        "1NmxdfaH57rDsUwoa6hfmMGnayZ1moqqmJ": [],
        "1PNSUboJu2ZkPMXLKwwKzggtshSRSUH9wf": []
    },
    "addresses": {
        "change": [
            "16zc6CTbq55X7jrkch9QX9yhKB6tH56K8k",
            "15n1MfYRFTE5Mx6YEAmbtc2VrUMDkXhAzx",
            "15kaMv3rcLsnZkEJx2BGZM9D7HXQ8sZMdh",
            "1DQ3QTrTyzkyd8ZrfJQU2b9fPD3KU81mY7",
            "1GjgXE1nh5ovY9yDtKFdFrDB5voGFRQJoF",
            "1JsKUtJkDtCw9fW87fFoET3XAZxphUfeRq",
            "1GZjL7Y8oSN7D5QEiMgeFAZiePTezQbpoD",
            "1NmxdfaH57rDsUwoa6hfmMGnayZ1moqqmJ",
            "1PNSUboJu2ZkPMXLKwwKzggtshSRSUH9wf",
            "1E8ZNCvJ7a1kF31i5zBaSL7ZvH5F7xjx6q"
        ],
        "receiving": [
            "1FKDmtqENStjnMhH94nrrcQsDvGDUs8ANm",
            "1LFs4CbcQw3d1U6DiuNet1dw7XJad3oCxJ",
            "11ZCw5UNfFNDo8eDF6TkKhf4PrUUwiC2f",
            "1AgzUGAh5znG3BWreboeoEs2jofFnojMN5",
            "1AQanH9FMGHArEV7VWorNbFZAcz1zQ47oi",
            "1FQue6YaNjTLqEbkqNwWMjYjWs8BP9oRsY",
            "1BYeVqDEVhtZRxZZzjcKLP7bwsu4j2EoA1",
            "1NddB9AvbpWDCt2JXxVKWNBLYdNavDoJKA",
            "1LAsA3x1kCciYPC2ZvDnb2wB3MftDhNA4b",
            "1NJHFNiWLJv3Jbmq9qPVXAjyfHTdpAYPGk",
            "1A8k8TPLsLpM3NVs8ZRSGxx7bDQs7k3Vas",
            "126r12gYga4wKRUbDMmLmccxCUHoqYUpaM",
            "1G8oacjVwYW4jnZRnnKgsh11oSVqEqEiVC",
            "14VdAVERVb8J55UhAJiottnovZX6vjhV1i",
            "19TpdvxEqxAzG68A7rA5Cf4BAG2ExqRp9W",
            "1G2a1x5zn8kXRFvCayfhAhkigT9Hx8Y1rx",
            "1FuKmX6sJgzkt2HwSQ4TKT7rbfrVCF9NSD",
            "1FE921xCJdAgsEHgGKsgunu2vvgtT8sgX",
            "1FMg8uvg4T87UE17v8tPVHwi8ACTKCJJHJ",
            "1CLbjAdS8vxg2tQy8Fzm79FcsZqvbu6FmR"
        ]
    },
    "fiat_value": {},
    "frozen_coins": {},
    "invoices": {},
    "keystore": {
        "derivation": "m",
        "pw_hash_version": 1,
        "root_fingerprint": "667680e0",
        "seed": "minor zone pool apology remain combine voice claw medal settle grace capable",
        "seed_type": "standard",
        "type": "bip32",
        "xprv": "xprv9s21ZrQH143K3UDRG5Jwqknqk6RVJ5mCXMwhQoHbo9hwudkuYh2DZd3Sx7RTs6ezYY1Pp7dC9GF6qWGWVgTDhy5yZky4tVYp4wmBEnoQR69",
        "xpub": "xpub661MyMwAqRbcFxHtN6qxCtjaJ8FyhYV3tasJDBhDMVEvnS646ELU7RMvoMT5cf9F1jER4vhYoZtEK8ZVDL26pEXFvxvs4y4p7uYU89tYz2W"
    },
    "labels": {},
    "payment_requests": {},
    "prevouts_by_scripthash": {},
    "seed_version": 50,
    "spent_outpoints": {},
    "transactions": {},
    "tx_fees": {},
    "txi": {},
    "txo": {},
    "use_encryption": false,
    "verified_tx3": {},
    "wallet_type": "standard"
}