{
    "addr_history": {
        "bc1q2sxguxe8am0cajqzkcvw60pmvm5v0jp5q8mc8h": [],
        "bc1q2uj3eaftw8lycc80m54sfltvjhvh77320gdq99": [],
        "bc1q345k87258qyel6a8llu34p0vat6k0ga74svqqj": [],
        "bc1q566u36lsj9npazgtw6qm8fuesxtn83g9r6nc3z": [],
        "bc1q5seml5jv3h5vamu06x5l9f6mywlen78fzwja07": [],
        "bc1q5z04xkwp52glm7zwrf9ccf8jmspd60569q647l": [],
        "bc1q66g67x9kc2q598z6k27w0759lprxquc3yc7k2g": [],
        "bc1q6n454tfjqlvmcslyg80cexpgev7x4elg679cfq": [],
        "bc1q8za8kd43qsq2p8un3k9srhqg582lx4s8parvdr": [],
        "bc1qd835muymnynzxztz748tlr5rtateryndcfaj4w": [],
        "bc1qe8d06la52hu9x27zd9xcq9tllxwe32f6wfelep": [],
        "bc1qegtr9y7wvesn7w35jpw3eh225ujen4jdh9xpz8": [],
        "bc1qfhahh3wzthqrfxes4j6hxxv3u97n5vcv3n9kx8": [],
        "bc1qfhmv7jzv77yd34r6xt04cy6t7tuder8uxfymqj": [],
        "bc1qk0jxgjnl6suyyh3qky867zmrma040gngt7j2qt": [],
        "bc1qmqfezp4948wnwxtxzyq3txt4a3wfseh7hrfqzs": [],
        "bc1qp3ctnuadznxtgn0q0wwg56jjncf4w0zp54peqe": [],
        "bc1qpn3ge87fff5e34fczlgj2ds6t8j3hmfhvrjxkw": [],
        "bc1qtltap66rm6zk2f39lawwjzwtzvhc6d2nmy3ewu": [],
        "bc1qu9r8pplhms34yp9eyu9r579l9d4s648ne67srw": [],
        "bc1qut38ddeaax8zd46889e0z8dgch29tk2j3m3zhr": [],
        "bc1qv2ycxgdcdjvszdn8sp7jgmfdrvv47w4t63yujn": [],
        "bc1qvnd422sykze5tdhzcq7tacxvlhgvfeydggcf55": [],
        "bc1qw26rzjdgc99fwj0alqq79h0fayzuphqq3xekhn": [],
        "bc1qwej6aty9wxt9xu4e8ah2sxwc6jstu8x8uqvyu4": [],
        "bc1qxvz83ckn2rj4x3n3mmv97f08ydxn3l6pr69s24": [],
        "bc1qyaer4zyl54j2j5xjdm6qemvxf8leage3cryurx": [],
        "bc1qyh7vz5rlarwf22l786rwserlcwfevcg3yry5wq": [],
        "bc1qyldmycv4nyy37x3k7kv0222juvdk6876dkw3c5": [],
        "bc1qyzzg2z2uqqvyz8fgpwg30thkqpgcz29dyzru3r": []
    },
    "addresses": {
        "change": [
            "bc1qu9r8pplhms34yp9eyu9r579l9d4s648ne67srw",
            "bc1q566u36lsj9npazgtw6qm8fuesxtn83g9r6nc3z",
            "bc1qut38ddeaax8zd46889e0z8dgch29tk2j3m3zhr",
            "bc1qe8d06la52hu9x27zd9xcq9tllxwe32f6wfelep",
            "bc1qyaer4zyl54j2j5xjdm6qemvxf8leage3cryurx",
            "bc1q2sxguxe8am0cajqzkcvw60pmvm5v0jp5q8mc8h",
            "bc1q6n454tfjqlvmcslyg80cexpgev7x4elg679cfq",
            "bc1qp3ctnuadznxtgn0q0wwg56jjncf4w0zp54peqe",
            "bc1qmqfezp4948wnwxtxzyq3txt4a3wfseh7hrfqzs",
            "bc1qyldmycv4nyy37x3k7kv0222juvdk6876dkw3c5"
        ],
        "receiving": [
            "bc1qyh7vz5rlarwf22l786rwserlcwfevcg3yry5wq",
            "bc1qpn3ge87fff5e34fczlgj2ds6t8j3hmfhvrjxkw",
            "bc1qwej6aty9wxt9xu4e8ah2sxwc6jstu8x8uqvyu4",
            "bc1q8za8kd43qsq2p8un3k9srhqg582lx4s8parvdr",
            "bc1q5z04xkwp52glm7zwrf9ccf8jmspd60569q647l",
            "bc1q66g67x9kc2q598z6k27w0759lprxquc3yc7k2g",
            "bc1qv2ycxgdcdjvszdn8sp7jgmfdrvv47w4t63yujn",
            "bc1qfhahh3wzthqrfxes4j6hxxv3u97n5vcv3n9kx8",
            "bc1qyzzg2z2uqqvyz8fgpwg30thkqpgcz29dyzru3r",
            "bc1qegtr9y7wvesn7w35jpw3eh225ujen4jdh9xpz8",
            "bc1q345k87258qyel6a8llu34p0vat6k0ga74svqqj",
            "bc1qtltap66rm6zk2f39lawwjzwtzvhc6d2nmy3ewu",
            "bc1qd835muymnynzxztz748tlr5rtateryndcfaj4w",
            "bc1qw26rzjdgc99fwj0alqq79h0fayzuphqq3xekhn",
            "bc1qfhmv7jzv77yd34r6xt04cy6t7tuder8uxfymqj",
            "bc1qk0jxgjnl6suyyh3qky867zmrma040gngt7j2qt",
            "bc1q2uj3eaftw8lycc80m54sfltvjhvh77320gdq99",
            "bc1q5seml5jv3h5vamu06x5l9f6mywlen78fzwja07",
            "bc1qvnd422sykze5tdhzcq7tacxvlhgvfeydggcf55",
            "bc1qxvz83ckn2rj4x3n3mmv97f08ydxn3l6pr69s24"
        ]
    },
    "channels": {},
    "fiat_value": {},
    "frozen_coins": {},
    "imported_channel_backups": {},
    "invoices": {},
    "keystore": {
        "derivation": "m/0'",
        "pw_hash_version": 1,
        "root_fingerprint": "3803e0c5",
        "seed": "minor zone pool artefact remain combine bounce claw medal settle grace capable",
        "seed_type": "segwit",
        "type": "bip32",
        "xprv": "zprvAYyZ4mokERRcnu7bfZzaVB1C6Tmn2ZE42a1sGMiqZzaF2Kp4gvnGfB8KTNgAaigoY6v93vexRCa9Z7CZLmi9mCTM5Up9NfBRmkr87bhTrng",
        "xpub": "zpub6mxuUHLe4nyv1PC4mbXarJwveVcGS1wuPnwU4k8T8L7Du89DEU6XCySoJdJNqiJo63WeQ22m8YZTVMBZ3kfW7gLCAfKgpE9D6joUs3bwfMm"
    },
    "labels": {},
    "lightning_payments": {},
    "lightning_preimages": {},
    "lightning_xprv": "zprvAbveLwNnwDmLHHAnPrYmbmNXknURyMJKXn1SS4pn8Vs1x4DnBfhw86CZH6scHC6uqrMLeUkyJuW11meXT9iEFf4KEVfkJKs7TPSkiDAjQMk",
    "onchain_channel_backups": {},
    "payment_requests": {},
    "prevouts_by_scripthash": {},
    "seed_version": 50,
    "spent_outpoints": {},
    "submarine_swaps": {},
    "transactions": {},
    "tx_fees": {},
    "txi": {},
    "txo": {},
    "use_encryption": false,
    "verified_tx3": {},
    "wallet_type": "standard"
}