{
    "addr_history": {
        "121rgt3GoDkCAKMexvNigNMGrV14XS8Nc9": [],
        "13wgZsA5dUpnAmMCcfj9cAozUZMNzAUoAg": [],
        "14N3c23kujNZ5UqoqhLoroJhSDnvC653Z6": [],
        "14qgSyfefzFXiq32kpvamwardXLBXN19Ca": [],
        "15U3WXigwZumjdPMUPNUb5CH7p5TSz8CLn": [],
        "15crBfgEHb6EMGbCeP8Qm3b7aYrhywnBtB": [],
        "15csNYZQo5Yqc7RB9kZ7idTi5VMy4ibp8G": [],
        "16EspwMW2XG2pfuLxeUJigHBoF7iaxgYH9": [],
        "194J2cVzT3C2x8ymfATxS7vED6vMy5w84R": [],
        "19szyTiEi9pcbJ3Z5HoHHjqBGd4S57dpik": [],
        "1Ac8W7hSAmb6ERxKJ5SkVZ9zFXcootMPbA": [],
        "1BLMXSX9rZzcqUQQgXdAPiBJh52GFw1Rmw": [],
        "1BYDKA8vSmUvnhZ2gQLkKyjzpdqxmcbcHg": [],
        "1D6FaDuNSKzhwWKpVJakkCo7FWJYKResAE": [],
        "1Db9VibYifie3ReMYTmXh1ywMUzNyQL3eu": [],
        "1Eu5LF4YYTd6gYbgPVcFtmNG2aavGTNqBQ": [],
        "1FpcTph522fsVBzbabsgUgHfMywjWdjX6v": [],
        "1FvxGi2gYnNFEZ6QQqGT1nyi2PxrjWxwWg": [],
        "1G1H8shTB44n8JTQuHFTnHCvi2GqjmLKKC": [],
        "1GCoA8bCJ5buTKh2hxcTVwcoppC2Ci72E1": [],
        "1Gd7W9KtczWHczTACuqBGr8BF6wjkXtdv7": [],
        "1KbW2WAyuMo7wcWT1ByNe5WKpbJ2SaDKTd": [],
        "1Lv76jfo8AgwgbwkwpRMGjSXU3jUNiEd8D": [],
        "1N1MB3KXjDBu9cw4fCkPK2BWt6uQ3VbgUj": [],
        "1N9TVD6KbqR9qjdDnNpf3XKKEh6PP1Dj7J": [],
        "1NAFrVvU86ryVa6AhbeCGew1M4DjFwSpj3": [],
        "1NyvJ3xR4TJzsg4kMygtaMsRB5mn7SLvn2": [],
        "1PBPQi8JchExiMggb86yBZy2doma9oYvyL": [],
        "1QKSJCafSzRtfjc5QCAWPLpWG9KT8q9v5b": [],
        "1r3P7ym8Hb9kh3QX74zvSfp6xLeimvcSy": []
    },
    "addresses": {
        "change": [
            "16EspwMW2XG2pfuLxeUJigHBoF7iaxgYH9",
            "1r3P7ym8Hb9kh3QX74zvSfp6xLeimvcSy",
            "1FpcTph522fsVBzbabsgUgHfMywjWdjX6v",
            "14qgSyfefzFXiq32kpvamwardXLBXN19Ca",
            "1BLMXSX9rZzcqUQQgXdAPiBJh52GFw1Rmw",
            "1Db9VibYifie3ReMYTmXh1ywMUzNyQL3eu",
            "1BYDKA8vSmUvnhZ2gQLkKyjzpdqxmcbcHg",
            "1Gd7W9KtczWHczTACuqBGr8BF6wjkXtdv7",
            "15csNYZQo5Yqc7RB9kZ7idTi5VMy4ibp8G",
            "1GCoA8bCJ5buTKh2hxcTVwcoppC2Ci72E1"
        ],
        "receiving": [
            "1PBPQi8JchExiMggb86yBZy2doma9oYvyL",
            "1D6FaDuNSKzhwWKpVJakkCo7FWJYKResAE",
            "1N9TVD6KbqR9qjdDnNpf3XKKEh6PP1Dj7J",
            "1Lv76jfo8AgwgbwkwpRMGjSXU3jUNiEd8D",
            "15U3WXigwZumjdPMUPNUb5CH7p5TSz8CLn",
            "14N3c23kujNZ5UqoqhLoroJhSDnvC653Z6",
            "121rgt3GoDkCAKMexvNigNMGrV14XS8Nc9",
            "1N1MB3KXjDBu9cw4fCkPK2BWt6uQ3VbgUj",
            "19szyTiEi9pcbJ3Z5HoHHjqBGd4S57dpik",
            "1Eu5LF4YYTd6gYbgPVcFtmNG2aavGTNqBQ",
            "194J2cVzT3C2x8ymfATxS7vED6vMy5w84R",
            "1QKSJCafSzRtfjc5QCAWPLpWG9KT8q9v5b",
            "1KbW2WAyuMo7wcWT1ByNe5WKpbJ2SaDKTd",
            "15crBfgEHb6EMGbCeP8Qm3b7aYrhywnBtB",
            "13wgZsA5dUpnAmMCcfj9cAozUZMNzAUoAg",
            "1G1H8shTB44n8JTQuHFTnHCvi2GqjmLKKC",
            "1NAFrVvU86ryVa6AhbeCGew1M4DjFwSpj3",
            "1Ac8W7hSAmb6ERxKJ5SkVZ9zFXcootMPbA",
            "1NyvJ3xR4TJzsg4kMygtaMsRB5mn7SLvn2",
            "1FvxGi2gYnNFEZ6QQqGT1nyi2PxrjWxwWg"
        ]
    },
    "fiat_value": {},
    "frozen_coins": {},
    "invoices": {},
    "keystore": {
        "derivation": "m",
        "pw_hash_version": 1,
        "root_fingerprint": "3f3f8eba",
        "seed": "minor zone pool again remain combine clutch claw medal settle grace capable",
        "seed_type": "standard",
        "type": "bip32",
        "xprv": "xprv9s21ZrQH143K3PC68PPniEp1p1Mp7PuPX5vhn5Vy6ttWo8NFH9NN6Cbxvo6v523CLeskHzetuM9woE9VFZ846xtpCuFJ7fJSbcYQPGTKjRt",
        "xpub": "xpub661MyMwAqRbcFsGZEQvo5NkkN3CJWrdEtJrJaTuafERVfvhPpggcdzvSn4ffbDp7BSMfd19y2eE6jNykL44z3Rvvi1pvD4nVPz1AQTYCSYw"
    },
    "labels": {},
    "payment_requests": {},
    "prevouts_by_scripthash": {},
    "seed_version": 50,
    "spent_outpoints": {},
    "transactions": {},
    "tx_fees": {},
    "txi": {},
    "txo": {},
    "use_encryption": false,
    "verified_tx3": {},
    "wallet_type": "standard"
}