{
    "addr_history": {
        "11gZCeX1CH9oZ82WxF7cLTdpJYHvcteNQ": [],
        "12111PWwZztc1GJv62Ypq31FyC4hGiR3cJ": [],
        "12A69pHVvHpnoWfC8tLib5Y5jicninA9K3": [],
        "137p4nHgB327QGYkvyqYZTa5DcsF7qcb17": [],
        "137ukpbuTQkKCzhTkXjQdFRLZG9S7Pr1eB": [],
        "15GtyKA84gnF7KWmWSfs9D2WdzTMDNja9h": [],
        "1658WiVoRGhY2TFjnnyoTSwSL1wRtXXNuA": [],
        "18c2GWrRuVZDrWoKdMk4QZLsespfM1Xgkm": [],
        "19hFjiAZfxKerBQnYgwrTjuGth2Mbv1d5H": [],
        "19mKyWskwnJ2LuEF6dAJY99ZY2J5nLoQKd": [],
        "1AzrM3unNiEawbq1NBtQoZcY5jfHo1ERh9": [],
        "1BY22UwsNzLcGypmhDBma48T2SR7otEWpe": [],
        "1CLp8HExWp1QotJb5h2rFPD4nhbYCXDMwp": [],
        "1D1NgR5BbFn4LdkZGXg1EKnXw9WnGRXK4X": [],
        "1DXm3Vtivacwd3WjP6P6VxQ46LsSfTfWKC": [],
        "1E3TeTSjWwo8wEHPLUNLBMJnAnUw1frWAh": [],
        "1EWr79mn9eswFcD7dCZ6vJ23uZDYzbvYSA": [],
        "1Eqx9AXgStu81afetNKLS3ne3bCK3Gq2Xq": [],
        "1F3Db3erZX5QJ8vN3FAaHEQh59Je8XdPpV": [],
        "1GDuwndeDSCWRNcqWC6Ei2BEcXSHrC5LCA": [],
        "1H1tn9XzhCXSzmxz7FoY48ZkXJ7WT6pFhu": [],
        "1HFqKjhKsTy7jkNznUisqHCBPqzGzxrP7V": [],
        "1JvtFCBZJYNTkHvb9HhfYYRnKvDqrem4Fo": [],
        "1KNSGw3LLTo383pu6YJGaJciEWqSsSrUDw": [],
        "1KUhnSN8bBnvrmwXNRqA5xhvrxnC5kQUJY": [],
        "1KwZitmFxDzwJCgWcmPQ5pc912X5mYXgvf": [],
        "1L71r1yLK4hHBubRHSe6RRK77gEG9hknci": [],
        "1MceFxhnJgJrXzAadUnZNoRmXAZUF5kXNn": [],
        "1MyhCeT3WLsX17dCBPkRCv2dg2QDY4MTuC": [],
        "1PX4fodZgUPAGrdp4262EpLG9w8SSDYATk": []
    },
    "addresses": {
        "change": [
            "1KNSGw3LLTo383pu6YJGaJciEWqSsSrUDw",
            "1F3Db3erZX5QJ8vN3FAaHEQh59Je8XdPpV",
            "1L71r1yLK4hHBubRHSe6RRK77gEG9hknci",
            "11gZCeX1CH9oZ82WxF7cLTdpJYHvcteNQ",
            "1GDuwndeDSCWRNcqWC6Ei2BEcXSHrC5LCA",
            "1HFqKjhKsTy7jkNznUisqHCBPqzGzxrP7V",
            "1Eqx9AXgStu81afetNKLS3ne3bCK3Gq2Xq",
            "18c2GWrRuVZDrWoKdMk4QZLsespfM1Xgkm",
            "19hFjiAZfxKerBQnYgwrTjuGth2Mbv1d5H",
            "1KUhnSN8bBnvrmwXNRqA5xhvrxnC5kQUJY"
        ],
        "receiving": [
            "1BY22UwsNzLcGypmhDBma48T2SR7otEWpe",
            "12111PWwZztc1GJv62Ypq31FyC4hGiR3cJ",
            "1D1NgR5BbFn4LdkZGXg1EKnXw9WnGRXK4X",
            "1E3TeTSjWwo8wEHPLUNLBMJnAnUw1frWAh",
            "1AzrM3unNiEawbq1NBtQoZcY5jfHo1ERh9",
            "137p4nHgB327QGYkvyqYZTa5DcsF7qcb17",
            "12A69pHVvHpnoWfC8tLib5Y5jicninA9K3",
            "1CLp8HExWp1QotJb5h2rFPD4nhbYCXDMwp",
            "15GtyKA84gnF7KWmWSfs9D2WdzTMDNja9h",
            "1658WiVoRGhY2TFjnnyoTSwSL1wRtXXNuA",
            "19mKyWskwnJ2LuEF6dAJY99ZY2J5nLoQKd",
            "1KwZitmFxDzwJCgWcmPQ5pc912X5mYXgvf",
            "1JvtFCBZJYNTkHvb9HhfYYRnKvDqrem4Fo",
            "1DXm3Vtivacwd3WjP6P6VxQ46LsSfTfWKC",
            "1PX4fodZgUPAGrdp4262EpLG9w8SSDYATk",
            "1EWr79mn9eswFcD7dCZ6vJ23uZDYzbvYSA",
            "137ukpbuTQkKCzhTkXjQdFRLZG9S7Pr1eB",
            "1H1tn9XzhCXSzmxz7FoY48ZkXJ7WT6pFhu",
            "1MyhCeT3WLsX17dCBPkRCv2dg2QDY4MTuC",
            "1MceFxhnJgJrXzAadUnZNoRmXAZUF5kXNn"
        ]
    },
    "fiat_value": {},
    "frozen_coins": {},
    "invoices": {},
    "keystore": {
        "derivation": "m",
        "pw_hash_version": 1,
        "root_fingerprint": "34ab0549",
        "seed": "minor zone pool advice remain combine pull claw medal settle grace capable",
        "seed_type": "standard",
        "type": "bip32",
        "xprv": "xprv9s21ZrQH143K2dkYWHmYsPtBN6z1wm8SWURdCWJaoCXUz1y82VCdDMxyWjRgX2xbSsasdua7GcMxedDjz6DqR2xY5JjNJoQzRxsR84cbodP",
        "xpub": "xpub661MyMwAqRbcF7q1cKJZEXpuv8pWMDrHshMDztiCMY4TrpJGa2WsmAHTMzn4SfHYRtGpAVXGFxku8P8QhTofCjRtcJFS9odcKDZ1Q4XzRFE"
    },
    "labels": {},
    "payment_requests": {},
    "prevouts_by_scripthash": {},
    "seed_version": 50,
    "spent_outpoints": {},
    "transactions": {},
    "tx_fees": {},
    "txi": {},
    "txo": {},
    "use_encryption": false,
    "verified_tx3": {},
    "wallet_type": "standard"
}