{
    "addr_history": {
        "12EiPT2wKPN5em2jJbGdBcMjzmH1VhvBrB": [],
        "14EvQousmDShiUktFfbdrNVhqGhZMBbeJr": [],
        "15hfY3g62yzjaGSQBuVRk8pX2FZXQGRoph": [],
        "15ksHsgJ7vtRCksDofZqGpkXttW5WqFrkZ": [],
        "18BXxxFBrjBPDoq3pLBzaHju46kMx2aXk1": [],
        "18BbGJRmjpyvEfkDUbzDFqgZkgSXkAE8y7": [],
        "19eu9z7TvJWsQA2No7Lkhc8hxdQGkofYay": [],
        "1AGPTuTjoyazS2TgKs68e3qPjTcF2nCZa3": [],
        "1AaD1ALWBfGHRLEmWTFVSNL2wDr3jmmJz2": [],
        "1BkiSTgFLTYpcAjXsLKxGjcDo9eiMMmTKx": [],
        "1CY27ruFDsXeG1a872ggvjqrfLhctzGdRW": [],
        "1CaMJRw3SLa4NmY9iALaZATwzaeNNhqemv": [],
        "1DRyUmDaWVFrL3KjbkQet5eqKHGcvDG6Lq": [],
        "1DWYtqv6rPPq5XNbekDPvKnBdc6Na8h8xj": [],
        "1E8JpmRgjLs9vJd6UTaSfcChNQeHcKcc6H": [],
        "1EWshKgPjn6XmVErC1cK81BoPWZpS1m9J3": [],
        "1EbVwbY84jpvK4PN63DqR97BNjktdAeack": [],
        "1FzPjt4yGeTJ9wFytUAkEFqpgwUrvvyjvq": [],
        "1G9nn8Sv5n1MpC194vWmgUuUd7vFqYVFst": [],
        "1GksJgYmRFstE3Dx5WRecnJKSU4p2cAjyE": [],
        "1HbGDeHFyWf93jjjmhoPjwAh87opJUveb9": [],
        "1Hoo8k9HiYVqjgDk1esywKT1k8JQZZTx1t": [],
        "1JArVQPofyMYsJS647D3tNeurQGp2mCre3": [],
        "1Jh9n56D6aKWuH5ifjELnhRbRs9xmMu7mh": [],
        "1KxzRyQguzSCzMUuCUK1UGRJx6fPG7JMLQ": [],
        "1Lwa9yXjwwEiBW3ZzS2jB9wVniv7TGxs6C": [],
        "1NkfJwcBsyrVCSe3fpXRr4gGGn7ta2o3PR": [],
        "1NtFG97EazcQvCw94i44ueVuSawzxnWvPL": [],
        "1PZge43R4AHVV6V8FLAvuf96n3N8UVM49Z": [],
        "1Ptq5Q1H5Y7VaFFLfTCAxcLV4YYmJFCWaa": []
    },
    "addresses": {
        "change": [
            "1DWYtqv6rPPq5XNbekDPvKnBdc6Na8h8xj",
            "1Ptq5Q1H5Y7VaFFLfTCAxcLV4YYmJFCWaa",
            "1AaD1ALWBfGHRLEmWTFVSNL2wDr3jmmJz2",
            "1G9nn8Sv5n1MpC194vWmgUuUd7vFqYVFst",
            "1BkiSTgFLTYpcAjXsLKxGjcDo9eiMMmTKx",
            "1AGPTuTjoyazS2TgKs68e3qPjTcF2nCZa3",
            "1E8JpmRgjLs9vJd6UTaSfcChNQeHcKcc6H",
            "1GksJgYmRFstE3Dx5WRecnJKSU4p2cAjyE",
            "18BbGJRmjpyvEfkDUbzDFqgZkgSXkAE8y7",
            "1EWshKgPjn6XmVErC1cK81BoPWZpS1m9J3"
        ],
        "receiving": [
            "1Lwa9yXjwwEiBW3ZzS2jB9wVniv7TGxs6C",
            "1CY27ruFDsXeG1a872ggvjqrfLhctzGdRW",
            "1HbGDeHFyWf93jjjmhoPjwAh87opJUveb9",
            "1JArVQPofyMYsJS647D3tNeurQGp2mCre3",
            "1Jh9n56D6aKWuH5ifjELnhRbRs9xmMu7mh",
            "14EvQousmDShiUktFfbdrNVhqGhZMBbeJr",
            "12EiPT2wKPN5em2jJbGdBcMjzmH1VhvBrB",
            "1PZge43R4AHVV6V8FLAvuf96n3N8UVM49Z",
            "1NtFG97EazcQvCw94i44ueVuSawzxnWvPL",
            "1EbVwbY84jpvK4PN63DqR97BNjktdAeack",
            "1CaMJRw3SLa4NmY9iALaZATwzaeNNhqemv",
            "19eu9z7TvJWsQA2No7Lkhc8hxdQGkofYay",
            "1DRyUmDaWVFrL3KjbkQet5eqKHGcvDG6Lq",
            "1KxzRyQguzSCzMUuCUK1UGRJx6fPG7JMLQ",
            "1Hoo8k9HiYVqjgDk1esywKT1k8JQZZTx1t",
            "1NkfJwcBsyrVCSe3fpXRr4gGGn7ta2o3PR",
            "15hfY3g62yzjaGSQBuVRk8pX2FZXQGRoph",
            "1FzPjt4yGeTJ9wFytUAkEFqpgwUrvvyjvq",
            "18BXxxFBrjBPDoq3pLBzaHju46kMx2aXk1",
            "15ksHsgJ7vtRCksDofZqGpkXttW5WqFrkZ"
        ]
    },
    "fiat_value": {},
    "frozen_coins": {},
    "invoices": {},
    "keystore": {
        "derivation": "m",
        "pw_hash_version": 1,
        "root_fingerprint": "a5d15a63",
        "seed": "minor zone pool aerobic remain combine venture claw medal settle grace capable",
        "seed_type": "standard",
        "type": "bip32",
        "xprv": "xprv9s21ZrQH143K3Ewks4GJsS764sD1uxZAW5zJqPNBp4WFyAQQjaaNHrH4CUAGiqeHfvtU1dT5Sk6qxV9NwWTGmwmGNvqYgBFf88jJjv91okc",
        "xpub": "xpub661MyMwAqRbcFj2Dy5oKEa3pcu3WKRH1sJuudmmoNQ3EqxjZH7tcqebY3jSgCKSKEGJWgYt9jvG3UDY8iYYZoTdK3nRsQWuveim5numcZ3j"
    },
    "labels": {},
    "payment_requests": {},
    "prevouts_by_scripthash": {},
    "seed_version": 50,
    "spent_outpoints": {},
    "transactions": {},
    "tx_fees": {},
    "txi": {},
    "txo": {},
    "use_encryption": false,
    "verified_tx3": {},
    "wallet_type": "standard"
}