{
    "addr_history": {
        "12Ur5WEcxFKrZVAVETjvJxyeznqewtijSp": [],
        "12rZhEFyGbthdmbeS8df5BJ61hXNiiCm2X": [],
        "12rd2dP8Y18KRNS8825BX4ARorZDxxEw3L": [],
        "1492ZZNftURpf9PvX9aYUx1jGRb5BxdqbZ": [],
        "14jbYNvGkhe3oLWJyoG6hJVSh2QWMyfakP": [],
        "15QNb3ynxjRfN5Uu5m3V8BC3CkD4kcwJiB": [],
        "15TcRXuTeNwrtpojBcXytL9bLS5Eqgq9AT": [],
        "16QL92wMpchRw4Cr8mt5MYt4zNRHNve9KQ": [],
        "16QsYr56ZQteByCYjG7ydJ2kVxpG7GuafV": [],
        "16VXueoVceEkMzaswtRr4v1cZ9SGQd8Hbj": [],
        "18kM5dAQgEbgWaeRaV8mcHiL4dGifadL39": [],
        "19mNRB627QfTsEtYxcVGnLTXtGh89fVeK3": [],
        "1ACGmy5F95tsjo9hTpoaz8E5w41Er355Fu": [],
        "1DBtaBgEG9TiDkuMYgcxjUy32PJAhBh2y3": [],
        "1DLZGNivnqAryAsYnAuqgbDqMz34tYogC1": [],
        "1Dg8kv2sXZubkMqgy4k393LaxizWzqivw7": [],
        "1E6FkALan2wxJHvXHwBTcZAagq8WoR4rFq": [],
        "1Fd7xZzg71Lh9c5hyFee36ezJ3cttpfu5x": [],
        "1Fdz3hWJRAc5B6cTfABvkAwcKkSjbNn9pH": [],
        "1GNeJsjwfivHfJDGfmB6NbP4e44ncom63R": [],
        "1JJxZExJF6uENtRbDzmKhGtXEvoB6vXPFj": [],
        "1KDkyagyGEtv8KaFRUyc47TJ2wpFQ3y9f3": [],
        "1L4Yn4KRjzk7wRMRu5XNNhUL2ibXeUSYWw": [],
        "1M9osgTTfU2PCG23nZXYKsJ25pesMmdF1G": [],
        "1MtqrgudzwWn4wggQrRY9t7G6rLGntNT66": [],
        "1PGzVTJ47TvDfSShVydfKUp6QBtAyobNc3": [],
        "1PNyDUqVWv2B5MaAySs5PZ2r8p27tu3c2N": [],
        "1PXX2SJ4KNk5RFqpckC3gKrYEjNXKiUg75": [],
        "1PhG3d3QhyjgSJ4DLiq7kYUK44dL7em7Sc": [],
        "1fnZnpB48grnacRY6r8Bk1LvRoHg5Egtw": []
    },
    "addresses": {
        "change": [
            "1L4Yn4KRjzk7wRMRu5XNNhUL2ibXeUSYWw",
            "1PGzVTJ47TvDfSShVydfKUp6QBtAyobNc3",
            "1Fdz3hWJRAc5B6cTfABvkAwcKkSjbNn9pH",
            "12rd2dP8Y18KRNS8825BX4ARorZDxxEw3L",
            "14jbYNvGkhe3oLWJyoG6hJVSh2QWMyfakP",
            "16QL92wMpchRw4Cr8mt5MYt4zNRHNve9KQ",
            "1fnZnpB48grnacRY6r8Bk1LvRoHg5Egtw",
            "1E6FkALan2wxJHvXHwBTcZAagq8WoR4rFq",
            "1492ZZNftURpf9PvX9aYUx1jGRb5BxdqbZ",
            "1PXX2SJ4KNk5RFqpckC3gKrYEjNXKiUg75"
        ],
        "receiving": [
            "16VXueoVceEkMzaswtRr4v1cZ9SGQd8Hbj",
            "1PhG3d3QhyjgSJ4DLiq7kYUK44dL7em7Sc",
            "1KDkyagyGEtv8KaFRUyc47TJ2wpFQ3y9f3",
            "18kM5dAQgEbgWaeRaV8mcHiL4dGifadL39",
            "1M9osgTTfU2PCG23nZXYKsJ25pesMmdF1G",
            "1JJxZExJF6uENtRbDzmKhGtXEvoB6vXPFj",
            "12rZhEFyGbthdmbeS8df5BJ61hXNiiCm2X",
            "1GNeJsjwfivHfJDGfmB6NbP4e44ncom63R",
            "12Ur5WEcxFKrZVAVETjvJxyeznqewtijSp",
            "1ACGmy5F95tsjo9hTpoaz8E5w41Er355Fu",
            "15TcRXuTeNwrtpojBcXytL9bLS5Eqgq9AT",
            "1DLZGNivnqAryAsYnAuqgbDqMz34tYogC1",
            "1DBtaBgEG9TiDkuMYgcxjUy32PJAhBh2y3",
            "15QNb3ynxjRfN5Uu5m3V8BC3CkD4kcwJiB",
            "1Dg8kv2sXZubkMqgy4k393LaxizWzqivw7",
            "1Fd7xZzg71Lh9c5hyFee36ezJ3cttpfu5x",
            "16QsYr56ZQteByCYjG7ydJ2kVxpG7GuafV",
            "1MtqrgudzwWn4wggQrRY9t7G6rLGntNT66",
            "19mNRB627QfTsEtYxcVGnLTXtGh89fVeK3",
            "1PNyDUqVWv2B5MaAySs5PZ2r8p27tu3c2N"
        ]
    },
    "fiat_value": {},
    "frozen_coins": {},
    "invoices": {},
    "keystore": {
        "derivation": "m",
        "pw_hash_version": 1,
        "root_fingerprint": "59d53d0a",
        "seed": "minor zone pool agent remain combine pig claw medal settle grace capable",
        "seed_type": "standard",
        "type": "bip32",
        "xprv": "xprv9s21ZrQH143K2GQx1x6Nf7j7CMYsEJ3WC6BcSfzpyQ3qmDzWUsXZZ39SM9u5VcHvX3g61wb4JuPkpp9beYVydGgdH6eYqYbCSnVbphRAUhD",
        "xpub": "xpub661MyMwAqRbcEkVR7ydP2FfqkPPMdkmMZK7DF4QSXjape2Kf2Qqp6qTvCR36s12r9Xc8uPXQuqE3DEZoS7T91XvyHESVCa83PbAmpHhqFXg"
    },
    "labels": {},
    "payment_requests": {},
    "prevouts_by_scripthash": {},
    "seed_version": 50,
    "spent_outpoints": {},
    "transactions": {},
    "tx_fees": {},
    "txi": {},
    "txo": {},
    "use_encryption": false,
    "verified_tx3": {},
    "wallet_type": "standard"
}