{
    "addr_history": {
        "14Mmu7EazbBHVD2KaEwEHMLtJ8YGkTU9Aa": [],
        "14YJfufSJpKBGwBXXS9uvVZdhfdtAJrjtT": [],
        "17mBFA7gewGdAzSXZvHjEngEhdWbT32FEc": [],
        "18Bx13Qsgriz65e8cwp46nyRgB2mH3gGVa": [],
        "18Ny26iHK89rnWLRnsiCqowSnssG9CEEru": [],
        "18SxEAjKBJdMNYX4xwChUotKWChTKzSequ": [],
        "1ARKse8qgoJJuj3wK3uTQfHzadpBuXTrpo": [],
        "1B96Utr9Dgf6CQuMYULfdgHzyAE7DNiTaK": [],
        "1Bhqy6ico3xWHxAcApd4uqiLpvxyN78keJ": [],
        "1C7gFxSFS9LyguKUtpTg2JRDuAmXoqyv5d": [],
        "1CaiD2a9NhQ9XSQy1s5zrEXvup5qAtGz1h": [],
        "1CiRANVmnCw6R4oHYtXGDN4ba35d1pSzXV": [],
        "1D4s7cLDwi29HwUvDygoJL49kcJhcsCFC9": [],
        "1DvgkKhkMReZWAzEFVcP7BVuvvDGYG49UH": [],
        "1EFJoSmsrXAmNNQQoCUnoc6KnswRirCucj": [],
        "1EHgfYextBvVaTGGG4MSMEhRBNdxUFZuav": [],
        "1EdLfYwof3sP5auWgrXpqJs6hy3Dep9DX3": [],
        "1FCzhyEbctrbZLpbj5X1ZUGxn5nmNWgRXS": [],
        "1H8JMUQb5SjrZj77HoDzfA3PcdyGvdnaq6": [],
        "1JchkZ7NRQrMNfVuXLSVt9z3X3HgeqzZLQ": [],
        "1KZkpqW77igLA89DVWsB6pyb8QCPAiGAtL": [],
        "1LNeYXoh2LJRxT9MSQ5uTK5RUHohWTiAY8": [],
        "1MTtQsvzEZjrcFKZqk5tS5EQAskocsGbks": [],
        "1MgkB54JZwqyA1JtsuB6zfCV4SdncxeppR": [],
        "1NLdQpQRUM7JcmNij37tm7GToR5bwbf7QP": [],
        "1NZd7U3fzmrqmSYXTWgAQxLQsNgvrvygmx": [],
        "1PtYXYMgxn1VPwGsgm5g8jugdC8uRUMDHB": [],
        "1QCD3kQMvzEUjbPQksgiUjYySFWxtn6dqL": [],
        "1XPrWz9c8cuWL9kj69oAgHzX9iXEEJEei": [],
        "1yuWmZxCMeXt8eJiboSPPNBgBe4YfiTGV": []
    },
    "addresses": {
        "change": [
            "1B96Utr9Dgf6CQuMYULfdgHzyAE7DNiTaK",
            "14YJfufSJpKBGwBXXS9uvVZdhfdtAJrjtT",
            "1KZkpqW77igLA89DVWsB6pyb8QCPAiGAtL",
            "1DvgkKhkMReZWAzEFVcP7BVuvvDGYG49UH",
            "1JchkZ7NRQrMNfVuXLSVt9z3X3HgeqzZLQ",
            "1ARKse8qgoJJuj3wK3uTQfHzadpBuXTrpo",
            "18Bx13Qsgriz65e8cwp46nyRgB2mH3gGVa",
            "1EFJoSmsrXAmNNQQoCUnoc6KnswRirCucj",
            "1MTtQsvzEZjrcFKZqk5tS5EQAskocsGbks",
            "1C7gFxSFS9LyguKUtpTg2JRDuAmXoqyv5d"
        ],
        "receiving": [
            "1NZd7U3fzmrqmSYXTWgAQxLQsNgvrvygmx",
            "1MgkB54JZwqyA1JtsuB6zfCV4SdncxeppR",
            "1QCD3kQMvzEUjbPQksgiUjYySFWxtn6dqL",
            "1NLdQpQRUM7JcmNij37tm7GToR5bwbf7QP",
            "1EdLfYwof3sP5auWgrXpqJs6hy3Dep9DX3",
            "1H8JMUQb5SjrZj77HoDzfA3PcdyGvdnaq6",
            "1FCzhyEbctrbZLpbj5X1ZUGxn5nmNWgRXS",
            "18SxEAjKBJdMNYX4xwChUotKWChTKzSequ",
            "1PtYXYMgxn1VPwGsgm5g8jugdC8uRUMDHB",
            "1D4s7cLDwi29HwUvDygoJL49kcJhcsCFC9",
            "1EHgfYextBvVaTGGG4MSMEhRBNdxUFZuav",
            "1XPrWz9c8cuWL9kj69oAgHzX9iXEEJEei",
            "1LNeYXoh2LJRxT9MSQ5uTK5RUHohWTiAY8",
            "1yuWmZxCMeXt8eJiboSPPNBgBe4YfiTGV",
            "1CaiD2a9NhQ9XSQy1s5zrEXvup5qAtGz1h",
            "1Bhqy6ico3xWHxAcApd4uqiLpvxyN78keJ",
            "14Mmu7EazbBHVD2KaEwEHMLtJ8YGkTU9Aa",
            "17mBFA7gewGdAzSXZvHjEngEhdWbT32FEc",
            "18Ny26iHK89rnWLRnsiCqowSnssG9CEEru",
            "1CiRANVmnCw6R4oHYtXGDN4ba35d1pSzXV"
        ]
    },
    "fiat_value": {},
    "frozen_coins": {},
    "invoices": {},
    "keystore": {
        "derivation": "m",
        "pw_hash_version": 1,
        "root_fingerprint": "b8c07085",
        "seed": "minor zone pool ancient remain combine oil claw medal settle grace capable",
        "seed_type": "standard",
        "type": "bip32",
        "xprv": "xprv9s21ZrQH143K47hNFarLy3vtJmHVCEeNWa2sxijMQQWiZSxHzQsXm1BLEgQgmcUSrSSFxzUwJSPeXbyJwqww2eodLeeaqeUfaQvbXekgHLq",
        "xpub": "xpub661MyMwAqRbcGbmqMcPMLBscro7ybhNDsnxUm78xxk3hSFHSXxBnJoVp5x4pMXZyvGCv9qWQTxHjt9qFcfxiyhVeJxSgVE5uFsayEeHVqCg"
    },
    "labels": {},
    "payment_requests": {},
    "prevouts_by_scripthash": {},
    "seed_version": 50,
    "spent_outpoints": {},
    "transactions": {},
    "tx_fees": {},
    "txi": {},
    "txo": {},
    "use_encryption": false,
    "verified_tx3": {},
    "wallet_type": "standard"
}