{
    "addr_history": {
        "bc1q0kxwpfdv7gk0pjg87t7ew5daqke34lshcv8ugn": [],
        "bc1q0q5045whd4fw0tew0h5gskpfvw9xzugmazx47z": [],
        "bc1q7587t0ftd03l7643ke83ksnmz4w82svkfwe39h": [],
        "bc1q96aj6m0w2qvyk3pahrtj97dnmnccqjhutj32da": [],
        "bc1q97aflaz8zxa52gsv0qga69kxyyxc6w59amvawu": [],
        "bc1qan679k4alu2025hm2435ypwt2l4fwtry50eeq2": [],
        "bc1qc8a4z2dvdat7cfeywagaaxycmmu785e3jwvt0q": [],
        "bc1qcjtucru5uvhdhcsga57pdnwfyedqsmugh7wrv0": [],
        "bc1qdww8tpuq2dsgd8e2zmv7rsq3mjj6pdstmz6ph4": [],
        "bc1qe5fnmcp36v3pcvqpxcvu7xu4mskxmwvexlshau": [],
        "bc1qgasxc8vmdrtjpuprdp2ql6dxhlcxhyw77n9aqt": [],
        "bc1qgg85npjfjwrpdvn6xmgf0sntzeuaxj7vpvygjt": [],
        "bc1qhp66crfxj34fg0gxp2s2jdf3cxwdmpmcy7nm77": [],
        "bc1qlezf23el0v2cx8kkf9vuy83lrkn3ndn6xjnuxf": [],
        "bc1qlplygnytcglz7y5w5eyn22l058765ss6ehvchq": [],
        "bc1qm72q6lctg5dqr75hh22z8t22l28s8jdqc4hwf2": [],
        "bc1qp0n5dfvfjlj5cje3sugx7jygxm5hzl6kz8knwh": [],
        "bc1qpr4kk38njv5mnc3hu0z7nvlueurk8q9efwlwdz": [],
        "bc1qqd4083zrlvt8jskqvu8f5llg0z25zrerjvpy0j": [],
        "bc1qt5vfdk0wkmqx8pyg39gj0yw3aecpndn70mauw7": [],
        "bc1qtcd0z5qd5nn6wlk6u8043dw75qtukj7eh84j20": [],
        "bc1qukwe7l6t54trm3x2lnyl4sux34n7qrtl02xs34": [],
        "bc1qv7gvqvvkz327s3v3zzjtgpam80vfrrxpmkqv4s": [],
        "bc1qvkvju4cd4tyd7jrd943ezcl3y0gjkuvety4w6k": [],
        "bc1qvv42fk7takpfdlx53v93y0xy76hth2dyyqkwex": [],
        "bc1qvxuttvh6cp4k4elg9vkm0sx74r276hm6j4pt6a": [],
        "bc1qwslhwn4eddq2eczyvn34ve064nx5cv8fjv5xw0": [],
        "bc1qx0juruzeqqd7j39ewwhnrnpj09w5hjpsykpuyq": [],
        "bc1qxjkt932na35gu3nppsz48mhh9szxkrszh0e2hz": [],
        "bc1qyzwfyjfpdvlg3lu67y6e0xxqmce3nuxr43vh28": []
    },
    "addresses": {
        "change": [
            "bc1qm72q6lctg5dqr75hh22z8t22l28s8jdqc4hwf2",
            "bc1qp0n5dfvfjlj5cje3sugx7jygxm5hzl6kz8knwh",
            "bc1qpr4kk38njv5mnc3hu0z7nvlueurk8q9efwlwdz",
            "bc1qtcd0z5qd5nn6wlk6u8043dw75qtukj7eh84j20",
            "bc1qt5vfdk0wkmqx8pyg39gj0yw3aecpndn70mauw7",
            "bc1qvxuttvh6cp4k4elg9vkm0sx74r276hm6j4pt6a",
            "bc1qxjkt932na35gu3nppsz48mhh9szxkrszh0e2hz",
            "bc1qgg85npjfjwrpdvn6xmgf0sntzeuaxj7vpvygjt",
            "bc1qvkvju4cd4tyd7jrd943ezcl3y0gjkuvety4w6k",
            "bc1qcjtucru5uvhdhcsga57pdnwfyedqsmugh7wrv0"
        ],
        "receiving": [
            "bc1qdww8tpuq2dsgd8e2zmv7rsq3mjj6pdstmz6ph4",
            "bc1qx0juruzeqqd7j39ewwhnrnpj09w5hjpsykpuyq",
            "bc1q96aj6m0w2qvyk3pahrtj97dnmnccqjhutj32da",
            "bc1qan679k4alu2025hm2435ypwt2l4fwtry50eeq2",
            "bc1qhp66crfxj34fg0gxp2s2jdf3cxwdmpmcy7nm77",
            "bc1qukwe7l6t54trm3x2lnyl4sux34n7qrtl02xs34",
            "bc1q0q5045whd4fw0tew0h5gskpfvw9xzugmazx47z",
            "bc1qlplygnytcglz7y5w5eyn22l058765ss6ehvchq",
            "bc1qvv42fk7takpfdlx53v93y0xy76hth2dyyqkwex",
            "bc1q0kxwpfdv7gk0pjg87t7ew5daqke34lshcv8ugn",
            "bc1qv7gvqvvkz327s3v3zzjtgpam80vfrrxpmkqv4s",
            "bc1qyzwfyjfpdvlg3lu67y6e0xxqmce3nuxr43vh28",
            "bc1q7587t0ftd03l7643ke83ksnmz4w82svkfwe39h",
            "bc1qqd4083zrlvt8jskqvu8f5llg0z25zrerjvpy0j",
            "bc1qc8a4z2dvdat7cfeywagaaxycmmu785e3jwvt0q",
            "bc1qlezf23el0v2cx8kkf9vuy83lrkn3ndn6xjnuxf",
            "bc1qwslhwn4eddq2eczyvn34ve064nx5cv8fjv5xw0",
            "bc1qgasxc8vmdrtjpuprdp2ql6dxhlcxhyw77n9aqt",
            "bc1q97aflaz8zxa52gsv0qga69kxyyxc6w59amvawu",
            "bc1qe5fnmcp36v3pcvqpxcvu7xu4mskxmwvexlshau"
        ]
    },
    "channels": {},
    "fiat_value": {},
    "frozen_coins": {},
    "imported_channel_backups": {},
    "invoices": {},
    "keystore": {
        "derivation": "m/0'",
        "pw_hash_version": 1,
        "root_fingerprint": "f1b69d9e",
        "seed": "minor zone pool accuse remain combine resemble claw medal settle grace capable",
        "seed_type": "segwit",
        "type": "bip32",
        "xprv": "zprvAaLie8yRt5fqkTK46CM4Qzo4mDVQsWk8E2rD5YC4kwE9t7Y6gBT2jaGTMhsdXmmPKVzyBXH384UNXPcToXJiAKUbHyhFT8BQ1b6LaPFqGw4",
        "xpub": "zpub6oL53eWKiTE8xwPXCDt4n8joKFKuGyTybFmosvbgKGm8kusFDimHHNawCzdg4zRYnDQTFjZBboxQDBeK37U54XPc9SEKWNE3djepmKYapwb"
    },
    "labels": {},
    "lightning_payments": {},
    "lightning_preimages": {},
    "lightning_xprv": "zprvAcCzE5UebPve5FQRUXDmLQQ9YoxTpiVGSbSykYYthmWBzposAnkFixUZ24ugFJN8sGdLShAbSLtigmTJwtvCNjqms6h6JbZ6ES9MSGmeyUi",
    "onchain_channel_backups": {},
    "payment_requests": {},
    "prevouts_by_scripthash": {},
    "seed_version": 50,
    "spent_outpoints": {},
    "submarine_swaps": {},
    "transactions": {},
    "tx_fees": {},
    "txi": {},
    "txo": {},
    "use_encryption": false,
    "verified_tx3": {},
    "wallet_type": "standard"
}