{
    "addr_history": {
        "14cewJo4r25wycAWsYJ2z6vaKFBG9jRbkj": [],
        "15dfm37yqJPvLmmGFF68a3wwooL2c2t6Ue": [],
        "15jHiuPEhK79pc3QFMPWz3kCHgnUf4hQHr": [],
        "165SKjMKXgEsT5bTvAt4amca55QAZCWGdu": [],
        "167XBw9LmJYCqYiS8Mf3YDgVxRTjMxtGp1": [],
        "16vSGQZKg3kDPbGutrNfeTDYhv54ywMfkm": [],
        "17A76Z8GQLfeyhhLhe59sU5TMs547bLiwc": [],
        "17H4kU6GKMfFXpBV1iQMHyLJoCJft9vzze": [],
        "17wzbgXgzmknWPowYBkMEDa4Mxd5gJkNiG": [],
        "193WCXLdA28uRxfLb13DfyK5GTLkb7Kb42": [],
        "1Ae3Wf1rfbmThAafapTGaaaRmmUuccFZf4": [],
        "1BCipJregQBNRL1EuTQy3QeecVmebpeumF": [],
        "1C8HubPErtdSVzG2yjuGYfJL4p69BP16gu": [],
        "1CJ7K9R5SxLEdhwzNgcPTinHhgcH1grKkc": [],
        "1CchFwuWvwsg2RgfmgX6HNQP81JK2JeyyA": [],
        "1Cm7VoKEt7FLjihCY61oVG915P1cGqe2u2": [],
        "1Ds9SRQ2K1GbBcUJt31BzJVKKFkeF5UgMS": [],
        "1DuJxC1zp7TQ974Nm2vtwB5sQpudbd4j7Z": [],
        "1EYY3y2B9Mex5RQNTTTLqgANmNwdscnV4E": [],
        "1GLzyekPz1ZKLtNAC7BKt3ZWSgJEDVFiUS": [],
        "1GPnq3qsNqc132rU5679pTs9j3sWNv9HUh": [],
        "1GnZ6UKiKdp6mPJBXGKHHTDMzrQST6LDCm": [],
        "1Jsx5nyrd6vTVviRbDxsB7BEtQxKkDjEpN": [],
        "1KAvahV7rU5QZNWPRgfcKf8KQTRdXgD49g": [],
        "1Lt1ti3CAHZk7x5AdxHhArJWMPRLRNSPDL": [],
        "1M6yeQLQH3qvN7RLxxXSxmAfsue5HrTvLA": [],
        "1MWNj2xECj8gsc16Tga3ehoiDPHY5TPjrt": [],
        "1PycQVFJ47FreEUtD6vFZK8J5DE6iQYzp2": [],
        "1fk7hVyxeDhWr4XJduNmwWscnWmQRnQw2": [],
        "1hbJ92KhLBpoYJGpLnYyoQPwJtSjARjd1": []
    },
    "addresses": {
        "change": [
            "1PycQVFJ47FreEUtD6vFZK8J5DE6iQYzp2",
            "1KAvahV7rU5QZNWPRgfcKf8KQTRdXgD49g",
            "1fk7hVyxeDhWr4XJduNmwWscnWmQRnQw2",
            "1Ds9SRQ2K1GbBcUJt31BzJVKKFkeF5UgMS",
            "15dfm37yqJPvLmmGFF68a3wwooL2c2t6Ue",
            "14cewJo4r25wycAWsYJ2z6vaKFBG9jRbkj",
            "15jHiuPEhK79pc3QFMPWz3kCHgnUf4hQHr",
            "165SKjMKXgEsT5bTvAt4amca55QAZCWGdu",
            "1GnZ6UKiKdp6mPJBXGKHHTDMzrQST6LDCm",
            "1Jsx5nyrd6vTVviRbDxsB7BEtQxKkDjEpN"
        ],
        "receiving": [
            "1GPnq3qsNqc132rU5679pTs9j3sWNv9HUh",
            "1hbJ92KhLBpoYJGpLnYyoQPwJtSjARjd1",
            "1MWNj2xECj8gsc16Tga3ehoiDPHY5TPjrt",
            "1Ae3Wf1rfbmThAafapTGaaaRmmUuccFZf4",
            "1BCipJregQBNRL1EuTQy3QeecVmebpeumF",
            "1DuJxC1zp7TQ974Nm2vtwB5sQpudbd4j7Z",
            "17A76Z8GQLfeyhhLhe59sU5TMs547bLiwc",
            "1CchFwuWvwsg2RgfmgX6HNQP81JK2JeyyA",
            "1M6yeQLQH3qvN7RLxxXSxmAfsue5HrTvLA",
            "1GLzyekPz1ZKLtNAC7BKt3ZWSgJEDVFiUS",
            "16vSGQZKg3kDPbGutrNfeTDYhv54ywMfkm",
            "1EYY3y2B9Mex5RQNTTTLqgANmNwdscnV4E",
            "1CJ7K9R5SxLEdhwzNgcPTinHhgcH1grKkc",
            "1C8HubPErtdSVzG2yjuGYfJL4p69BP16gu",
            "167XBw9LmJYCqYiS8Mf3YDgVxRTjMxtGp1",
            "1Lt1ti3CAHZk7x5AdxHhArJWMPRLRNSPDL",
            "17wzbgXgzmknWPowYBkMEDa4Mxd5gJkNiG",
            "193WCXLdA28uRxfLb13DfyK5GTLkb7Kb42",
            "17H4kU6GKMfFXpBV1iQMHyLJoCJft9vzze",
            "1Cm7VoKEt7FLjihCY61oVG915P1cGqe2u2"
        ]
    },
    "fiat_value": {},
    "frozen_coins": {},
    "invoices": {},
    "keystore": {
        "derivation": "m",
        "pw_hash_version": 1,
        "root_fingerprint": "10645606",
        "seed": "minor zone pool action remain combine total claw medal settle grace capable",
        "seed_type": "standard",
        "type": "bip32",
        "xprv": "xprv9s21ZrQH143K2Lguyyc2jXzFrejhV8DzHBbJSMxosWtkscKkVQWZWnhc1UyVZZZ7NP2NjFk55eKadoXcUvrHLhhkxzXECqvMe4JNThbuyvG",
        "xpub": "xpub661MyMwAqRbcEpmP61936fvzQgaBtawqeQWuEkNRRrRjkQeu2wpp4b25rmwPXB1S6NakomBuYB15P8WbKkANMzyaTwqCPRWWL7LqUdnyR5T"
    },
    "labels": {},
    "payment_requests": {},
    "prevouts_by_scripthash": {},
    "seed_version": 50,
    "spent_outpoints": {},
    "transactions": {},
    "tx_fees": {},
    "txi": {},
    "txo": {},
    "use_encryption": false,
    "verified_tx3": {},
    "wallet_type": "standard"
}