{
    "addr_history": {
        "12vjfttXFMY3XVSw5UqgaQyXTsXzDvPYrq": [],
        "143X8Uh2tTomg9hxdXwTXrLo1n4ZvTrdSg": [],
        "14VtaMVtx2jnAEon9hdePemugHhr1DGpvV": [],
        "14cv1daKiFVooqPKbZFDhxQXBCVTgS1XWY": [],
        "15cvoQ6epP7AiRTN5nW5ehANdqp545cBNr": [],
        "16mSnVGQDpgpN59WucwxZTwtP1TEKsDt5j": [],
        "17C2odZFak46E4N3rcMSWbmwZKPpF7Z3Fr": [],
        "17U6UDTw3aGvS1YJahbwaxALe3FRF24me3": [],
        "17oRQwXzscWNywQhdVrf1ZZGGUcqB7xgmp": [],
        "18mk5KumSFdneM37DTFxheayrAUo3MMswg": [],
        "196Lo1Mv5EYchEB6MqnF2yT9rTsBLvohQ6": [],
        "19DQ1QncRpfMKFiyKri9U4eYeMv6yh8UCc": [],
        "19uqJUsEsqBMwiw7xgwKftj2Q22SCGSrQ2": [],
        "1BTRYiPsBWSSZEsab3FNPSrmfuFJu5KJWA": [],
        "1BdZZ491aYUHBv1fKCFuQ3dGd1v9LQFgis": [],
        "1CWbj7QULgULrEpLEwuGLSKHpgTiUJhX6U": [],
        "1DRTN3coqWVk6TfScTtJaZAyeSk6ZBgVLm": [],
        "1DpSYN71YFWfyBwj5XNRcYE17hh7MhfmbU": [],
        "1FBerpabMvYo5N1QDbBur7ZCqFxmEEMEC1": [],
        "1FsT8T9EPsdpCSCEiBCXHKmkguYcxwRFZ8": [],
        "1FwQHYQSfJgXnj6zXbsj7BNm9ZJVmVPNot": [],
        "1GZPRRuXGB53XqwV33TntB82MeNVvBd3ye": [],
        "1Gr6wVyisvS9YEierf4uDXgnVt3bvB51NQ": [],
        "1HQinAXkdF1Kp8HwKNWhvTs1DUcBTQoZYD": [],
        "1JfCWQ2Nq9iyAP3gAZYho2q8EjPDN1U2yJ": [],
        "1JpgESapEsSGrrqbiEHB8vXhmHWizoP8h4": [],
        "1NR9J3k2F9Q3gC3qNMSiDs9dEUNbnDifhi": [],
        "1PKZKw4zLdUx3aM414JHyXr8XkieKzn7ho": [],
        "1Q4YprciPrQxN7BUwjdLUyVCqwKx3soGAy": [],
        "1Q7Cd7HacMKoiMoxioZFFVmrbpkDfezKFZ": []
    },
    "addresses": {
        "change": [
            "14VtaMVtx2jnAEon9hdePemugHhr1DGpvV",
            "18mk5KumSFdneM37DTFxheayrAUo3MMswg",
            "1DRTN3coqWVk6TfScTtJaZAyeSk6ZBgVLm",
            "1JpgESapEsSGrrqbiEHB8vXhmHWizoP8h4",
            "14cv1daKiFVooqPKbZFDhxQXBCVTgS1XWY",
            "1BdZZ491aYUHBv1fKCFuQ3dGd1v9LQFgis",
            "196Lo1Mv5EYchEB6MqnF2yT9rTsBLvohQ6",
            "1HQinAXkdF1Kp8HwKNWhvTs1DUcBTQoZYD",
            "19uqJUsEsqBMwiw7xgwKftj2Q22SCGSrQ2",
            "1Q4YprciPrQxN7BUwjdLUyVCqwKx3soGAy"
        ],
        "receiving": [
            "1NR9J3k2F9Q3gC3qNMSiDs9dEUNbnDifhi",
            "1DpSYN71YFWfyBwj5XNRcYE17hh7MhfmbU",
            "1Q7Cd7HacMKoiMoxioZFFVmrbpkDfezKFZ",
            "1JfCWQ2Nq9iyAP3gAZYho2q8EjPDN1U2yJ",
            "16mSnVGQDpgpN59WucwxZTwtP1TEKsDt5j",
            "1FBerpabMvYo5N1QDbBur7ZCqFxmEEMEC1",
            "1FwQHYQSfJgXnj6zXbsj7BNm9ZJVmVPNot",
            "1BTRYiPsBWSSZEsab3FNPSrmfuFJu5KJWA",
            "1GZPRRuXGB53XqwV33TntB82MeNVvBd3ye",
            "143X8Uh2tTomg9hxdXwTXrLo1n4ZvTrdSg",
            "1PKZKw4zLdUx3aM414JHyXr8XkieKzn7ho",
            "12vjfttXFMY3XVSw5UqgaQyXTsXzDvPYrq",
            "1FsT8T9EPsdpCSCEiBCXHKmkguYcxwRFZ8",
            "17oRQwXzscWNywQhdVrf1ZZGGUcqB7xgmp",
            "15cvoQ6epP7AiRTN5nW5ehANdqp545cBNr",
            "1Gr6wVyisvS9YEierf4uDXgnVt3bvB51NQ",
            "1CWbj7QULgULrEpLEwuGLSKHpgTiUJhX6U",
            "17U6UDTw3aGvS1YJahbwaxALe3FRF24me3",
            "19DQ1QncRpfMKFiyKri9U4eYeMv6yh8UCc",
            "17C2odZFak46E4N3rcMSWbmwZKPpF7Z3Fr"
        ]
    },
    "fiat_value": {},
    "frozen_coins": {},
    "invoices": {},
    "keystore": {
        "derivation": "m",
        "pw_hash_version": 1,
        "root_fingerprint": "2952416d",
        "seed": "minor zone pool amazing remain combine light claw medal settle grace capable",
        "seed_type": "standard",
        "type": "bip32",
        "xprv": "xprv9s21ZrQH143K2f68Gd498eSAVJNxV6J4jBWnywNGStUmr3H7AWZVk6p68yjMPK96oRkeZuMeRp8ZYW9X9xAgWsK4v5pHUbVTGKthfDxSWgs",
        "xpub": "xpub661MyMwAqRbcF9AbNeb9VnNu3LDStZ1v6QSPnKmt1E1kiqcFi3skHu8ZzELXqkQeXebniDfvLfWMzVAZ7ERgoKgCCBUWB1kS663Jy4gK2Y8"
    },
    "labels": {},
    "payment_requests": {},
    "prevouts_by_scripthash": {},
    "seed_version": 50,
    "spent_outpoints": {},
    "transactions": {},
    "tx_fees": {},
    "txi": {},
    "txo": {},
    "use_encryption": false,
    "verified_tx3": {},
    "wallet_type": "standard"
}