{
    "addr_history": {
        "146Y64BXKBMYGPVe7MyeJE5eLxBMADd7VW": [],
        "14TzEGmULGE2PShaL2vp86xEBpBkx5f1ux": [],
        "151dcpMJim88dHhpFNF7GWFiyELCWUHCR4": [],
        "15doCqbWrQnCfbqg65SuRAJNxRurFgNiCZ": [],
        "16w8jwsRXTitoA7QgNnMk22uTaPEBnVksE": [],
        "17GkaKwmtZLzoqnT3jn24po14ryLoaRW3J": [],
        "17KV2oiCdM2gGzhxHFdVfooHxhWPY4xQho": [],
        "17RbSEyhicfXW88nzDNBYa72ZFPFYuedSm": [],
        "18hCVGHmYatX17pZq2QN31a5kJcGbb5MgW": [],
        "19Cu5DvbAAjjLmZ4jigmDsyVDPdd79axG8": [],
        "1A69j1M61GL4qwniTUXPifuQkNL1vC7DSV": [],
        "1AGb1WELBoDiurtHJjSZpacxcCdn2GyjkV": [],
        "1AqWhEdCseHJdvKXc1xEyJCWfvg3LYDbU3": [],
        "1GUictCEyVZEHz56cAncuge1uJT3maYmpo": [],
        "1HpYa91V1KR4rrLeJ5xM2YJNxsGUKvD64t": [],
        "1HrzuqQn4uXrFEciaVRfhKoJuEnzCdWXr3": [],
        "1HtpBjwL7hg2b8Ue1Z7a1vmqSPSw1XqyRh": [],
        "1J5kpiXE7XQbUSV5TbRsJRTN29c8DgPqbA": [],
        "1JHDVb9bzzbQQNxz8kvW3rJPFu4uuinLkv": [],
        "1K5g3SdGNjsDCFdrjozZZFVt4ZxiZWr9He": [],
        "1KUaRFRF2QTqTHhHEkdFqHNFuZSHNCiFGM": [],
        "1LDa2C7ZNAaU2ocpaEiD1hUQitqFEAh1wG": [],
        "1LJfWeqe7APqE8cx2smLz97Q2gM9T8kpsR": [],
        "1LrJLT5eqA8k8GLJNiDMnnEtv3ffErBgVj": [],
        "1LsvDf61NGbQW1cTr57EBfyf6oaq1bZg4Y": [],
        "1M6G1rQoKyu8hBHGy8ZacpocZDmH8jrvsZ": [],
        "1PZXZs56jbfU6SsK1buvUa8gecaovitPVk": [],
        "1bBqcfU28BoUMnUHwDkTC9BRSykDAFPdY": [],
        "1gRdTmvYVDc8bCzGtKALTNg1HkfW6MNgP": [],
        "1zY3jqyMUDfUzhHSNjEk99hfErnqCgAaN": []
    },
    "addresses": {
        "change": [
            "1bBqcfU28BoUMnUHwDkTC9BRSykDAFPdY",
            "1JHDVb9bzzbQQNxz8kvW3rJPFu4uuinLkv",
            "19Cu5DvbAAjjLmZ4jigmDsyVDPdd79axG8",
            "1gRdTmvYVDc8bCzGtKALTNg1HkfW6MNgP",
            "1K5g3SdGNjsDCFdrjozZZFVt4ZxiZWr9He",
            "1M6G1rQoKyu8hBHGy8ZacpocZDmH8jrvsZ",
            "17KV2oiCdM2gGzhxHFdVfooHxhWPY4xQho",
            "15doCqbWrQnCfbqg65SuRAJNxRurFgNiCZ",
            "1AGb1WELBoDiurtHJjSZpacxcCdn2GyjkV",
            "1HtpBjwL7hg2b8Ue1Z7a1vmqSPSw1XqyRh"
        ],
        "receiving": [
            "1AqWhEdCseHJdvKXc1xEyJCWfvg3LYDbU3",
            "1KUaRFRF2QTqTHhHEkdFqHNFuZSHNCiFGM",
            "1J5kpiXE7XQbUSV5TbRsJRTN29c8DgPqbA",
            "14TzEGmULGE2PShaL2vp86xEBpBkx5f1ux",
            "151dcpMJim88dHhpFNF7GWFiyELCWUHCR4",
            "1PZXZs56jbfU6SsK1buvUa8gecaovitPVk",
            "17RbSEyhicfXW88nzDNBYa72ZFPFYuedSm",
            "1LDa2C7ZNAaU2ocpaEiD1hUQitqFEAh1wG",
            "1HrzuqQn4uXrFEciaVRfhKoJuEnzCdWXr3",
            "1LsvDf61NGbQW1cTr57EBfyf6oaq1bZg4Y",
            "18hCVGHmYatX17pZq2QN31a5kJcGbb5MgW",
            "1GUictCEyVZEHz56cAncuge1uJT3maYmpo",
            "16w8jwsRXTitoA7QgNnMk22uTaPEBnVksE",
            "1LJfWeqe7APqE8cx2smLz97Q2gM9T8kpsR",
            "146Y64BXKBMYGPVe7MyeJE5eLxBMADd7VW",
            "1HpYa91V1KR4rrLeJ5xM2YJNxsGUKvD64t",
            "1A69j1M61GL4qwniTUXPifuQkNL1vC7DSV",
            "1zY3jqyMUDfUzhHSNjEk99hfErnqCgAaN",
            "1LrJLT5eqA8k8GLJNiDMnnEtv3ffErBgVj",
            "17GkaKwmtZLzoqnT3jn24po14ryLoaRW3J"
        ]
    },
    "fiat_value": {},
    "frozen_coins": {},
    "invoices": {},
    "keystore": {
        "derivation": "m",
        "pw_hash_version": 1,
        "root_fingerprint": "a7b9e541",
        "seed": "minor zone pool artefact remain combine equal claw medal settle grace capable",
        "seed_type": "standard",
        "type": "bip32",
        "xprv": "xprv9s21ZrQH143K4YK1nBP8BLhmcTGYoJzAqoYiHg5DNVrwwJ5Jz1Z4WmjZ3VVsweTzWDv6RCJeTm867AHNkFG4UPZh5nKQxDzuDF7tWJcup6Z",
        "xpub": "xpub661MyMwAqRbcH2PUtCv8YUeWAV73Cmi2D2UK64UpvqPvp6QTXYsK4a42tmAesHuRfC83CCbYXewVT9PxxKbjzVhDzH7UN3aEqXXTYgqY1dE"
    },
    "labels": {},
    "payment_requests": {},
    "prevouts_by_scripthash": {},
    "seed_version": 50,
    "spent_outpoints": {},
    "transactions": {},
    "tx_fees": {},
    "txi": {},
    "txo": {},
    "use_encryption": false,
    "verified_tx3": {},
    "wallet_type": "standard"
}