{
    "addr_history": {
        "bc1q2jtn38tdq654k4fv9axepnut45ql5w0zre9eg4": [],
        "bc1q33slugnp5uu2vv4nfatvt3el4cl8mr3tkese3u": [],
        "bc1q3s7kfueajaf7z6ltr9hsrh0yysp0mg29p0zttt": [],
        "bc1q8hpjlqgq6t39xzh00ewg8avqxdw59ylcydq9fa": [],
        "bc1q8wsczdfa09mx6hgmyf5hxk9mta2zg7jx6hn75f": [],
        "bc1q8zfkzsul6vtj3c0zkrsh85aq67k952s4z7wesz": [],
        "bc1q93jh23l7a9ly4cyxfnhej44zpfvgrfz37ajjly": [],
        "bc1qcdaygpkhdff7nsl9283h6m008ahm2lqsk7xut6": [],
        "bc1qcggv3qmclgae0wpngh24c4jzf3veduv302ydsl": [],
        "bc1qfprz40vp0zhf00859msmjxr4mj9we2rer95d76": [],
        "bc1qfzh7789rfsrczqflct2tkqxjpz5zmt4htd95xx": [],
        "bc1qlzzxvlf4cqazg4v5dg3jq3faf8h7empr006ppd": [],
        "bc1qmwt83ppt89ettschd8kztd5yy9cv3funphrwdp": [],
        "bc1qnxcnr2h5rc63vzfnm9w4axve36cjjt4pznm78f": [],
        "bc1qq6mn6j3y80rwczhglfxj88uymadnnp4y2mx5dy": [],
        "bc1qqwuqx9epx4hf944txr4sk59kpk2gdsc2d6s55h": [],
        "bc1qr87a533wc9vp7lgasem8lpmrg9xskrjzr8gg8n": [],
        "bc1qr8setawj88z59n2ulmeg26kw5s97agrr8f4xx2": [],
        "bc1qr990250eha8wk0j9m80j7s6rgqsjjvgex0y3em": [],
        "bc1qs7php4vwlzucz06w2m5fcdh7rsrc4p3xargute": [],
        "bc1qsv73dpuk2r4augjv5ka87l4g9tesehw4vqg6ef": [],
        "bc1qvq8ured8relxv7khuvpxenydq0gdn6hk0djtyp": [],
        "bc1qwh76akyxw0mmc9th4fm2er66akwdjvxhjtafgw": [],
        "bc1qwkmesz3y7cwxqqptv2zl5htx8eegnt4m9d49s2": [],
        "bc1qwsp6zf5v8vfwgfmy3f662qm2ae2z79wnqnxvsm": [],
        "bc1qx02thegf44dplwaksax76g6eytgr9t0gjvatrc": [],
        "bc1qxnptgn60xg6vag39u8g626mxn9v9zgzar0ngfh": [],
        "bc1qyf4nx0a2fz3uu76caeddeezan3n6gu0e5ycrer": [],
        "bc1qzauu9chhvh08pywqh2reulen0ckhpks6wlvruj": [],
        "bc1qze9halc0qusj58qjguhvdgwx5t4ef7rkgjmpgj": []
    },
    "addresses": {
        "change": [
            "bc1qqwuqx9epx4hf944txr4sk59kpk2gdsc2d6s55h",
            "bc1qr990250eha8wk0j9m80j7s6rgqsjjvgex0y3em",
            "bc1qsv73dpuk2r4augjv5ka87l4g9tesehw4vqg6ef",
            "bc1qq6mn6j3y80rwczhglfxj88uymadnnp4y2mx5dy",
            "bc1qvq8ured8relxv7khuvpxenydq0gdn6hk0djtyp",
            "bc1qnxcnr2h5rc63vzfnm9w4axve36cjjt4pznm78f",
            "bc1q2jtn38tdq654k4fv9axepnut45ql5w0zre9eg4",
            "bc1qr87a533wc9vp7lgasem8lpmrg9xskrjzr8gg8n",
            "bc1q8zfkzsul6vtj3c0zkrsh85aq67k952s4z7wesz",
            "bc1qyf4nx0a2fz3uu76caeddeezan3n6gu0e5ycrer"
        ],
        "receiving": [
            "bc1qwh76akyxw0mmc9th4fm2er66akwdjvxhjtafgw",
            "bc1qfzh7789rfsrczqflct2tkqxjpz5zmt4htd95xx",
            "bc1q33slugnp5uu2vv4nfatvt3el4cl8mr3tkese3u",
            "bc1qxnptgn60xg6vag39u8g626mxn9v9zgzar0ngfh",
            "bc1qmwt83ppt89ettschd8kztd5yy9cv3funphrwdp",
            "bc1q8wsczdfa09mx6hgmyf5hxk9mta2zg7jx6hn75f",
            "bc1qlzzxvlf4cqazg4v5dg3jq3faf8h7empr006ppd",
            "bc1qs7php4vwlzucz06w2m5fcdh7rsrc4p3xargute",
            "bc1qfprz40vp0zhf00859msmjxr4mj9we2rer95d76",
            "bc1qze9halc0qusj58qjguhvdgwx5t4ef7rkgjmpgj",
            "bc1qr8setawj88z59n2ulmeg26kw5s97agrr8f4xx2",
            "bc1qwsp6zf5v8vfwgfmy3f662qm2ae2z79wnqnxvsm",
            "bc1qwkmesz3y7cwxqqptv2zl5htx8eegnt4m9d49s2",
            "bc1qx02thegf44dplwaksax76g6eytgr9t0gjvatrc",
            "bc1qcdaygpkhdff7nsl9283h6m008ahm2lqsk7xut6",
            "bc1q8hpjlqgq6t39xzh00ewg8avqxdw59ylcydq9fa",
            "bc1qzauu9chhvh08pywqh2reulen0ckhpks6wlvruj",
            "bc1q93jh23l7a9ly4cyxfnhej44zpfvgrfz37ajjly",
            "bc1qcggv3qmclgae0wpngh24c4jzf3veduv302ydsl",
            "bc1q3s7kfueajaf7z6ltr9hsrh0yysp0mg29p0zttt"
        ]
    },
    "channels": {},
    "fiat_value": {},
    "frozen_coins": {},
    "imported_channel_backups": {},
    "invoices": {},
    "keystore": {
        "derivation": "m/0'",
        "pw_hash_version": 1,
        "root_fingerprint": "8db64643",
        "seed": "minor zone pool attend remain combine effort claw medal settle grace capable",
        "seed_type": "segwit",
        "type": "bip32",
        "xprv": "zprvAZc61Nbw5tHfSgkDBxLtffwvQ95tLksKkfxV4Xf9RAHsn91f4MGmG4gezhc82AEL5SzYSPyDbpEbc1zpNj6SmHCzPBL1v5zqEDNioRfgt76",
        "xpub": "zpub6nbSQt8pvFqxfApgHysu2otexAvNkDbB7tt5rv4kyVprewLobtb1os18qxR159pELR5P7hc4nBsMetFMAgdXre6pB9fHtgsiwz1BUM5gYBx"
    },
    "labels": {},
    "lightning_payments": {},
    "lightning_preimages": {},
    "lightning_xprv": "zprvAbpJeHwpWMTJuArR7AHioFH7jAc5rtMNtVNK1jjE4JC7QnJW7cwHbY1uAZmadGieyLrdaBC4wHLAtbpq8v5qLo9GahEhgTfzweRCwhzFwqa",
    "onchain_channel_backups": {},
    "payment_requests": {},
    "prevouts_by_scripthash": {},
    "seed_version": 50,
    "spent_outpoints": {},
    "submarine_swaps": {},
    "transactions": {},
    "tx_fees": {},
    "txi": {},
    "txo": {},
    "use_encryption": false,
    "verified_tx3": {},
    "wallet_type": "standard"
}