{
    "addr_history": {
        "132ors27yAPZhRD2xFYNsxJFhmruANJTtr": [],
        "13b3fUTGLdLSyq9Ybvh6AjghbVNk78czbQ": [],
        "13z3ptAxwYtCbkduh878zVmB8hti6VEdcR": [],
        "14QjoTuiJUxpZzk69onRF9r61HsbeLXszT": [],
        "15xQzFtXQ3wTfATwcL1xAq6JCF19YeYvmF": [],
        "16DfUS5wbJXnGSASfr2Fg6Dct9xNr6eYQb": [],
        "16DmHMPZwAXtBDkbLvWwqkyToSLbLUEsB9": [],
        "17Rojeg9UZqD6aQ2stFYVddJ4967ARs9yC": [],
        "1999aKw7QAJbD294mCNMMW8V8Xe2rJ1WrM": [],
        "19QLjFZSXnYPC2fQDHw8c4bWtmtJQ3BM7d": [],
        "1ABd9mgPS9S1HdnZGfSVRCzCgX1GAmcFaJ": [],
        "1Bcfg9pEV7V2KzJATPP4LPEfj94NxAfHEK": [],
        "1DBKEMUsYUnNm8PiR9hmsz3G5bFaNSicnR": [],
        "1FaZoFpPP4xwNddNga89JNoEdk8bjdaNpo": [],
        "1FrnZrkvW39KdBMFC3BywLiahictvBc7Pv": [],
        "1FyvNU3VZTqskXX5CKCnQtQojND1UwrZjA": [],
        "1GgELCQTA2YxygwfRpSXJh6JPo93HL74Vn": [],
        "1Gszz71o1KJcmMMe4MpTLtn5tafpUxFPNx": [],
        "1H2KroDw7QZAnZyLBjPBU3QrrJHAHMe6fW": [],
        "1HVxactZYhPS2k2Hd111nXwHKcWbNMpD45": [],
        "1KeqQtmSeTUoFRu7PF8fRy9LtB59BNVCmR": [],
        "1LApiWpuES1S3ZYwE5ufNE6YY8k6bSVeJ": [],
        "1LCtSaVguWb5XCvKiZUCjxbkRbMKKczK8Q": [],
        "1MJi1ghq7UxE1nvq4qdeS2cjNwXWE3rThu": [],
        "1MQnHD91uV6dgDoCmyNpPV8ntMSQMhXb6m": [],
        "1NB49jc7Z37wNiLv7tHBpzeY6kpCRNPCNv": [],
        "1NEBjuY97r8Mr1Nxw2Gwbx849UdwJ1xzbr": [],
        "1PVLP1AAYSkVgEmHPFyZRqvVYrDQoSsR4h": [],
        "1PhExaR9hnFRf6iVRMZz3Wd1x93UsPS2LA": [],
        "1QFq18qA1B1qDLnnF3W1PrZ7si28Kkjde3": []
    },
    "addresses": {
        "change": [
            "19QLjFZSXnYPC2fQDHw8c4bWtmtJQ3BM7d",
            "17Rojeg9UZqD6aQ2stFYVddJ4967ARs9yC",
            "1Bcfg9pEV7V2KzJATPP4LPEfj94NxAfHEK",
            "1FyvNU3VZTqskXX5CKCnQtQojND1UwrZjA",
            "16DmHMPZwAXtBDkbLvWwqkyToSLbLUEsB9",
            "1NB49jc7Z37wNiLv7tHBpzeY6kpCRNPCNv",
            "1QFq18qA1B1qDLnnF3W1PrZ7si28Kkjde3",
            "1HVxactZYhPS2k2Hd111nXwHKcWbNMpD45",
            "15xQzFtXQ3wTfATwcL1xAq6JCF19YeYvmF",
            "1LApiWpuES1S3ZYwE5ufNE6YY8k6bSVeJ"
        ],
        "receiving": [
            "1PVLP1AAYSkVgEmHPFyZRqvVYrDQoSsR4h",
            "1H2KroDw7QZAnZyLBjPBU3QrrJHAHMe6fW",
            "16DfUS5wbJXnGSASfr2Fg6Dct9xNr6eYQb",
            "14QjoTuiJUxpZzk69onRF9r61HsbeLXszT",
            "1LCtSaVguWb5XCvKiZUCjxbkRbMKKczK8Q",
            "1NEBjuY97r8Mr1Nxw2Gwbx849UdwJ1xzbr",
            "1MJi1ghq7UxE1nvq4qdeS2cjNwXWE3rThu",
            "1FaZoFpPP4xwNddNga89JNoEdk8bjdaNpo",
            "1KeqQtmSeTUoFRu7PF8fRy9LtB59BNVCmR",
            "1999aKw7QAJbD294mCNMMW8V8Xe2rJ1WrM",
            "1MQnHD91uV6dgDoCmyNpPV8ntMSQMhXb6m",
            "1DBKEMUsYUnNm8PiR9hmsz3G5bFaNSicnR",
            "1ABd9mgPS9S1HdnZGfSVRCzCgX1GAmcFaJ",
            "13z3ptAxwYtCbkduh878zVmB8hti6VEdcR",
            "132ors27yAPZhRD2xFYNsxJFhmruANJTtr",
            "13b3fUTGLdLSyq9Ybvh6AjghbVNk78czbQ",
            "1GgELCQTA2YxygwfRpSXJh6JPo93HL74Vn",
            "1FrnZrkvW39KdBMFC3BywLiahictvBc7Pv",
            "1Gszz71o1KJcmMMe4MpTLtn5tafpUxFPNx",
            "1PhExaR9hnFRf6iVRMZz3Wd1x93UsPS2LA"
        ]
    },
    "fiat_value": {},
    "frozen_coins": {},
    "invoices": {},
    "keystore": {
        "derivation": "m",
        "pw_hash_version": 1,
        "root_fingerprint": "c1ac21c3",
        "seed": "minor zone pool asthma remain combine secret claw medal settle grace capable",
        "seed_type": "standard",
        "type": "bip32",
        "xprv": "xprv9s21ZrQH143K3pJA95Hb7y3GYWZ9D7oJ9VFXziGeBXD8nq7EfmqAzCxfcWBj8snb9ekDeDDT5h2gG4trZNfpirh63k81ozpt73oBzfwGuzD",
        "xpub": "xpub661MyMwAqRbcGJNdF6pbV6z16YPdcaX9WiB8o6gFjrk7fdSPDK9RY1H9TmQHq5yoyy4HjjVHiG8PsvW34PKxnANxqmDcHMmUi8fqVX2JDWR"
    },
    "labels": {},
    "payment_requests": {},
    "prevouts_by_scripthash": {},
    "seed_version": 50,
    "spent_outpoints": {},
    "transactions": {},
    "tx_fees": {},
    "txi": {},
    "txo": {},
    "use_encryption": false,
    "verified_tx3": {},
    "wallet_type": "standard"
}