{
    "addr_history": {
        "12iGtr1dXpE2pKQfQH7Yg5Em3mTEUGMod7": [],
        "12s6JcUvyvLhdPv7hUSM4hSreeUDMaN9ML": [],
        "12x2i9JTMw4LFYWBjgCHHMsv1eBtQ8GyXL": [],
        "13HascLafSjPRgsvXzVGyo4XUuUkKHfpHe": [],
        "13Pxc2CbZz2LAUoUB5mnwtuo8cjwMisLzU": [],
        "13wzSdgNYhUG7hSS9fuCVpNxtowENyQRdP": [],
        "144ZVXDssWGDi16hBHSDZiHjkWxvZqn5T2": [],
        "14FiEGJMHVGi2YHJ537rbNYMMD4bt1Eu6v": [],
        "14jTUbytLuuNLBZPs7o7bfVFmscm16jsgd": [],
        "16EaBgUWZgD84m4pBUUzzWJmrJPtKxUbux": [],
        "17wzy81PHJtNRPEEVH9EfVUhtSzyYyc13g": [],
        "18JCxDqntYuhkaGqp5B5Y7jGZe5BNyv5jB": [],
        "1BwamkqeSqTsYrMZEvvUMKSTuXK1R9iRAp": [],
        "1CK14SRFJe5AHyFo3HNoHPWmEk6N3R7Cjy": [],
        "1CXA3pry5G1Hy9oDFhRBX9p5karS1MfLHj": [],
        "1DtqEHqhJypTPoNCwfYkkngaHV7WKWhoiU": [],
        "1DxZCdUd1ykMLHEgUmB59S9DhU1iqZdFBg": [],
        "1GDrcafvLRjWm6YnqRfT8cTTY2pBnWGTep": [],
        "1GJyHe9f1jq1vFY5fiR3agbVF2vRBXTxpj": [],
        "1HGEnusYu7pbXDAuPxudMXWVeuPc9fgwHq": [],
        "1HM2jeod7sJXnByPW4tTrFaAs7oWauZSsq": [],
        "1JBGnDvVK9nGVatdiBZgNzayq88hdy7497": [],
        "1JWqwbmponH4KCuhMneuax2xoeDRuVRn5g": [],
        "1JXyQDBoG3kdXq3st1mGSUjsuLSGKtJHzR": [],
        "1M3KqoWStdGC3uFh58BiJ2WJ91XUqVddsW": [],
        "1MQjfVN7L25GNfsvaXcmnv3qEiHTWWQoy9": [],
        "1NoQ7pp9vL3Wgo5w625cFEoZhmjSA8PPcH": [],
        "1NypJAVUfRWn5DkX28PCizSQNFkc4EnCL6": [],
        "1QFfBcDEmFXtMfbFueTsR1xfD8bcSSvxLJ": [],
        "1mtxRGWgX5HBtiY4DrFsz6JUsA8hrVdZn": []
    },
    "addresses": {
        "change": [
            "1MQjfVN7L25GNfsvaXcmnv3qEiHTWWQoy9",
            "14FiEGJMHVGi2YHJ537rbNYMMD4bt1Eu6v",
            "16EaBgUWZgD84m4pBUUzzWJmrJPtKxUbux",
            "1BwamkqeSqTsYrMZEvvUMKSTuXK1R9iRAp",
            "14jTUbytLuuNLBZPs7o7bfVFmscm16jsgd",
            "1GDrcafvLRjWm6YnqRfT8cTTY2pBnWGTep",
            "1NypJAVUfRWn5DkX28PCizSQNFkc4EnCL6",
            "13HascLafSjPRgsvXzVGyo4XUuUkKHfpHe",
            "1JBGnDvVK9nGVatdiBZgNzayq88hdy7497",
            "18JCxDqntYuhkaGqp5B5Y7jGZe5BNyv5jB"
        ],
        "receiving": [
            "1DxZCdUd1ykMLHEgUmB59S9DhU1iqZdFBg",
            "1QFfBcDEmFXtMfbFueTsR1xfD8bcSSvxLJ",
            "1DtqEHqhJypTPoNCwfYkkngaHV7WKWhoiU",
            "1HGEnusYu7pbXDAuPxudMXWVeuPc9fgwHq",
            "144ZVXDssWGDi16hBHSDZiHjkWxvZqn5T2",
            "1JWqwbmponH4KCuhMneuax2xoeDRuVRn5g",
            "12x2i9JTMw4LFYWBjgCHHMsv1eBtQ8GyXL",
            "1NoQ7pp9vL3Wgo5w625cFEoZhmjSA8PPcH",
            "12iGtr1dXpE2pKQfQH7Yg5Em3mTEUGMod7",
            "1M3KqoWStdGC3uFh58BiJ2WJ91XUqVddsW",
            "17wzy81PHJtNRPEEVH9EfVUhtSzyYyc13g",
            "1HM2jeod7sJXnByPW4tTrFaAs7oWauZSsq",
            "12s6JcUvyvLhdPv7hUSM4hSreeUDMaN9ML",
            "1CK14SRFJe5AHyFo3HNoHPWmEk6N3R7Cjy",
            "1CXA3pry5G1Hy9oDFhRBX9p5karS1MfLHj",
            "1mtxRGWgX5HBtiY4DrFsz6JUsA8hrVdZn",
            "13wzSdgNYhUG7hSS9fuCVpNxtowENyQRdP",
            "1JXyQDBoG3kdXq3st1mGSUjsuLSGKtJHzR",
            "1GJyHe9f1jq1vFY5fiR3agbVF2vRBXTxpj",
            "13Pxc2CbZz2LAUoUB5mnwtuo8cjwMisLzU"
        ]
    },
    "fiat_value": {},
    "frozen_coins": {},
    "invoices": {},
    "keystore": {
        "derivation": "m",
        "pw_hash_version": 1,
        "root_fingerprint": "a958c51e",
        "seed": "minor zone pool armed remain combine inject claw medal settle grace capable",
        "seed_type": "standard",
        "type": "bip32",
        "xprv": "xprv9s21ZrQH143K2qRWeF1S1eSonkktr3gvMzJwgjDweTdUCnmVrwuqQwXeHvwtCF1RaXGs41wXDSGTsLAXFA2RPmXbPzh1kP1hj96dGAMvoS1",
        "xpub": "xpub661MyMwAqRbcFKVykGYSNnPYLnbPFWQmjDEYV7dZCoAT5b6eQVE5xjr89CR8MHtX3Yqo9eVEc6dckkTr8C2hxFCGhMmgVFyHZPoDcmZoz4b"
    },
    "labels": {},
    "payment_requests": {},
    "prevouts_by_scripthash": {},
    "seed_version": 50,
    "spent_outpoints": {},
    "transactions": {},
    "tx_fees": {},
    "txi": {},
    "txo": {},
    "use_encryption": false,
    "verified_tx3": {},
    "wallet_type": "standard"
}