{
    "addr_history": {
        "12ovRmVDAzxxRGLTn5bGNNke1KKbLgsVEt": [],
        "13PEttJMrkpsg2hAGGJhuwgmBECoZRXksC": [],
        "13wGHUBKU3EXhRnX8TDN54Yb8VDnfHPM2k": [],
        "14bNfmNNTwWvMkxT3CK6vHAozqAgY3kfrv": [],
        "152VNS1PLAvErAtGCX9XLTbdJhUf3CK5hr": [],
        "15kSRKQAVbv3KKbwN8aEAd3T4emZWwkNF7": [],
        "16gJkgDTi4MdR1MM8cAkcj26sWJv8MEhYx": [],
        "177ezk9rDohfM3y4gc3Q827AsdpzwF9LYY": [],
        "19t6bSeehC2ExSdELC7vkMsnw2LmdxqY5N": [],
        "1Boc8sDt5qyyMKCHJM1LrXw7G7P1dZWYtw": [],
        "1C4zdrgVCKUVrJbqGKVpacPujy3XvV2AzT": [],
        "1C9fAQ1wbTZNyQdfNBDfp8RZVgizH4gm4z": [],
        "1DUjE2aceyHn6iQ3sysShQnwDa81ZKmvdG": [],
        "1F55885mJxTq5YnrxJXwg5QRWHw8dq68nR": [],
        "1FC1F19jXfdZqqTqdYDyUrtBPhqtG2w7Ah": [],
        "1FHSNRU4nKXh88cHQagyjN7LGnKJS1Ds5N": [],
        "1FUEy46Le2i9G6BHNgmFoEPbe4VTzErzRV": [],
        "1JJaAfukeQi4aoWdnd9txgpGsooQ7UFmdD": [],
        "1JSEpHXZdENZPhNDkcrvejnkzf3bWSkE8c": [],
        "1JzpPtyRuQm6QbRtq5thds2XjUPVYuuYnM": [],
        "1KC4Jsq88hMVux5EALJsqbdadZsT9EVGvf": [],
        "1LMrgUcMEqrrhhSxUC5NeenUc6uqhM3FgB": [],
        "1Li3JKfxCiz13XwKrXx3TCEZ6oNcMwVrmJ": [],
        "1LtoC4h2ZB16m1oFpuQifRLVqvGeEvG9Fh": [],
        "1Ltv3KbyzAMY8suqFK4EQT1Ud83cCSaQd": [],
        "1MXekwP6oD2PqNiuE3AXB3ZS6WjchbmNnT": [],
        "1NWvWo1A766iza6d3nfaXRwXTnYgexnagv": [],
        "1PHgysV4QxeFvk4TDHkz1c4QFuGUWYWvLa": [],
        "1PNT1cTtPbJPA6YofaPanpFiujpMrT6Mgs": [],
        "1Q4bZRQhY629XU4z3P6b9q6Aq4ZnNhfrpL": []
    },
    "addresses": {
        "change": [
            "1Li3JKfxCiz13XwKrXx3TCEZ6oNcMwVrmJ",
            "1Ltv3KbyzAMY8suqFK4EQT1Ud83cCSaQd",
            "1F55885mJxTq5YnrxJXwg5QRWHw8dq68nR",
            "19t6bSeehC2ExSdELC7vkMsnw2LmdxqY5N",
            "12ovRmVDAzxxRGLTn5bGNNke1KKbLgsVEt",
            "1JzpPtyRuQm6QbRtq5thds2XjUPVYuuYnM",
            "177ezk9rDohfM3y4gc3Q827AsdpzwF9LYY",
            "152VNS1PLAvErAtGCX9XLTbdJhUf3CK5hr",
            "1Q4bZRQhY629XU4z3P6b9q6Aq4ZnNhfrpL",
            "1LMrgUcMEqrrhhSxUC5NeenUc6uqhM3FgB"
        ],
        "receiving": [
            "1C4zdrgVCKUVrJbqGKVpacPujy3XvV2AzT",
            "1C9fAQ1wbTZNyQdfNBDfp8RZVgizH4gm4z",
            "15kSRKQAVbv3KKbwN8aEAd3T4emZWwkNF7",
            "1FHSNRU4nKXh88cHQagyjN7LGnKJS1Ds5N",
            "1DUjE2aceyHn6iQ3sysShQnwDa81ZKmvdG",
            "1Boc8sDt5qyyMKCHJM1LrXw7G7P1dZWYtw",
            "1MXekwP6oD2PqNiuE3AXB3ZS6WjchbmNnT",
            "1PNT1cTtPbJPA6YofaPanpFiujpMrT6Mgs",
            "16gJkgDTi4MdR1MM8cAkcj26sWJv8MEhYx",
            "1NWvWo1A766iza6d3nfaXRwXTnYgexnagv",
            "1PHgysV4QxeFvk4TDHkz1c4QFuGUWYWvLa",
            "1JJaAfukeQi4aoWdnd9txgpGsooQ7UFmdD",
            "1KC4Jsq88hMVux5EALJsqbdadZsT9EVGvf",
            "1LtoC4h2ZB16m1oFpuQifRLVqvGeEvG9Fh",
            "13PEttJMrkpsg2hAGGJhuwgmBECoZRXksC",
            "1JSEpHXZdENZPhNDkcrvejnkzf3bWSkE8c",
            "14bNfmNNTwWvMkxT3CK6vHAozqAgY3kfrv",
            "1FC1F19jXfdZqqTqdYDyUrtBPhqtG2w7Ah",
            "1FUEy46Le2i9G6BHNgmFoEPbe4VTzErzRV",
            "13wGHUBKU3EXhRnX8TDN54Yb8VDnfHPM2k"
        ]
    },
    "fiat_value": {},
    "frozen_coins": {},
    "invoices": {},
    "keystore": {
        "derivation": "m",
        "pw_hash_version": 1,
        "root_fingerprint": "ca1199e1",
        "seed": "minor zone pool ball remain combine shock claw medal settle grace capable",
        "seed_type": "standard",
        "type": "bip32",
        "xprv": "xprv9s21ZrQH143K4TDDm3BZKx4CS67JLQe5X43kZZjnduGWJtBQAmYh9gsnBK9AgU8JPkFuKz54Ti5Tap8bB4gMW3X2VWwMT2PcocFx71LEFff",
        "xpub": "xpub661MyMwAqRbcGwHgs4iZh5zvz7wnjsMvtGyMMx9QCEoVBgWYiJrwhVCG2bfHgA3PCffcYCvrVVe8h7Yy7QMubz5Mi7fduyi6ZtpY1NoVWsw"
    },
    "labels": {},
    "payment_requests": {},
    "prevouts_by_scripthash": {},
    "seed_version": 50,
    "spent_outpoints": {},
    "transactions": {},
    "tx_fees": {},
    "txi": {},
    "txo": {},
    "use_encryption": false,
    "verified_tx3": {},
    "wallet_type": "standard"
}