{
    "addr_history": {
        "122tuHRwKBign8SsbScS7R3ACquprHrHJ1": [],
        "13a9KnygFAQKNMXg7p7z2dRsps5TZvKQf3": [],
        "13gm6eMPXycJd1RTJQhCVQnhPHwUQPDDa6": [],
        "13stkL7TDGWAQAb7de6HUPNZXN9LcK5udZ": [],
        "14hH6tHyoWAbVxEN3ZcSR7ho5josJVhQCQ": [],
        "15qme2swQmrspaL7yCCFkgrAY2kr6fwfLj": [],
        "169Tj5Jn7xFjJFL7wCJBSv7Fco6ufJVN8H": [],
        "17QyodBnxoXd4zh3s3GvL3Y995pZaXPR7K": [],
        "18Kz1zT7yg67Ye24bLuF2yn6dd11gdL3VY": [],
        "196C7Vem8abSEHoJvC9tDzS2YskEDF4V5F": [],
        "19VFXhBE7pWnuALKabb9ez5YTBz6XrWByL": [],
        "19ftCGBs2crQ12N3DsaoXdNtzSfGfT4J1a": [],
        "19uSoUn9KUfDkJLh6LXjvYSWKzq4fFAFRg": [],
        "1A9zQnCvpCnwU8MqqqUBtEk76ScDC7PWY3": [],
        "1BVbDPky46V4D4GMAgERYKGcEYqdcJYVkx": [],
        "1BYD2CZPKT8MVtkRgz456Fs31i9PoHoDhm": [],
        "1CyVAJbbj75VrPvVYk6BVLf4NCHdjiNwxr": [],
        "1EL9UbRHM2nzyJ9R3LCcAEBZDeKehjncwt": [],
        "1EYSaTzQKkVpzqyxPftc2W6Ns129vHjQF5": [],
        "1FxHABs4xCFyUQ3sKQy8WKjPkbjasBTagw": [],
        "1GCrU9EWbSzhu3zdBXiqrGaKejJiuK7gNp": [],
        "1HT9id4Wqak7yzKQPg1ks5yuZ8vs3QF8Nh": [],
        "1HmMft5hVeLMfykuU95oepoGu6GH52UkME": [],
        "1JiAZC9Ftf4S1c183YnDZhXML3vHhuGUwY": [],
        "1L2m2sudibCPw6Q5J6yQW6ccrKtCBdSeiC": [],
        "1MDEZH5mey1zSVxHNF8qcaCdxg1J7PuUrM": [],
        "1MP99KQ8U1mFbTds5DRDzxpD8qBqnBgYMD": [],
        "1NsaKP4pcWHzZjUkkDPvM9tx5ooNyYYCNX": [],
        "1Nyzp8JAjoJqt3LZivHKHXSy6QKBeMtVxs": [],
        "1P8pXevUXLkNER67jFWXJ5JdgjJALDTFoQ": []
    },
    "addresses": {
        "change": [
            "1FxHABs4xCFyUQ3sKQy8WKjPkbjasBTagw",
            "1JiAZC9Ftf4S1c183YnDZhXML3vHhuGUwY",
            "1BVbDPky46V4D4GMAgERYKGcEYqdcJYVkx",
            "196C7Vem8abSEHoJvC9tDzS2YskEDF4V5F",
            "13a9KnygFAQKNMXg7p7z2dRsps5TZvKQf3",
            "1BYD2CZPKT8MVtkRgz456Fs31i9PoHoDhm",
            "1CyVAJbbj75VrPvVYk6BVLf4NCHdjiNwxr",
            "1HT9id4Wqak7yzKQPg1ks5yuZ8vs3QF8Nh",
            "1GCrU9EWbSzhu3zdBXiqrGaKejJiuK7gNp",
            "19uSoUn9KUfDkJLh6LXjvYSWKzq4fFAFRg"
        ],
        "receiving": [
            "15qme2swQmrspaL7yCCFkgrAY2kr6fwfLj",
            "13stkL7TDGWAQAb7de6HUPNZXN9LcK5udZ",
            "1NsaKP4pcWHzZjUkkDPvM9tx5ooNyYYCNX",
            "1L2m2sudibCPw6Q5J6yQW6ccrKtCBdSeiC",
            "18Kz1zT7yg67Ye24bLuF2yn6dd11gdL3VY",
            "122tuHRwKBign8SsbScS7R3ACquprHrHJ1",
            "1A9zQnCvpCnwU8MqqqUBtEk76ScDC7PWY3",
            "1MDEZH5mey1zSVxHNF8qcaCdxg1J7PuUrM",
            "169Tj5Jn7xFjJFL7wCJBSv7Fco6ufJVN8H",
            "1P8pXevUXLkNER67jFWXJ5JdgjJALDTFoQ",
            "14hH6tHyoWAbVxEN3ZcSR7ho5josJVhQCQ",
            "1EYSaTzQKkVpzqyxPftc2W6Ns129vHjQF5",
            "1HmMft5hVeLMfykuU95oepoGu6GH52UkME",
            "19ftCGBs2crQ12N3DsaoXdNtzSfGfT4J1a",
            "1Nyzp8JAjoJqt3LZivHKHXSy6QKBeMtVxs",
            "1MP99KQ8U1mFbTds5DRDzxpD8qBqnBgYMD",
            "19VFXhBE7pWnuALKabb9ez5YTBz6XrWByL",
            "13gm6eMPXycJd1RTJQhCVQnhPHwUQPDDa6",
            "1EL9UbRHM2nzyJ9R3LCcAEBZDeKehjncwt",
            "17QyodBnxoXd4zh3s3GvL3Y995pZaXPR7K"
        ]
    },
    "fiat_value": {},
    "frozen_coins": {},
    "invoices": {},
    "keystore": {
        "derivation": "m",
        "pw_hash_version": 1,
        "root_fingerprint": "bde116ed",
        "seed": "minor zone pool anxiety remain combine comic claw medal settle grace capable",
        "seed_type": "standard",
        "type": "bip32",
        "xprv": "xprv9s21ZrQH143K2prBgYC7vvtzw3kDuCjRaMabhCrcKkZcY3gb4R2s3PNCSxHs6ubHVTY2fA9JcYTkjXxKSKdwD4y1BjryMQ5xhY3LGEK1BjR",
        "xpub": "xpub661MyMwAqRbcFJvenZj8J4qjV5aiJfTGwaWCVbGDt66bQr1jbxM7bBggJECUPeaXRBVEvR3xbwAVAhn5oYVHgCsj2decXjwfQyxW8JXnSjM"
    },
    "labels": {},
    "payment_requests": {},
    "prevouts_by_scripthash": {},
    "seed_version": 50,
    "spent_outpoints": {},
    "transactions": {},
    "tx_fees": {},
    "txi": {},
    "txo": {},
    "use_encryption": false,
    "verified_tx3": {},
    "wallet_type": "standard"
}