{
    "addr_history": {
        "11JYFGBRX8KPVSXx2qjfrM3nfP7VZSVhS": [],
        "12zqXL9MJUCcWqKhG3viZMTCxxNr6NEsEX": [],
        "14dHM8TzvfS9BnqxYmTmaXBTw5nh8wkydt": [],
        "14nRUGk2z6p2CC52whAtZoT4qmi3yoUPo8": [],
        "15KA5tnn57FZLemrte2JUExi4ddpdiTowN": [],
        "15dXqqNvG7ibeuhQiCaspzwKhJuwuhm1YX": [],
        "15owoLzfiPaMsa5THVws2X8Ru99uw5D7Es": [],
        "162BXPYHemJUvfsRtEbQU1A7wo5qp2bQJN": [],
        "169LLML2yUJRk8cZprsBTbttGfCXgwAX3Q": [],
        "17PFWBbT2MitNpU78bfE5PRmoR47XorTe4": [],
        "17qg9s5j2e44Ya3CGJtRPmFcNseyGnm5Ag": [],
        "18EYBMWafvPVGquoZkrGAMrJ7t31o58pSX": [],
        "1A7d5uMsEcFN2dQ2RPedMmDYWxbjxHfoWV": [],
        "1B2ejBMKdfEVuAShrEzGpz4hkBYBvwTo5w": [],
        "1B76V8Si3gJAfdwo5sLfSDpqXkaQG5oZS4": [],
        "1BWeBoVw8zwpY2qbay9LCFjo4BeTj763yX": [],
        "1CCuZiuAuM31WM1AuboTRRGUJaYKgDWtg2": [],
        "1EVK8AgukUKfYDHqWtskQWvEBBjiDkM5cD": [],
        "1EaDGCznJ8kYpVQJpfjXyKAhUGBX3QoHZW": [],
        "1Eh7DqLeMuMvwC1VbZqFSkjTBtkk3MB8Fq": [],
        "1F5aZEcuFU8wfAnWXh2qCWLJrrDhz2vmVR": [],
        "1F6vg9xmmZoHtQY3nL5cMWr8rgw3s3KB3R": [],
        "1FopA6Ha2vckbSDENAnghVWMsZorLZQ9Na": [],
        "1GFy3AzWh2u8CEUpuD6juFHsQtRAC8xrxJ": [],
        "1HxrMUQgbJoQt7tS1W8JXE94YSVUzCmC6Y": [],
        "1JdQtMVxrhYBjEBLLBjAPjsedAAHjgaAdS": [],
        "1JjrWPmVB28hQp9MCceYaJbNwofKPRGzGa": [],
        "1KEVDtA4hUU3xk65ktKVDHh98rTiwxRFkU": [],
        "1Nja42z817FH7zgduFxVZ7XKQCawqcB7oq": [],
        "1PLwrCvKTksKxspxr664W1mvcad5HAwJYc": []
    },
    "addresses": {
        "change": [
            "162BXPYHemJUvfsRtEbQU1A7wo5qp2bQJN",
            "1F5aZEcuFU8wfAnWXh2qCWLJrrDhz2vmVR",
            "1EaDGCznJ8kYpVQJpfjXyKAhUGBX3QoHZW",
            "17PFWBbT2MitNpU78bfE5PRmoR47XorTe4",
            "1JjrWPmVB28hQp9MCceYaJbNwofKPRGzGa",
            "1CCuZiuAuM31WM1AuboTRRGUJaYKgDWtg2",
            "1BWeBoVw8zwpY2qbay9LCFjo4BeTj763yX",
            "1Eh7DqLeMuMvwC1VbZqFSkjTBtkk3MB8Fq",
            "1GFy3AzWh2u8CEUpuD6juFHsQtRAC8xrxJ",
            "1B2ejBMKdfEVuAShrEzGpz4hkBYBvwTo5w"
        ],
        "receiving": [
            "169LLML2yUJRk8cZprsBTbttGfCXgwAX3Q",
            "1Nja42z817FH7zgduFxVZ7XKQCawqcB7oq",
            "1EVK8AgukUKfYDHqWtskQWvEBBjiDkM5cD",
            "18EYBMWafvPVGquoZkrGAMrJ7t31o58pSX",
            "11JYFGBRX8KPVSXx2qjfrM3nfP7VZSVhS",
            "1HxrMUQgbJoQt7tS1W8JXE94YSVUzCmC6Y",
            "1PLwrCvKTksKxspxr664W1mvcad5HAwJYc",
            "17qg9s5j2e44Ya3CGJtRPmFcNseyGnm5Ag",
            "15KA5tnn57FZLemrte2JUExi4ddpdiTowN",
            "1JdQtMVxrhYBjEBLLBjAPjsedAAHjgaAdS",
            "12zqXL9MJUCcWqKhG3viZMTCxxNr6NEsEX",
            "1KEVDtA4hUU3xk65ktKVDHh98rTiwxRFkU",
            "1B76V8Si3gJAfdwo5sLfSDpqXkaQG5oZS4",
            "14dHM8TzvfS9BnqxYmTmaXBTw5nh8wkydt",
            "1A7d5uMsEcFN2dQ2RPedMmDYWxbjxHfoWV",
            "1F6vg9xmmZoHtQY3nL5cMWr8rgw3s3KB3R",
            "1FopA6Ha2vckbSDENAnghVWMsZorLZQ9Na",
            "15dXqqNvG7ibeuhQiCaspzwKhJuwuhm1YX",
            "14nRUGk2z6p2CC52whAtZoT4qmi3yoUPo8",
            "15owoLzfiPaMsa5THVws2X8Ru99uw5D7Es"
        ]
    },
    "fiat_value": {},
    "frozen_coins": {},
    "invoices": {},
    "keystore": {
        "derivation": "m",
        "pw_hash_version": 1,
        "root_fingerprint": "6341ccb5",
        "seed": "minor zone pool abuse remain combine beyond claw medal settle grace capable",
        "seed_type": "standard",
        "type": "bip32",
        "xprv": "xprv9s21ZrQH143K2RbUe8oMK7iDt7vG8hPMVZ2xaFUM2Sb78joEXp55y9vRjq4a91xN5SRh3k4BYGRhH55hvP5CdNzUatVfM1QwkWJUZcvv2C3",
        "xpub": "xpub661MyMwAqRbcEufwkALMgFexS9kkYA7CrmxZNdsxan861Y8P5MPLWxEub9KWY1qcKYAw3h3SxHYQSN2JvDudYD7oAgZoR7nUzq4AX5q1paw"
    },
    "labels": {},
    "payment_requests": {},
    "prevouts_by_scripthash": {},
    "seed_version": 50,
    "spent_outpoints": {},
    "transactions": {},
    "tx_fees": {},
    "txi": {},
    "txo": {},
    "use_encryption": false,
    "verified_tx3": {},
    "wallet_type": "standard"
}