{
    "addr_history": {
        "14QBDPTmMr9YwWXAb3ByxvR8PtQmDaYZhB": [],
        "14fwvCc7aPRmtQQhQ3FjQ1GVFyAhCJLtNZ": [],
        "14gnBbPvM5HhzpN6D3K58LYSDXVbnASShY": [],
        "14gpDxLpubvRJPfo2JxYcxFfCdcdYnGSRo": [],
        "15gangUFoDhc2qPjEaryNe9E1sBhJWvqXU": [],
        "15qnQSLKf1Q9AoW18i6X58bhc7Tqyhj87s": [],
        "164tDfR2pdZdGRDK58opcs9j69Hm28pLSJ": [],
        "18GfsGRNYTn5pruZDTmU7vzDNR6ijuAT6q": [],
        "18eYYiWgXQs54LYyswjE5tLAS642neDmxx": [],
        "18pTUkyMNHjrXCP6SxSkSG2TuktjCmw1xV": [],
        "18y8nRcgKQZ7o1rUnF7yyhjH8VwQzcKX1X": [],
        "19bsV1oN8KygkHWSjbbnRQm46ynENrvviG": [],
        "1AyHjyKNynEA5xAgGWDF4SezK3ozamnQK1": [],
        "1BA3NvsrU4oLqZMVC6HPjSj16umCHS6WmR": [],
        "1DLeF8a6ZtqzNg9mzpEekbYsnunCZW3Ruv": [],
        "1Ex96PTphBxKHuuYbbQrTthMFV4MXfT99X": [],
        "1HDXPeRA6ZTF1ZZbyLkx3QCDYjpgYRoTVs": [],
        "1HsN1xY71GCbbMmYwzAzAV1sQVoK4vQRSB": [],
        "1J2rLKwYfuwFKobLUfpDNytntcoaB8fpUq": [],
        "1JD1eEZ1pJW4MdikYcdhjRm93gHFJQq56J": [],
        "1JRWrokGsmzxyP9T71PuSQQZywh6CbQUrx": [],
        "1KAQ2dR4GASzxTXHqeWsgQP38wALBJFAfT": [],
        "1LaNc5p8PuSGXqnxTku7kBojsHh8wWcMhw": [],
        "1Lyq4Uf6841uGeTKLwzByRPvsuiZb97XpZ": [],
        "1N5p3DnUDRbZaRY5hZxCz8VPUt4SNMNNMf": [],
        "1NeGwxWum23Lah18Ci76u429ipcZMqEo8z": [],
        "1Nf8zQ7JwVjdSuEkpaHv2sVbpLC16EdmDY": [],
        "1P34mL6e2Bb3VsjSqMhDj9gmS9MHRPN7hf": [],
        "1P9psioXJChTBt5rof5wmpdU16z4sd55M": [],
        "1gcQnski8y7H55ykexNUnbWXnHXaZ91UJ": []
    },
    "addresses": {
        "change": [
            "18pTUkyMNHjrXCP6SxSkSG2TuktjCmw1xV",
            "1P9psioXJChTBt5rof5wmpdU16z4sd55M",
            "1gcQnski8y7H55ykexNUnbWXnHXaZ91UJ",
            "1BA3NvsrU4oLqZMVC6HPjSj16umCHS6WmR",
            "14QBDPTmMr9YwWXAb3ByxvR8PtQmDaYZhB",
            "1DLeF8a6ZtqzNg9mzpEekbYsnunCZW3Ruv",
            "1NeGwxWum23Lah18Ci76u429ipcZMqEo8z",
            "1AyHjyKNynEA5xAgGWDF4SezK3ozamnQK1",
            "1HDXPeRA6ZTF1ZZbyLkx3QCDYjpgYRoTVs",
            "15qnQSLKf1Q9AoW18i6X58bhc7Tqyhj87s"
        ],
        "receiving": [
            "1Lyq4Uf6841uGeTKLwzByRPvsuiZb97XpZ",
            "1P34mL6e2Bb3VsjSqMhDj9gmS9MHRPN7hf",
            "1Nf8zQ7JwVjdSuEkpaHv2sVbpLC16EdmDY",
            "14gnBbPvM5HhzpN6D3K58LYSDXVbnASShY",
            "1N5p3DnUDRbZaRY5hZxCz8VPUt4SNMNNMf",
            "14gpDxLpubvRJPfo2JxYcxFfCdcdYnGSRo",
            "18y8nRcgKQZ7o1rUnF7yyhjH8VwQzcKX1X",
            "1KAQ2dR4GASzxTXHqeWsgQP38wALBJFAfT",
            "1LaNc5p8PuSGXqnxTku7kBojsHh8wWcMhw",
            "1JD1eEZ1pJW4MdikYcdhjRm93gHFJQq56J",
            "18eYYiWgXQs54LYyswjE5tLAS642neDmxx",
            "14fwvCc7aPRmtQQhQ3FjQ1GVFyAhCJLtNZ",
            "1JRWrokGsmzxyP9T71PuSQQZywh6CbQUrx",
            "1HsN1xY71GCbbMmYwzAzAV1sQVoK4vQRSB",
            "164tDfR2pdZdGRDK58opcs9j69Hm28pLSJ",
            "19bsV1oN8KygkHWSjbbnRQm46ynENrvviG",
            "18GfsGRNYTn5pruZDTmU7vzDNR6ijuAT6q",
            "15gangUFoDhc2qPjEaryNe9E1sBhJWvqXU",
            "1J2rLKwYfuwFKobLUfpDNytntcoaB8fpUq",
            "1Ex96PTphBxKHuuYbbQrTthMFV4MXfT99X"
        ]
    },
    "fiat_value": {},
    "frozen_coins": {},
    "invoices": {},
    "keystore": {
        "derivation": "m",
        "pw_hash_version": 1,
        "root_fingerprint": "ade5a32c",
        "seed": "minor zone pool all remain combine solve claw medal settle grace capable",
        "seed_type": "standard",
        "type": "bip32",
        "xprv": "xprv9s21ZrQH143K3y69S9NFAByKBHtoVzZm5zYJg5H3vDqpQysiauS2ZzhRXH4P8reaEG9h8ZoysuAMvM46L1rNsydXq8cC8ZbsmQc2besQskP",
        "xpub": "xpub661MyMwAqRbcGTAcYAuFXKv3jKjHuTHcTDTuUTgfUZNoHnCs8SkH7o1uNZhkxYKwr2Y9F4zWheJuP2FCQj5aVx6HL9ahmNbyiPVjCyALmip"
    },
    "labels": {},
    "payment_requests": {},
    "prevouts_by_scripthash": {},
    "seed_version": 50,
    "spent_outpoints": {},
    "transactions": {},
    "tx_fees": {},
    "txi": {},
    "txo": {},
    "use_encryption": false,
    "verified_tx3": {},
    "wallet_type": "standard"
}