{
    "addr_history": {
        "12CMNyxUWkWKfUx3AWqvF7tCXBvWrxrkoz": [],
        "12RJascfFfWLHPwhu5t6shRAyxpdDL1kfW": [],
        "162JPa2335PqKXJXbLhfkhKsQe5xymLEFA": [],
        "16Fsd6ycY2XJ9bVxcGHrsvCrcj3HgCg7FU": [],
        "16Mv5iyQcwC6RXvecHLbXK3T9pJaTLz4xC": [],
        "179ncoGg8aMRnC5HsbeB2ey47jCPS3bgwq": [],
        "19EvJn8Atob8y4dKXrLvsN8p4F7TyB7kQd": [],
        "1AXnTeCdsLTRhgXivxvSSKQbkuBsiQWmUw": [],
        "1B83GJwMpk61JYvLFY3xMkVuVgkSD4UeBw": [],
        "1BegbnUsSFhLgJSdoRqEBjKgZkqsPJBea9": [],
        "1CRbWGTTZ7bjEkdM4uJGnDS6Zo6NGkyRV7": [],
        "1DxcVDVgrmLiLNyeUTs2s4qbBSkGNRpwXG": [],
        "1FwwgNqqJ3ZwKfPv4CuKBTdmELrjTekAem": [],
        "1GManUDjXU17KPq56t5VKp4pew5K2z43nV": [],
        "1GciFUKM2obMJtEfgDfepFEuGjMxsKT4uV": [],
        "1Geib4EW1Yd2q1W2QovmabLqsJWewBXex": [],
        "1Gn9xrkqP62MTcEyx3HKrMwXf2PL1qk6iM": [],
        "1GvNN6Hvd1ChpJTFaqPqaR3zGUN9Smpdth": [],
        "1JkZnGKtdLSPEYWddP58CCYNxFtWCUm6pj": [],
        "1Jwr3qkgUmxoBJXAXG4faGwFyQubMmgWXh": [],
        "1KiNJ7sJP1BqYen1TUJcHt4QYV6dD5DTM7": [],
        "1KmEoBbFZHTMMRtwmGsXWae2Gz4SrXopFw": [],
        "1L8JLWAkdb7N1pwX8EQoFZjYvNA6tXMcZf": [],
        "1LR8NEkLRJLTJukedbtQkBgDcP1sk7UBxP": [],
        "1Lfm8toHUpKYVBPyEAkL7HMuKzUUVpK9by": [],
        "1Ms4vpz14UFDwBXndPPchhbEVU94qPJdss": [],
        "1Nrf9TWNaJv336zf7FXCZpMjrF9hREbuTh": [],
        "1PyBDaBhEdcqJvZ2AVrh4wMo2rzG9GqoFw": [],
        "1Q3bD4FmEL5yM5RVF6E8roJckCY6UmH6by": [],
        "1tJ5EyMzg1uq7E4TRS2Y4E7REWwesUh8G": []
    },
    "addresses": {
        "change": [
            "1L8JLWAkdb7N1pwX8EQoFZjYvNA6tXMcZf",
            "1GvNN6Hvd1ChpJTFaqPqaR3zGUN9Smpdth",
            "1GManUDjXU17KPq56t5VKp4pew5K2z43nV",
            "1Geib4EW1Yd2q1W2QovmabLqsJWewBXex",
            "1JkZnGKtdLSPEYWddP58CCYNxFtWCUm6pj",
            "1FwwgNqqJ3ZwKfPv4CuKBTdmELrjTekAem",
            "12CMNyxUWkWKfUx3AWqvF7tCXBvWrxrkoz",
            "1KiNJ7sJP1BqYen1TUJcHt4QYV6dD5DTM7",
            "16Mv5iyQcwC6RXvecHLbXK3T9pJaTLz4xC",
            "1GciFUKM2obMJtEfgDfepFEuGjMxsKT4uV"
        ],
        "receiving": [
            "1B83GJwMpk61JYvLFY3xMkVuVgkSD4UeBw",
            "1tJ5EyMzg1uq7E4TRS2Y4E7REWwesUh8G",
            "179ncoGg8aMRnC5HsbeB2ey47jCPS3bgwq",
            "1Gn9xrkqP62MTcEyx3HKrMwXf2PL1qk6iM",
            "1Nrf9TWNaJv336zf7FXCZpMjrF9hREbuTh",
            "1Q3bD4FmEL5yM5RVF6E8roJckCY6UmH6by",
            "1Ms4vpz14UFDwBXndPPchhbEVU94qPJdss",
            "12RJascfFfWLHPwhu5t6shRAyxpdDL1kfW",
            "1PyBDaBhEdcqJvZ2AVrh4wMo2rzG9GqoFw",
            "1Jwr3qkgUmxoBJXAXG4faGwFyQubMmgWXh",
            "1CRbWGTTZ7bjEkdM4uJGnDS6Zo6NGkyRV7",
            "19EvJn8Atob8y4dKXrLvsN8p4F7TyB7kQd",
            "16Fsd6ycY2XJ9bVxcGHrsvCrcj3HgCg7FU",
            "162JPa2335PqKXJXbLhfkhKsQe5xymLEFA",
            "1KmEoBbFZHTMMRtwmGsXWae2Gz4SrXopFw",
            "1Lfm8toHUpKYVBPyEAkL7HMuKzUUVpK9by",
            "1AXnTeCdsLTRhgXivxvSSKQbkuBsiQWmUw",
            "1LR8NEkLRJLTJukedbtQkBgDcP1sk7UBxP",
            "1BegbnUsSFhLgJSdoRqEBjKgZkqsPJBea9",
            "1DxcVDVgrmLiLNyeUTs2s4qbBSkGNRpwXG"
        ]
    },
    "fiat_value": {},
    "frozen_coins": {},
    "invoices": {},
    "keystore": {
        "derivation": "m",
        "pw_hash_version": 1,
        "root_fingerprint": "b40c623f",
        "seed": "minor zone pool about remain combine access claw medal settle grace capable",
        "seed_type": "standard",
        "type": "bip32",
        "xprv": "xprv9s21ZrQH143K36J5tgZFLbUBQzCsD8PjjoNxQiQbYDazPsJVxcL52pmmmEiQjeeYBYb5EU6qp6qHQX22yPf4QBBqTJHpaU2m5Adys1yNhtP",
        "xpub": "xpub661MyMwAqRbcFaNYzi6FhjQuy23Mcb7b72JZD6pD6Z7yGfdeW9eKad6FcXXLj5C6zqeyDMK1mvRs1VnE2jDgLagfjYQcjmWGAWPawWo6CUp"
    },
    "labels": {},
    "payment_requests": {},
    "prevouts_by_scripthash": {},
    "seed_version": 50,
    "spent_outpoints": {},
    "transactions": {},
    "tx_fees": {},
    "txi": {},
    "txo": {},
    "use_encryption": false,
    "verified_tx3": {},
    "wallet_type": "standard"
}