{
    "addr_history": {
        "121yUecwfKNRUYRiMdQ79WKTyuTeCnBiSz": [],
        "122kX46DsSnmRg7Xk5CCkTyAazCu8nBDsN": [],
        "12h4Y9kX2YN41rdntiUUXAsF73PMV7uAJy": [],
        "13HPFtyXDThmshDzsUuqrD4bB8iNizVALU": [],
        "15XtFbqFehx5LNn4UiWtrejBo1Fraq92me": [],
        "15yJr9zxmXZSWYjVRd8GyJH87zuxDqU3Jk": [],
        "18LkrxaG3n4MAp9BA3ZeBqApyxURcMDCRQ": [],
        "19MudC3pqFsSxcTsmvdoTFDXrbnwvTL6eS": [],
        "19cgAkgdkrb8G4npYwJJw8jMarUWz3ndkc": [],
        "19mhWNVPwngzpqDbtn4CrHYWQRozUP3Yev": [],
        "19uUorPqU8bmUCkuNtkFCjc3tBecip4r1H": [],
        "1AtiyS9bwerwpKfKMUHcjVUX7YH6GmSEat": [],
        "1B89ct1FZXm8L1D4Y9uhsLd4ZGMjULurNc": [],
        "1Bxm5w42RtFCVySiBcWtw4uT7bk9vXXPi4": [],
        "1EViJXhZZ3iXS3wUfsokYb1TUTwyvZF2s8": [],
        "1EgN7NwNhMdkejS7g6RBjkshCR4oj5f3aH": [],
        "1EiKJTs5SUb7mKhDyzMvMKCAS4MiHBGt2t": [],
        "1Eqk5dPC2SJh8JZytrBqNiYPG2CaijR2U2": [],
        "1G7WuhCDswp12GFStuqNdwuBYEch2e1kYM": [],
        "1Gdyx615PhiVd2J7LE1aAFtoeYgBwd6Vzx": [],
        "1JweiGy58NH6PPxXdAiKBWyqhAH3iNMFdn": [],
        "1K7qCsWi1aubp4hGLuYEyBNtG2MyR4yLq6": [],
        "1KRbDZk8aDchQbAjqWDhxMbQdvmDALJc5e": [],
        "1KYBajPoTgCmqJ4TjLZT6nKimduFTGipRc": [],
        "1KjZjDme5wz7nE4tjV7DpYc7J3qYzTW8GG": [],
        "1LQoE3rUmwyL1DkR7uofTgw9cM28gJNWx2": [],
        "1MkdAY6wZuQXkGwUG2vPocQZksTF2APGdo": [],
        "1P37Sh8opJDme9hBmjpyykzExD1PuQnPpd": [],
        "1P3gMedKgV1mEfNrf5dnUgF2GmPHibG7QS": [],
        "1nDfFAfFnAoCFmDbFyLVt2iYaG3wENQBu": []
    },
    "addresses": {
        "change": [
            "1LQoE3rUmwyL1DkR7uofTgw9cM28gJNWx2",
            "1EiKJTs5SUb7mKhDyzMvMKCAS4MiHBGt2t",
            "1MkdAY6wZuQXkGwUG2vPocQZksTF2APGdo",
            "1G7WuhCDswp12GFStuqNdwuBYEch2e1kYM",
            "1Bxm5w42RtFCVySiBcWtw4uT7bk9vXXPi4",
            "18LkrxaG3n4MAp9BA3ZeBqApyxURcMDCRQ",
            "1P3gMedKgV1mEfNrf5dnUgF2GmPHibG7QS",
            "15yJr9zxmXZSWYjVRd8GyJH87zuxDqU3Jk",
            "1nDfFAfFnAoCFmDbFyLVt2iYaG3wENQBu",
            "1KYBajPoTgCmqJ4TjLZT6nKimduFTGipRc"
        ],
        "receiving": [
            "1K7qCsWi1aubp4hGLuYEyBNtG2MyR4yLq6",
            "122kX46DsSnmRg7Xk5CCkTyAazCu8nBDsN",
            "1EgN7NwNhMdkejS7g6RBjkshCR4oj5f3aH",
            "1AtiyS9bwerwpKfKMUHcjVUX7YH6GmSEat",
            "1KRbDZk8aDchQbAjqWDhxMbQdvmDALJc5e",
            "1KjZjDme5wz7nE4tjV7DpYc7J3qYzTW8GG",
            "1JweiGy58NH6PPxXdAiKBWyqhAH3iNMFdn",
            "13HPFtyXDThmshDzsUuqrD4bB8iNizVALU",
            "15XtFbqFehx5LNn4UiWtrejBo1Fraq92me",
            "1P37Sh8opJDme9hBmjpyykzExD1PuQnPpd",
            "19mhWNVPwngzpqDbtn4CrHYWQRozUP3Yev",
            "12h4Y9kX2YN41rdntiUUXAsF73PMV7uAJy",
            "121yUecwfKNRUYRiMdQ79WKTyuTeCnBiSz",
            "19uUorPqU8bmUCkuNtkFCjc3tBecip4r1H",
            "1EViJXhZZ3iXS3wUfsokYb1TUTwyvZF2s8",
            "19cgAkgdkrb8G4npYwJJw8jMarUWz3ndkc",
            "1B89ct1FZXm8L1D4Y9uhsLd4ZGMjULurNc",
            "1Eqk5dPC2SJh8JZytrBqNiYPG2CaijR2U2",
            "1Gdyx615PhiVd2J7LE1aAFtoeYgBwd6Vzx",
            "19MudC3pqFsSxcTsmvdoTFDXrbnwvTL6eS"
        ]
    },
    "fiat_value": {},
    "frozen_coins": {},
    "invoices": {},
    "keystore": {
        "derivation": "m",
        "pw_hash_version": 1,
        "root_fingerprint": "e08cb0e8",
        "seed": "minor zone pool adapt remain combine blood claw medal settle grace capable",
        "seed_type": "standard",
        "type": "bip32",
        "xprv": "xprv9s21ZrQH143K4ExdwfyPXMnVgfaXx5xawFocLWshRJQ88fZpC1juf4Ww7eF93E95jHpdonx7Cg6HrJoDdqEBwdxX6kmwQw1YdoLFcMhAk9z",
        "xpub": "xpub661MyMwAqRbcGj373hWPtVjEEhR2MYgSJUjD8uHJydw71TtxjZ4ACrqQxtaLnwFhheG7YaGAK1KtEcSxkuq24WFGgwrXSXhkmQJTzQDmKoH"
    },
    "labels": {},
    "payment_requests": {},
    "prevouts_by_scripthash": {},
    "seed_version": 50,
    "spent_outpoints": {},
    "transactions": {},
    "tx_fees": {},
    "txi": {},
    "txo": {},
    "use_encryption": false,
    "verified_tx3": {},
    "wallet_type": "standard"
}