{
    "addr_history": {
        "12vTdTEQQxSYNVA5oaaUysBASw5c6LvK4Y": [],
        "146gEq8GJphNN9hNunN6MBZReU93JsJ9Be": [],
        "15mrAwJwRHQPfHSLbjdhFQTjrvhQxsEUfK": [],
        "16XJ4JihWGKgF9XVuCcNc6mZfbeB1cioaN": [],
        "16dokU6cFFYvMPUiwTtazFHKJvsi59hzHe": [],
        "17wXQfggqF6DYKdLNCcrkVDrcJJFGbqKLx": [],
        "18GNgs8VfQVdesf6kuzYzpR2s8A6xws6Ba": [],
        "191ekafwgA3x2RTk4U4YDVjTVtintyGVa7": [],
        "1BBeyf5pC44UBh1yDSBcM6aRFpoKbPXFoC": [],
        "1BLQA2xDnG2Huc9fBsj4g4oP3UK4RA6MbW": [],
        "1BbTDSkZKm5hME4mYrpery3gTHoQtCsaSC": [],
        "1BdCLyyuFvSj2ABF7iFRG5VV5jKNNU5Jvu": [],
        "1CZ3qhjBQMGTarqUnKKUVcqixtHK1sdMLK": [],
        "1CfBx5WZ3PwGE8RvQLmQMkTM5zudYBfsDE": [],
        "1DqZbZaKkJYUYoy1VB3GwbEdPjLCPtFK53": [],
        "1EeU5Fz7DTyYj4zpNVkqPq6pWDP9qKawFs": [],
        "1FP8R4e8Azz98Hkr4oCMKms3PJdCc33EYi": [],
        "1FRYgT2nHvMv7goFbQa6PhkyQNNNsWopD5": [],
        "1FWs225f4JUUhqJX9VfG4qr1hnSm8zjjYw": [],
        "1GPAwL5UwiiWB4Y75xkYt8vBBs9TqUCZuw": [],
        "1H6UqwWVQbcoNjn4ksRTXZupTdrJTZtVtD": [],
        "1JQKLSz1NBWg6iUnBoxAuf68Xk3uSBLUXj": [],
        "1KNqkvWBfBQTCFYx4aKMvefQbPksmUu943": [],
        "1KiPnKYLuRZFut6gwArXjJfr12EjRw4YFq": [],
        "1KoPt5ddDoG1Ko4TFF42barxELTHmdjMGV": [],
        "1Lwz4PZAf2aK53f4eKpXAMfzq9H1Ve8owu": [],
        "1MQo4AmJkgojacC25TQZyPAGqpfaJWXJhQ": [],
        "1Mrb5L4hpcHSCAoKRx9hMDyZF8zDjzLi39": [],
        "1Pb3uLrQRNp7hmnazvvH1D3PQvT2oq9tKR": [],
        "1o8JmrYQgoPbmVLJqj62oaZJXqhAj4KBM": []
    },
    "addresses": {
        "change": [
            "1BdCLyyuFvSj2ABF7iFRG5VV5jKNNU5Jvu",
            "1Pb3uLrQRNp7hmnazvvH1D3PQvT2oq9tKR",
            "191ekafwgA3x2RTk4U4YDVjTVtintyGVa7",
            "1Lwz4PZAf2aK53f4eKpXAMfzq9H1Ve8owu",
            "1JQKLSz1NBWg6iUnBoxAuf68Xk3uSBLUXj",
            "1EeU5Fz7DTyYj4zpNVkqPq6pWDP9qKawFs",
            "1DqZbZaKkJYUYoy1VB3GwbEdPjLCPtFK53",
            "1GPAwL5UwiiWB4Y75xkYt8vBBs9TqUCZuw",
            "146gEq8GJphNN9hNunN6MBZReU93JsJ9Be",
            "18GNgs8VfQVdesf6kuzYzpR2s8A6xws6Ba"
        ],
        "receiving": [
            "1KoPt5ddDoG1Ko4TFF42barxELTHmdjMGV",
            "1Mrb5L4hpcHSCAoKRx9hMDyZF8zDjzLi39",
            "1MQo4AmJkgojacC25TQZyPAGqpfaJWXJhQ",
            "1BbTDSkZKm5hME4mYrpery3gTHoQtCsaSC",
            "1BLQA2xDnG2Huc9fBsj4g4oP3UK4RA6MbW",
            "1KiPnKYLuRZFut6gwArXjJfr12EjRw4YFq",
            "1o8JmrYQgoPbmVLJqj62oaZJXqhAj4KBM",
            "1BBeyf5pC44UBh1yDSBcM6aRFpoKbPXFoC",
            "16XJ4JihWGKgF9XVuCcNc6mZfbeB1cioaN",
            "1FP8R4e8Azz98Hkr4oCMKms3PJdCc33EYi",
            "1KNqkvWBfBQTCFYx4aKMvefQbPksmUu943",
            "1FRYgT2nHvMv7goFbQa6PhkyQNNNsWopD5",
            "12vTdTEQQxSYNVA5oaaUysBASw5c6LvK4Y",
            "1H6UqwWVQbcoNjn4ksRTXZupTdrJTZtVtD",
            "1CfBx5WZ3PwGE8RvQLmQMkTM5zudYBfsDE",
            "17wXQfggqF6DYKdLNCcrkVDrcJJFGbqKLx",
            "16dokU6cFFYvMPUiwTtazFHKJvsi59hzHe",
            "15mrAwJwRHQPfHSLbjdhFQTjrvhQxsEUfK",
            "1FWs225f4JUUhqJX9VfG4qr1hnSm8zjjYw",
            "1CZ3qhjBQMGTarqUnKKUVcqixtHK1sdMLK"
        ]
    },
    "fiat_value": {},
    "frozen_coins": {},
    "invoices": {},
    "keystore": {
        "derivation": "m",
        "pw_hash_version": 1,
        "root_fingerprint": "b25dd320",
        "seed": "minor zone pool arm remain combine hurdle claw medal settle grace capable",
        "seed_type": "standard",
        "type": "bip32",
        "xprv": "xprv9s21ZrQH143K2jK6fYFXDsF7Ew3tWbrpR3ATosVzDnPmCMFZUCbvBNkSejAdMZxvhFouPftcP2ivHikZ6u6Qa8vwqApsCbfd28fiLZSYWJN",
        "xpub": "xpub661MyMwAqRbcFDPZmZnXb1BqnxtNv4afnG64cFubn7vk59ai1jvAjB4vW1RT3fLqMCL8Jx8vbSTRMu52V3tYFZY9Xi1Pa7JfAcJqrn6iXwW"
    },
    "labels": {},
    "payment_requests": {},
    "prevouts_by_scripthash": {},
    "seed_version": 50,
    "spent_outpoints": {},
    "transactions": {},
    "tx_fees": {},
    "txi": {},
    "txo": {},
    "use_encryption": false,
    "verified_tx3": {},
    "wallet_type": "standard"
}