{
    "addr_history": {
        "13FMbGB4DtKWMqkRiJqnfuKEVoZ9cB6QwQ": [],
        "13SHij6mRGtykx4mTAYbhEEZeRqh7VtiDk": [],
        "13TQQHbaFNuQFRobAcbgTY22DqvFh9JxLB": [],
        "13ZVybkgmv3qbRgiHj2iYaWCHQb2UgXHMq": [],
        "13ZwiAdAaYenAT3o3MBHTnNFosPWXVU9DW": [],
        "1566wGjkWtMnbBUXPxhRkCrvE2U2k8Ra1H": [],
        "16tgYyF5vQtQ5syYN9m2SWajn36ya7ixhj": [],
        "17wHwhxbW2dCFDVtUUWXKJ411MVeAoowic": [],
        "18RTciDyAoTo1AKHKspNX3nViac5n1zq4": [],
        "19eALouXS7VDyXZqhno6Sd1fqN2pYDiFgi": [],
        "19h8vp67VTGr73FzBQa7x3NDGprwroxZic": [],
        "1AAkZMMmQrdavUXYkcN5yJRxXtxfGReeSy": [],
        "1B1XajuSLssG6LTi8aNhhbXsgjx6srhrKE": [],
        "1BZQFeMPa5asv86TU4SKGfRrAiTgky8sw2": [],
        "1D4WxLaezBBgUEJ7dXCPMXdFFT7ejQAGzj": [],
        "1DR4cup1pQCXj9dDRdP41CYzPA5ttdnkfX": [],
        "1Esy1xsf1e2GN1ZBuLny9eASvTpPvQ3aeZ": [],
        "1FQ9tPwmfMVUXpdg2ntmCtT8om4bPAuii7": [],
        "1FfU4QQdMQ4dRdxTwA4qgzEDoyuS4CTcwG": [],
        "1H6XRdyZWYhvVyWtRbsXAGsu36zxLDn5QT": [],
        "1HsoZUWNP8iRX1hHi3NRwv6WkQoJEEuH6": [],
        "1Jsykp2X6zfArKbFiCw5E7ZoeoLWUqn6Wh": [],
        "1KAXDMw1gD7SN6wyABUtsPkfYkFaRv3ZKp": [],
        "1Ko7dL2jq6ycnQMDusKLFjUkPcQbiJBZ96": [],
        "1LmdKwsTLCuqjcdYPtrHUa2C58SfV7QGSW": [],
        "1MJ7dq1s8VR8sSe2ZpuLZTTAjz3GUui5qd": [],
        "1NBRaQsH4CaMXoQp9i1kPxMAzDtThvTJaD": [],
        "1NEv4hTzUiQ5T5U16hLmT7fxRJQL7943FG": [],
        "1P9D5YEg6fchMevoBcwtKRmrVqKAwArqbd": [],
        "1PtdhLQzGd9hE8MgnMrdViRrzJ9koBdPKJ": []
    },
    "addresses": {
        "change": [
            "13ZwiAdAaYenAT3o3MBHTnNFosPWXVU9DW",
            "1B1XajuSLssG6LTi8aNhhbXsgjx6srhrKE",
            "13ZVybkgmv3qbRgiHj2iYaWCHQb2UgXHMq",
            "1Jsykp2X6zfArKbFiCw5E7ZoeoLWUqn6Wh",
            "13SHij6mRGtykx4mTAYbhEEZeRqh7VtiDk",
            "1566wGjkWtMnbBUXPxhRkCrvE2U2k8Ra1H",
            "1D4WxLaezBBgUEJ7dXCPMXdFFT7ejQAGzj",
            "1FfU4QQdMQ4dRdxTwA4qgzEDoyuS4CTcwG",
            "1H6XRdyZWYhvVyWtRbsXAGsu36zxLDn5QT",
            "19h8vp67VTGr73FzBQa7x3NDGprwroxZic"
        ],
        "receiving": [
            "1DR4cup1pQCXj9dDRdP41CYzPA5ttdnkfX",
            "1P9D5YEg6fchMevoBcwtKRmrVqKAwArqbd",
            "1FQ9tPwmfMVUXpdg2ntmCtT8om4bPAuii7",
            "1LmdKwsTLCuqjcdYPtrHUa2C58SfV7QGSW",
            "1Esy1xsf1e2GN1ZBuLny9eASvTpPvQ3aeZ",
            "13FMbGB4DtKWMqkRiJqnfuKEVoZ9cB6QwQ",
            "16tgYyF5vQtQ5syYN9m2SWajn36ya7ixhj",
            "17wHwhxbW2dCFDVtUUWXKJ411MVeAoowic",
            "1PtdhLQzGd9hE8MgnMrdViRrzJ9koBdPKJ",
            "1Ko7dL2jq6ycnQMDusKLFjUkPcQbiJBZ96",
            "1HsoZUWNP8iRX1hHi3NRwv6WkQoJEEuH6",
            "13TQQHbaFNuQFRobAcbgTY22DqvFh9JxLB",
            "1MJ7dq1s8VR8sSe2ZpuLZTTAjz3GUui5qd",
            "1NEv4hTzUiQ5T5U16hLmT7fxRJQL7943FG",
            "1KAXDMw1gD7SN6wyABUtsPkfYkFaRv3ZKp",
            "1AAkZMMmQrdavUXYkcN5yJRxXtxfGReeSy",
            "19eALouXS7VDyXZqhno6Sd1fqN2pYDiFgi",
            "1BZQFeMPa5asv86TU4SKGfRrAiTgky8sw2",
            "1NBRaQsH4CaMXoQp9i1kPxMAzDtThvTJaD",
            "18RTciDyAoTo1AKHKspNX3nViac5n1zq4"
        ]
    },
    "fiat_value": {},
    "frozen_coins": {},
    "invoices": {},
    "keystore": {
        "derivation": "m",
        "pw_hash_version": 1,
        "root_fingerprint": "4fa29a2d",
        "seed": "minor zone pool already remain combine cereal claw medal settle grace capable",
        "seed_type": "standard",
        "type": "bip32",
        "xprv": "xprv9s21ZrQH143K4MHrJAREDbuEBNuRX7tQHVpK5gzr7Z34gJmazWUZ24j3ZkiHQhL9sW5NK1ekDK7bKiwzktCPmqaZe3PnYKhe4Fu79y1yget",
        "xpub": "xpub661MyMwAqRbcGqNKQBxEajqxjQjuvacFeijut5QTfta3Z76jY3noZs3XR1u6LBnjgG34qFV7KwrQsxXhjwok8ZTi2jMsKydWpeXJHE66qNm"
    },
    "labels": {},
    "payment_requests": {},
    "prevouts_by_scripthash": {},
    "seed_version": 50,
    "spent_outpoints": {},
    "transactions": {},
    "tx_fees": {},
    "txi": {},
    "txo": {},
    "use_encryption": false,
    "verified_tx3": {},
    "wallet_type": "standard"
}