{
    "addr_history": {
        "1341rSF79HUe4AihMXuhHpQvNfFa7kf2tJ": [],
        "14jKF6AshA1cjLMajkXBvViunHoYT6fkof": [],
        "15kEDj8kKkQkK9PWk1H9DtTz4rGDxwmuvJ": [],
        "15rs1GnJ2YL1sWjV3jqBqp88rmxqzhN38H": [],
        "15wURTtCDoiCps5PjZp3AEGYzgReJMnDNt": [],
        "16R3LwZxiGyHoJAK4dPs5NgyUojYKcpqS6": [],
        "17DtdZzgYsQ8oeYX5NuRXMSUAwdC1VeAYF": [],
        "19WUhoJcUTy9pt8A41cnEQycm57cpFfGAb": [],
        "19mR3mzYdotV6qBPPyz4NSv7JuB7t7r5wT": [],
        "1ADb7CLidMbxnNwtKLVVgRAtG6CZMqVcnj": [],
        "1AtZVi5VtRnNH5KEkPpTm6MQ2f5sVqmWbX": [],
        "1BGK43CPeC32now91WYydZfT1qeru9P6wn": [],
        "1BfFHj6zgh9d2p7GambYfimMyLzsGsMcAR": [],
        "1CJeX4UUCd9JiX5SrtdviSfoXXKwugzQYj": [],
        "1CX8Kj1W5GWQvdPQh4sLdHZrcG23hr8og2": [],
        "1E9dPpWFTiwdhq6Vf4aeJp9ARKbej62fxq": [],
        "1EdBrrWLmZPya4uubkQ1MPFiq4aN1VSQfz": [],
        "1F4TZoXi6tf8pg4FNgKWRNZabFfrk8JxZf": [],
        "1FzuHAWCeiN3zfP2BpLeVsbXz6iVcTYUfJ": [],
        "1GUv7qpGA2tyWhn29Qv3kaJi4k8G7dqTGp": [],
        "1GubEh7HzDAfVfJ3jveaqMU7NjZMG9iNKr": [],
        "1GxPPkLFmBh56iUUszQ3B3S3e8P7FKM46c": [],
        "1HG7Ch8KJevhhJYMnRYwRbbfmMJFFafrD2": [],
        "1Kgvtzgadab16zvwa3zsd9bwAuybZCHTKA": [],
        "1Kn9Yy6eR2zC3nEFA4iKovJixqjpVz5Drj": [],
        "1KyKzMMmeeHLyaJmcurxqyZ5Me5EdREaKk": [],
        "1LsWLXMHNXcqMo7sHyi48HpQy8QmW3coYc": [],
        "1MsTRQJDr2HHbGEEtf8EBttKUgfvhVQRM4": [],
        "1NMEd7TwCe6bQNesKH19xd3djh6Ryvsa6J": [],
        "1pRDrQ3nRosvXqyMNohc7Tki73Mm2D1EY": []
    },
    "addresses": {
        "change": [
            "1GubEh7HzDAfVfJ3jveaqMU7NjZMG9iNKr",
            "1Kn9Yy6eR2zC3nEFA4iKovJixqjpVz5Drj",
            "1ADb7CLidMbxnNwtKLVVgRAtG6CZMqVcnj",
            "1GUv7qpGA2tyWhn29Qv3kaJi4k8G7dqTGp",
            "15kEDj8kKkQkK9PWk1H9DtTz4rGDxwmuvJ",
            "19WUhoJcUTy9pt8A41cnEQycm57cpFfGAb",
            "1pRDrQ3nRosvXqyMNohc7Tki73Mm2D1EY",
            "1KyKzMMmeeHLyaJmcurxqyZ5Me5EdREaKk",
            "1F4TZoXi6tf8pg4FNgKWRNZabFfrk8JxZf",
            "1Kgvtzgadab16zvwa3zsd9bwAuybZCHTKA"
        ],
        "receiving": [
            "1EdBrrWLmZPya4uubkQ1MPFiq4aN1VSQfz",
            "14jKF6AshA1cjLMajkXBvViunHoYT6fkof",
            "1FzuHAWCeiN3zfP2BpLeVsbXz6iVcTYUfJ",
            "1CX8Kj1W5GWQvdPQh4sLdHZrcG23hr8og2",
            "1NMEd7TwCe6bQNesKH19xd3djh6Ryvsa6J",
            "15rs1GnJ2YL1sWjV3jqBqp88rmxqzhN38H",
            "1GxPPkLFmBh56iUUszQ3B3S3e8P7FKM46c",
            "1HG7Ch8KJevhhJYMnRYwRbbfmMJFFafrD2",
            "1CJeX4UUCd9JiX5SrtdviSfoXXKwugzQYj",
            "15wURTtCDoiCps5PjZp3AEGYzgReJMnDNt",
            "1BGK43CPeC32now91WYydZfT1qeru9P6wn",
            "1341rSF79HUe4AihMXuhHpQvNfFa7kf2tJ",
            "1BfFHj6zgh9d2p7GambYfimMyLzsGsMcAR",
            "1AtZVi5VtRnNH5KEkPpTm6MQ2f5sVqmWbX",
            "1LsWLXMHNXcqMo7sHyi48HpQy8QmW3coYc",
            "17DtdZzgYsQ8oeYX5NuRXMSUAwdC1VeAYF",
            "1E9dPpWFTiwdhq6Vf4aeJp9ARKbej62fxq",
            "16R3LwZxiGyHoJAK4dPs5NgyUojYKcpqS6",
            "19mR3mzYdotV6qBPPyz4NSv7JuB7t7r5wT",
            "1MsTRQJDr2HHbGEEtf8EBttKUgfvhVQRM4"
        ]
    },
    "fiat_value": {},
    "frozen_coins": {},
    "invoices": {},
    "keystore": {
        "derivation": "m",
        "pw_hash_version": 1,
        "root_fingerprint": "9f776d5e",
        "seed": "minor zone pool amount remain combine slight claw medal settle grace capable",
        "seed_type": "standard",
        "type": "bip32",
        "xprv": "xprv9s21ZrQH143K2ULWjT5qrZyPbVx1NL7kyAvWwvK2ytaqNjbMK3RrMtQgXPH5stCoMMxzhtSKZqyDsLerPUiu3qnBFusLaq72toTnDdBND4f",
        "xpub": "xpub661MyMwAqRbcExQyqUcrDhv89XnVmnqcLPr7kJieYE7pFXvVrak6ugjANgdwUnDNWW4HAapyutp1W13rCcJhrto7v79rfDZ2hTLPa7Tbq9z"
    },
    "labels": {},
    "payment_requests": {},
    "prevouts_by_scripthash": {},
    "seed_version": 50,
    "spent_outpoints": {},
    "transactions": {},
    "tx_fees": {},
    "txi": {},
    "txo": {},
    "use_encryption": false,
    "verified_tx3": {},
    "wallet_type": "standard"
}