{
    "addr_history": {
        "127kj3fTZw613hpfhrxyUJYLAWj1f92tnF": [],
        "12V5oh3f8t7MHXo9eu1BnQUe5SgyaBgTYD": [],
        "12XMkfrwhUReQYYYJ6f9Qiq2u6jCoMqHdR": [],
        "12Xoe6B38dXkWF5Suet2LE3xmaHUBQWTqd": [],
        "15FXmukPhqmqybtaZaD9zV4duxpnmPgDti": [],
        "15hUts6r8wTLc2gad58krLXwv3EqsDrzbe": [],
        "187C6AvCugizoS1G83SJA3478vHgABhXbH": [],
        "18tcv4TrgrmEtf8RwrnbSfsbnqY4scFzCp": [],
        "1ADpPsD6QKcTynUawC1hL91Zbo4YvXsU7U": [],
        "1ATh7BpAnEKR8UnmbiyeMgyKamcC7pTHgh": [],
        "1Bjp6G3Znm5BNS87h9QDpaJAFZj3qnMnhU": [],
        "1CMwyLZC27t6DihjRA9kxpP7A2mDJg79mW": [],
        "1E1TQTimP2WiTUvB5UXNXGsVvq8Cd3cE9F": [],
        "1EMvVExRZD2b6a3zC5ySE3LLm3AGbjLwsi": [],
        "1Ect5HxXqe61u6fX2JBQyAi5NZL2Atjgj7": [],
        "1GA5b9kun6cFhPbkUZry8vhpA72xQwRhuW": [],
        "1JCE4mR3dTnBKaXjci2mdSMDrzuGU7gC1V": [],
        "1JX44KPRjRL8cEETFg5VftxcMj4B1Qvrb": [],
        "1LB52xFa5YySXgj7fQKnwsKivxErrjGgGg": [],
        "1LxrCceVzrfHzTKTQHiFrjjwQd7ThZx6a3": [],
        "1MasoJLAmuFquoqt1y6NcBa4Rm5pkipypG": [],
        "1Mh3ZXtNyyQJG3CBKYgWGJPhkZ9dCW6bnh": [],
        "1N8DYK3A3MLBqkfwPoLeH7wMc76Niu8HL4": [],
        "1PCT6JF3KiBzX7miuaz2vgMi6VR825FfBR": [],
        "1Pb1dCpJ8zdTVKV5cdtHzS17Uk6UXYTWCi": [],
        "1Pgq9v6JKnrDukPeGqkAvwgDt2bepFt287": [],
        "1PivvQBePhGTf7tLe47WxpJzLMjgfpm7DE": [],
        "1Q9S3LminzE7hZWLggDUtang5vFvDYVdDd": [],
        "1aogHjpqkM5mZrT7n2nyVBMEVRTQHpdHS": [],
        "1wKpdghjYfMj5NS5zgUbLPVW1R9pvRAuM": []
    },
    "addresses": {
        "change": [
            "1PCT6JF3KiBzX7miuaz2vgMi6VR825FfBR",
            "1Mh3ZXtNyyQJG3CBKYgWGJPhkZ9dCW6bnh",
            "1GA5b9kun6cFhPbkUZry8vhpA72xQwRhuW",
            "1LB52xFa5YySXgj7fQKnwsKivxErrjGgGg",
            "12XMkfrwhUReQYYYJ6f9Qiq2u6jCoMqHdR",
            "12V5oh3f8t7MHXo9eu1BnQUe5SgyaBgTYD",
            "1JCE4mR3dTnBKaXjci2mdSMDrzuGU7gC1V",
            "1ADpPsD6QKcTynUawC1hL91Zbo4YvXsU7U",
            "1LxrCceVzrfHzTKTQHiFrjjwQd7ThZx6a3",
            "1Pgq9v6JKnrDukPeGqkAvwgDt2bepFt287"
        ],
        "receiving": [
            "127kj3fTZw613hpfhrxyUJYLAWj1f92tnF",
            "1Pb1dCpJ8zdTVKV5cdtHzS17Uk6UXYTWCi",
            "1E1TQTimP2WiTUvB5UXNXGsVvq8Cd3cE9F",
            "1EMvVExRZD2b6a3zC5ySE3LLm3AGbjLwsi",
            "1JX44KPRjRL8cEETFg5VftxcMj4B1Qvrb",
            "12Xoe6B38dXkWF5Suet2LE3xmaHUBQWTqd",
            "1ATh7BpAnEKR8UnmbiyeMgyKamcC7pTHgh",
            "187C6AvCugizoS1G83SJA3478vHgABhXbH",
            "1PivvQBePhGTf7tLe47WxpJzLMjgfpm7DE",
            "15FXmukPhqmqybtaZaD9zV4duxpnmPgDti",
            "15hUts6r8wTLc2gad58krLXwv3EqsDrzbe",
            "1CMwyLZC27t6DihjRA9kxpP7A2mDJg79mW",
            "1Q9S3LminzE7hZWLggDUtang5vFvDYVdDd",
            "1wKpdghjYfMj5NS5zgUbLPVW1R9pvRAuM",
            "1aogHjpqkM5mZrT7n2nyVBMEVRTQHpdHS",
            "1N8DYK3A3MLBqkfwPoLeH7wMc76Niu8HL4",
            "18tcv4TrgrmEtf8RwrnbSfsbnqY4scFzCp",
            "1Bjp6G3Znm5BNS87h9QDpaJAFZj3qnMnhU",
            "1Ect5HxXqe61u6fX2JBQyAi5NZL2Atjgj7",
            "1MasoJLAmuFquoqt1y6NcBa4Rm5pkipypG"
        ]
    },
    "fiat_value": {},
    "frozen_coins": {},
    "invoices": {},
    "keystore": {
        "derivation": "m",
        "pw_hash_version": 1,
        "root_fingerprint": "12c208d1",
        "seed": "minor zone pool art remain combine spoil claw medal settle grace capable",
        "seed_type": "standard",
        "type": "bip32",
        "xprv": "xprv9s21ZrQH143K4MHBsDtQ3s3LFD31sTmUdFw7cs2vdKvPAdeRru4Ea3ZtZzqg85uG3nSFP51wmLRyzYrguwYevzgkPSfYyNeepkcC4uqSAYH",
        "xpub": "xpub661MyMwAqRbcGqMeyFRQQzz4oEsWGvVKzUriRFSYBfTN3RyaQSNV7qtNRHVDMtjmnJZkx5rFaUHjMRnQThb9aBJPDof1rMQGHS56G86rcx2"
    },
    "labels": {},
    "payment_requests": {},
    "prevouts_by_scripthash": {},
    "seed_version": 50,
    "spent_outpoints": {},
    "transactions": {},
    "tx_fees": {},
    "txi": {},
    "txo": {},
    "use_encryption": false,
    "verified_tx3": {},
    "wallet_type": "standard"
}