{
    "addr_history": {
        "123cpAWkdNDYRFS43HnqeVZAb3r4He6dHv": [],
        "12cyiisXqFYaaK5BG6ogZ7Kz7dxittiYai": [],
        "12fPMVvHVF1AKPBosrzRD2Qnriy9jxVLVg": [],
        "12k3RkhbYUeNDdZjDZYQrvD17CoeL2g2aA": [],
        "13V4X6z1yys3spt9pBimZKzKRqXz219Yg2": [],
        "14dqZpZFDgA82UL9H74TGoLX7qn3TVvo2Y": [],
        "15GqSWPK3VeckHnqrRiHTPKYr8dj6D9nPj": [],
        "16nD4LMDCqTksDHFwxvgbRdBb9ngMS5z2F": [],
        "18ax8m2ctd7RFyuq7DKY5DaCqviNuEZ2Rq": [],
        "18qUfyC1K3XLcNzzDiHh1K9GVWrieXdEGb": [],
        "18tgnaSDteBJLe1z5WKHc3CHwxLQidD2ny": [],
        "19AFUJFfzhZKyHHkT5Vqwo5xxQeWe9Jj5i": [],
        "19dk8nevW7wSzvHVGccioHoSUbSZKZWjb4": [],
        "1AU5eVTuWwwK4Gi3yvRvgc7Ykkx1g84C4s": [],
        "1CnqUACUAm8ZP5UKvvNfGgMZHr8JBxF38Q": [],
        "1Cr3rEi4SnqNYU89QJpvGL2oLmd3mEfCrP": [],
        "1DTuVFPyQffqQpVhh4BAn5K4uYVLdXW4JS": [],
        "1Fp1xKPcJP7uNoUyszLZdx32CJN6Ybq8xa": [],
        "1FrU6A6Piegm8rcBYHhtstYeBCKeNs4erJ": [],
        "1G4JRjNqoTq9MaBHyyMTX9oEVFZwn1GyHQ": [],
        "1GY8BUMAUBSjcFE6cQUKf6esJEsoCPBKnU": [],
        "1GaFc6ZjDVPSG6HxU45TdceisUai6KmcQq": [],
        "1Geh7M6DBYtRGiVpCh8fP5GCeq5KQprZcy": [],
        "1Gnw9YrCHNtXqFe1yzt9H3WrbKCFAabvV": [],
        "1Hk8Z9hT8AzvfiNj3hhz4C1VJTcUWR8mCv": [],
        "1LooFpBtkFEBvdVW789kD38R7odNaWCy6Q": [],
        "1NrSMTFZzht36MRL8QVdnbQ8nzAKaZsnQ5": [],
        "1PmMgfhKn3Bfb8rHK6gL7RytdJJT7PyNEB": [],
        "1PyaecrLmekY7YwhJFzAyCav7y9P4vi9gJ": [],
        "1vs9j143rwgdsemhanLyMykHSGmEywBSq": []
    },
    "addresses": {
        "change": [
            "1DTuVFPyQffqQpVhh4BAn5K4uYVLdXW4JS",
            "19dk8nevW7wSzvHVGccioHoSUbSZKZWjb4",
            "1Cr3rEi4SnqNYU89QJpvGL2oLmd3mEfCrP",
            "15GqSWPK3VeckHnqrRiHTPKYr8dj6D9nPj",
            "18tgnaSDteBJLe1z5WKHc3CHwxLQidD2ny",
            "1LooFpBtkFEBvdVW789kD38R7odNaWCy6Q",
            "1PmMgfhKn3Bfb8rHK6gL7RytdJJT7PyNEB",
            "18ax8m2ctd7RFyuq7DKY5DaCqviNuEZ2Rq",
            "1vs9j143rwgdsemhanLyMykHSGmEywBSq",
            "1Fp1xKPcJP7uNoUyszLZdx32CJN6Ybq8xa"
        ],
        "receiving": [
            "14dqZpZFDgA82UL9H74TGoLX7qn3TVvo2Y",
            "1CnqUACUAm8ZP5UKvvNfGgMZHr8JBxF38Q",
            "1Hk8Z9hT8AzvfiNj3hhz4C1VJTcUWR8mCv",
            "123cpAWkdNDYRFS43HnqeVZAb3r4He6dHv",
            "1Gnw9YrCHNtXqFe1yzt9H3WrbKCFAabvV",
            "12fPMVvHVF1AKPBosrzRD2Qnriy9jxVLVg",
            "1PyaecrLmekY7YwhJFzAyCav7y9P4vi9gJ",
            "1GaFc6ZjDVPSG6HxU45TdceisUai6KmcQq",
            "1G4JRjNqoTq9MaBHyyMTX9oEVFZwn1GyHQ",
            "18qUfyC1K3XLcNzzDiHh1K9GVWrieXdEGb",
            "1Geh7M6DBYtRGiVpCh8fP5GCeq5KQprZcy",
            "1AU5eVTuWwwK4Gi3yvRvgc7Ykkx1g84C4s",
            "12k3RkhbYUeNDdZjDZYQrvD17CoeL2g2aA",
            "1NrSMTFZzht36MRL8QVdnbQ8nzAKaZsnQ5",
            "1FrU6A6Piegm8rcBYHhtstYeBCKeNs4erJ",
            "16nD4LMDCqTksDHFwxvgbRdBb9ngMS5z2F",
            "13V4X6z1yys3spt9pBimZKzKRqXz219Yg2",
            "12cyiisXqFYaaK5BG6ogZ7Kz7dxittiYai",
            "1GY8BUMAUBSjcFE6cQUKf6esJEsoCPBKnU",
            "19AFUJFfzhZKyHHkT5Vqwo5xxQeWe9Jj5i"
        ]
    },
    "fiat_value": {},
    "frozen_coins": {},
    "invoices": {},
    "keystore": {
        "derivation": "m",
        "pw_hash_version": 1,
        "root_fingerprint": "4c520f26",
        "seed": "minor zone pool amazing remain combine spoon claw medal settle grace capable",
        "seed_type": "standard",
        "type": "bip32",
        "xprv": "xprv9s21ZrQH143K48BTr99suoJbkcU8XS8izHVdnaH8AzqNL5YU19zvqHMqBXSUeQbUr5aicFgvTRd2E1WoKJ7ayjVD67dSdnKn1Qn5EYD1QPV",
        "xpub": "xpub661MyMwAqRbcGcFvxAgtGwFLJeJcvtraMWREaxgjjLNMCsscYhKBP5gK2pPuCcijhFyxpdvAX9uLUFL99UGKdKmtvGoXd5iyxuVcpYQBovN"
    },
    "labels": {},
    "payment_requests": {},
    "prevouts_by_scripthash": {},
    "seed_version": 50,
    "spent_outpoints": {},
    "transactions": {},
    "tx_fees": {},
    "txi": {},
    "txo": {},
    "use_encryption": false,
    "verified_tx3": {},
    "wallet_type": "standard"
}