{
    "addr_history": {
        "119c9coCbcbYksDxYXreLHRSPwG4tpi1b": [],
        "13WWBtHTDktgJX4VThs4w7cx9M1BUj8UZK": [],
        "15mhYFcFQuF2tJ9nUs444mU2Nu97M75q6f": [],
        "16KFdMbNA5CxQT8rZGHiaGtgvv3XNdARjE": [],
        "16tTxPESTcZQZBTixihGZqFy1gBqQxcEBf": [],
        "18DRYuCdxz8FsAUpuvw2nEyXrMKjkXVyGc": [],
        "18FaWuMrSDMviTtneq8MtdvAkdoLAvzGv6": [],
        "18sh1eS2gLUnb92BzTK5fwbG1KkarNsfVq": [],
        "19P9Evso5csYWR6hYT5eDcqjQXwZmEgULi": [],
        "19VWbC3TnUj1HHHf3tSpewfvMF6HymMAma": [],
        "19Ybox6rm6BW6wvcGfpuZq3B76jC9zvVCU": [],
        "1AVEC2MTHLBhYosZaGgpVgJHSssLxKg5gc": [],
        "1B3vSis5NmV1ow7ZuieSZqTFbdPQ65rpdv": [],
        "1BanDQMz5omvnjnWYA8rmzUWy5poHQnbjR": [],
        "1CjJUw63fwLvzD9akZCY5czJ66prkQ2N24": [],
        "1CkLbVpo65iCpvWJQRCoibKmNAK6TBvvLg": [],
        "1CvQRcqoLN5WCZZJB3uAfyYV6YwLnZKFGw": [],
        "1DEDherg1XBqbtxiV36GBsuKJtL3qQyRro": [],
        "1E8stk7Di3iPaMifQCdfE5Nz5Ei6rM2gXt": [],
        "1FYs9fWM1NriU6rVvDSHn82uzCwPzX21t5": [],
        "1GyQCSJHek4R32XrG569yR5VkkzSCRFDAq": [],
        "1GzBhqoiEvv9b4oL2mgck4P6pYLy23zZ7d": [],
        "1H53QM7nWx4QXWuGaNAbMxAJeubqMmud7a": [],
        "1J7n7mjNpKxF2Svzn2xoKLJ3QhtC4MYtkM": [],
        "1JE7Nch19hxdx5WV5FJouv1ZQsURSVLLct": [],
        "1Jaz44hKci26V7rikCCXze33Hxupur7Eez": [],
        "1KmGMorGxoXr8sgEhWxFWTDd64W7voFMWq": [],
        "1LkRZbD9G6s7Akz1EpXAJkLSEgyn2TdP1G": [],
        "1Lqy7umpQFjY4Hs33PgS1hymnnjwueHQCR": [],
        "1MMu5mFWTrDYrvbP854DUbX3oE2unbyfS7": []
    },
    "addresses": {
        "change": [
            "1CjJUw63fwLvzD9akZCY5czJ66prkQ2N24",
            "16tTxPESTcZQZBTixihGZqFy1gBqQxcEBf",
            "18DRYuCdxz8FsAUpuvw2nEyXrMKjkXVyGc",
            "1Jaz44hKci26V7rikCCXze33Hxupur7Eez",
            "1E8stk7Di3iPaMifQCdfE5Nz5Ei6rM2gXt",
            "119c9coCbcbYksDxYXreLHRSPwG4tpi1b",
            "18sh1eS2gLUnb92BzTK5fwbG1KkarNsfVq",
            "19Ybox6rm6BW6wvcGfpuZq3B76jC9zvVCU",
            "1KmGMorGxoXr8sgEhWxFWTDd64W7voFMWq",
            "1GyQCSJHek4R32XrG569yR5VkkzSCRFDAq"
        ],
        "receiving": [
            "1BanDQMz5omvnjnWYA8rmzUWy5poHQnbjR",
            "1J7n7mjNpKxF2Svzn2xoKLJ3QhtC4MYtkM",
            "1H53QM7nWx4QXWuGaNAbMxAJeubqMmud7a",
            "18FaWuMrSDMviTtneq8MtdvAkdoLAvzGv6",
            "1FYs9fWM1NriU6rVvDSHn82uzCwPzX21t5",
            "1DEDherg1XBqbtxiV36GBsuKJtL3qQyRro",
            "15mhYFcFQuF2tJ9nUs444mU2Nu97M75q6f",
            "19VWbC3TnUj1HHHf3tSpewfvMF6HymMAma",
            "13WWBtHTDktgJX4VThs4w7cx9M1BUj8UZK",
            "1CkLbVpo65iCpvWJQRCoibKmNAK6TBvvLg",
            "1CvQRcqoLN5WCZZJB3uAfyYV6YwLnZKFGw",
            "16KFdMbNA5CxQT8rZGHiaGtgvv3XNdARjE",
            "1Lqy7umpQFjY4Hs33PgS1hymnnjwueHQCR",
            "1JE7Nch19hxdx5WV5FJouv1ZQsURSVLLct",
            "1MMu5mFWTrDYrvbP854DUbX3oE2unbyfS7",
            "19P9Evso5csYWR6hYT5eDcqjQXwZmEgULi",
            "1AVEC2MTHLBhYosZaGgpVgJHSssLxKg5gc",
            "1B3vSis5NmV1ow7ZuieSZqTFbdPQ65rpdv",
            "1LkRZbD9G6s7Akz1EpXAJkLSEgyn2TdP1G",
            "1GzBhqoiEvv9b4oL2mgck4P6pYLy23zZ7d"
        ]
    },
    "fiat_value": {},
    "frozen_coins": {},
    "invoices": {},
    "keystore": {
        "derivation": "m",
        "pw_hash_version": 1,
        "root_fingerprint": "3340ff3e",
        "seed": "minor zone pool assume remain combine motor claw medal settle grace capable",
        "seed_type": "standard",
        "type": "bip32",
        "xprv": "xprv9s21ZrQH143K4BkUXnq75AjGaNguePCvMggmhdDWYSbDfiPnwVCh72ao6Q7JeEU68tcrSakXHUkD387ypMo6zfdjTGvQQFhRoDtMLfpEP6R",
        "xpub": "xpub661MyMwAqRbcGfpwdpN7SJg18QXQ3qvmiucNW1d86n8CYWiwV2WwepuGwgGvHm7GutUksv95hdLtqPRz2W1tDmzKvdn4uQ2SqQi8p7E8Y1h"
    },
    "labels": {},
    "payment_requests": {},
    "prevouts_by_scripthash": {},
    "seed_version": 50,
    "spent_outpoints": {},
    "transactions": {},
    "tx_fees": {},
    "txi": {},
    "txo": {},
    "use_encryption": false,
    "verified_tx3": {},
    "wallet_type": "standard"
}