{
    "addr_history": {
        "12Nb7CqQ4YEmTuubkCFET2MTGhp9TxZeym": [],
        "13NU2unasWWqGzpdnpU51xQ38EgRkqCRiM": [],
        "15DahriPpxmkk6o2Jx3Hx8bgzSu8aoP4cp": [],
        "15TwCJ2Pr8F2ZTcQJeEqmQT2AnuR2P2hBT": [],
        "16ZRgNtBtghnnjHjvkwyv6Gqt4Yp8eJ4nw": [],
        "18W9zVs5hfBeYFUyBgdNCxHHWyKeNjA4am": [],
        "18sGQTXgMpWnApVF2BtBk9Fu3KfQoagW21": [],
        "19FQTmQQ1JUVmPdA7dFeMo35TFaLTv7RM3": [],
        "19sS1wiaiok25doh1ad1REeVFRsQZxYpwV": [],
        "1AfEaDyKriXT1DVuAiPDmN8WLx1CG2eb6W": [],
        "1BMpcVZcUxXHA4xpf2UDTUmpBG3g8mRQRe": [],
        "1Bk8DJv9T2CPrBDAAPimCZcsgphXgZTQyg": [],
        "1BsA19FyQydM1HFy3d8BSt8zdKb2CJKCbA": [],
        "1DiKwBeKSrmbwgKvouRGDEmTb2monWToA1": [],
        "1ELR2Uq2xRQb1G4WRDDTMbNJtYUV4KEiTs": [],
        "1F37e5gM6CnYxjqZQqZy8cTiGDMXTvJcQB": [],
        "1FRAyHqufGswPfoEWgqHNjtJSJMBr6tzK3": [],
        "1FRhoFgUVQELvKKy9RWzDGTVkVDxA1sJ4u": [],
        "1FqrwtDEJxJtcSNSMgUcM3FPzZufxnCKH5": [],
        "1HHrkVKKmKgqncM5TbJLtMwKQUyAzxCmdg": [],
        "1JBpd6S759xrnmUWMuS52w5BuXrezeuyyS": [],
        "1JTzL87W6e49Xnck6Crj2WcVXGm8MetSbf": [],
        "1KY71P2XAht2CHizTkZxn1E7T65H6DbmPt": [],
        "1MLUME8xNmEqSuYxyezHDQQozjC6k5ntAJ": [],
        "1Ng5az91cGkGRqRfgmeA2W3deyK7pFb6mb": [],
        "1P77HsR6WrYJPetr3cc4EvXBTApiEAKm3j": [],
        "1Px2A6cqAsCKhtXKuzvTXQE2wVPJH5R6EC": [],
        "1PxinuwWQR6k1DSgq8q4RkCqCAAEfkkEmN": [],
        "1Qq8WDWieRcBVkrGRJ4stj87twbV6tqDh": [],
        "1X9iN79HT6eT7ep11LxAH23y9PBvC2GMg": []
    },
    "addresses": {
        "change": [
            "18sGQTXgMpWnApVF2BtBk9Fu3KfQoagW21",
            "1Ng5az91cGkGRqRfgmeA2W3deyK7pFb6mb",
            "16ZRgNtBtghnnjHjvkwyv6Gqt4Yp8eJ4nw",
            "1BMpcVZcUxXHA4xpf2UDTUmpBG3g8mRQRe",
            "1FRhoFgUVQELvKKy9RWzDGTVkVDxA1sJ4u",
            "19FQTmQQ1JUVmPdA7dFeMo35TFaLTv7RM3",
            "1ELR2Uq2xRQb1G4WRDDTMbNJtYUV4KEiTs",
            "1P77HsR6WrYJPetr3cc4EvXBTApiEAKm3j",
            "19sS1wiaiok25doh1ad1REeVFRsQZxYpwV",
            "15DahriPpxmkk6o2Jx3Hx8bgzSu8aoP4cp"
        ],
        "receiving": [
            "12Nb7CqQ4YEmTuubkCFET2MTGhp9TxZeym",
            "1MLUME8xNmEqSuYxyezHDQQozjC6k5ntAJ",
            "1FRAyHqufGswPfoEWgqHNjtJSJMBr6tzK3",
            "1PxinuwWQR6k1DSgq8q4RkCqCAAEfkkEmN",
            "1Px2A6cqAsCKhtXKuzvTXQE2wVPJH5R6EC",
            "18W9zVs5hfBeYFUyBgdNCxHHWyKeNjA4am",
            "1KY71P2XAht2CHizTkZxn1E7T65H6DbmPt",
            "1F37e5gM6CnYxjqZQqZy8cTiGDMXTvJcQB",
            "1Bk8DJv9T2CPrBDAAPimCZcsgphXgZTQyg",
            "1HHrkVKKmKgqncM5TbJLtMwKQUyAzxCmdg",
            "1Qq8WDWieRcBVkrGRJ4stj87twbV6tqDh",
            "1FqrwtDEJxJtcSNSMgUcM3FPzZufxnCKH5",
            "1JTzL87W6e49Xnck6Crj2WcVXGm8MetSbf",
            "1DiKwBeKSrmbwgKvouRGDEmTb2monWToA1",
            "15TwCJ2Pr8F2ZTcQJeEqmQT2AnuR2P2hBT",
            "1AfEaDyKriXT1DVuAiPDmN8WLx1CG2eb6W",
            "1JBpd6S759xrnmUWMuS52w5BuXrezeuyyS",
            "1X9iN79HT6eT7ep11LxAH23y9PBvC2GMg",
            "1BsA19FyQydM1HFy3d8BSt8zdKb2CJKCbA",
            "13NU2unasWWqGzpdnpU51xQ38EgRkqCRiM"
        ]
    },
    "fiat_value": {},
    "frozen_coins": {},
    "invoices": {},
    "keystore": {
        "derivation": "m",
        "pw_hash_version": 1,
        "root_fingerprint": "7044a149",
        "seed": "minor zone pool alert remain combine push claw medal settle grace capable",
        "seed_type": "standard",
        "type": "bip32",
        "xprv": "xprv9s21ZrQH143K26oGtDQzcGeN5fQeXGfzzy5xw7Bmna3MfGqsUXWPPcUnqup7PpHBFYm1kcqk1oAfkTTEnH5otGQgWvWADEJkzdrdxgiUJAq",
        "xpub": "xpub661MyMwAqRbcEasjzEwzyQb6dhF8vjPrNC1ZjVbPLuaLY5B224pdwQoGhEQNA2Jw8gMVQSZt4cHn6YgYVH5LbS1uWGL2wMkRSHNw1SczbDq"
    },
    "labels": {},
    "payment_requests": {},
    "prevouts_by_scripthash": {},
    "seed_version": 50,
    "spent_outpoints": {},
    "transactions": {},
    "tx_fees": {},
    "txi": {},
    "txo": {},
    "use_encryption": false,
    "verified_tx3": {},
    "wallet_type": "standard"
}