{
    "addr_history": {
        "13NUZSricMW9Vd8fzwgpy5Zq3fZobs2ADx": [],
        "154HgoWjZMRo28mVjAZVSmznKvXjRFibKt": [],
        "16H8Dgg7B3sgiWvfhsMVuaKmkrxeDgRMAC": [],
        "16LSp8QrdDnXxd9Le9gzLaynWa9yRqcTq1": [],
        "17YNfwtxPJsmdkmqin7NQBjAFQSDDseCBt": [],
        "18FkBgdCCtVjnjNRRWu2Q8tZQSsiCRe7fw": [],
        "18TPUXGSaCSidLkS4Z8fLB7XExetDNu5kc": [],
        "18X1cd7FmQzZpyw485msXveWB4VJ4TSNDV": [],
        "1BTh9hSkyVuSDVtMC2AbBBXxrKWGKGMVpi": [],
        "1BXvZDwhWajC5Ty8BabWGfr4xhvJ1XycPh": [],
        "1C7kQrg1zUfwnez8zVkwRvERhRHSMgwzMQ": [],
        "1D6udTPrBGxjRypvHcyhWEAmKTqnN2vdfS": [],
        "1DBvJNPkj6ijGFHGZDP6LX2yTqfoYhnJRb": [],
        "1EjKZ9FQuL6qwb8i9dJhBUa25Qm57UR4Ve": [],
        "1FED6atfoFn6T5FBqxDXXfDmhAqFsdLGD2": [],
        "1FQY1Zyw7aFJTeuPn99fCMSieY3o5s2bCJ": [],
        "1FnrpHsCMZVkN4rt1bS95RqTRYosh6Hjjv": [],
        "1GZH6np5NVYQTv8Wy4TPuyJbEbngaXJ9y1": [],
        "1HJgdKmcT5toiAGbpov2o2rQgGzjeszTaZ": [],
        "1HrFCZ2Z854RsRjRzb598GX7XHDV14Vvst": [],
        "1K4D2vXEYucqvwHiJpDGENmAT13P3eLpop": [],
        "1LEUwibhKEmNbZV59t483ifpHkApq64gut": [],
        "1LYKPsa539uGC4GzyCcVwqLE6xNEuA1hA4": [],
        "1MN8nr8TA7AGP2qzL1Az6Xbo1zwE7x77t2": [],
        "1MtHCtAs4Hhg78Y7RFtyGqvP3yWk9rF5Dj": [],
        "1Ng8hsmFG7pZ3m7ZtJvFj3ksbtQiw84zqe": [],
        "1PFC2JzMZ5VfrHKmPE4YcbpgGPGpUDN6uh": [],
        "1PUPt9W7FDfTVbpSB2sG6eDyKqmGr23ex4": [],
        "1Q5d5tt5AaTEkwGjSDUdECnH3SRGMpfL3W": [],
        "1ZRdYQgx8KMEkpATbfekV5W7LZWShqgiL": []
    },
    "addresses": {
        "change": [
            "1FED6atfoFn6T5FBqxDXXfDmhAqFsdLGD2",
            "1MN8nr8TA7AGP2qzL1Az6Xbo1zwE7x77t2",
            "18FkBgdCCtVjnjNRRWu2Q8tZQSsiCRe7fw",
            "1HrFCZ2Z854RsRjRzb598GX7XHDV14Vvst",
            "154HgoWjZMRo28mVjAZVSmznKvXjRFibKt",
            "1HJgdKmcT5toiAGbpov2o2rQgGzjeszTaZ",
            "1LEUwibhKEmNbZV59t483ifpHkApq64gut",
            "1ZRdYQgx8KMEkpATbfekV5W7LZWShqgiL",
            "1D6udTPrBGxjRypvHcyhWEAmKTqnN2vdfS",
            "1BXvZDwhWajC5Ty8BabWGfr4xhvJ1XycPh"
        ],
        "receiving": [
            "16H8Dgg7B3sgiWvfhsMVuaKmkrxeDgRMAC",
            "1GZH6np5NVYQTv8Wy4TPuyJbEbngaXJ9y1",
            "1PUPt9W7FDfTVbpSB2sG6eDyKqmGr23ex4",
            "1LYKPsa539uGC4GzyCcVwqLE6xNEuA1hA4",
            "1PFC2JzMZ5VfrHKmPE4YcbpgGPGpUDN6uh",
            "18X1cd7FmQzZpyw485msXveWB4VJ4TSNDV",
            "1EjKZ9FQuL6qwb8i9dJhBUa25Qm57UR4Ve",
            "1FnrpHsCMZVkN4rt1bS95RqTRYosh6Hjjv",
            "18TPUXGSaCSidLkS4Z8fLB7XExetDNu5kc",
            "1DBvJNPkj6ijGFHGZDP6LX2yTqfoYhnJRb",
            "1K4D2vXEYucqvwHiJpDGENmAT13P3eLpop",
            "1Q5d5tt5AaTEkwGjSDUdECnH3SRGMpfL3W",
            "1BTh9hSkyVuSDVtMC2AbBBXxrKWGKGMVpi",
            "13NUZSricMW9Vd8fzwgpy5Zq3fZobs2ADx",
            "1FQY1Zyw7aFJTeuPn99fCMSieY3o5s2bCJ",
            "1C7kQrg1zUfwnez8zVkwRvERhRHSMgwzMQ",
            "1MtHCtAs4Hhg78Y7RFtyGqvP3yWk9rF5Dj",
            "17YNfwtxPJsmdkmqin7NQBjAFQSDDseCBt",
            "16LSp8QrdDnXxd9Le9gzLaynWa9yRqcTq1",
            "1Ng8hsmFG7pZ3m7ZtJvFj3ksbtQiw84zqe"
        ]
    },
    "fiat_value": {},
    "frozen_coins": {},
    "invoices": {},
    "keystore": {
        "derivation": "m",
        "pw_hash_version": 1,
        "root_fingerprint": "49aa6c1b",
        "seed": "minor zone pool abuse remain combine emotion claw medal settle grace capable",
        "seed_type": "standard",
        "type": "bip32",
        "xprv": "xprv9s21ZrQH143K3JwMs9cPv3Pq64cdvma4MvY49YuVvNE5X6iF6YTiULpLrJD71TjXbwTUxVARjnEvHfG36bo6719onNbrrkAPo9eurEV3Lw6",
        "xpub": "xpub661MyMwAqRbcFo1pyB9QHBLZe6T8LEHuj9TewwK7Uhm4Pu3Pe5my298phaPtEZ5DP613GxiFukFMrkPYdR2UD33TafPmHaZp4obyYvempK4"
    },
    "labels": {},
    "payment_requests": {},
    "prevouts_by_scripthash": {},
    "seed_version": 50,
    "spent_outpoints": {},
    "transactions": {},
    "tx_fees": {},
    "txi": {},
    "txo": {},
    "use_encryption": false,
    "verified_tx3": {},
    "wallet_type": "standard"
}