{
    "addr_history": {
        "12EJPSkcTLGqhKHKXFjKEMd3xWAZiiGeqB": [],
        "12Zoj1sGEKmD1XQuG7YboNMgB2HSamjini": [],
        "13DooQ1hHUjm1fybKwgH4wcUBfhmx7hZ5h": [],
        "13hJcErm32BUMxCHYgRiMpE8TfBvMWUdSq": [],
        "13hreaVrvgnLFH5Nqp66ENAoHyws92AQsS": [],
        "14Jw4vNA3BSAXL3CsUeoEmJZVE9BSCPvhE": [],
        "15GZP4LostkuJzKVLVv87iYAdgAgdZhsBb": [],
        "16ANLDaGWaSBvR9tsVJKhz9oAmFS1Znvf6": [],
        "18hb8x8jRDMxyJShipNQZN1huUrHor6j8Y": [],
        "19JPMfH19tceSPoXgM3Ezc4FWNr26UwFnZ": [],
        "19q7hQ7JP6nrQYJipL2wdAngG8jmzsaSib": [],
        "19uiEVfco5DfZD7CusQwp1aJJu2BWaWws8": [],
        "1A1D3ATJcsmUHSzBbBYs7buA4LueBk1H2": [],
        "1AS1vCY9c5DjuHPWJjvToA3rTdPiBk5p8H": [],
        "1AUQEV6E7q5Xfvt4dHJDCZM3xeojmQHrJ2": [],
        "1BD5mAAaygs55mQNJywr3UcCab5qodZgFe": [],
        "1BMwqYHvkF95i85tJBGjx5Xmwk8XfQAzLC": [],
        "1BaQrLSNkijp3XfYUjLRoXwTvy1vHCSW2C": [],
        "1BrPTCfbFyVfhhfHMSXdQ335KfTRn5gmEv": [],
        "1D5eKAzHEhe6zxXYvLSYFvEbYSXNAg2prR": [],
        "1FPV9C1TJo49kWCzJEA14EM55dhfGUv7Kq": [],
        "1FUEQMePSgWpoX5tM75oHgsarKpRP5tEjy": [],
        "1FzsSYANHmLq32ib5ok9SZGsrgGqsLdwMe": [],
        "1HTh6rhnwSTpdbu5t1vYKQh3Ghjh93wB9B": [],
        "1J7ZAtn8cjH3rRfu3tDWZf8u81AKM9QMQK": [],
        "1K1THrPYnLwVU5ddtKTZcptLkZ5N7U7gRe": [],
        "1K3kZydLi1BfHs4caphxuq56aDTZjBaAcy": [],
        "1L77ioA85QFyBWZkFyJa8RrvUWmGFzoL4f": [],
        "1Myb3Q3qNCw8r3adfX51XLeQ1kLADfcVji": [],
        "1P8DJe4AYFDhVuG6QEguZJjbrrjT3dEagL": []
    },
    "addresses": {
        "change": [
            "1D5eKAzHEhe6zxXYvLSYFvEbYSXNAg2prR",
            "1FzsSYANHmLq32ib5ok9SZGsrgGqsLdwMe",
            "19uiEVfco5DfZD7CusQwp1aJJu2BWaWws8",
            "1L77ioA85QFyBWZkFyJa8RrvUWmGFzoL4f",
            "1AS1vCY9c5DjuHPWJjvToA3rTdPiBk5p8H",
            "13hJcErm32BUMxCHYgRiMpE8TfBvMWUdSq",
            "1AUQEV6E7q5Xfvt4dHJDCZM3xeojmQHrJ2",
            "1BrPTCfbFyVfhhfHMSXdQ335KfTRn5gmEv",
            "13DooQ1hHUjm1fybKwgH4wcUBfhmx7hZ5h",
            "19JPMfH19tceSPoXgM3Ezc4FWNr26UwFnZ"
        ],
        "receiving": [
            "1HTh6rhnwSTpdbu5t1vYKQh3Ghjh93wB9B",
            "1BD5mAAaygs55mQNJywr3UcCab5qodZgFe",
            "16ANLDaGWaSBvR9tsVJKhz9oAmFS1Znvf6",
            "13hreaVrvgnLFH5Nqp66ENAoHyws92AQsS",
            "1J7ZAtn8cjH3rRfu3tDWZf8u81AKM9QMQK",
            "12EJPSkcTLGqhKHKXFjKEMd3xWAZiiGeqB",
            "15GZP4LostkuJzKVLVv87iYAdgAgdZhsBb",
            "1P8DJe4AYFDhVuG6QEguZJjbrrjT3dEagL",
            "1BMwqYHvkF95i85tJBGjx5Xmwk8XfQAzLC",
            "19q7hQ7JP6nrQYJipL2wdAngG8jmzsaSib",
            "1K1THrPYnLwVU5ddtKTZcptLkZ5N7U7gRe",
            "18hb8x8jRDMxyJShipNQZN1huUrHor6j8Y",
            "1FUEQMePSgWpoX5tM75oHgsarKpRP5tEjy",
            "14Jw4vNA3BSAXL3CsUeoEmJZVE9BSCPvhE",
            "1BaQrLSNkijp3XfYUjLRoXwTvy1vHCSW2C",
            "12Zoj1sGEKmD1XQuG7YboNMgB2HSamjini",
            "1A1D3ATJcsmUHSzBbBYs7buA4LueBk1H2",
            "1Myb3Q3qNCw8r3adfX51XLeQ1kLADfcVji",
            "1K3kZydLi1BfHs4caphxuq56aDTZjBaAcy",
            "1FPV9C1TJo49kWCzJEA14EM55dhfGUv7Kq"
        ]
    },
    "fiat_value": {},
    "frozen_coins": {},
    "invoices": {},
    "keystore": {
        "derivation": "m",
        "pw_hash_version": 1,
        "root_fingerprint": "92cb3e81",
        "seed": "minor zone pool accuse remain combine derive claw medal settle grace capable",
        "seed_type": "standard",
        "type": "bip32",
        "xprv": "xprv9s21ZrQH143K2E6RPjuvsZnZKwWywFQffMDEagK5kZJyKHffhuNEWRigEx768mJidKELRjvk7iczQgvHx7Fp4akMYHfJEJvptYvDW1AouUg",
        "xpub": "xpub661MyMwAqRbcEiAtVmSwEhjHsyMULi8X2a8qP4ihJtqxC5zpFSgV4E3A6DbKz2guCKSxuJM5DxMi6eSKUfdf2NDMgr8W4NNDh4U5XHFYuf1"
    },
    "labels": {},
    "payment_requests": {},
    "prevouts_by_scripthash": {},
    "seed_version": 50,
    "spent_outpoints": {},
    "transactions": {},
    "tx_fees": {},
    "txi": {},
    "txo": {},
    "use_encryption": false,
    "verified_tx3": {},
    "wallet_type": "standard"
}