{
    "addr_history": {
        "129hmbPThspBBQ4KbWndfxsWodef5RXp2s": [],
        "12k75h3YuSJNqduvUemb8szoz7SwnPX8ZL": [],
        "13at7T3JNnaPkqcogctTCLgPKqyaYmabRU": [],
        "13igg2BhP4eYMTW5nDbH9DShay9bBo1jFb": [],
        "14Vn4XVKLeiTwJmP1GX3tRLd3MDXKWhr7t": [],
        "14tt91tCMHA8tms4Nzy6VwWGcmx2CYaz49": [],
        "15qNrsCm4G7UaRTTE2UBv6eR4eAHZGXnRK": [],
        "16X2A9RE2n2eMXJ8kBkUfmRryp8YkYFJrE": [],
        "16xV54jusDyPLKr7TRa2ox4DwM5RwZShSN": [],
        "181TmJxa7zDgXj8cgZgX4pmpDaqASQPTuu": [],
        "18CHCoExiKaKexJ6e4Ds1ixqWmEtisUXwD": [],
        "18Mn4GLBcWmeMaFW1w48NvpBHgDKMUiUig": [],
        "18pmDhKEgCEsYZWA9c19YxnPzY1d9kNJc3": [],
        "19ngEJqVBvqKYg5V2FCbPNfPDEL1S6FV47": [],
        "19seKDoYiSMcBZ9dchVnZfx5PAozB7q1kZ": [],
        "1Au6jizE6m1f9iVfwBHAHaZsQcYvUhZwmZ": [],
        "1BhKpgnbA87pvNWKmctjMazigPbr74TXcX": [],
        "1Cut74wSKN2rFAZ9PGAQypESGcB8FMxZQo": [],
        "1D6PgnLD3pkKpvvHo3hmidztjw1bmuyx1G": [],
        "1EnRpEmKnKhdmjxvM8aJwiQXy91f4DuKFY": [],
        "1F2UckqbHeGWnq7FAQE1fPrEQhNDtXDaLJ": [],
        "1FDex8CCon8ekHdmGQBCh1gXn9vcs87QRL": [],
        "1FfhRPzH9Z77nfwruxgY1fNtggUmXD5M4J": [],
        "1J6eaSGc86uGs4dLezRrP2b1jhCePWPUWt": [],
        "1JRHHxU85bhQgiueEAxaMYVUXhhqCYGsa": [],
        "1JrLBcoFstnFrDYmskTn5re6Xf1rNouSgK": [],
        "1LUVM6yhmfCwMGE984UeWH9bhH9fmwd6FJ": [],
        "1N8oyfXPvWcSHgFMxw6FdDgxb3eMTBSZ8B": [],
        "1NuQogX44CmMyRdD2T9yigeGN6WZCS13tX": [],
        "1QKJx7um4Tkpjghxb3WwB6eSC8GiQ8sKQa": []
    },
    "addresses": {
        "change": [
            "1FDex8CCon8ekHdmGQBCh1gXn9vcs87QRL",
            "19ngEJqVBvqKYg5V2FCbPNfPDEL1S6FV47",
            "14Vn4XVKLeiTwJmP1GX3tRLd3MDXKWhr7t",
            "18pmDhKEgCEsYZWA9c19YxnPzY1d9kNJc3",
            "1N8oyfXPvWcSHgFMxw6FdDgxb3eMTBSZ8B",
            "1FfhRPzH9Z77nfwruxgY1fNtggUmXD5M4J",
            "181TmJxa7zDgXj8cgZgX4pmpDaqASQPTuu",
            "16X2A9RE2n2eMXJ8kBkUfmRryp8YkYFJrE",
            "1EnRpEmKnKhdmjxvM8aJwiQXy91f4DuKFY",
            "1F2UckqbHeGWnq7FAQE1fPrEQhNDtXDaLJ"
        ],
        "receiving": [
            "12k75h3YuSJNqduvUemb8szoz7SwnPX8ZL",
            "1BhKpgnbA87pvNWKmctjMazigPbr74TXcX",
            "1J6eaSGc86uGs4dLezRrP2b1jhCePWPUWt",
            "13igg2BhP4eYMTW5nDbH9DShay9bBo1jFb",
            "1Cut74wSKN2rFAZ9PGAQypESGcB8FMxZQo",
            "14tt91tCMHA8tms4Nzy6VwWGcmx2CYaz49",
            "129hmbPThspBBQ4KbWndfxsWodef5RXp2s",
            "18Mn4GLBcWmeMaFW1w48NvpBHgDKMUiUig",
            "13at7T3JNnaPkqcogctTCLgPKqyaYmabRU",
            "15qNrsCm4G7UaRTTE2UBv6eR4eAHZGXnRK",
            "1NuQogX44CmMyRdD2T9yigeGN6WZCS13tX",
            "1LUVM6yhmfCwMGE984UeWH9bhH9fmwd6FJ",
            "1Au6jizE6m1f9iVfwBHAHaZsQcYvUhZwmZ",
            "1JRHHxU85bhQgiueEAxaMYVUXhhqCYGsa",
            "1JrLBcoFstnFrDYmskTn5re6Xf1rNouSgK",
            "19seKDoYiSMcBZ9dchVnZfx5PAozB7q1kZ",
            "1QKJx7um4Tkpjghxb3WwB6eSC8GiQ8sKQa",
            "1D6PgnLD3pkKpvvHo3hmidztjw1bmuyx1G",
            "18CHCoExiKaKexJ6e4Ds1ixqWmEtisUXwD",
            "16xV54jusDyPLKr7TRa2ox4DwM5RwZShSN"
        ]
    },
    "fiat_value": {},
    "frozen_coins": {},
    "invoices": {},
    "keystore": {
        "derivation": "m",
        "pw_hash_version": 1,
        "root_fingerprint": "8b4e713f",
        "seed": "minor zone pool august remain combine sauce claw medal settle grace capable",
        "seed_type": "standard",
        "type": "bip32",
        "xprv": "xprv9s21ZrQH143K36zGNWnPXyMaDbpGDnK5MoeXFmTUcvCAuMyNApUfVNhgnyyqEcvqGcPMdNtEJ9yiEVduVFFRmEhwxjnKMY77s65N5wcZPsb",
        "xpub": "xpub661MyMwAqRbcFb4jUYKPu7JJmdekdF2vj2a849s6BFj9nAJWiMnv3B2AeGFimd8cQbDbyn1651TB3KLG9gkaL1JR47ZShz8ZJH59fMwqFjz"
    },
    "labels": {},
    "payment_requests": {},
    "prevouts_by_scripthash": {},
    "seed_version": 50,
    "spent_outpoints": {},
    "transactions": {},
    "tx_fees": {},
    "txi": {},
    "txo": {},
    "use_encryption": false,
    "verified_tx3": {},
    "wallet_type": "standard"
}