{
    "addr_history": {
        "126Uybj1MmSU5yUphhNa33Sn63SwGttBP2": [],
        "143F9QDeDFPEwkKdi6VxuVZvwuGLmgCtaH": [],
        "14TjSLtKrJi9kD5MstAd4Va6ESjLjNoyJT": [],
        "15AnzASuRn7eEfwRAeNegb3Y4yEHqct6J4": [],
        "15JawZGXu9MPehRuJZ17aP6cNicP77HKpT": [],
        "15wJbTn3GqthVt21y1bvTo5Fb6WSfAJTPE": [],
        "186pbd6sWRQe5jX1MCohtBMoczSeRfEsuD": [],
        "18QZVfnofZYqtuRtKpL3NhRdKeMDLU4eeX": [],
        "19UxGCDLawueFknESiiKPc1X3PZCBJF1DK": [],
        "19YLwUnjevQQRjXQ9nRU9dTdYpN6SPKMPE": [],
        "19ddn3tAduXCBnrivPCA7LfZEB2gBBrjSx": [],
        "1AKPirPeWV2NmmQserMyf9Co9tjVmRAQ4e": [],
        "1C1cVZ1jQMi1pdLhr7Yscg9BfubhyXiF7F": [],
        "1CMx5qbeD9i6gxCVKnDYjb9gZTMBEUCfJm": [],
        "1D6YaMLLTvD4iB6SQp8zx3W1mtFDd2oLmc": [],
        "1D8rWyeUYa3n8Du8kVoX2EYdHXf5PqXwwC": [],
        "1DETLmrUpdXDmSJ6ej8v118MEEWqLoYZc2": [],
        "1DtQnJy8z5eNv4aw6nb8mPrYpCpuBy5QVM": [],
        "1EjLdnYWkXtzxnBJPdxPS5GAunkQC2fS7B": [],
        "1FUdFbSVrSTbGySW85sH6jGrfNYVoEZhu1": [],
        "1GDNhK5caprAw4xUTaNZxrcJETfiBweTbp": [],
        "1GGkFQL6o81eBgGCXuVMu21USaR5YAvt4h": [],
        "1H9KZ6H1S2kaSZL6Dxa2aVqVe8m9ibNVR7": [],
        "1HW96ThB63YDzbGosJavB2qJ8wssdjeFqj": [],
        "1HdWovVEeuiWrQqG3KT233czzgENggdEpZ": [],
        "1HmBb4i9UpdwyF14EmPHNBdQnGNrWxGkr5": [],
        "1JtqxQcK4dNWjMseNccsgmN58iHNdz5GKh": [],
        "1KEvdyJZCJBWy3vZwQXYrKebLbw1pvniLq": [],
        "1KZk4dvdgmWMN5UZEVALuQshikkdicWkgo": [],
        "1SjcWNVGRNMLqBLtDTPChoAtSxgG72hcR": []
    },
    "addresses": {
        "change": [
            "19YLwUnjevQQRjXQ9nRU9dTdYpN6SPKMPE",
            "1H9KZ6H1S2kaSZL6Dxa2aVqVe8m9ibNVR7",
            "1GDNhK5caprAw4xUTaNZxrcJETfiBweTbp",
            "1CMx5qbeD9i6gxCVKnDYjb9gZTMBEUCfJm",
            "1DETLmrUpdXDmSJ6ej8v118MEEWqLoYZc2",
            "1KZk4dvdgmWMN5UZEVALuQshikkdicWkgo",
            "1SjcWNVGRNMLqBLtDTPChoAtSxgG72hcR",
            "1DtQnJy8z5eNv4aw6nb8mPrYpCpuBy5QVM",
            "1GGkFQL6o81eBgGCXuVMu21USaR5YAvt4h",
            "14TjSLtKrJi9kD5MstAd4Va6ESjLjNoyJT"
        ],
        "receiving": [
            "1EjLdnYWkXtzxnBJPdxPS5GAunkQC2fS7B",
            "1HdWovVEeuiWrQqG3KT233czzgENggdEpZ",
            "126Uybj1MmSU5yUphhNa33Sn63SwGttBP2",
            "1D6YaMLLTvD4iB6SQp8zx3W1mtFDd2oLmc",
            "1KEvdyJZCJBWy3vZwQXYrKebLbw1pvniLq",
            "1C1cVZ1jQMi1pdLhr7Yscg9BfubhyXiF7F",
            "15JawZGXu9MPehRuJZ17aP6cNicP77HKpT",
            "1FUdFbSVrSTbGySW85sH6jGrfNYVoEZhu1",
            "143F9QDeDFPEwkKdi6VxuVZvwuGLmgCtaH",
            "1D8rWyeUYa3n8Du8kVoX2EYdHXf5PqXwwC",
            "186pbd6sWRQe5jX1MCohtBMoczSeRfEsuD",
            "1JtqxQcK4dNWjMseNccsgmN58iHNdz5GKh",
            "1HW96ThB63YDzbGosJavB2qJ8wssdjeFqj",
            "15wJbTn3GqthVt21y1bvTo5Fb6WSfAJTPE",
            "19ddn3tAduXCBnrivPCA7LfZEB2gBBrjSx",
            "19UxGCDLawueFknESiiKPc1X3PZCBJF1DK",
            "1HmBb4i9UpdwyF14EmPHNBdQnGNrWxGkr5",
            "1AKPirPeWV2NmmQserMyf9Co9tjVmRAQ4e",
            "15AnzASuRn7eEfwRAeNegb3Y4yEHqct6J4",
            "18QZVfnofZYqtuRtKpL3NhRdKeMDLU4eeX"
        ]
    },
    "fiat_value": {},
    "frozen_coins": {},
    "invoices": {},
    "keystore": {
        "derivation": "m",
        "pw_hash_version": 1,
        "root_fingerprint": "5c6d8195",
        "seed": "minor zone pool age remain combine cover claw medal settle grace capable",
        "seed_type": "standard",
        "type": "bip32",
        "xprv": "xprv9s21ZrQH143K4FcoY4CZ7mx3Z94H2KdFZojkCoLYph5PNoxpvXpeAc5je6rqhbQfqbZUA6HJ4WUamwo5HKkunM9v7YSMq8TjD751Uad22AR",
        "xpub": "xpub661MyMwAqRbcGjhGe5jZUutn7AtmRnM6w2fM1BkAP2cNFcHyU58tiQQDVPYA5rBHZSyLnsoQxNbCfBFQouAyeAp6M9LoFD5EGg4NAXUEAHS"
    },
    "labels": {},
    "payment_requests": {},
    "prevouts_by_scripthash": {},
    "seed_version": 50,
    "spent_outpoints": {},
    "transactions": {},
    "tx_fees": {},
    "txi": {},
    "txo": {},
    "use_encryption": false,
    "verified_tx3": {},
    "wallet_type": "standard"
}