{
    "addr_history": {
        "12A4caBkSiinkAXrNVsbRVxjeb3zAZaVXr": [],
        "12vjdwdnbGMhcE7ehvwo8JBJbKk4UkBa5x": [],
        "13EWqjxLrRATzQAxa2XFbRxWL9y4AJuZ19": [],
        "13WeX3ewt2nQQEdQp6KEnHVFFi1JuGD7JR": [],
        "13YzXvmM2rnGsiYonMu7tfigvL1uRZEVZu": [],
        "15NCuUPqBhrp2LydrmHwMQuabTqjavP71z": [],
        "17qeRH3mrt8Lg9KnUhu485vWFKPjLwiSY6": [],
        "198MEndz8XPBn2o8DR2udbbaqmofU4soFR": [],
        "1BT2VnS8WCtAm1cJ6AaQLTyvHY32MkcmV8": [],
        "1BwDnsPyRxU9AsC119mEk1Eyg4TC8NAnaA": [],
        "1C92utgaTYWtPrnUwknxL3kP5zuD9RCXjW": [],
        "1CdaCLTsVQCGCGVM6XLG7ceJvhJX8brVTY": [],
        "1DDpThLycSA8fzrQsrV5r5FTSJkFaWfiRK": [],
        "1DGgBoBo9iTyjCBwGFESwcHjfu1uWB8BMC": [],
        "1DN1TTzJGak7VsSVUWVURNJBqewMPHwfQd": [],
        "1FN1GnqBhbfdnFnxrMLRYn4sNvEnqDnGR6": [],
        "1HaWSq3FXbNRn3Rq5ZmqRA38Kpq5JrkwFn": [],
        "1HdDT31ppC2qJFcYQE7J6KJEtaHVqHSxYD": [],
        "1J7xokWaCN5132jqqV31sJHSkRWtRc85Ch": [],
        "1JAhuXAtaSVdioGysJuiSm6ewEdcqdzP8G": [],
        "1JjpiX6saukg2gAtiEMW6jg23FBeCLaSiL": [],
        "1LLS6725HSeqQMmGTHoP8VWaSuyw5rwdEy": [],
        "1M2peG7TiN1jqPDstbJtj81pL1XQumuEUo": [],
        "1MjCB82M7v5ErgGYUEhiSwGN3AJB396JBo": [],
        "1NCcxq7aCLQ4eW55WGTyr3gdHm9vqviHpx": [],
        "1NMHDqyJ1mV5fLGCvPmDWktX96C8d47e8W": [],
        "1NQPhiwaRzwQSVALHRDhi5QUtvKnASXTBo": [],
        "1P7urn91x4qEGfpQXgptCnH73QwyoNHTkn": [],
        "1PwMju98qAFEs9m1aduiui4pgEBTiKv8YG": [],
        "1sstwMYYLev5HCG6y16kgKYav1AwPE9jN": []
    },
    "addresses": {
        "change": [
            "1LLS6725HSeqQMmGTHoP8VWaSuyw5rwdEy",
            "13EWqjxLrRATzQAxa2XFbRxWL9y4AJuZ19",
            "1MjCB82M7v5ErgGYUEhiSwGN3AJB396JBo",
            "1BwDnsPyRxU9AsC119mEk1Eyg4TC8NAnaA",
            "1PwMju98qAFEs9m1aduiui4pgEBTiKv8YG",
            "1NQPhiwaRzwQSVALHRDhi5QUtvKnASXTBo",
            "12vjdwdnbGMhcE7ehvwo8JBJbKk4UkBa5x",
            "1BT2VnS8WCtAm1cJ6AaQLTyvHY32MkcmV8",
            "1CdaCLTsVQCGCGVM6XLG7ceJvhJX8brVTY",
            "1NMHDqyJ1mV5fLGCvPmDWktX96C8d47e8W"
        ],
        "receiving": [
            "17qeRH3mrt8Lg9KnUhu485vWFKPjLwiSY6",
            "15NCuUPqBhrp2LydrmHwMQuabTqjavP71z",
            "1DN1TTzJGak7VsSVUWVURNJBqewMPHwfQd",
            "1JAhuXAtaSVdioGysJuiSm6ewEdcqdzP8G",
            "1J7xokWaCN5132jqqV31sJHSkRWtRc85Ch",
            "198MEndz8XPBn2o8DR2udbbaqmofU4soFR",
            "13YzXvmM2rnGsiYonMu7tfigvL1uRZEVZu",
            "1DDpThLycSA8fzrQsrV5r5FTSJkFaWfiRK",
            "1JjpiX6saukg2gAtiEMW6jg23FBeCLaSiL",
            "1DGgBoBo9iTyjCBwGFESwcHjfu1uWB8BMC",
            "1M2peG7TiN1jqPDstbJtj81pL1XQumuEUo",
            "1P7urn91x4qEGfpQXgptCnH73QwyoNHTkn",
            "12A4caBkSiinkAXrNVsbRVxjeb3zAZaVXr",
            "1FN1GnqBhbfdnFnxrMLRYn4sNvEnqDnGR6",
            "1sstwMYYLev5HCG6y16kgKYav1AwPE9jN",
            "1C92utgaTYWtPrnUwknxL3kP5zuD9RCXjW",
            "1HdDT31ppC2qJFcYQE7J6KJEtaHVqHSxYD",
            "13WeX3ewt2nQQEdQp6KEnHVFFi1JuGD7JR",
            "1NCcxq7aCLQ4eW55WGTyr3gdHm9vqviHpx",
            "1HaWSq3FXbNRn3Rq5ZmqRA38Kpq5JrkwFn"
        ]
    },
    "fiat_value": {},
    "frozen_coins": {},
    "invoices": {},
    "keystore": {
        "derivation": "m",
        "pw_hash_version": 1,
        "root_fingerprint": "35c37565",
        "seed": "minor zone pool affair remain combine skill claw medal settle grace capable",
        "seed_type": "standard",
        "type": "bip32",
        "xprv": "xprv9s21ZrQH143K3m9rQTFJi4yFc9gbyaQfWmuGWAYZrL4xeXFLGtWdFaaGzB3poh32g5MSCZuwybg38QBn4dZw1PPNHFjFzLeY2RZLyXi4MSX",
        "xpub": "xpub661MyMwAqRbcGFEKWUnK5CuzABX6P38WszpsJYxBQfbwXKaUpRpsoNtkqTvkSjrSzZf85WEr5jYVxp5TCbZ5z2wJjLccS4oKrCvGBPv9zim"
    },
    "labels": {},
    "payment_requests": {},
    "prevouts_by_scripthash": {},
    "seed_version": 50,
    "spent_outpoints": {},
    "transactions": {},
    "tx_fees": {},
    "txi": {},
    "txo": {},
    "use_encryption": false,
    "verified_tx3": {},
    "wallet_type": "standard"
}