{
    "addr_history": {
        "125GTMM75CHfrKriD7yQ3QAno2aSNhh1rf": [],
        "12KvucBxSPKGnqMfML45gCxuCTeGx5Kh5B": [],
        "12dJ6JgLEhHZWkoxugPR8RaRpHWZenoYct": [],
        "12rJxofonRidnD2Zge5q2LUgQ22FfXTXeF": [],
        "131vrVLKjTzwUMEKLnCww7ewcxfSE4iN43": [],
        "13ENc7FF3nVJ9LTNSDu2qTPoPR8WpGAkQD": [],
        "16U5VcbpPcxfoyJPiGrcGff6oR6ki6D4j7": [],
        "16X1YfP5r2kkAV9UsK5QjTycZx6QjtxU79": [],
        "16j8UFf6sDT4HcysmSzvjqbRBHtkbgtkNr": [],
        "16on9QNHiyjxhxdDCmHVqFGQz7E4sotYRM": [],
        "178Ur5YFNudtXmEU8MGZxwZXcNbxwSupz9": [],
        "18hKrrPxrqKF87NJxjH1vk4wKgKg3ykjCJ": [],
        "18tE34a8ePvYze5T2JRA6ih3ErFeVCNC3f": [],
        "19FD1gz39BEpQyFsf6th7yGiAU4jiQta4Z": [],
        "1CxVPCoQE5JKHdqCPyiKxrq48LWUXDPLyJ": [],
        "1EW2xio4xK59QdDcnMA9voacfmdEccHnbS": [],
        "1EgrgJG9xwnX4tNsYX3RJeVge7iKfSuVoH": [],
        "1EsVHKxnhN9QVJqZ1Akuj1ahCPAP4A1pzA": [],
        "1FDDUgiRyzfQ7eBvdW6wj7D71qWVy4YW34": [],
        "1FPYtNvPKGz9PfroPqMbYYUiw3Q5vRanbW": [],
        "1H3SRvT47STSwVMMLTPy9T5nujTVfw1k9p": [],
        "1HMdMngAoJPxoKRSXSX2mpJ3woo7a2bQwj": [],
        "1Jm18Bg73qCApXSQc1krT5uVkEoBSyhWdx": [],
        "1Kfe8eUxkwyUx3MFcyC2vMFACxetbFuNwx": [],
        "1KpDaSfbgAruXA1Jz12H5ZPS4Z4cwQneVr": [],
        "1LYWRaVjztBtw6jGd2UDKJerbmDoe4tcHc": [],
        "1MPxD9QAhVov4We6w6ctsjzLmKQ4tzHmZ7": [],
        "1NVVFQ9CWRidsNRnR8ZfJAX1WFhEmfrwcx": [],
        "1P3vXbNg9LDQcKTLafUAvvMYSyiR2uGRNu": [],
        "1Pvvav1khxgvcXzUemRjTqZcvz5pbXe4QM": []
    },
    "addresses": {
        "change": [
            "125GTMM75CHfrKriD7yQ3QAno2aSNhh1rf",
            "1HMdMngAoJPxoKRSXSX2mpJ3woo7a2bQwj",
            "1KpDaSfbgAruXA1Jz12H5ZPS4Z4cwQneVr",
            "12rJxofonRidnD2Zge5q2LUgQ22FfXTXeF",
            "1CxVPCoQE5JKHdqCPyiKxrq48LWUXDPLyJ",
            "1EsVHKxnhN9QVJqZ1Akuj1ahCPAP4A1pzA",
            "1Jm18Bg73qCApXSQc1krT5uVkEoBSyhWdx",
            "1FDDUgiRyzfQ7eBvdW6wj7D71qWVy4YW34",
            "1P3vXbNg9LDQcKTLafUAvvMYSyiR2uGRNu",
            "16X1YfP5r2kkAV9UsK5QjTycZx6QjtxU79"
        ],
        "receiving": [
            "178Ur5YFNudtXmEU8MGZxwZXcNbxwSupz9",
            "1Pvvav1khxgvcXzUemRjTqZcvz5pbXe4QM",
            "131vrVLKjTzwUMEKLnCww7ewcxfSE4iN43",
            "16on9QNHiyjxhxdDCmHVqFGQz7E4sotYRM",
            "1H3SRvT47STSwVMMLTPy9T5nujTVfw1k9p",
            "18tE34a8ePvYze5T2JRA6ih3ErFeVCNC3f",
            "12KvucBxSPKGnqMfML45gCxuCTeGx5Kh5B",
            "16U5VcbpPcxfoyJPiGrcGff6oR6ki6D4j7",
            "13ENc7FF3nVJ9LTNSDu2qTPoPR8WpGAkQD",
            "1FPYtNvPKGz9PfroPqMbYYUiw3Q5vRanbW",
            "1NVVFQ9CWRidsNRnR8ZfJAX1WFhEmfrwcx",
            "18hKrrPxrqKF87NJxjH1vk4wKgKg3ykjCJ",
            "16j8UFf6sDT4HcysmSzvjqbRBHtkbgtkNr",
            "19FD1gz39BEpQyFsf6th7yGiAU4jiQta4Z",
            "1LYWRaVjztBtw6jGd2UDKJerbmDoe4tcHc",
            "1Kfe8eUxkwyUx3MFcyC2vMFACxetbFuNwx",
            "12dJ6JgLEhHZWkoxugPR8RaRpHWZenoYct",
            "1EW2xio4xK59QdDcnMA9voacfmdEccHnbS",
            "1EgrgJG9xwnX4tNsYX3RJeVge7iKfSuVoH",
            "1MPxD9QAhVov4We6w6ctsjzLmKQ4tzHmZ7"
        ]
    },
    "fiat_value": {},
    "frozen_coins": {},
    "invoices": {},
    "keystore": {
        "derivation": "m",
        "pw_hash_version": 1,
        "root_fingerprint": "35f392f9",
        "seed": "minor zone pool alley remain combine spatial claw medal settle grace capable",
        "seed_type": "standard",
        "type": "bip32",
        "xprv": "xprv9s21ZrQH143K2pejMehUyZpZ78SZPf8RLk2vjVFMZuV1hYowR4V4AtBbQ629pAk2eYBFjQz5uoPaNDqZxLmLUsh12Jdf84YT6QVp8gBe9qk",
        "xpub": "xpub661MyMwAqRbcFJjCTgEVLhmHfAH3o7rGhxxXXsey8F1zaM95xboJigW5FNdGTJZdkvthnHyYV8VT4BnJqaWtepBqWz2CUyYhhP52G74GfoF"
    },
    "labels": {},
    "payment_requests": {},
    "prevouts_by_scripthash": {},
    "seed_version": 50,
    "spent_outpoints": {},
    "transactions": {},
    "tx_fees": {},
    "txi": {},
    "txo": {},
    "use_encryption": false,
    "verified_tx3": {},
    "wallet_type": "standard"
}