{
    "addr_history": {
        "12cKGK98vjAwySZAw8CFccDioBAYqyP87F": [],
        "13cXpE5iyGkLwUqPnKCbmwWxmYdBxa2nby": [],
        "14j7NC1BKQJ8NtpqkXq9Ynr93ypna6dCzh": [],
        "14pkqYw3YCixh2CrBayfGpdnpwkPfmjp7s": [],
        "14ta5TjNJZo5GANdhDA4BdDbQZfssLiX19": [],
        "14yP31siMTPnP7uapT5JstYsJuEuGwDzBW": [],
        "19W2BCc8vk6t9fNuixAW3xvEuuaHiJAZjH": [],
        "19hVYiL8fcU1nXzVwAi8RfEPBrYgr4x3LQ": [],
        "19itXVVqgnUrVt2wGyRT1bePCozqo5HnU": [],
        "1AC4Cz6fhiLePuJxLuqFRufibHThrUJ4eq": [],
        "1B399BtzCw1hA3FmzdhNuJP7TVzSFs3WA": [],
        "1B3YgWEPNe64iSWTPTDPYNqsdTGRRKBQQL": [],
        "1Bkhrgtf2SJRvRx54T3LZk6YDN4aziEMNZ": [],
        "1CqVruRVH7TQzg3UUJX5gDD8gHn1NCKvYH": [],
        "1Dzj36MkJLLwvkFgANZhhrhZ2gorCWtaL2": [],
        "1E9HUAsHjf9cmXrwfa3ZuXotzJQyv48rzM": [],
        "1EVJA6BGbGXWqraZja9XYpaq2e1EWFFHQU": [],
        "1FEpKgsujiKPUMzSd5quSnoXiD3wQ8ozPC": [],
        "1FKUW8EtFR2ExH227KpwiRLygQqsaT1zoa": [],
        "1FTEuTufvQqNpXNzUEoZzHSdbtFWRExgQN": [],
        "1FagVKZb4UfLz7vjscP5c2DSSZLzD47nZi": [],
        "1GBWvShPcWfgYcKTJXBZwWr87FVdoQU3zP": [],
        "1Gu8w41R9FroSP1iPauZJ7ax5k6ppAUAxt": [],
        "1HQDua2MDPBiBeGfawjZGAja2UDnUVuaMx": [],
        "1HuPvCnzg12W64xsuxNsdNxvMbSeKRJiTz": [],
        "1LDUDNLm16d8sMcRyd2pLvXcQUvbbKKDhC": [],
        "1La3RvpuoTB9ePgTT2X85D6Lud1YMifzZi": [],
        "1MXbnzR44pNW9wDRLnnzkxWG8AiVJ16Hud": [],
        "1NytAxUxrdD65CNVtUojn9R89ArDf8Q4ZB": [],
        "1P3xgVdS4dXaCfoEu8VGJmeN5KidojfeP9": []
    },
    "addresses": {
        "change": [
            "1FEpKgsujiKPUMzSd5quSnoXiD3wQ8ozPC",
            "12cKGK98vjAwySZAw8CFccDioBAYqyP87F",
            "1EVJA6BGbGXWqraZja9XYpaq2e1EWFFHQU",
            "1B399BtzCw1hA3FmzdhNuJP7TVzSFs3WA",
            "1FagVKZb4UfLz7vjscP5c2DSSZLzD47nZi",
            "1HQDua2MDPBiBeGfawjZGAja2UDnUVuaMx",
            "1La3RvpuoTB9ePgTT2X85D6Lud1YMifzZi",
            "1Bkhrgtf2SJRvRx54T3LZk6YDN4aziEMNZ",
            "1Dzj36MkJLLwvkFgANZhhrhZ2gorCWtaL2",
            "1FTEuTufvQqNpXNzUEoZzHSdbtFWRExgQN"
        ],
        "receiving": [
            "1GBWvShPcWfgYcKTJXBZwWr87FVdoQU3zP",
            "19W2BCc8vk6t9fNuixAW3xvEuuaHiJAZjH",
            "1E9HUAsHjf9cmXrwfa3ZuXotzJQyv48rzM",
            "1MXbnzR44pNW9wDRLnnzkxWG8AiVJ16Hud",
            "13cXpE5iyGkLwUqPnKCbmwWxmYdBxa2nby",
            "1FKUW8EtFR2ExH227KpwiRLygQqsaT1zoa",
            "1Gu8w41R9FroSP1iPauZJ7ax5k6ppAUAxt",
            "1NytAxUxrdD65CNVtUojn9R89ArDf8Q4ZB",
            "14pkqYw3YCixh2CrBayfGpdnpwkPfmjp7s",
            "1P3xgVdS4dXaCfoEu8VGJmeN5KidojfeP9",
            "19itXVVqgnUrVt2wGyRT1bePCozqo5HnU",
            "1B3YgWEPNe64iSWTPTDPYNqsdTGRRKBQQL",
            "19hVYiL8fcU1nXzVwAi8RfEPBrYgr4x3LQ",
            "1CqVruRVH7TQzg3UUJX5gDD8gHn1NCKvYH",
            "1LDUDNLm16d8sMcRyd2pLvXcQUvbbKKDhC",
            "14j7NC1BKQJ8NtpqkXq9Ynr93ypna6dCzh",
            "1AC4Cz6fhiLePuJxLuqFRufibHThrUJ4eq",
            "14ta5TjNJZo5GANdhDA4BdDbQZfssLiX19",
            "14yP31siMTPnP7uapT5JstYsJuEuGwDzBW",
            "1HuPvCnzg12W64xsuxNsdNxvMbSeKRJiTz"
        ]
    },
    "fiat_value": {},
    "frozen_coins": {},
    "invoices": {},
    "keystore": {
        "derivation": "m",
        "pw_hash_version": 1,
        "root_fingerprint": "bb12105b",
        "seed": "minor zone pool area remain combine outer claw medal settle grace capable",
        "seed_type": "standard",
        "type": "bip32",
        "xprv": "xprv9s21ZrQH143K3eni9sEtrzoMDVNtJvrJmz3FRvPWw9pHx7naahnXfcabfUdrx6oSyhrr4Y8trzvGtEpfmfYCq59XNxoVHrucjuQ4bxK5ZDk",
        "xpub": "xpub661MyMwAqRbcG8sBFtmuE8k5mXDNiPaA9CxrEJo8VVMGpv7j8F6nDQu5WjJ1ESnjaJ3jLp2JE5c1YWcaVhDxN2SLoTzrx9zh8Nzg9kPncWJ"
    },
    "labels": {},
    "payment_requests": {},
    "prevouts_by_scripthash": {},
    "seed_version": 50,
    "spent_outpoints": {},
    "transactions": {},
    "tx_fees": {},
    "txi": {},
    "txo": {},
    "use_encryption": false,
    "verified_tx3": {},
    "wallet_type": "standard"
}