{
    "addr_history": {
        "12qyDVJsQzysSrD1Mqoisirnk3wSxDXLxW": [],
        "12tWDkJzM26qbPFeQoZSRrJ3QcgBj2Rfd8": [],
        "12tfHDnBDoT6SqKjWhq9hKVys6sWCmJUZ9": [],
        "156w1izJ3XDEjPPrhhHd2sr6tkXTnXpzbn": [],
        "15K7NQ2n9eTBwyrivmFtGXPHuZMvEiBTAp": [],
        "15oCrpdkx2hTR6YYVjTrSeCwqx52HtCkgH": [],
        "16XjxoAKprzABMkwuFKmVBseEsqE6SfPrQ": [],
        "18cm9x5g4Lwk93Lw2uUb6PrAa2f6AG2Ewn": [],
        "18mFQZ7AeZXzXK1aseUZ9ZPnz3DXk8oKHK": [],
        "18nVFmMuF4D1CivKbCWhjMwtZj9VnkXp2f": [],
        "19u2um1GH72vT3QrcNvxuWvQdeByB1NV1V": [],
        "1C55pLuaC268XAsdpLFSxHmT6BdgpE8r1f": [],
        "1CStAfkyz8EajMPLAd271sKGkgTjnav7oA": [],
        "1Cxjp69SoUi5CcFkQkqv55uJgPDqkNF7DR": [],
        "1Eh3xdNR96YGfZMpMVEhQ4Fedz7n6CPyt4": [],
        "1FmdBz834w4BtT7LSAFrpjUfTMR8VkAmZH": [],
        "1Gcob4nCfKPkPKYwaEw1k9T1jpc862yQyz": [],
        "1GkbgRxjsGRiLoYPxSuUdTWJuqt6HSdVsK": [],
        "1Go8zwNMgg59HKt7xTmC1hFTPjYfpHkFdy": [],
        "1GyazWJCfgrcn7pwxdar8LHmqgxDS9R5Ju": [],
        "1H12qTE3xUTCEo92oKbM3ZCVLUjQXkTcC5": [],
        "1JADJT5DnGmrhSjjRgDujGPXb5US3dkH2p": [],
        "1JdSBkXBGwWQub6F9qkNo3rdJfx1R4qEcm": [],
        "1K6MCVS8QtjcmaCzWd4jupCUq47HSkYuwn": [],
        "1KaCR2P3AuxjGd1TRmma12LCcSGMDHF8QA": [],
        "1KhXTsx9EE5anh8zEuVL9YVMD8WGaU5MbV": [],
        "1MTafCYSdYbu78aaK1CzHgSFa5JsqMuoUs": [],
        "1P6WKJ1fYRtjE9Yzqu7WH7iyaWy9KHHPXm": [],
        "1YrBioAxFmtdeqde2hZ6BEXdXm8GkQPXP": [],
        "1vESzBRqiXPMNhUGtwpzzn316rHpPpEc6": []
    },
    "addresses": {
        "change": [
            "1FmdBz834w4BtT7LSAFrpjUfTMR8VkAmZH",
            "1KhXTsx9EE5anh8zEuVL9YVMD8WGaU5MbV",
            "18nVFmMuF4D1CivKbCWhjMwtZj9VnkXp2f",
            "1Go8zwNMgg59HKt7xTmC1hFTPjYfpHkFdy",
            "18cm9x5g4Lwk93Lw2uUb6PrAa2f6AG2Ewn",
            "156w1izJ3XDEjPPrhhHd2sr6tkXTnXpzbn",
            "12tfHDnBDoT6SqKjWhq9hKVys6sWCmJUZ9",
            "1K6MCVS8QtjcmaCzWd4jupCUq47HSkYuwn",
            "18mFQZ7AeZXzXK1aseUZ9ZPnz3DXk8oKHK",
            "1JdSBkXBGwWQub6F9qkNo3rdJfx1R4qEcm"
        ],
        "receiving": [
            "1Gcob4nCfKPkPKYwaEw1k9T1jpc862yQyz",
            "1H12qTE3xUTCEo92oKbM3ZCVLUjQXkTcC5",
            "16XjxoAKprzABMkwuFKmVBseEsqE6SfPrQ",
            "1P6WKJ1fYRtjE9Yzqu7WH7iyaWy9KHHPXm",
            "1YrBioAxFmtdeqde2hZ6BEXdXm8GkQPXP",
            "1GyazWJCfgrcn7pwxdar8LHmqgxDS9R5Ju",
            "12qyDVJsQzysSrD1Mqoisirnk3wSxDXLxW",
            "1GkbgRxjsGRiLoYPxSuUdTWJuqt6HSdVsK",
            "12tWDkJzM26qbPFeQoZSRrJ3QcgBj2Rfd8",
            "1vESzBRqiXPMNhUGtwpzzn316rHpPpEc6",
            "1JADJT5DnGmrhSjjRgDujGPXb5US3dkH2p",
            "1Eh3xdNR96YGfZMpMVEhQ4Fedz7n6CPyt4",
            "1Cxjp69SoUi5CcFkQkqv55uJgPDqkNF7DR",
            "1KaCR2P3AuxjGd1TRmma12LCcSGMDHF8QA",
            "1C55pLuaC268XAsdpLFSxHmT6BdgpE8r1f",
            "19u2um1GH72vT3QrcNvxuWvQdeByB1NV1V",
            "1MTafCYSdYbu78aaK1CzHgSFa5JsqMuoUs",
            "1CStAfkyz8EajMPLAd271sKGkgTjnav7oA",
            "15K7NQ2n9eTBwyrivmFtGXPHuZMvEiBTAp",
            "15oCrpdkx2hTR6YYVjTrSeCwqx52HtCkgH"
        ]
    },
    "fiat_value": {},
    "frozen_coins": {},
    "invoices": {},
    "keystore": {
        "derivation": "m",
        "pw_hash_version": 1,
        "root_fingerprint": "198b7eee",
        "seed": "minor zone pool alley remain combine opinion claw medal settle grace capable",
        "seed_type": "standard",
        "type": "bip32",
        "xprv": "xprv9s21ZrQH143K2efZSdHaWNYxFYLZDicMBoLfTe1ojW6h8qKitgm6UrVChBbTY1i5gPtFWCN6yYmYBzT9DFwyHSDaTtT5SUYnfc3KaYUC6hf",
        "xpub": "xpub661MyMwAqRbcF8k2YepasWVgoaB3dBLCZ2GGG2RRHqdg1desSE5M2eogYVcjr7w5nT6gvsa9mUJ9tMERoQNj7DxfpUcHov8eKb3d1SUbGyN"
    },
    "labels": {},
    "payment_requests": {},
    "prevouts_by_scripthash": {},
    "seed_version": 50,
    "spent_outpoints": {},
    "transactions": {},
    "tx_fees": {},
    "txi": {},
    "txo": {},
    "use_encryption": false,
    "verified_tx3": {},
    "wallet_type": "standard"
}