{
    "addr_history": {
        "121BvUrmnUGd1QzvAtGCr8UQF3RpFNny5e": [],
        "12FxfSX9pADkzpywh1Ym5Q32YZenLAqBDX": [],
        "12s8CMzXUkWiZK8EQAeUQjX9XE3vdRxF8X": [],
        "14763SSTgqSMkbBVdZzo1m5kJkipAxDCZo": [],
        "156ubweobE58GzatjWgkhUF2Ppkhw3y49s": [],
        "15BvmsMWUQ4Ltx5nsB6Zi6gXtnAq6YRuRs": [],
        "15CaMm4K6FUkCVntp6fHFM5TWD3XCkKosU": [],
        "15Uvvb5PDJtScQ2D4w7s2QicBS2zRh5bsz": [],
        "18g5evNge8KCAEN8hz9eUy9ojxeRZyibRZ": [],
        "18wW2ZEEAmfAQFUrg7Wms8oQNN7zhEkQCT": [],
        "19m7gGFbwHQyCrTXQrPwZdDvvsGjRPW1nL": [],
        "1ANU2nec2GQL2eSVJZ1Wx9thwyCv3RoJoN": [],
        "1AVyepQzHkF8vrGNLoxSNk9738GzgFVUDS": [],
        "1AujK67jnWFFudUtt8bZjEFojRy5NagNtp": [],
        "1B81vhLfNdCAw9vxVbK74sXJ7KomkeScrw": [],
        "1B84eo7chTG8n8x7BRQ7NuuUkiVLp3rAGR": [],
        "1EBKhkDci22Q3wbgdUEoTqJK4bSk3TTPR5": [],
        "1EbrXvWp2bXR6qs1R2Jz7zFahPb5ELLGfh": [],
        "1FkTgheEWQ3vat6ZyxL2tGCJEztBBxYJ3m": [],
        "1GmA29uhjVwwMaLWBUjQcrBiQK9rWQEQys": [],
        "1H5Hbvab1KjpaX7ePW9hKfVKm6dWv4cH5M": [],
        "1HfKM1KEo3gjMFuAbDtnMdFFiSMQtCtNDv": [],
        "1JPWphkwGS3jXBSqYeaVXeDSCB37GXSbBh": [],
        "1KaM5bSbgj5grb9DRkVwjUuL6Po2KhitxS": [],
        "1Mt3Y62DDWQXL8cLzHwFWwi1VV19zJb53h": [],
        "1NEYoyYaZsXGvFYjcGUpnnPvDBfXJwvpV3": [],
        "1NKNwcXzSdnf82HKAKbP7cipPGNDzCTyEC": [],
        "1Nsuz99gmDwJ5kR2y9neYCZ8Q5TfAMSmH7": [],
        "1NwCUmbpxXWyqiUTcCzAdmkFNaUo9HCmdQ": [],
        "1PW38iCVM9ASNnHs1sqWYzRZVvv7pbPf9L": []
    },
    "addresses": {
        "change": [
            "1Nsuz99gmDwJ5kR2y9neYCZ8Q5TfAMSmH7",
            "1KaM5bSbgj5grb9DRkVwjUuL6Po2KhitxS",
            "1B81vhLfNdCAw9vxVbK74sXJ7KomkeScrw",
            "14763SSTgqSMkbBVdZzo1m5kJkipAxDCZo",
            "1B84eo7chTG8n8x7BRQ7NuuUkiVLp3rAGR",
            "15CaMm4K6FUkCVntp6fHFM5TWD3XCkKosU",
            "1GmA29uhjVwwMaLWBUjQcrBiQK9rWQEQys",
            "1AujK67jnWFFudUtt8bZjEFojRy5NagNtp",
            "1Mt3Y62DDWQXL8cLzHwFWwi1VV19zJb53h",
            "19m7gGFbwHQyCrTXQrPwZdDvvsGjRPW1nL"
        ],
        "receiving": [
            "1FkTgheEWQ3vat6ZyxL2tGCJEztBBxYJ3m",
            "18wW2ZEEAmfAQFUrg7Wms8oQNN7zhEkQCT",
            "1NwCUmbpxXWyqiUTcCzAdmkFNaUo9HCmdQ",
            "121BvUrmnUGd1QzvAtGCr8UQF3RpFNny5e",
            "1HfKM1KEo3gjMFuAbDtnMdFFiSMQtCtNDv",
            "1EBKhkDci22Q3wbgdUEoTqJK4bSk3TTPR5",
            "1ANU2nec2GQL2eSVJZ1Wx9thwyCv3RoJoN",
            "1NKNwcXzSdnf82HKAKbP7cipPGNDzCTyEC",
            "1H5Hbvab1KjpaX7ePW9hKfVKm6dWv4cH5M",
            "1AVyepQzHkF8vrGNLoxSNk9738GzgFVUDS",
            "12FxfSX9pADkzpywh1Ym5Q32YZenLAqBDX",
            "1EbrXvWp2bXR6qs1R2Jz7zFahPb5ELLGfh",
            "15Uvvb5PDJtScQ2D4w7s2QicBS2zRh5bsz",
            "15BvmsMWUQ4Ltx5nsB6Zi6gXtnAq6YRuRs",
            "156ubweobE58GzatjWgkhUF2Ppkhw3y49s",
            "12s8CMzXUkWiZK8EQAeUQjX9XE3vdRxF8X",
            "1JPWphkwGS3jXBSqYeaVXeDSCB37GXSbBh",
            "18g5evNge8KCAEN8hz9eUy9ojxeRZyibRZ",
            "1NEYoyYaZsXGvFYjcGUpnnPvDBfXJwvpV3",
            "1PW38iCVM9ASNnHs1sqWYzRZVvv7pbPf9L"
        ]
    },
    "fiat_value": {},
    "frozen_coins": {},
    "invoices": {},
    "keystore": {
        "derivation": "m",
        "pw_hash_version": 1,
        "root_fingerprint": "c84ee209",
        "seed": "minor zone pool all remain combine burst claw medal settle grace capable",
        "seed_type": "standard",
        "type": "bip32",
        "xprv": "xprv9s21ZrQH143K34cPrwQGkR1FygTwB68vQcBKsUAaS1WrYLYhJD7vuq96m3wXqy42djaBMGhwgTXHHWziyBZhJ5rPRsvpjSLmvFqxZCgfCpF",
        "xpub": "xpub661MyMwAqRbcFYgrxxwH7YwzXiJRaYrmmq6vfraBzM3qR8sqqkSBTdTacMRudrS5t4j5BBvEinAetXH5jhzWxkS5pryDi4FeV9YKpMdSi2F"
    },
    "labels": {},
    "payment_requests": {},
    "prevouts_by_scripthash": {},
    "seed_version": 50,
    "spent_outpoints": {},
    "transactions": {},
    "tx_fees": {},
    "txi": {},
    "txo": {},
    "use_encryption": false,
    "verified_tx3": {},
    "wallet_type": "standard"
}