{
    "addr_history": {
        "13ZdHHA8W5xbQSfv9LhUA2FuCAWe97mNSP": [],
        "13ok5BRrquwNk6G7cG1dmkzwVUW5Zeiyn6": [],
        "15Jg615V7S5T4pCaBYexz2m5oS2TnWAwzX": [],
        "15YG4m2hAKUThug8geH5MBF3CgoAZjHB3B": [],
        "164xvAVm7xmvrBi2pS35cbNQZ6qv22azhE": [],
        "16ZaL215FAe7maAwe8BTuKasv6q2u2165S": [],
        "16u6EMomjtknVF13XWndeRjtZbdcGg9ek4": [],
        "19WwPznm5jPyv31b6H8U5urtWib3zpXyDZ": [],
        "19ZoqJrjKr6UJPoX7csKW9WWGXHcPjEAo8": [],
        "1AXSRQk28Y92o1UoqmVdyzTugpPsiRoAbE": [],
        "1Apr3Fq75AqMgjRNucifUnXt1a2E3nbEkL": [],
        "1BNnTpFbbp73krNmHAfHKwu8EzuEBpfBDg": [],
        "1E1tdRxGr5KaxqubLr1FNViCKBVFobqEjY": [],
        "1EizGHyqqwR8qNHC1g6hjyrfsDJB8m5gZX": [],
        "1FVsnUpbdW5PNo8NKdHuUR69rENSgG4syk": [],
        "1FkaRfME9JHUZcshY24WbAGi7GC3VCd1Dw": [],
        "1G9FzePVCLKBRciGgFXX7UJbY8pnp6MJTZ": [],
        "1GGLewEWDTGYFfbAwLLCGknFuiV3891Z48": [],
        "1HTpN6GjFENmBogAHsD2yZ9MK2HTpUk2L1": [],
        "1JfTMkVdM9SCqxTTjKLVFfW9TN8GcWHCRU": [],
        "1Ju8dJmA6pZSBGiCZK11D6PYYiSrbh8MAW": [],
        "1K6LFyVEFZXYSFcFrwFTiUuPtYJva9ULYU": [],
        "1M73aER11RKCFKBpbM3BUWBw8GRe4XqZe1": [],
        "1M7ypHv1aRthd1dKjhC6aq7h8myRy3L9sg": [],
        "1MEQdGwRsvvdr8na4YPHTaj8i3t8tj9d7L": [],
        "1MHiUmXzU64qgbaLQsgKscRThr5RQFrZPu": [],
        "1MStNafQsbGPFde7nfAs2qFU5hmmuJ1FrN": [],
        "1NoSSNfM7aGbb7zeABk1Wq5RFPV6pyYUMY": [],
        "1Pmvap8FQsuMNxn85VZgUvCjLcKQmXbaL6": [],
        "1PxtkBbBRsHk5mtLuUSfLnMzacAzBRsCi7": []
    },
    "addresses": {
        "change": [
            "13ZdHHA8W5xbQSfv9LhUA2FuCAWe97mNSP",
            "15Jg615V7S5T4pCaBYexz2m5oS2TnWAwzX",
            "1Apr3Fq75AqMgjRNucifUnXt1a2E3nbEkL",
            "1HTpN6GjFENmBogAHsD2yZ9MK2HTpUk2L1",
            "1GGLewEWDTGYFfbAwLLCGknFuiV3891Z48",
            "1PxtkBbBRsHk5mtLuUSfLnMzacAzBRsCi7",
            "19ZoqJrjKr6UJPoX7csKW9WWGXHcPjEAo8",
            "1JfTMkVdM9SCqxTTjKLVFfW9TN8GcWHCRU",
            "15YG4m2hAKUThug8geH5MBF3CgoAZjHB3B",
            "1MEQdGwRsvvdr8na4YPHTaj8i3t8tj9d7L"
        ],
        "receiving": [
            "1FVsnUpbdW5PNo8NKdHuUR69rENSgG4syk",
            "16u6EMomjtknVF13XWndeRjtZbdcGg9ek4",
            "1Ju8dJmA6pZSBGiCZK11D6PYYiSrbh8MAW",
            "1G9FzePVCLKBRciGgFXX7UJbY8pnp6MJTZ",
            "1MStNafQsbGPFde7nfAs2qFU5hmmuJ1FrN",
            "1K6LFyVEFZXYSFcFrwFTiUuPtYJva9ULYU",
            "16ZaL215FAe7maAwe8BTuKasv6q2u2165S",
            "1M7ypHv1aRthd1dKjhC6aq7h8myRy3L9sg",
            "164xvAVm7xmvrBi2pS35cbNQZ6qv22azhE",
            "1E1tdRxGr5KaxqubLr1FNViCKBVFobqEjY",
            "1Pmvap8FQsuMNxn85VZgUvCjLcKQmXbaL6",
            "19WwPznm5jPyv31b6H8U5urtWib3zpXyDZ",
            "1NoSSNfM7aGbb7zeABk1Wq5RFPV6pyYUMY",
            "1EizGHyqqwR8qNHC1g6hjyrfsDJB8m5gZX",
            "1FkaRfME9JHUZcshY24WbAGi7GC3VCd1Dw",
            "1BNnTpFbbp73krNmHAfHKwu8EzuEBpfBDg",
            "1MHiUmXzU64qgbaLQsgKscRThr5RQFrZPu",
            "1AXSRQk28Y92o1UoqmVdyzTugpPsiRoAbE",
            "13ok5BRrquwNk6G7cG1dmkzwVUW5Zeiyn6",
            "1M73aER11RKCFKBpbM3BUWBw8GRe4XqZe1"
        ]
    },
    "fiat_value": {},
    "frozen_coins": {},
    "invoices": {},
    "keystore": {
        "derivation": "m",
        "pw_hash_version": 1,
        "root_fingerprint": "5fba20ff",
        "seed": "minor zone pool arrest remain combine birth claw medal settle grace capable",
        "seed_type": "standard",
        "type": "bip32",
        "xprv": "xprv9s21ZrQH143K2UCRdgA51ohvPAVqJkftSftFr2RyuM6b9YdHYtAT2eauE71SHKVmTBapPo1sq7JHYgzzF854BEuysxhVTQsk69TQ4rTysR9",
        "xpub": "xpub661MyMwAqRbcExGtjhh5NweewCLKiDPjotoreQqbTgda2LxS6RUhaSuP5RPoynv38nAWLmjeKKEQF7JxCEr8YvTA9t4CT4o7H4fcg6zcorF"
    },
    "labels": {},
    "payment_requests": {},
    "prevouts_by_scripthash": {},
    "seed_version": 50,
    "spent_outpoints": {},
    "transactions": {},
    "tx_fees": {},
    "txi": {},
    "txo": {},
    "use_encryption": false,
    "verified_tx3": {},
    "wallet_type": "standard"
}