{
    "addr_history": {
        "12WhZzcvq753EKS3R3sDH3nwYY1DCDT8Vb": [],
        "1441fSSt6PfhMHD7xv8Dx8wTbgo936Pqek": [],
        "14FtquQ2VJ1PUpsVsW3AR5P17ghnbwoECV": [],
        "14qrvvE6PSvU7ynrFAv4bAvoGJMQQVCu71": [],
        "15Vi485wqiiadnCrtfHTgmznLvpAYsijko": [],
        "17pciXWbhCcrPzuuYProahbLLbadof3YmS": [],
        "18S4Dno3eGiaeCNETpBQaKsjjENxsFJd8K": [],
        "18bn4uFRtWYMk1HuWqXRo6tczuUkg7o51U": [],
        "18eBNnxSqX8PCGPpTWsLQmHjYphhPF4D83": [],
        "199qg2y23N3SVL6L7DPHb5xhD1fGicXe19": [],
        "19ZTSG1RtjD21DodWUYiuruS5QdggeoZ6Y": [],
        "1A3SL2pBw95UW5jvfC6jDw3HywpwSTBgNs": [],
        "1ANXnn5qL25Ti25uKNDPiz6SNXwSGoRQTM": [],
        "1BVWYkpZ8mh7WsvP5ydxfMUbz3wMzbQWoM": [],
        "1CVHZd7w7m94zvPgDVA89wEgqaZPribx3Q": [],
        "1DCHKTGVGWejEAwiSy2uBk2RT59V32k6ST": [],
        "1EGS6VEByFyWgkXWSSdFeDWV2PEYcHXX4j": [],
        "1EqecUxJigB4SMmc7Ef7Gezmkv22uQb66X": [],
        "1GPUuvhiDzxGUyknFq9GVegGD4PBsVbbXP": [],
        "1Hb8KiR9pmbGjkUUxPMFFrC2Xzf7x6qfAx": [],
        "1HkLZ9jS9tLYHibsMB6mxKGaMu5EW2eK6u": [],
        "1HopY3TJzkQs9TsroroYPVT98rHtSStCfX": [],
        "1K2z1XnWchsw53McxfaAk2SxsRmnRzzc2F": [],
        "1KgPqx7QaUoAgNTH5KchzGVzCMMxGQh8ih": [],
        "1KmpXezffvV1JZk6yoQqvFdgnkgY3PhpTM": [],
        "1LoDUW5D7YeqxGxgggza5QNPq6JvMpDDJm": [],
        "1MDTpDMHpiJMMA56b32aFfz9R6WWM8BXi1": [],
        "1MSUppHpbYv11Cetuu3iqcMVCbKrovBNAm": [],
        "1NTRp86L8ggHfVMndkrwSmQ7zWrnE2zuwK": [],
        "1PQAXcqJP4nD9kRSA11CRpkWpiyV5aoYT": []
    },
    "addresses": {
        "change": [
            "199qg2y23N3SVL6L7DPHb5xhD1fGicXe19",
            "1K2z1XnWchsw53McxfaAk2SxsRmnRzzc2F",
            "1KmpXezffvV1JZk6yoQqvFdgnkgY3PhpTM",
            "1PQAXcqJP4nD9kRSA11CRpkWpiyV5aoYT",
            "18eBNnxSqX8PCGPpTWsLQmHjYphhPF4D83",
            "1CVHZd7w7m94zvPgDVA89wEgqaZPribx3Q",
            "1LoDUW5D7YeqxGxgggza5QNPq6JvMpDDJm",
            "15Vi485wqiiadnCrtfHTgmznLvpAYsijko",
            "1HopY3TJzkQs9TsroroYPVT98rHtSStCfX",
            "14qrvvE6PSvU7ynrFAv4bAvoGJMQQVCu71"
        ],
        "receiving": [
            "1MDTpDMHpiJMMA56b32aFfz9R6WWM8BXi1",
            "14FtquQ2VJ1PUpsVsW3AR5P17ghnbwoECV",
            "1ANXnn5qL25Ti25uKNDPiz6SNXwSGoRQTM",
            "1EGS6VEByFyWgkXWSSdFeDWV2PEYcHXX4j",
            "1HkLZ9jS9tLYHibsMB6mxKGaMu5EW2eK6u",
            "1Hb8KiR9pmbGjkUUxPMFFrC2Xzf7x6qfAx",
            "1441fSSt6PfhMHD7xv8Dx8wTbgo936Pqek",
            "1GPUuvhiDzxGUyknFq9GVegGD4PBsVbbXP",
            "17pciXWbhCcrPzuuYProahbLLbadof3YmS",
            "1DCHKTGVGWejEAwiSy2uBk2RT59V32k6ST",
            "12WhZzcvq753EKS3R3sDH3nwYY1DCDT8Vb",
            "1A3SL2pBw95UW5jvfC6jDw3HywpwSTBgNs",
            "1KgPqx7QaUoAgNTH5KchzGVzCMMxGQh8ih",
            "1BVWYkpZ8mh7WsvP5ydxfMUbz3wMzbQWoM",
            "19ZTSG1RtjD21DodWUYiuruS5QdggeoZ6Y",
            "1NTRp86L8ggHfVMndkrwSmQ7zWrnE2zuwK",
            "1MSUppHpbYv11Cetuu3iqcMVCbKrovBNAm",
            "1EqecUxJigB4SMmc7Ef7Gezmkv22uQb66X",
            "18bn4uFRtWYMk1HuWqXRo6tczuUkg7o51U",
            "18S4Dno3eGiaeCNETpBQaKsjjENxsFJd8K"
        ]
    },
    "fiat_value": {},
    "frozen_coins": {},
    "invoices": {},
    "keystore": {
        "derivation": "m",
        "pw_hash_version": 1,
        "root_fingerprint": "bba6bd4f",
        "seed": "minor zone pool alley remain combine wage claw medal settle grace capable",
        "seed_type": "standard",
        "type": "bip32",
        "xprv": "xprv9s21ZrQH143K3BaNcvFsLF8TcZWwxAE6USAzF7dxUYQmdBJkNgsH3f2xVgmT4NZmrrzGzVYBYrS74MJxoqkDNenimBerRpW8FYUd4AhhDGL",
        "xpub": "xpub661MyMwAqRbcFfeqiwnshP5CAbMSMcwwqf6b3W3a2swkVydtvEBXbTMSLx7rGk18cRkCpcsesionUBBYDWtza6dzQ8xKLqcHdM5Znbpzbtw"
    },
    "labels": {},
    "payment_requests": {},
    "prevouts_by_scripthash": {},
    "seed_version": 50,
    "spent_outpoints": {},
    "transactions": {},
    "tx_fees": {},
    "txi": {},
    "txo": {},
    "use_encryption": false,
    "verified_tx3": {},
    "wallet_type": "standard"
}