{
    "addr_history": {
        "12ZNfU45YFRDrr4UTrxTJZCfHKSCTEGiUQ": [],
        "1378zPn2PPb55qJkazQtKhtDYJeK3NZieg": [],
        "146YRLJwZi2NUejkkASJZKXammDCFo4Tr3": [],
        "14JwvtwrvBTZXCKeayFZH1zqM8NbkNg3W5": [],
        "14Ktu29iYYeKgSbFTmbd7NMiVovSV9yzKD": [],
        "16VcAMnzmNXFwXBqxVHA1YgckEkuvcGyuB": [],
        "16i1HnqMDssKrzgtS2tBN58vSpNmgkALNP": [],
        "183d4cx6zWh3Dpi9Y3U9gHJWpaDTJNF38H": [],
        "18w7ZBsiqyYMEnkjYCbwWeCcwRoaX8yQ88": [],
        "19Y5XZEDEKB55zAKxki4UDs3o2BkSnihjJ": [],
        "1AhrPZKxAZvHHEGiytBALeHE71fg5793fP": [],
        "1B3yvP9G6nrJCG1zCgshZvdw7L6i6Lrhc5": [],
        "1Br4x1ahU2DSVb5fauNRWLCZagPpebjzR": [],
        "1D1Nm4omJgJ7fvqjGaaWMQFy8Zs7ZGgoG1": [],
        "1Dr8MpE2NSbt93oNFihg4fv61k1qPAxY8X": [],
        "1DroAxQySEctPN3vXgtSwuF1h7sLkLta4w": [],
        "1E1PnVCCuJEry6Gm1ViubsvfS7rq6pKkr4": [],
        "1EVcaQ5EvM97GihQNEk2TxkH7C18z2scxo": [],
        "1EXkrUvDRK8qcMpbFciKfxjKzBtBhdNzzx": [],
        "1G2iqHRdNpXrtPZkYJ5cx5gEK4JWpowL3X": [],
        "1GEStshE9bkaMkVdpmM3uneccFBAZprjCD": [],
        "1H7vmrecMFFwPGsyGGnU3zZNpvhavxUzUx": [],
        "1JXUA4mGE2YQubzb37XP4fG2YvxFbcmeS3": [],
        "1JyJ12byKrDDbDJX5p3ELRW6tkGZimftrL": [],
        "1LPoirGxh4Bo8AgS6bguG6pNGZFEm6T4yn": [],
        "1NhJSm6ruVcMGrYmjkr82egYDESNprnSU2": [],
        "1Nj6Qp7WKciR5uWWzzwF4Paz64bGEZkQ8x": [],
        "1P5xGFKYjj4Gu12VFjhvJ6dcqGJCNnrqRk": [],
        "1Un6hLpMpSFFHkrAfn9DwPu1hkezFGWt4": [],
        "1YkefxBnNUF1yy1m4X87BwvcXmDFB4V6K": []
    },
    "addresses": {
        "change": [
            "16VcAMnzmNXFwXBqxVHA1YgckEkuvcGyuB",
            "1NhJSm6ruVcMGrYmjkr82egYDESNprnSU2",
            "1EVcaQ5EvM97GihQNEk2TxkH7C18z2scxo",
            "1EXkrUvDRK8qcMpbFciKfxjKzBtBhdNzzx",
            "1B3yvP9G6nrJCG1zCgshZvdw7L6i6Lrhc5",
            "18w7ZBsiqyYMEnkjYCbwWeCcwRoaX8yQ88",
            "1Un6hLpMpSFFHkrAfn9DwPu1hkezFGWt4",
            "1Br4x1ahU2DSVb5fauNRWLCZagPpebjzR",
            "1E1PnVCCuJEry6Gm1ViubsvfS7rq6pKkr4",
            "1Dr8MpE2NSbt93oNFihg4fv61k1qPAxY8X"
        ],
        "receiving": [
            "146YRLJwZi2NUejkkASJZKXammDCFo4Tr3",
            "1JyJ12byKrDDbDJX5p3ELRW6tkGZimftrL",
            "1YkefxBnNUF1yy1m4X87BwvcXmDFB4V6K",
            "12ZNfU45YFRDrr4UTrxTJZCfHKSCTEGiUQ",
            "1GEStshE9bkaMkVdpmM3uneccFBAZprjCD",
            "183d4cx6zWh3Dpi9Y3U9gHJWpaDTJNF38H",
            "1Nj6Qp7WKciR5uWWzzwF4Paz64bGEZkQ8x",
            "1378zPn2PPb55qJkazQtKhtDYJeK3NZieg",
            "1H7vmrecMFFwPGsyGGnU3zZNpvhavxUzUx",
            "19Y5XZEDEKB55zAKxki4UDs3o2BkSnihjJ",
            "1P5xGFKYjj4Gu12VFjhvJ6dcqGJCNnrqRk",
            "14Ktu29iYYeKgSbFTmbd7NMiVovSV9yzKD",
            "1DroAxQySEctPN3vXgtSwuF1h7sLkLta4w",
            "16i1HnqMDssKrzgtS2tBN58vSpNmgkALNP",
            "1LPoirGxh4Bo8AgS6bguG6pNGZFEm6T4yn",
            "1D1Nm4omJgJ7fvqjGaaWMQFy8Zs7ZGgoG1",
            "1AhrPZKxAZvHHEGiytBALeHE71fg5793fP",
            "1G2iqHRdNpXrtPZkYJ5cx5gEK4JWpowL3X",
            "14JwvtwrvBTZXCKeayFZH1zqM8NbkNg3W5",
            "1JXUA4mGE2YQubzb37XP4fG2YvxFbcmeS3"
        ]
    },
    "fiat_value": {},
    "frozen_coins": {},
    "invoices": {},
    "keystore": {
        "derivation": "m",
        "pw_hash_version": 1,
        "root_fingerprint": "b7220ccc",
        "seed": "minor zone pool almost remain combine pilot claw medal settle grace capable",
        "seed_type": "standard",
        "type": "bip32",
        "xprv": "xprv9s21ZrQH143K2TUmNJVN9v1nPptW8iBVAVdzXX59LYAu2ueTFobmjjy9KjD7tLDH4qdjHuJjBsFQAvCjSzSpgejWq27K2dMeyNyZAhQpHCJ",
        "xpub": "xpub661MyMwAqRbcEwZEUL2NX3xWwrizYAuLXiZbKuUktshsuhyboLv2HYHdAySQ6xx8k5NrwwMCSEpj8ykqphd3bJNX8VGyAuMJ5SyoC3NVtga"
    },
    "labels": {},
    "payment_requests": {},
    "prevouts_by_scripthash": {},
    "seed_version": 50,
    "spent_outpoints": {},
    "transactions": {},
    "tx_fees": {},
    "txi": {},
    "txo": {},
    "use_encryption": false,
    "verified_tx3": {},
    "wallet_type": "standard"
}