{
    "addr_history": {
        "12PDqsu6LWUVXuvvhA2saP9EcLfBu8Luky": [],
        "12QptmLM1jMBcieVh8te3e4srp1UXAXsmi": [],
        "12aYiEE62bhrqXLWAGUe8nZa2U3D5Hqj23": [],
        "12twadPyeczEwCcJXZDZpNxb3xFKNknACF": [],
        "13PMdFRwrXgse41xpHwndEq7fHk6FBkGPD": [],
        "13rbrycxP4NESmWUNLvpgkcp5SviJaVeaU": [],
        "177PXYo9dXmiVrnNUqrcohczSmhsriCg6f": [],
        "17hpngC5GMdX1SgpnTh44AmRkoRJUg5PEG": [],
        "17irGzaTeYouGZjavJVQz2XtNuoE3LgAhe": [],
        "184YDNu6e8ZjHh1eiK2c97f2nPBLh4SofD": [],
        "18MyYXDRTniswucceu4EqiptUKEM6Qg52Q": [],
        "1ECZwa1QNycsbL5CbFTSdrq5gcS2a9xqcp": [],
        "1EVTuqsj3KFQZPGBJpTPCEq8kASnEkV7oF": [],
        "1FbXrRqj4GNVA3rPXsdGSguvwFbL59QHyb": [],
        "1G8oUgNf2aqPhgtxFsHdB3zf2c4Fh9kbh3": [],
        "1GF973t5e1PjFcvGu5qMTWgFeqpyKjRhnd": [],
        "1GzrRYcAeULEXJxsSoT5XbgEwGju84qL2h": [],
        "1H23XriY5dz4n7pUKyxiHR7C7v6apfCcg2": [],
        "1HtPoTtYsYLtiM6kCArKbAdSXs2UQd3c9e": [],
        "1JEjGK1XYESX2kjRoBqvTea4BgFSkpLJUK": [],
        "1JUwV3v9VGbvzRGU1peSBTKX2QiPxNkE7w": [],
        "1JcAwn1x1c65JdZ1Rya7LCxxgFGEvYRWp2": [],
        "1KYumvrNQRqZP6T1EKUgi8oHrk8Td53qfU": [],
        "1KrmS5hjZpNf5dM4A36eQg6r164jmb9iBd": [],
        "1NQKLJEMz37n5qdgqRQHu3PybSk9i1q97Y": [],
        "1PuDFZRFV9DwF26wwHH1twFEsqWSBbdkqT": [],
        "1PuwWzvd64XoidAEoPAiyeFyUzb9S8cgHN": [],
        "1Q7AKeHAdGAEu3GXLmZAB8njbaZ2tgGmpN": [],
        "1QAzUURXP6yNgkyYD2pv56ZfnETmv1Ghbv": [],
        "1a3zYBaZKMWceTXUdJ8MLzWyBWyJsePWf": []
    },
    "addresses": {
        "change": [
            "1HtPoTtYsYLtiM6kCArKbAdSXs2UQd3c9e",
            "1JEjGK1XYESX2kjRoBqvTea4BgFSkpLJUK",
            "1JcAwn1x1c65JdZ1Rya7LCxxgFGEvYRWp2",
            "1PuDFZRFV9DwF26wwHH1twFEsqWSBbdkqT",
            "12QptmLM1jMBcieVh8te3e4srp1UXAXsmi",
            "1H23XriY5dz4n7pUKyxiHR7C7v6apfCcg2",
            "1PuwWzvd64XoidAEoPAiyeFyUzb9S8cgHN",
            "1KrmS5hjZpNf5dM4A36eQg6r164jmb9iBd",
            "177PXYo9dXmiVrnNUqrcohczSmhsriCg6f",
            "1G8oUgNf2aqPhgtxFsHdB3zf2c4Fh9kbh3"
        ],
        "receiving": [
            "1Q7AKeHAdGAEu3GXLmZAB8njbaZ2tgGmpN",
            "13rbrycxP4NESmWUNLvpgkcp5SviJaVeaU",
            "13PMdFRwrXgse41xpHwndEq7fHk6FBkGPD",
            "1a3zYBaZKMWceTXUdJ8MLzWyBWyJsePWf",
            "1JUwV3v9VGbvzRGU1peSBTKX2QiPxNkE7w",
            "12aYiEE62bhrqXLWAGUe8nZa2U3D5Hqj23",
            "12twadPyeczEwCcJXZDZpNxb3xFKNknACF",
            "17irGzaTeYouGZjavJVQz2XtNuoE3LgAhe",
            "1GzrRYcAeULEXJxsSoT5XbgEwGju84qL2h",
            "1ECZwa1QNycsbL5CbFTSdrq5gcS2a9xqcp",
            "12PDqsu6LWUVXuvvhA2saP9EcLfBu8Luky",
            "17hpngC5GMdX1SgpnTh44AmRkoRJUg5PEG",
            "184YDNu6e8ZjHh1eiK2c97f2nPBLh4SofD",
            "1QAzUURXP6yNgkyYD2pv56ZfnETmv1Ghbv",
            "1FbXrRqj4GNVA3rPXsdGSguvwFbL59QHyb",
            "1NQKLJEMz37n5qdgqRQHu3PybSk9i1q97Y",
            "1GF973t5e1PjFcvGu5qMTWgFeqpyKjRhnd",
            "1EVTuqsj3KFQZPGBJpTPCEq8kASnEkV7oF",
            "18MyYXDRTniswucceu4EqiptUKEM6Qg52Q",
            "1KYumvrNQRqZP6T1EKUgi8oHrk8Td53qfU"
        ]
    },
    "fiat_value": {},
    "frozen_coins": {},
    "invoices": {},
    "keystore": {
        "derivation": "m",
        "pw_hash_version": 1,
        "root_fingerprint": "4fafa0fc",
        "seed": "minor zone pool art remain combine response claw medal settle grace capable",
        "seed_type": "standard",
        "type": "bip32",
        "xprv": "xprv9s21ZrQH143K323zX19yiVamxLbmyLG2P4VgFDpbyFaMPNuGyYbtBkk7r4nW4HdzhVzzofVLoE5WYwJGSYnEmoDNkfQ8FiU6GQfaJik4JLv",
        "xpub": "xpub661MyMwAqRbcFW8Td2gz5dXWWNSGNnyskHRH3cEDXb7LGBERX5v8jZ4bhMwgQKfmvroBtkHFCnCuPaDSGYDgh1PZnZfUuCtuaLGGoafDXEQ"
    },
    "labels": {},
    "payment_requests": {},
    "prevouts_by_scripthash": {},
    "seed_version": 50,
    "spent_outpoints": {},
    "transactions": {},
    "tx_fees": {},
    "txi": {},
    "txo": {},
    "use_encryption": false,
    "verified_tx3": {},
    "wallet_type": "standard"
}