{
    "addr_history": {
        "bc1q0evjezrpmcnsysgzdpkvj9khf3rsdw2um3n2qu": [],
        "bc1q24dt87vs7v7lckl5zdxm4qjrwph4eqte453qfk": [],
        "bc1q63l9s98w6kz8qh9lwevaghwyryjpxxnawgv8df": [],
        "bc1q74v45k459hw7es6tu7taffmp025xnlg8g0u92y": [],
        "bc1q7wqmyqupp7lta4s5qqhm0ks3za56qh8y2lam8p": [],
        "bc1q9cm9hyezvnzzyyut4j96mhm55h2wc5mgugvsnz": [],
        "bc1qda6n8pha2ce370vw8nyt5c54hsjhkjdggnyzvy": [],
        "bc1qdswkf9psfzlw44mevwny4flsvz7xjrv38zrl9n": [],
        "bc1qe896smqq2nkrfnkgr3nvsxzjr4gqcezaem5eqp": [],
        "bc1qethd0ruhhq5l3q665j0emax7fraupr49g5mmd9": [],
        "bc1qettfxe84cetzr659n6e4we646lnlv530hmycse": [],
        "bc1qhzfw66ngp3el8m5aq0cr0g9stt94trx0rqj0h4": [],
        "bc1qjeqlrpufwtknd0397j6ulsq9ev0rp7f2ra7049": [],
        "bc1qjxxs5qg9wha74g5y2hlk2mpgypr2demfuj88xk": [],
        "bc1qkemx73yt3zn6nhp8zchqg5ed4245fv9pgxzzs2": [],
        "bc1qlf5hupjlwnlypa7lxzxpajjx65sltten3hm65e": [],
        "bc1qlmhwnjpt5r8ksgyn072clq8yfqcssmpp2f9jsk": [],
        "bc1qm7zlrp9l8zws0t4t7n8uvy9lyuvhk3ujc0wc9e": [],
        "bc1qneldjl6cm46vhvg2m7d5dag4mz8267zey0gvvu": [],
        "bc1qnvkvzxfax95km9fqxajdcz0795cfugrm2n80um": [],
        "bc1qpm4rxafrjnynpny365hegjrv8d3c6tupyulxr9": [],
        "bc1qqhuns4m6a2rd5wudvxezur724y9glcmvrl0un7": [],
        "bc1qs4fm3umx0s0j26f9jzw8vnhu9mcy3ja64xjnl5": [],
        "bc1qsczd3ldym2pqm2jpsy7rtzc2dj6sajhu8k9zcv": [],
        "bc1qu34qrknhp4rw9z2wr2fqrltgmzualylyq236pl": [],
        "bc1qvuy875srz2s67wkqsm4uanr9782dzr4zcm5y2y": [],
        "bc1qx4yxwgwwavmy27fy7utt7cfctetuwuz9czeryz": [],
        "bc1qxwgaactda473w2uthl5470pxs68jndjfkrw07f": [],
        "bc1qyjk8d86ev8tt2r4uyksfqw2kjpatg48pwp6xtr": [],
        "bc1qzaystxrju55gtnmhppsg39tcjymg87sg2eetp3": []
    },
    "addresses": {
        "change": [
            "bc1qjeqlrpufwtknd0397j6ulsq9ev0rp7f2ra7049",
            "bc1qvuy875srz2s67wkqsm4uanr9782dzr4zcm5y2y",
            "bc1qsczd3ldym2pqm2jpsy7rtzc2dj6sajhu8k9zcv",
            "bc1qpm4rxafrjnynpny365hegjrv8d3c6tupyulxr9",
            "bc1qdswkf9psfzlw44mevwny4flsvz7xjrv38zrl9n",
            "bc1qneldjl6cm46vhvg2m7d5dag4mz8267zey0gvvu",
            "bc1q7wqmyqupp7lta4s5qqhm0ks3za56qh8y2lam8p",
            "bc1qlmhwnjpt5r8ksgyn072clq8yfqcssmpp2f9jsk",
            "bc1qlf5hupjlwnlypa7lxzxpajjx65sltten3hm65e",
            "bc1q0evjezrpmcnsysgzdpkvj9khf3rsdw2um3n2qu"
        ],
        "receiving": [
            "bc1q74v45k459hw7es6tu7taffmp025xnlg8g0u92y",
            "bc1q63l9s98w6kz8qh9lwevaghwyryjpxxnawgv8df",
            "bc1qu34qrknhp4rw9z2wr2fqrltgmzualylyq236pl",
            "bc1qs4fm3umx0s0j26f9jzw8vnhu9mcy3ja64xjnl5",
            "bc1qnvkvzxfax95km9fqxajdcz0795cfugrm2n80um",
            "bc1qxwgaactda473w2uthl5470pxs68jndjfkrw07f",
            "bc1qyjk8d86ev8tt2r4uyksfqw2kjpatg48pwp6xtr",
            "bc1qkemx73yt3zn6nhp8zchqg5ed4245fv9pgxzzs2",
            "bc1qe896smqq2nkrfnkgr3nvsxzjr4gqcezaem5eqp",
            "bc1qda6n8pha2ce370vw8nyt5c54hsjhkjdggnyzvy",
            "bc1q24dt87vs7v7lckl5zdxm4qjrwph4eqte453qfk",
            "bc1qx4yxwgwwavmy27fy7utt7cfctetuwuz9czeryz",
            "bc1qjxxs5qg9wha74g5y2hlk2mpgypr2demfuj88xk",
            "bc1qhzfw66ngp3el8m5aq0cr0g9stt94trx0rqj0h4",
            "bc1qzaystxrju55gtnmhppsg39tcjymg87sg2eetp3",
            "bc1qettfxe84cetzr659n6e4we646lnlv530hmycse",
            "bc1q9cm9hyezvnzzyyut4j96mhm55h2wc5mgugvsnz",
            "bc1qm7zlrp9l8zws0t4t7n8uvy9lyuvhk3ujc0wc9e",
            "bc1qethd0ruhhq5l3q665j0emax7fraupr49g5mmd9",
            "bc1qqhuns4m6a2rd5wudvxezur724y9glcmvrl0un7"
        ]
    },
    "channels": {},
    "fiat_value": {},
    "frozen_coins": {},
    "imported_channel_backups": {},
    "invoices": {},
    "keystore": {
        "derivation": "m/0'",
        "pw_hash_version": 1,
        "root_fingerprint": "1e5fdecf",
        "seed": "minor zone pool acid remain combine lesson claw medal settle grace capable",
        "seed_type": "segwit",
        "type": "bip32",
        "xprv": "zprvAYnd5Hr8mtFq8fGhyNQV5U3sJzxzLvwHbSzCHbfNjcQVpj2pxvB9ZcSDDmMbwkCxaKarob1sZ9KWrq2k1kFpSETigZFLHWHkC9t7NS617fi",
        "xpub": "zpub6mmyUoP2cFp8M9MB5PwVSbzbs2oUkPf8xfuo5z4zHwwUhXMyWTVQ7Qkh53M4oXCwDzYeU9eEniivW811SiZ4hdxKQusbT9WD1orpaAFa3kB"
    },
    "labels": {},
    "lightning_payments": {},
    "lightning_preimages": {},
    "lightning_xprv": "zprvAauTmQizip8Prg6XPtjJXePBdJL8YQBduK1kvjX4gerhAPSRADrgjaSwGjiWL7Z3Tw9skhQzpEoDykyAKS6sFbzADKY3i13dmm5HdVgoNEi",
    "onchain_channel_backups": {},
    "payment_requests": {},
    "prevouts_by_scripthash": {},
    "seed_version": 50,
    "spent_outpoints": {},
    "submarine_swaps": {},
    "transactions": {},
    "tx_fees": {},
    "txi": {},
    "txo": {},
    "use_encryption": false,
    "verified_tx3": {},
    "wallet_type": "standard"
}