{
    "addr_history": {
        "114xJQahFDJ5AtAYqCLrhVqetzEMcszJg7": [],
        "121v1EnB8vyJUkXgTDpbB6MJgxJQBHHaUp": [],
        "12C9LntvebWCqW5bEnFBVeMxQGhEcvQ3Ar": [],
        "1478ms5bMNDYRmvxKvkkfevdLvu4zZZWdn": [],
        "14rJDw1DjR2QYxiDu4SJUZ6YghiwrMhKVj": [],
        "169fbehEA86oA6bCG1nqabLYF5Nf9ydsUD": [],
        "16cXYSYezLkXkky1L6GNqmrD2KoRQ6C2vH": [],
        "17X9UozUoficAFuEW2w58USr1HPmcjsvfU": [],
        "18cmQrv8JNKv6TgPFNz1F6uqCNXbggFGS1": [],
        "18nrUeetJgdrEuhWnm8N8gYB7VSKEAGjYA": [],
        "18z9VBXPqME9fgofqqT6y2JW99dheUptVx": [],
        "19oq49tf4TdjBog46ou5qwUuodNdVfnAzK": [],
        "1BRQFx3pGDkJDo39mbEtqD5cw4dHFHckL4": [],
        "1BfSXQZkK6jLQ6ha8tKk7ByoWf166iXLZx": [],
        "1Bv3ZmKfKYHLrTczxzFLfBiaVw4hPxxNTC": [],
        "1Cg49FCmp9Bix8rkanL5735P2K77QEMggN": [],
        "1Ckvg2Rp3Mtkm2bQdSJ3PYJzRJzE52UXrd": [],
        "1EDjn8u9cTELyBcEaHASYdYTHwbWBo8Goq": [],
        "1EWD8yg9GyUE3ddfgwtEaiGBmLjcARmucJ": [],
        "1FAfbV7LLAhX5jp6WM96fFC1GMWhGDZzwt": [],
        "1Fo1DZmRjx6qqGsUUUQ6HFWS7s8DfrJBQm": [],
        "1G7n8dVcy3iN49ydhmVSaecfVhvLtaeaaf": [],
        "1GYJ8RRvv94TYqoHKV3K7daiTZFbiS9fcA": [],
        "1GfQDSon7ghn8WDsHGuzgS4ynQMDNyoYnJ": [],
        "1HHwDXpueWGngaCztbkDAphC9uaPqfw2Q7": [],
        "1HLF2yTVpjcs5C9Li5T8fi8kpGncRkvmao": [],
        "1HZM1pPBMKvSJLBMS4CBHjZ1L2L1TfQ9Au": [],
        "1JtSuMsnwWgSWPP2eapyHTQ5bmzXmNUdcd": [],
        "1KXkEHciiDu4eUxCxYXkpbHTQjHMNRXWiw": [],
        "1QGehsCcNBGoufshqZZ9dkpMMQYZeRXd57": []
    },
    "addresses": {
        "change": [
            "14rJDw1DjR2QYxiDu4SJUZ6YghiwrMhKVj",
            "1BfSXQZkK6jLQ6ha8tKk7ByoWf166iXLZx",
            "1HLF2yTVpjcs5C9Li5T8fi8kpGncRkvmao",
            "121v1EnB8vyJUkXgTDpbB6MJgxJQBHHaUp",
            "1478ms5bMNDYRmvxKvkkfevdLvu4zZZWdn",
            "1EDjn8u9cTELyBcEaHASYdYTHwbWBo8Goq",
            "16cXYSYezLkXkky1L6GNqmrD2KoRQ6C2vH",
            "169fbehEA86oA6bCG1nqabLYF5Nf9ydsUD",
            "1HZM1pPBMKvSJLBMS4CBHjZ1L2L1TfQ9Au",
            "19oq49tf4TdjBog46ou5qwUuodNdVfnAzK"
        ],
        "receiving": [
            "1QGehsCcNBGoufshqZZ9dkpMMQYZeRXd57",
            "1EWD8yg9GyUE3ddfgwtEaiGBmLjcARmucJ",
            "18z9VBXPqME9fgofqqT6y2JW99dheUptVx",
            "1GfQDSon7ghn8WDsHGuzgS4ynQMDNyoYnJ",
            "114xJQahFDJ5AtAYqCLrhVqetzEMcszJg7",
            "1Ckvg2Rp3Mtkm2bQdSJ3PYJzRJzE52UXrd",
            "1Cg49FCmp9Bix8rkanL5735P2K77QEMggN",
            "12C9LntvebWCqW5bEnFBVeMxQGhEcvQ3Ar",
            "1Fo1DZmRjx6qqGsUUUQ6HFWS7s8DfrJBQm",
            "1G7n8dVcy3iN49ydhmVSaecfVhvLtaeaaf",
            "1HHwDXpueWGngaCztbkDAphC9uaPqfw2Q7",
            "1BRQFx3pGDkJDo39mbEtqD5cw4dHFHckL4",
            "1JtSuMsnwWgSWPP2eapyHTQ5bmzXmNUdcd",
            "1Bv3ZmKfKYHLrTczxzFLfBiaVw4hPxxNTC",
            "1GYJ8RRvv94TYqoHKV3K7daiTZFbiS9fcA",
            "1KXkEHciiDu4eUxCxYXkpbHTQjHMNRXWiw",
            "18nrUeetJgdrEuhWnm8N8gYB7VSKEAGjYA",
            "1FAfbV7LLAhX5jp6WM96fFC1GMWhGDZzwt",
            "17X9UozUoficAFuEW2w58USr1HPmcjsvfU",
            "18cmQrv8JNKv6TgPFNz1F6uqCNXbggFGS1"
        ]
    },
    "fiat_value": {},
    "frozen_coins": {},
    "invoices": {},
    "keystore": {
        "derivation": "m",
        "pw_hash_version": 1,
        "root_fingerprint": "8b47d658",
        "seed": "minor zone pool chat remain combine fiscal claw medal settle grace capable",
        "seed_type": "standard",
        "type": "bip32",
        "xprv": "xprv9s21ZrQH143K3SFReyUeoHB8Wi3tavLoi6Bg7adShGKgzB7AbfL5f71LeJWwmp9Uq1zXRehkPPLnGKrRmftfnnmYGjfZ3b1ZM2KLacRoUm5",
        "xpub": "xpub661MyMwAqRbcFvKtm11fAR7s4jtNzP4f5K7Guy34FbrfrySK9CeLCuKpVaE74PHnPQk8FkiPLyJT3J6tNSQrVo9zqYETSDJuyy3Wmkixk2k"
    },
    "labels": {},
    "payment_requests": {},
    "prevouts_by_scripthash": {},
    "seed_version": 50,
    "spent_outpoints": {},
    "transactions": {},
    "tx_fees": {},
    "txi": {},
    "txo": {},
    "use_encryption": false,
    "verified_tx3": {},
    "wallet_type": "standard"
}