{
    "addr_history": {
        "bc1q2025yuzucynt5hpa4sp6tccljqdkwpdryedy0k": [],
        "bc1q2922qywm9g4gg7ze4c9ryfrxag3vst26v3gyqw": [],
        "bc1q4vzqz9yj2wpxpsr5hfr9ql4cu3k4r3nl0s69ja": [],
        "bc1q5qf280e38vlw457vl44w78r9dx8gylt9wvfrhy": [],
        "bc1q6fcxsf323yc2dagfvhyqsdp8cur3vak9z2yw6q": [],
        "bc1q6th3e0kjsrpj2tn9naynhdywtddsc6g0tj4h8d": [],
        "bc1q8aqggdn8uakdu9h3d28jzdjjmuffts360dqxgr": [],
        "bc1q8wrmmd6rvk5uq2llhlrn7ddxztr3k9sstv4dt2": [],
        "bc1qdh978pcdgpe6her05puy07lpm6t3wnf2mudcjy": [],
        "bc1qdxw95ydeh6epy8t85evhr0v2nhuzlq6evfugq0": [],
        "bc1qe8mtfsa9nx0m307fa7gxq5ltumca2jgejx9aq3": [],
        "bc1qffhkwvk85a4m98xp8s7fsk3xed4vwa9s7agqee": [],
        "bc1qfkuf8kz5tfvhwf4jsvn5ay2gwfyqp0jce0aw5z": [],
        "bc1qh25uagsa0zgedm3nj2mjvygyp7mqzvsem9gsgq": [],
        "bc1qjr6yasryzent44wljyxvj6n775d2ezdkhmhmvu": [],
        "bc1qm5yurxvfphwcvaq44wfk9ma8mdunprmxney6df": [],
        "bc1qp8hzeevezdggnv3ykwhu5zvjtfxt4q07nqcgxc": [],
        "bc1qr25j67htwlupkmyyeupd7x6dpgu9gn9ywnr6fj": [],
        "bc1qrlw9pdd8lqpmczuxv4an0a5j0tffl5ujvs27ll": [],
        "bc1qsgq0zh7xp7z43yz3yunkzuknmr66dkq4t3e6yh": [],
        "bc1qvnlcr8avrcn0aywanzfs6fd835jrxfhj6tyk7j": [],
        "bc1qwjkls5jvtql0pqfyedgh57e9gcstp9dk35r256": [],
        "bc1qxvw797x250tpxdesp9yyeajmxpgemkm2nn6rxl": [],
        "bc1qy6pqu29d48f0l5fpm0zrwy3esjurpvt6gnuma0": [],
        "bc1qyc7k7033q6zhl99n6k6rc7hzupra5llmk3psel": [],
        "bc1qyfftg82j3swyqz589xu3g3cyd09uka9w0w3nus": [],
        "bc1qygzz8dxdvaz5jzgwpreas36uarxq7jfvxg2h05": [],
        "bc1qysasp0v7jfvy6mc65lemlfrtjrar65fg3zfjjv": [],
        "bc1qyy4yxsn68hqxlj30663c7qng5w828y5huxmfa3": [],
        "bc1qzaxn5r5m6d8j2hmkxkmk5zm4atzta0fyzyluxp": []
    },
    "addresses": {
        "change": [
            "bc1qvnlcr8avrcn0aywanzfs6fd835jrxfhj6tyk7j",
            "bc1qyy4yxsn68hqxlj30663c7qng5w828y5huxmfa3",
            "bc1q6fcxsf323yc2dagfvhyqsdp8cur3vak9z2yw6q",
            "bc1qyc7k7033q6zhl99n6k6rc7hzupra5llmk3psel",
            "bc1q8aqggdn8uakdu9h3d28jzdjjmuffts360dqxgr",
            "bc1qygzz8dxdvaz5jzgwpreas36uarxq7jfvxg2h05",
            "bc1qr25j67htwlupkmyyeupd7x6dpgu9gn9ywnr6fj",
            "bc1qy6pqu29d48f0l5fpm0zrwy3esjurpvt6gnuma0",
            "bc1qwjkls5jvtql0pqfyedgh57e9gcstp9dk35r256",
            "bc1q4vzqz9yj2wpxpsr5hfr9ql4cu3k4r3nl0s69ja"
        ],
        "receiving": [
            "bc1qyfftg82j3swyqz589xu3g3cyd09uka9w0w3nus",
            "bc1qsgq0zh7xp7z43yz3yunkzuknmr66dkq4t3e6yh",
            "bc1qysasp0v7jfvy6mc65lemlfrtjrar65fg3zfjjv",
            "bc1qrlw9pdd8lqpmczuxv4an0a5j0tffl5ujvs27ll",
            "bc1qjr6yasryzent44wljyxvj6n775d2ezdkhmhmvu",
            "bc1q2922qywm9g4gg7ze4c9ryfrxag3vst26v3gyqw",
            "bc1qdh978pcdgpe6her05puy07lpm6t3wnf2mudcjy",
            "bc1qxvw797x250tpxdesp9yyeajmxpgemkm2nn6rxl",
            "bc1q5qf280e38vlw457vl44w78r9dx8gylt9wvfrhy",
            "bc1q6th3e0kjsrpj2tn9naynhdywtddsc6g0tj4h8d",
            "bc1q8wrmmd6rvk5uq2llhlrn7ddxztr3k9sstv4dt2",
            "bc1qe8mtfsa9nx0m307fa7gxq5ltumca2jgejx9aq3",
            "bc1qp8hzeevezdggnv3ykwhu5zvjtfxt4q07nqcgxc",
            "bc1qm5yurxvfphwcvaq44wfk9ma8mdunprmxney6df",
            "bc1qzaxn5r5m6d8j2hmkxkmk5zm4atzta0fyzyluxp",
            "bc1qffhkwvk85a4m98xp8s7fsk3xed4vwa9s7agqee",
            "bc1qh25uagsa0zgedm3nj2mjvygyp7mqzvsem9gsgq",
            "bc1qfkuf8kz5tfvhwf4jsvn5ay2gwfyqp0jce0aw5z",
            "bc1q2025yuzucynt5hpa4sp6tccljqdkwpdryedy0k",
            "bc1qdxw95ydeh6epy8t85evhr0v2nhuzlq6evfugq0"
        ]
    },
    "channels": {},
    "fiat_value": {},
    "frozen_coins": {},
    "imported_channel_backups": {},
    "invoices": {},
    "keystore": {
        "derivation": "m/0'",
        "pw_hash_version": 1,
        "root_fingerprint": "c3bbb1e8",
        "seed": "minor zone pool asset remain combine dentist claw medal settle grace capable",
        "seed_type": "segwit",
        "type": "bip32",
        "xprv": "zprvAa17jbjMiqp93ug7a4fsqvxdoSMtBMdZLiQPoaUDszjfeASHjsE9LhEyHobMbD7rL8wHpkQv5WnNCyvadGzZ1ZGSRLZGGPYGsLWyL4saC5u",
        "xpub": "zpub6nzU97GFZDNSGPkag6CtD4uNMUCNapMQhwKzbxsqSLGeWxmSHQYPtVZT95xeNU19HFGS6Y3mh58fe7UFFky9e4TaGNebwz3sKqyjSSTQsEq"
    },
    "labels": {},
    "lightning_payments": {},
    "lightning_preimages": {},
    "lightning_xprv": "zprvAbCvG91jKLgvQDWHtAYVwtnpmiYXruovmHmjbhjLh9V96nY3tQy6X4vXi5T7fW4KZ5C56F4ZRvUJQniPkMrwAP2T3GSjZ6vdCfQbyvqvCNR",
    "onchain_channel_backups": {},
    "payment_requests": {},
    "prevouts_by_scripthash": {},
    "seed_version": 50,
    "spent_outpoints": {},
    "submarine_swaps": {},
    "transactions": {},
    "tx_fees": {},
    "txi": {},
    "txo": {},
    "use_encryption": false,
    "verified_tx3": {},
    "wallet_type": "standard"
}