{
    "addr_history": {
        "126vgYrvBW7xyNqAvUUeEFgN7YQGykfTDW": [],
        "12Rsx7xgazXGXWWniL9urQLe4wa4ySChpL": [],
        "131ebR1HV8Dyj8uvYDMWvGg1SZF59hA67i": [],
        "149reVrLBrAMaEPmAw5iMxJAPcTmvMqHqH": [],
        "14DqUc1V5uGjNTEjMKwedN8swrxoYm6c7M": [],
        "14Le4hy5uu2u3X2V6DwLX36LaVnTVeR2AN": [],
        "16wqyigioix8ErogUyfKGnqxBez4YKFhwS": [],
        "174hMF22jy6ycnbmtEbM9dDJQUWiFqP5AL": [],
        "17RMvHUJRRYaMme9PeJ75ykoLNdfvHaHK": [],
        "19am9dsvtPh61nn5ry5kj8KnswDkh6QkH9": [],
        "19qq3qqJ5pmro3quJfQYe8KVLwz8t5ZM6C": [],
        "1ACTn3GcnXoGjps8JithuyXfuGqpgr6zH8": [],
        "1AxMJs5eMcg9ZMGT1EXzGA8of42Hkzt8n8": [],
        "1BVFwEYjfPeS81s5k8bHJCCgKii2yB1rDk": [],
        "1CBPW4ByrM45CFJHiHK9WVHuVNtAGSiRFQ": [],
        "1CCLsutQXTzDQaY9H8qbhLRETz6wNuwhTR": [],
        "1EMxq385MhP9jSHrjrHKuirzV2yxgb5Yy4": [],
        "1FBVoEFpvqXGQEbF9hCD6uyje97htoHw7G": [],
        "1FQoGpQ2QRvEX6x4yVoff1NDscorx5iE3N": [],
        "1GyuZzQh55fJKiYXBgbEjvpQesoXAHPEjh": [],
        "1HE4zGeUn3ZrSppc278f77sLjr2bdKCBvW": [],
        "1J9Hyt88yGypmEN7XzMrJL5c7yqJ7xdHH6": [],
        "1JsTNx5wSna5ggKNQymKfMQWNjLV852u63": [],
        "1MGmq4c9XiaAF9S7oNdx6RKhvZgfFTXDUk": [],
        "1NAqSv2vMa4WvNiuoRJqQc1sV4KCT8jL1d": [],
        "1Ni22KknZvUpoQWJrnCDS7k5tdpqkFH38k": [],
        "1NmS71DJ66uqX3JtHvED4teUU96EejGLop": [],
        "1PuBECrSgrbcy15eeyHumwK6B6FsdMpgKE": [],
        "1PwukGuAVC6mE1zmCJpVZD2MAaQT8T8yfC": [],
        "1QAJFvk1EAsVXSnDxyKbdrUqT3LBFh5gAf": []
    },
    "addresses": {
        "change": [
            "19am9dsvtPh61nn5ry5kj8KnswDkh6QkH9",
            "1GyuZzQh55fJKiYXBgbEjvpQesoXAHPEjh",
            "1PuBECrSgrbcy15eeyHumwK6B6FsdMpgKE",
            "1FBVoEFpvqXGQEbF9hCD6uyje97htoHw7G",
            "1Ni22KknZvUpoQWJrnCDS7k5tdpqkFH38k",
            "1PwukGuAVC6mE1zmCJpVZD2MAaQT8T8yfC",
            "149reVrLBrAMaEPmAw5iMxJAPcTmvMqHqH",
            "126vgYrvBW7xyNqAvUUeEFgN7YQGykfTDW",
            "1EMxq385MhP9jSHrjrHKuirzV2yxgb5Yy4",
            "174hMF22jy6ycnbmtEbM9dDJQUWiFqP5AL"
        ],
        "receiving": [
            "1AxMJs5eMcg9ZMGT1EXzGA8of42Hkzt8n8",
            "12Rsx7xgazXGXWWniL9urQLe4wa4ySChpL",
            "1QAJFvk1EAsVXSnDxyKbdrUqT3LBFh5gAf",
            "17RMvHUJRRYaMme9PeJ75ykoLNdfvHaHK",
            "14DqUc1V5uGjNTEjMKwedN8swrxoYm6c7M",
            "1ACTn3GcnXoGjps8JithuyXfuGqpgr6zH8",
            "1NmS71DJ66uqX3JtHvED4teUU96EejGLop",
            "1NAqSv2vMa4WvNiuoRJqQc1sV4KCT8jL1d",
            "1CBPW4ByrM45CFJHiHK9WVHuVNtAGSiRFQ",
            "14Le4hy5uu2u3X2V6DwLX36LaVnTVeR2AN",
            "1MGmq4c9XiaAF9S7oNdx6RKhvZgfFTXDUk",
            "1CCLsutQXTzDQaY9H8qbhLRETz6wNuwhTR",
            "1HE4zGeUn3ZrSppc278f77sLjr2bdKCBvW",
            "19qq3qqJ5pmro3quJfQYe8KVLwz8t5ZM6C",
            "16wqyigioix8ErogUyfKGnqxBez4YKFhwS",
            "1BVFwEYjfPeS81s5k8bHJCCgKii2yB1rDk",
            "131ebR1HV8Dyj8uvYDMWvGg1SZF59hA67i",
            "1JsTNx5wSna5ggKNQymKfMQWNjLV852u63",
            "1J9Hyt88yGypmEN7XzMrJL5c7yqJ7xdHH6",
            "1FQoGpQ2QRvEX6x4yVoff1NDscorx5iE3N"
        ]
    },
    "fiat_value": {},
    "frozen_coins": {},
    "invoices": {},
    "keystore": {
        "derivation": "m",
        "pw_hash_version": 1,
        "root_fingerprint": "9eae3697",
        "seed": "minor zone pool amazing remain combine exhibit claw medal settle grace capable",
        "seed_type": "standard",
        "type": "bip32",
        "xprv": "xprv9s21ZrQH143K4VCaGhnz6pqvihRhMtzPPf2yHGixB7BBgXFF2nrCYYWihpN2p9aQkJthZBZ9SQDD3FdQtDdmPUoHvExJ9RHCqc9fEQFy5Tq",
        "xpub": "xpub661MyMwAqRbcGyH3NjKzTxnfGjGBmMiEksxa5f8ZjSiAZKaPaLAT6LqCZ5Sn29DqGQ45GRTQHEGJzURRdKbNHJbmN52ibjg76Pgt62Ar2WD"
    },
    "labels": {},
    "payment_requests": {},
    "prevouts_by_scripthash": {},
    "seed_version": 50,
    "spent_outpoints": {},
    "transactions": {},
    "tx_fees": {},
    "txi": {},
    "txo": {},
    "use_encryption": false,
    "verified_tx3": {},
    "wallet_type": "standard"
}