{
    "addr_history": {
        "125UZNuqA46BPQfw49ynUpPmC9DkyRhTsR": [],
        "128xfH5cQ8iqjeQeAwvhS1cHHSRKej2mnY": [],
        "12Zt3oVAWKzL7tdfUQfQvoDgxq7JKphWug": [],
        "12z7MA11XNE6QwmsMsx86K6wxqGR6zPRS3": [],
        "163pKQNEVWwmVhKhoVcGkiDrqXrBUBdkrn": [],
        "16G5jDkK9vrvtB2SgxkytMPH5X8bgbSs4E": [],
        "16SUvhzf9D7Vww1jMGkHNWK3SrtNy2KAGA": [],
        "16VkuPse1X1oP954SmpemBFQv5wgeqHm9y": [],
        "16ZoJ6nKJFskjvvMaAriQsqA56scnc8umk": [],
        "16dGBj6RLDyFs95EZ3NJ1qHGG2qeNV3bYR": [],
        "181nEed9UZnHNxh7UYG8DnRqVv6xNYVjLF": [],
        "18kUNT2uZu9VTP2TytB8wLGmPHG92g7RF8": [],
        "1Ag8YmkCD5hQcdckTarTdRbirdtuqKZytW": [],
        "1BEV7v3iqR6YHAoTexbzECABTMR7z1dyRa": [],
        "1Bog5E8TXHBjxYhoqwDSKwE5qBKgLmKCGC": [],
        "1Brhe2tRwtxkQy2XShJxcArXqPrrj6VGgV": [],
        "1C3FuaDgkKnxF6Fq6puW4vHxZrjfHtEfJb": [],
        "1CXosDpNSsSQVKi51Gb9TFz9Y4vnECDz3G": [],
        "1CqTR5MZBFWLWTjycvhPV5Pjg5VhZUiV6h": [],
        "1CxaKFyt68N9ZrEN9gSwuhJo3U5vkQfabw": [],
        "1DvhGdoHjfwSAPsX9vMqPgBCHE4cL8PZM9": [],
        "1FVh3NH8oY6NcWVE5atQztmrwT9sRJHzuD": [],
        "1G5SDnpZqfYjMLc1baMrWRkx1FayHu3MZ2": [],
        "1GMY543sYHZbr7JRhbvFxmc5yMaB8bGRth": [],
        "1Gx7q3jU7FNu7XZjnS6JRNq1EEjivFfg2o": [],
        "1J8Wr4gHPYkJRyKje4CGLk9aVeGnEKfNy4": [],
        "1LXeYzgaxX1impZK3GhhUuVw6sbrFN9gGv": [],
        "1Mc6P4YT4dLRVbG6ZaT5yPqcWxwdMRnF6d": [],
        "1Mf7LtJF3cVB1JZM9JVBHTrjL7EiuSjt6A": [],
        "1MkPmAJn7cG5vUXrdMjk5CLCGK5PBDgJKk": []
    },
    "addresses": {
        "change": [
            "1J8Wr4gHPYkJRyKje4CGLk9aVeGnEKfNy4",
            "1C3FuaDgkKnxF6Fq6puW4vHxZrjfHtEfJb",
            "1Gx7q3jU7FNu7XZjnS6JRNq1EEjivFfg2o",
            "12z7MA11XNE6QwmsMsx86K6wxqGR6zPRS3",
            "16SUvhzf9D7Vww1jMGkHNWK3SrtNy2KAGA",
            "1CxaKFyt68N9ZrEN9gSwuhJo3U5vkQfabw",
            "1CXosDpNSsSQVKi51Gb9TFz9Y4vnECDz3G",
            "125UZNuqA46BPQfw49ynUpPmC9DkyRhTsR",
            "16ZoJ6nKJFskjvvMaAriQsqA56scnc8umk",
            "18kUNT2uZu9VTP2TytB8wLGmPHG92g7RF8"
        ],
        "receiving": [
            "1Brhe2tRwtxkQy2XShJxcArXqPrrj6VGgV",
            "1Mc6P4YT4dLRVbG6ZaT5yPqcWxwdMRnF6d",
            "181nEed9UZnHNxh7UYG8DnRqVv6xNYVjLF",
            "16G5jDkK9vrvtB2SgxkytMPH5X8bgbSs4E",
            "16dGBj6RLDyFs95EZ3NJ1qHGG2qeNV3bYR",
            "1G5SDnpZqfYjMLc1baMrWRkx1FayHu3MZ2",
            "1FVh3NH8oY6NcWVE5atQztmrwT9sRJHzuD",
            "163pKQNEVWwmVhKhoVcGkiDrqXrBUBdkrn",
            "12Zt3oVAWKzL7tdfUQfQvoDgxq7JKphWug",
            "1MkPmAJn7cG5vUXrdMjk5CLCGK5PBDgJKk",
            "1Ag8YmkCD5hQcdckTarTdRbirdtuqKZytW",
            "1Bog5E8TXHBjxYhoqwDSKwE5qBKgLmKCGC",
            "16VkuPse1X1oP954SmpemBFQv5wgeqHm9y",
            "1DvhGdoHjfwSAPsX9vMqPgBCHE4cL8PZM9",
            "1Mf7LtJF3cVB1JZM9JVBHTrjL7EiuSjt6A",
            "1BEV7v3iqR6YHAoTexbzECABTMR7z1dyRa",
            "1GMY543sYHZbr7JRhbvFxmc5yMaB8bGRth",
            "1CqTR5MZBFWLWTjycvhPV5Pjg5VhZUiV6h",
            "1LXeYzgaxX1impZK3GhhUuVw6sbrFN9gGv",
            "128xfH5cQ8iqjeQeAwvhS1cHHSRKej2mnY"
        ]
    },
    "fiat_value": {},
    "frozen_coins": {},
    "invoices": {},
    "keystore": {
        "derivation": "m",
        "pw_hash_version": 1,
        "root_fingerprint": "dfe5c046",
        "seed": "minor zone pool artist remain combine panda claw medal settle grace capable",
        "seed_type": "standard",
        "type": "bip32",
        "xprv": "xprv9s21ZrQH143K3aw8U65rFmqT1AMnPpcqqZCsa3w8BdtTU5n6YhLEznZwS6QzEodUzP2ekP8i7pNmcWrgB2e6HXgqNHvi72L2NsyMSECoX2L",
        "xpub": "xpub661MyMwAqRbcG51ba7crcunBZCCGoHLhCn8UNSLjjyRSLt7F6EeVYatRHLPHw173QtKEv2U2T3eRTwCZNikFpEaZxxRQK1GdMhZ5Y9Npbe1"
    },
    "labels": {},
    "payment_requests": {},
    "prevouts_by_scripthash": {},
    "seed_version": 50,
    "spent_outpoints": {},
    "transactions": {},
    "tx_fees": {},
    "txi": {},
    "txo": {},
    "use_encryption": false,
    "verified_tx3": {},
    "wallet_type": "standard"
}