{
    "addr_history": {
        "13f4fs638aWqvTKphS11bgZUgoovCeRka7": [],
        "13ycALGtPBqXgzaVkpNcN7BhDsjarKJ6eg": [],
        "15EKgSKxnqtseLhJM9Hg2sC7ymJH32fhyE": [],
        "16r1sNupmqmmWKvDQtec2cnGWWXeL5YUJb": [],
        "176wHdMoP77w6n1Q4dG4AAdmcx8jb6WNqT": [],
        "17B5WW4Y8v5bNQSRkHkVPX1QYbTHcqk6BE": [],
        "17KwZGSiZ9bvbkqxX5aT2zGWoYaMWH6ncA": [],
        "17ph6uc6Xi4ypk2YwG1AQrJnDo1mDvx775": [],
        "18K6uPEAP3hAcgEKKaxhqJtsuBbyymqAr": [],
        "18hXQRm3toY2eiKSBs5S1pMbMa9oQ582MD": [],
        "19xeDagsye3yDAQGTYQP3C6QkEiVdQ7oNB": [],
        "1AjJo6CuZeF4AvLgMvU1sAr2JFMXRBJNqd": [],
        "1AmHuj7mPEzVhVrWsffxgPVrGf9MWs1m2p": [],
        "1BPBAFvG7YJ3c28x4uWCzdXXdTxiEEuvVy": [],
        "1C2RoSVp5CvWdn8jTBVJJ2diwHUyE8hMLU": [],
        "1D9gPKALAazNeTSkJ7kFo9oxxAmxJRLBfZ": [],
        "1DtVnM67MmDFr2ydSLsa5egdnKMM1Ru53A": [],
        "1EFe3AEvsJiWvufcrybGkhrB89h6KqxTpw": [],
        "1EVeJxTbN4VENXU9DvkNi64LwgjqCtz2LZ": [],
        "1ExscVaR65dnoQTXNAUNjPUfNzS776FZFJ": [],
        "1FXqYaL3FWPM8BXJzBQoeuKwRZGp7j9zKY": [],
        "1FxNL1aoUMfpiaWhi2DWVmngGoxHUfStKt": [],
        "1GWXnk64e84gxLd6DzNdcxSDkoMzam175s": [],
        "1HuuvvjBzkvu7LkEMsRf2qtn5Z52zRd3Nx": [],
        "1KoVje5zjiUgeV6FMbDm5fMR8VNEj3qwPV": [],
        "1LHnXx6zNAFY141bwTXGMsc64GTzG5VuFb": [],
        "1LZKyR7yfog7nkMezurjWxN7SH6bEZT2Yp": [],
        "1LrZv3atjNc273CdtudBfhLV6scHCTRttA": [],
        "1MiRJzJjnTV7HDdxWqeDiSpjvSFdiXgiwP": [],
        "1NgfNuR88wYR6sxPf93fMpDiv4PRCxLBCU": []
    },
    "addresses": {
        "change": [
            "1KoVje5zjiUgeV6FMbDm5fMR8VNEj3qwPV",
            "1FxNL1aoUMfpiaWhi2DWVmngGoxHUfStKt",
            "15EKgSKxnqtseLhJM9Hg2sC7ymJH32fhyE",
            "1AjJo6CuZeF4AvLgMvU1sAr2JFMXRBJNqd",
            "16r1sNupmqmmWKvDQtec2cnGWWXeL5YUJb",
            "1LHnXx6zNAFY141bwTXGMsc64GTzG5VuFb",
            "1ExscVaR65dnoQTXNAUNjPUfNzS776FZFJ",
            "13f4fs638aWqvTKphS11bgZUgoovCeRka7",
            "1LZKyR7yfog7nkMezurjWxN7SH6bEZT2Yp",
            "1HuuvvjBzkvu7LkEMsRf2qtn5Z52zRd3Nx"
        ],
        "receiving": [
            "1AmHuj7mPEzVhVrWsffxgPVrGf9MWs1m2p",
            "1GWXnk64e84gxLd6DzNdcxSDkoMzam175s",
            "1DtVnM67MmDFr2ydSLsa5egdnKMM1Ru53A",
            "18K6uPEAP3hAcgEKKaxhqJtsuBbyymqAr",
            "17KwZGSiZ9bvbkqxX5aT2zGWoYaMWH6ncA",
            "17B5WW4Y8v5bNQSRkHkVPX1QYbTHcqk6BE",
            "1C2RoSVp5CvWdn8jTBVJJ2diwHUyE8hMLU",
            "176wHdMoP77w6n1Q4dG4AAdmcx8jb6WNqT",
            "19xeDagsye3yDAQGTYQP3C6QkEiVdQ7oNB",
            "1MiRJzJjnTV7HDdxWqeDiSpjvSFdiXgiwP",
            "1EVeJxTbN4VENXU9DvkNi64LwgjqCtz2LZ",
            "18hXQRm3toY2eiKSBs5S1pMbMa9oQ582MD",
            "1NgfNuR88wYR6sxPf93fMpDiv4PRCxLBCU",
            "17ph6uc6Xi4ypk2YwG1AQrJnDo1mDvx775",
            "1LrZv3atjNc273CdtudBfhLV6scHCTRttA",
            "1FXqYaL3FWPM8BXJzBQoeuKwRZGp7j9zKY",
            "13ycALGtPBqXgzaVkpNcN7BhDsjarKJ6eg",
            "1D9gPKALAazNeTSkJ7kFo9oxxAmxJRLBfZ",
            "1EFe3AEvsJiWvufcrybGkhrB89h6KqxTpw",
            "1BPBAFvG7YJ3c28x4uWCzdXXdTxiEEuvVy"
        ]
    },
    "fiat_value": {},
    "frozen_coins": {},
    "invoices": {},
    "keystore": {
        "derivation": "m",
        "pw_hash_version": 1,
        "root_fingerprint": "9f79375a",
        "seed": "minor zone pool awesome remain combine turkey claw medal settle grace capable",
        "seed_type": "standard",
        "type": "bip32",
        "xprv": "xprv9s21ZrQH143K38VQdq1zn1xPCogvKNo3ZY9EaMtzZENA9Svw4o9EtVQezcjKj8W5dPYgA8hzzBD6fmJMadiP2kdqM9eVpsCjC1GSjdQN7JG",
        "xpub": "xpub661MyMwAqRbcFcZsjrZ199u7kqXQiqWtvm4qNkJc7Zu92FG5cLTVSHj8qsirHtKVvQ81BQ4mmYWqJXb9UKSD35EzjaLbRmnwHycCa1W5ruj"
    },
    "labels": {},
    "payment_requests": {},
    "prevouts_by_scripthash": {},
    "seed_version": 50,
    "spent_outpoints": {},
    "transactions": {},
    "tx_fees": {},
    "txi": {},
    "txo": {},
    "use_encryption": false,
    "verified_tx3": {},
    "wallet_type": "standard"
}