{
    "addr_history": {
        "13jGvb3R8NC5eRsKodEKitDzcn373cjMuY": [],
        "13mdxBqX4BYmsWo3venvHEheamnApHYsQj": [],
        "15Njw41NyEEczjLionytopqHHXVYWaq2EJ": [],
        "1859bc5NQDFfyt1nT3Mirjs8mg6HGY9GeC": [],
        "18PLTfgoh2859KGQivXYiwmh6bwsbgBgcc": [],
        "18vBKsfJXwY5uzFevqwMGu4wQcF3qEnQ8J": [],
        "18vP3iEkoYnuhKfAmR7Y4ZRgBdAoavLZKk": [],
        "1AKXTmDfHNueh121r6Tmg4yWYNeJf9Y36P": [],
        "1BQ6v38gz8jwPbxWFdH2UBNXT31rqRmteh": [],
        "1BZwSftBjTjVArmZQgV7vNrs8AHBd8XR9r": [],
        "1CuLVkR33FrsbWEvC3YwwR4eMMSzg5hkmw": [],
        "1CukFvpvqpH9ayUWKruB4pa3vhr1jYQvzL": [],
        "1EB3LuLC7zBpdKrS2ZWUZ1yHD9jCL6fGAA": [],
        "1FPt6DVRX3uDApHfcsLP5mm97hmt5LdyTh": [],
        "1FQwV9WCZqzQUit7P4RSK37x7JdHmfews7": [],
        "1FhYuZABiHobfbTEicNxSmhbHTXzQwsg9c": [],
        "1GCLjBmrUW9ExdCCeUTwGL6gEwkRpJzgrw": [],
        "1GLQVnh52LFdsnA8GL9tcmbKGS4jejdDWx": [],
        "1GbXEgaXV32usThMx9DHKBe2SJSHK1zDxn": [],
        "1GuyRrnD3G5LjmzHkdcGc2J1mNnVrvF6Es": [],
        "1H49wcPguAascXy32Lt8XrZiCMt5otYVUX": [],
        "1J2Zh9yWTp5qzCMHFYdz6L6yPRUi8FSKjJ": [],
        "1LhWiR4YJBwTbUiHFiV5ENqbNjrHUcLogH": [],
        "1Ln52zaxb358HFoQQsXXhwmTFNRqAHR2hR": [],
        "1MGS6EH5AhRCVM8cUoTo2wh7EnAYM9ga6H": [],
        "1MuYsHD3UTrgGJbrdi1PrAdKpq8hMakuPF": [],
        "1PP1id7HvzTKCx5NJC6VgxgpZjoswTdNLa": [],
        "1PXBLAhmdSAtUNtScWBMMWRY7gWm3aMkY1": [],
        "1PuiBTCoEbcbfZZycZEcDtxXzMewY8ePPg": [],
        "1QDNNF7bJXQ5yGdXES1YXeJwXRfuSaGu9z": []
    },
    "addresses": {
        "change": [
            "1GCLjBmrUW9ExdCCeUTwGL6gEwkRpJzgrw",
            "1FQwV9WCZqzQUit7P4RSK37x7JdHmfews7",
            "1FhYuZABiHobfbTEicNxSmhbHTXzQwsg9c",
            "18PLTfgoh2859KGQivXYiwmh6bwsbgBgcc",
            "1PXBLAhmdSAtUNtScWBMMWRY7gWm3aMkY1",
            "1PP1id7HvzTKCx5NJC6VgxgpZjoswTdNLa",
            "13jGvb3R8NC5eRsKodEKitDzcn373cjMuY",
            "1GbXEgaXV32usThMx9DHKBe2SJSHK1zDxn",
            "1J2Zh9yWTp5qzCMHFYdz6L6yPRUi8FSKjJ",
            "1GLQVnh52LFdsnA8GL9tcmbKGS4jejdDWx"
        ],
        "receiving": [
            "1LhWiR4YJBwTbUiHFiV5ENqbNjrHUcLogH",
            "1BQ6v38gz8jwPbxWFdH2UBNXT31rqRmteh",
            "1859bc5NQDFfyt1nT3Mirjs8mg6HGY9GeC",
            "18vP3iEkoYnuhKfAmR7Y4ZRgBdAoavLZKk",
            "1QDNNF7bJXQ5yGdXES1YXeJwXRfuSaGu9z",
            "1CukFvpvqpH9ayUWKruB4pa3vhr1jYQvzL",
            "1BZwSftBjTjVArmZQgV7vNrs8AHBd8XR9r",
            "1H49wcPguAascXy32Lt8XrZiCMt5otYVUX",
            "18vBKsfJXwY5uzFevqwMGu4wQcF3qEnQ8J",
            "1EB3LuLC7zBpdKrS2ZWUZ1yHD9jCL6fGAA",
            "1MuYsHD3UTrgGJbrdi1PrAdKpq8hMakuPF",
            "15Njw41NyEEczjLionytopqHHXVYWaq2EJ",
            "1Ln52zaxb358HFoQQsXXhwmTFNRqAHR2hR",
            "1AKXTmDfHNueh121r6Tmg4yWYNeJf9Y36P",
            "13mdxBqX4BYmsWo3venvHEheamnApHYsQj",
            "1GuyRrnD3G5LjmzHkdcGc2J1mNnVrvF6Es",
            "1FPt6DVRX3uDApHfcsLP5mm97hmt5LdyTh",
            "1MGS6EH5AhRCVM8cUoTo2wh7EnAYM9ga6H",
            "1CuLVkR33FrsbWEvC3YwwR4eMMSzg5hkmw",
            "1PuiBTCoEbcbfZZycZEcDtxXzMewY8ePPg"
        ]
    },
    "fiat_value": {},
    "frozen_coins": {},
    "invoices": {},
    "keystore": {
        "derivation": "m",
        "pw_hash_version": 1,
        "root_fingerprint": "375429aa",
        "seed": "minor zone pool aim remain combine vanish claw medal settle grace capable",
        "seed_type": "standard",
        "type": "bip32",
        "xprv": "xprv9s21ZrQH143K3Caz9LTSm9PXgcEEuUytfuRfH8xXpPHS2bLskqnyUdUCZb5zjvuochknsV14ncpHSvKhQEMWM59UV3RM8SU1jwZ1nZcKSLN",
        "xpub": "xpub661MyMwAqRbcFgfTFMzT8HLGEe4jJwhk38MG5XN9NipQuPg2JP7E2RngQqt3seuyNT8NsB7rzJzKNM8vaWeNEzjww6PzbA5xm1Xqn6maVnk"
    },
    "labels": {},
    "payment_requests": {},
    "prevouts_by_scripthash": {},
    "seed_version": 50,
    "spent_outpoints": {},
    "transactions": {},
    "tx_fees": {},
    "txi": {},
    "txo": {},
    "use_encryption": false,
    "verified_tx3": {},
    "wallet_type": "standard"
}