{
    "addr_history": {
        "12dR388tUUnPvzgSyqUNahQxwanw4gpszR": [],
        "13LhjoTC3NMzPt81Duwx3sP69oYjTFoyiE": [],
        "13uuJAEBYGC4Uot78jxUnV2UXrJN1aWcpA": [],
        "14rYUx7FW1UezgyBnVvwWN8kA6hetMXUZW": [],
        "15FUL6QJNvi8evNgZH56eTXLU8anCUGtre": [],
        "15VfeHxRzvWnE1KrvM4aHm39bVW22N54nN": [],
        "15g5fKQjhYzyR86cGcnQrgvNHkEmhMnse9": [],
        "17XYa2REUgCEfRTgc7rZp6Y7csKa6K28Ta": [],
        "18HGyrQuEt1dTP9YohRyscQhupbdNZwxEQ": [],
        "193ZnDxRuHNYtts41WPZZdyKVCkX4TcWn8": [],
        "193ndPfn4DiM4JPAD7i5gohn25Sg4rTEh4": [],
        "1AuZMY3LReEcaUWHXYt7eFji8jEyzmenRN": [],
        "1AudbiiNoZ9C4zM1atqiXKV24oJhF1JUZq": [],
        "1Bv7MQmatLajjDjk5hmQsEkg5k7AdqMGgx": [],
        "1Bzhjc6QYjphbt8PZztRHp9tW1XcX5Rkrz": [],
        "1D19GZNSiqBusUEqLoYb85tErhNHR6ZWjR": [],
        "1Dn9mh8dxFSQBbYwqNbD646msjK3xghbJJ": [],
        "1DpF3Umvxp1AiHaBxyruyV9XSz6oohKaDV": [],
        "1E9L8cEhzvZ917p1KtGBGydxm1wYCg6zxZ": [],
        "1EvYhbmZ4qKJrzqYyTP3oFe3YMmkZsx3F5": [],
        "1F77Q7u3jvqyh5UUCAVAeordhyfZ4Aw9wd": [],
        "1FMSJKaKaYhNwscgQiE3E6n7wt8oKdEcCo": [],
        "1HLtjMqR1tvsirpwYp9qZLpCPGsFyYF8JA": [],
        "1KRH7ean42xWD9PdAun6Eg5CG7BpodyNv2": [],
        "1LAyMDzdXoZkfhnT6mpDSXsUXbvzNEgsCP": [],
        "1McP4NkXWto7tZk6HWgZUHuB9G5A5TbjqZ": [],
        "1NFNJmaHHi9f8P1MFW3hMa5Sz6XhiyVAHx": [],
        "1NZG3fwCWKQgFjLGmrgo1RMqhMdcwJVgTB": [],
        "1Q1Fa2tdmJb7x5E4hbRdKGsgCwGqogU5Ud": [],
        "1QFNVvNYYGy3kTb38y1tj1EFGMtB51Z7i1": []
    },
    "addresses": {
        "change": [
            "1Q1Fa2tdmJb7x5E4hbRdKGsgCwGqogU5Ud",
            "15VfeHxRzvWnE1KrvM4aHm39bVW22N54nN",
            "1E9L8cEhzvZ917p1KtGBGydxm1wYCg6zxZ",
            "193ZnDxRuHNYtts41WPZZdyKVCkX4TcWn8",
            "1Bv7MQmatLajjDjk5hmQsEkg5k7AdqMGgx",
            "1HLtjMqR1tvsirpwYp9qZLpCPGsFyYF8JA",
            "18HGyrQuEt1dTP9YohRyscQhupbdNZwxEQ",
            "1NZG3fwCWKQgFjLGmrgo1RMqhMdcwJVgTB",
            "13uuJAEBYGC4Uot78jxUnV2UXrJN1aWcpA",
            "12dR388tUUnPvzgSyqUNahQxwanw4gpszR"
        ],
        "receiving": [
            "15g5fKQjhYzyR86cGcnQrgvNHkEmhMnse9",
            "1Dn9mh8dxFSQBbYwqNbD646msjK3xghbJJ",
            "14rYUx7FW1UezgyBnVvwWN8kA6hetMXUZW",
            "13LhjoTC3NMzPt81Duwx3sP69oYjTFoyiE",
            "1AudbiiNoZ9C4zM1atqiXKV24oJhF1JUZq",
            "1KRH7ean42xWD9PdAun6Eg5CG7BpodyNv2",
            "193ndPfn4DiM4JPAD7i5gohn25Sg4rTEh4",
            "1FMSJKaKaYhNwscgQiE3E6n7wt8oKdEcCo",
            "1F77Q7u3jvqyh5UUCAVAeordhyfZ4Aw9wd",
            "1D19GZNSiqBusUEqLoYb85tErhNHR6ZWjR",
            "1DpF3Umvxp1AiHaBxyruyV9XSz6oohKaDV",
            "1QFNVvNYYGy3kTb38y1tj1EFGMtB51Z7i1",
            "1LAyMDzdXoZkfhnT6mpDSXsUXbvzNEgsCP",
            "15FUL6QJNvi8evNgZH56eTXLU8anCUGtre",
            "1Bzhjc6QYjphbt8PZztRHp9tW1XcX5Rkrz",
            "1EvYhbmZ4qKJrzqYyTP3oFe3YMmkZsx3F5",
            "17XYa2REUgCEfRTgc7rZp6Y7csKa6K28Ta",
            "1NFNJmaHHi9f8P1MFW3hMa5Sz6XhiyVAHx",
            "1McP4NkXWto7tZk6HWgZUHuB9G5A5TbjqZ",
            "1AuZMY3LReEcaUWHXYt7eFji8jEyzmenRN"
        ]
    },
    "fiat_value": {},
    "frozen_coins": {},
    "invoices": {},
    "keystore": {
        "derivation": "m",
        "pw_hash_version": 1,
        "root_fingerprint": "f0a525b1",
        "seed": "minor zone pool accuse remain combine picnic claw medal settle grace capable",
        "seed_type": "standard",
        "type": "bip32",
        "xprv": "xprv9s21ZrQH143K4W7hbMSjt1JzC6EHkGrVBzPemv74KDM4XUrR2QY3wFRfWoVrrdyVLrLaJLB3aTGp6ahXBkTxzUSTCKmXvEY43vrTDtozrgB",
        "xpub": "xpub661MyMwAqRbcGzCAhNykF9Fik84n9jaLZDKFaJWfsYt3QHBZZwrJV3k9N4RBaXuCs4WXugwn2Xu5KxLMZKa7T94KJK21HFzDVnNcEDBG3Cx"
    },
    "labels": {},
    "payment_requests": {},
    "prevouts_by_scripthash": {},
    "seed_version": 50,
    "spent_outpoints": {},
    "transactions": {},
    "tx_fees": {},
    "txi": {},
    "txo": {},
    "use_encryption": false,
    "verified_tx3": {},
    "wallet_type": "standard"
}