{
    "addr_history": {
        "12rGrvNZHYEmKbWJ3uvp26msPRfLau3Pnn": [],
        "14wBZmS17BSsZXE1b56LeJasd7NqTGoB46": [],
        "16FeC9gPiSmzYnVLbuQaiQDwNJVXvfMqxh": [],
        "18PYnzkyVufYjmpw9AKmCzxfps9D7QEipF": [],
        "19v38fGRXJoqYnWpSbbdXENhjne3RS9rpm": [],
        "1BLRVDzyQno5y7LUJvitTH7Ccdjhkmj8XP": [],
        "1BRJCRX2LnVs54dt6FALAsGeeiAeYHbPfa": [],
        "1C3RCv2q5StKboBjJrf7SgQv78xfxRE6H3": [],
        "1CNfcqrU63G8ibGEXgHbTV9K1bD6zMZdKh": [],
        "1CfAgKnpoVd88Sjmu5XEJgUudGRMuEeHpH": [],
        "1CnLhTxJTT4fk1XWxqq3XJEEUkquVTWdTp": [],
        "1Cwrvdmcw74C8Fn62U6nydBZNC9i3bcsow": [],
        "1DBjPot1FNThgVALbeEnt26AkgYQnuYhVE": [],
        "1DvYN8LQRaCFMjvae8Nj6XaD6RUWjydbNu": [],
        "1DyN5nhDaQfXPc9FS1F4orTPqUncjj2VX9": [],
        "1E4ZdjfpSimL59nbHH1fXUpq1wrDJYQR9v": [],
        "1EBsY9tkVJSSVrg1U2RDpq1YoWf8RKyGJY": [],
        "1ESqZzVUhEXrRLpUtj2ad5XwarE8eZWeKM": [],
        "1EUz9dbii2WELjbVt67hF3taYGNMXh9HTE": [],
        "1EWZcbFiJR2g5wtM3mwTZJGSibnw1A2vGt": [],
        "1EfGjhc8xkYcgKJPqf4HyvpNJUBgUE5oUs": [],
        "1Fmz9TBZSpEFVSFKM4oZbfNqYB6ty4PwNz": [],
        "1GmDsHgvkUK4CmYzLifyeAybDyrcM2KJph": [],
        "1GyLJ6hECSC4bEfrfw5F28GYEhwPq3BUTa": [],
        "1Jd8YM5X6LeeGdqjenjcvRASeLc8SKxWeT": [],
        "1Jm2u25gw1JukKVaaeupewSpiZhvED5veD": [],
        "1Kj2w3XFkJfGPoL5Xyp11HyMmDKyASj9Bj": [],
        "1LLN8a6rjg9uy7MaBGo94YMkVrBBM1CiQX": [],
        "1LPTd59PyGuDE9kPf7KkxAVwAN31NJwGh9": [],
        "1N627juTHjFYsG8G3PSx6bgqo2aXCSnhjf": []
    },
    "addresses": {
        "change": [
            "16FeC9gPiSmzYnVLbuQaiQDwNJVXvfMqxh",
            "18PYnzkyVufYjmpw9AKmCzxfps9D7QEipF",
            "1C3RCv2q5StKboBjJrf7SgQv78xfxRE6H3",
            "1CNfcqrU63G8ibGEXgHbTV9K1bD6zMZdKh",
            "1ESqZzVUhEXrRLpUtj2ad5XwarE8eZWeKM",
            "1DyN5nhDaQfXPc9FS1F4orTPqUncjj2VX9",
            "1CfAgKnpoVd88Sjmu5XEJgUudGRMuEeHpH",
            "1CnLhTxJTT4fk1XWxqq3XJEEUkquVTWdTp",
            "1DvYN8LQRaCFMjvae8Nj6XaD6RUWjydbNu",
            "1Fmz9TBZSpEFVSFKM4oZbfNqYB6ty4PwNz"
        ],
        "receiving": [
            "19v38fGRXJoqYnWpSbbdXENhjne3RS9rpm",
            "1BRJCRX2LnVs54dt6FALAsGeeiAeYHbPfa",
            "1EUz9dbii2WELjbVt67hF3taYGNMXh9HTE",
            "1Jm2u25gw1JukKVaaeupewSpiZhvED5veD",
            "1GyLJ6hECSC4bEfrfw5F28GYEhwPq3BUTa",
            "1LLN8a6rjg9uy7MaBGo94YMkVrBBM1CiQX",
            "1EfGjhc8xkYcgKJPqf4HyvpNJUBgUE5oUs",
            "1LPTd59PyGuDE9kPf7KkxAVwAN31NJwGh9",
            "1DBjPot1FNThgVALbeEnt26AkgYQnuYhVE",
            "1E4ZdjfpSimL59nbHH1fXUpq1wrDJYQR9v",
            "1GmDsHgvkUK4CmYzLifyeAybDyrcM2KJph",
            "1EBsY9tkVJSSVrg1U2RDpq1YoWf8RKyGJY",
            "1Jd8YM5X6LeeGdqjenjcvRASeLc8SKxWeT",
            "1Kj2w3XFkJfGPoL5Xyp11HyMmDKyASj9Bj",
            "12rGrvNZHYEmKbWJ3uvp26msPRfLau3Pnn",
            "14wBZmS17BSsZXE1b56LeJasd7NqTGoB46",
            "1BLRVDzyQno5y7LUJvitTH7Ccdjhkmj8XP",
            "1EWZcbFiJR2g5wtM3mwTZJGSibnw1A2vGt",
            "1Cwrvdmcw74C8Fn62U6nydBZNC9i3bcsow",
            "1N627juTHjFYsG8G3PSx6bgqo2aXCSnhjf"
        ]
    },
    "fiat_value": {},
    "frozen_coins": {},
    "invoices": {},
    "keystore": {
        "derivation": "m",
        "pw_hash_version": 1,
        "root_fingerprint": "edc7bf72",
        "seed": "minor zone pool balance remain combine power claw medal settle grace capable",
        "seed_type": "standard",
        "type": "bip32",
        "xprv": "xprv9s21ZrQH143K3wdUiLYu7VL6S9FdmrQAgN6tvFSBB1mEMVSVaPHCo9r77yfNT6t82eFTNuaJFuHNtg1MJX61hm8JuEhJMPasUvU8WLV5CVV",
        "xpub": "xpub661MyMwAqRbcGRhwpN5uUdGpzB68BK823b2VidqnjMJDEHme7vbTLxAayEz4bVUoLFQX5jKcgPT6ne9f86VWRNexHX5v3VE9dEvxa85HWgm"
    },
    "labels": {},
    "payment_requests": {},
    "prevouts_by_scripthash": {},
    "seed_version": 50,
    "spent_outpoints": {},
    "transactions": {},
    "tx_fees": {},
    "txi": {},
    "txo": {},
    "use_encryption": false,
    "verified_tx3": {},
    "wallet_type": "standard"
}