{
    "addr_history": {
        "124YMQvtWfKiV5HFWVcLqQTXnAScfL8LEX": [],
        "12eGrU2qtCqBb6xNKYfyhkjLGTyjSpC4Nu": [],
        "141uu6kv5GJyHwCUmQ9tvX9KjR1jjifXUY": [],
        "14CtjW3MeHVxcmNCHNBm9VKBYKVhaykdZi": [],
        "14gsiWeJJzG1vppTuUTco3dZjepuPNWakE": [],
        "15EwShtj6uPfL7doaYwCp72WMcnhKo3Zjj": [],
        "1775fmDxkfFwVtcoXZMBqF5p9RrKxg7nqN": [],
        "17DpZ8DgRcgfTcJVtRAZAm8QCBiq8A8xKL": [],
        "17Fn6nxiv54T5AWWACGydLhuqAVHjRrW9g": [],
        "17UtmaqECiCwrJHJYkrPe3WSFwvXeQ1zfy": [],
        "198XchtubpJqPZ457Hgp8pBfgrdczb3rTX": [],
        "19RMnms2LFjn7qWC6Dohi3C1kkzF3LXkUn": [],
        "19jcnEdG7xqchBc8SDrcrgHqxhDy2vA1H2": [],
        "1BunVZpf9xSVnfgHMh6mHkymQjxjcQAsMA": [],
        "1CxQwhhsMfFQ3jJWwkGTtc48JcvVq77CRc": [],
        "1EDfmVoYKQXLNuJZuqLC7r2wazQ4zRfiVd": [],
        "1F8LRSHGX5Q4CXY86zWACN28TBUMcjnsat": [],
        "1FTggfZ9q8Pf4eGUaPYoJzbXaTFxpJFEHC": [],
        "1G3sMKRZKnNPXL5fKjBZS5sgLms5o4xyj3": [],
        "1GA3YzvM6AecU6M7kciUt54C5jR41AKmT3": [],
        "1K2n6k37TGYGf11FyTkXwJxTEyybmxkU3b": [],
        "1KBpChJikFnGRyyZDuHDVffqxEXJiMcTPi": [],
        "1KD8SrNpojihA3xjxRKwkmQmR5rGK4sdbM": [],
        "1KvTCcPDcJpLNWifuYUQKo4gjs8zai1PDf": [],
        "1L3EzfsUrywEVytKTuAG54JpwmSnULxtUw": [],
        "1LqSxAy8pGAxf2WDtVyGnwFFZNgxxsacG": [],
        "1LqdzTcdKFJj35Dvv9y6QaSTqz8J9MbYjY": [],
        "1NCbaYmvUdMBbBCHfQ35Fsq8NKJFnKdmaN": [],
        "1PQNufoyveYqswCbjt14EAUVSmHGjTSZVW": [],
        "1PZ7yyno25NFihMZ5K1NrFDkcmgy7VZV4X": []
    },
    "addresses": {
        "change": [
            "14gsiWeJJzG1vppTuUTco3dZjepuPNWakE",
            "1L3EzfsUrywEVytKTuAG54JpwmSnULxtUw",
            "1KvTCcPDcJpLNWifuYUQKo4gjs8zai1PDf",
            "17Fn6nxiv54T5AWWACGydLhuqAVHjRrW9g",
            "1CxQwhhsMfFQ3jJWwkGTtc48JcvVq77CRc",
            "1FTggfZ9q8Pf4eGUaPYoJzbXaTFxpJFEHC",
            "1BunVZpf9xSVnfgHMh6mHkymQjxjcQAsMA",
            "1PZ7yyno25NFihMZ5K1NrFDkcmgy7VZV4X",
            "1LqdzTcdKFJj35Dvv9y6QaSTqz8J9MbYjY",
            "12eGrU2qtCqBb6xNKYfyhkjLGTyjSpC4Nu"
        ],
        "receiving": [
            "1KD8SrNpojihA3xjxRKwkmQmR5rGK4sdbM",
            "1LqSxAy8pGAxf2WDtVyGnwFFZNgxxsacG",
            "14CtjW3MeHVxcmNCHNBm9VKBYKVhaykdZi",
            "1F8LRSHGX5Q4CXY86zWACN28TBUMcjnsat",
            "19RMnms2LFjn7qWC6Dohi3C1kkzF3LXkUn",
            "1NCbaYmvUdMBbBCHfQ35Fsq8NKJFnKdmaN",
            "198XchtubpJqPZ457Hgp8pBfgrdczb3rTX",
            "1GA3YzvM6AecU6M7kciUt54C5jR41AKmT3",
            "15EwShtj6uPfL7doaYwCp72WMcnhKo3Zjj",
            "141uu6kv5GJyHwCUmQ9tvX9KjR1jjifXUY",
            "17DpZ8DgRcgfTcJVtRAZAm8QCBiq8A8xKL",
            "124YMQvtWfKiV5HFWVcLqQTXnAScfL8LEX",
            "1775fmDxkfFwVtcoXZMBqF5p9RrKxg7nqN",
            "1PQNufoyveYqswCbjt14EAUVSmHGjTSZVW",
            "1EDfmVoYKQXLNuJZuqLC7r2wazQ4zRfiVd",
            "19jcnEdG7xqchBc8SDrcrgHqxhDy2vA1H2",
            "1G3sMKRZKnNPXL5fKjBZS5sgLms5o4xyj3",
            "17UtmaqECiCwrJHJYkrPe3WSFwvXeQ1zfy",
            "1K2n6k37TGYGf11FyTkXwJxTEyybmxkU3b",
            "1KBpChJikFnGRyyZDuHDVffqxEXJiMcTPi"
        ]
    },
    "fiat_value": {},
    "frozen_coins": {},
    "invoices": {},
    "keystore": {
        "derivation": "m",
        "pw_hash_version": 1,
        "root_fingerprint": "e01b6898",
        "seed": "minor zone pool balcony remain combine decrease claw medal settle grace capable",
        "seed_type": "standard",
        "type": "bip32",
        "xprv": "xprv9s21ZrQH143K2jW2SomWo8TjHnLpcSKVoaAtynDHNKnLnynEmHxUshcd8cvksSnQuBiVRrSr7ehjhZBn5iWzMLm9mGvhsmSkJDaNb4xk4nK",
        "xpub": "xpub661MyMwAqRbcFDaVYqJXAGQTqpBK1u3MAo6VnActvfKKfn7PJqGjRVw6ysqA5HQhqPLFFqvLTVMGCTYLNag6g9q72yXkpfhBQNuEYK61dQT"
    },
    "labels": {},
    "payment_requests": {},
    "prevouts_by_scripthash": {},
    "seed_version": 50,
    "spent_outpoints": {},
    "transactions": {},
    "tx_fees": {},
    "txi": {},
    "txo": {},
    "use_encryption": false,
    "verified_tx3": {},
    "wallet_type": "standard"
}