{
    "addr_history": {
        "12QC29cAe4W653CEUxcC48YSLfqLFyxjYr": [],
        "13v3FZWwGSMy5dCiubA6vbiaL718vXiAE9": [],
        "15MD5PnpY22R6JjpAtRseEdc4AndorAgHr": [],
        "17RLxEsMGiJzCF681dkSXLXPUNtFmw8qpM": [],
        "18G43sK6cMo6WW7VfPttzYvN5usPfcnUG3": [],
        "18TMNQYXFb6BYdZ9CFzJsYMhXcFdA1MdgL": [],
        "18Vo81JeYJpTvGsNFm57rpo7hPmwJKvaEE": [],
        "19bk7DGPZFpSkBBdqWK8JSwhsE4m1XEmqK": [],
        "1A3p1zqiuAxwxTGswFn88xZDcsfDczzunr": [],
        "1ACvvJP3Tsc9pqZmZ4ySyJXhFpLfwmaur2": [],
        "1Ao1VjkS9h7rsUXNmPLsQJvWAng2hFXgXe": [],
        "1AyQ1owDczqPNEAxw2fNh66PwkvbnB2Ynq": [],
        "1CJmThMpzsPk5UaQ48Tr2xQCKF2SpaJTeM": [],
        "1CkpaXAz9R9wXJcADP8Lc7JGXiuFDsbpXa": [],
        "1EAmShsg1UPGBZYAMQe89vrArHBArTovQv": [],
        "1EU1cTHGHSzR2jbRRAF9s4rWuvaDMWjJEC": [],
        "1EoYr4nMee1bwgLLt69w7dHg8THwSYd3WT": [],
        "1FBnnhksWUCSpN5RDb3N819AQtRbNr6biK": [],
        "1FCG4d5hDJuAAij7SC9DYwp7AhtftyvKrw": [],
        "1FpuhxZEQPP8hcsPw8AYnrHf4ndJshYkhL": [],
        "1KC3JSN2xvcxAhz9xzv5Ngm4tUyz3PaiR4": [],
        "1KfMqgM3AjEY3YmzUnmTPJ2FQJXtJd9hwh": [],
        "1L2owokrnn5NfcFYVp8Nf5Vf8vqgNNdZPo": [],
        "1L3U6t15G6zzs3cMcRiN2gGiQoWgXZq3Dv": [],
        "1LB5QomEwLoZT4Scg6gYzNLRUqUcTFNCiq": [],
        "1MmwVpXiiyynt9L7pn7FRSqHyvDi65NtHE": [],
        "1P1pcUQPQUHqHHESdhsNsstciUPsQ7dkNT": [],
        "1SXszhAgHwpqArKacheZ8fnp2MpXXheVn": [],
        "1a2SjmnRgGUsMX1xmr3mMMF6VAu9tGkZR": [],
        "1txiNuMK6PdSCMvLMnsCPm7Hnkqcv5fAQ": []
    },
    "addresses": {
        "change": [
            "18Vo81JeYJpTvGsNFm57rpo7hPmwJKvaEE",
            "1A3p1zqiuAxwxTGswFn88xZDcsfDczzunr",
            "1FCG4d5hDJuAAij7SC9DYwp7AhtftyvKrw",
            "1FpuhxZEQPP8hcsPw8AYnrHf4ndJshYkhL",
            "18TMNQYXFb6BYdZ9CFzJsYMhXcFdA1MdgL",
            "13v3FZWwGSMy5dCiubA6vbiaL718vXiAE9",
            "1AyQ1owDczqPNEAxw2fNh66PwkvbnB2Ynq",
            "12QC29cAe4W653CEUxcC48YSLfqLFyxjYr",
            "1L2owokrnn5NfcFYVp8Nf5Vf8vqgNNdZPo",
            "1LB5QomEwLoZT4Scg6gYzNLRUqUcTFNCiq"
        ],
        "receiving": [
            "18G43sK6cMo6WW7VfPttzYvN5usPfcnUG3",
            "1FBnnhksWUCSpN5RDb3N819AQtRbNr6biK",
            "1Ao1VjkS9h7rsUXNmPLsQJvWAng2hFXgXe",
            "1EoYr4nMee1bwgLLt69w7dHg8THwSYd3WT",
            "1EU1cTHGHSzR2jbRRAF9s4rWuvaDMWjJEC",
            "17RLxEsMGiJzCF681dkSXLXPUNtFmw8qpM",
            "1P1pcUQPQUHqHHESdhsNsstciUPsQ7dkNT",
            "1KfMqgM3AjEY3YmzUnmTPJ2FQJXtJd9hwh",
            "1ACvvJP3Tsc9pqZmZ4ySyJXhFpLfwmaur2",
            "1SXszhAgHwpqArKacheZ8fnp2MpXXheVn",
            "1KC3JSN2xvcxAhz9xzv5Ngm4tUyz3PaiR4",
            "1a2SjmnRgGUsMX1xmr3mMMF6VAu9tGkZR",
            "1CJmThMpzsPk5UaQ48Tr2xQCKF2SpaJTeM",
            "1L3U6t15G6zzs3cMcRiN2gGiQoWgXZq3Dv",
            "19bk7DGPZFpSkBBdqWK8JSwhsE4m1XEmqK",
            "15MD5PnpY22R6JjpAtRseEdc4AndorAgHr",
            "1EAmShsg1UPGBZYAMQe89vrArHBArTovQv",
            "1CkpaXAz9R9wXJcADP8Lc7JGXiuFDsbpXa",
            "1txiNuMK6PdSCMvLMnsCPm7Hnkqcv5fAQ",
            "1MmwVpXiiyynt9L7pn7FRSqHyvDi65NtHE"
        ]
    },
    "fiat_value": {},
    "frozen_coins": {},
    "invoices": {},
    "keystore": {
        "derivation": "m",
        "pw_hash_version": 1,
        "root_fingerprint": "6905c216",
        "seed": "minor zone pool ask remain combine meadow claw medal settle grace capable",
        "seed_type": "standard",
        "type": "bip32",
        "xprv": "xprv9s21ZrQH143K2F4W1PaiqBikFH6gx4V6hgEWR1D81ysFnN3zx17ZSRtGTyMsiZnd4fwqzTUZjgqoEADSH8UoK9nVfRP9C9xq1qqjF7fQNpp",
        "xpub": "xpub661MyMwAqRbcEj8y7R7jCKfUoJwBMXCx4uA7DPcjaKQEfAP9VYRozECkKFoN6sHL8AMH2Q2M5yxE1kYMnbsrZedWmkXr3vwvPWY1NgCqjxi"
    },
    "labels": {},
    "payment_requests": {},
    "prevouts_by_scripthash": {},
    "seed_version": 50,
    "spent_outpoints": {},
    "transactions": {},
    "tx_fees": {},
    "txi": {},
    "txo": {},
    "use_encryption": false,
    "verified_tx3": {},
    "wallet_type": "standard"
}