{
    "addr_history": {
        "1361yRwrHf1g2NrBXKXQf3X4mVJTY44RCD": [],
        "13xp1TDEFeY7JavgZs6PrWhqXNNyHAtxC8": [],
        "14a8D5xJQZUN5VWPMtxeaGZjeW6CfkcKy8": [],
        "14ybAy8krtR7me8fKf16yu3o1943Csw2B4": [],
        "15FK3qvKueWGfYowRLee7LoBCuQawkDr2z": [],
        "15QDeXzR2XPHhrNcHNrhMcsE2YaS9d4Q5c": [],
        "15podmPWctYbP1JiHYVPPogZ5V12Rtm8LM": [],
        "17fg6NDXG7oM8KW7BGZmKojg7j9pmzk7gn": [],
        "17rEBUjCjApESJAUzS92KDQQmCSa1Mqkai": [],
        "18oBZq6CRZQDttYHeJgwSSHRDox57d8HmB": [],
        "1AMxHZFvT3XjPVkeXd9b4NEXAYcHVeXSyB": [],
        "1B55aw3yEbvPFgDZk9ypp1LuAQy3pMVWYa": [],
        "1BZ8n8n5anL6h1AFrPihTc57TFHfMW19L6": [],
        "1CPTvKLL23SsTDzL2LvZhZsQBALCB8QQz1": [],
        "1DE2iYTVeWz4tm3NUNFiLHzPfi3H2TcfTK": [],
        "1DdKwirjm2xEuNdB6dyJ5oqUbhSFRSpoZC": [],
        "1EimzzJjxVdaW3gnMzysgovSWXGPtgMfS7": [],
        "1EkAXs6Rg6r7F4zotyvvys5AcwRhxjjGks": [],
        "1FBMDVqZJEQDwATaEb5nqvyKLRrVBUDLA3": [],
        "1FXtmoaTjVYEzmgUFRjxreQxm7HR1Aj5gw": [],
        "1K9m6ikuZhoEgWv9KjKAsmeQJGhBENRHAS": [],
        "1KLQPb825bAwjBvhf8jR9sgn5ginrjmBVZ": [],
        "1Kig9bdAZpfEekLJnfVb14BvbcZYnztyq": [],
        "1L1L8usb2V1PmLc7db3pheC3SokaW7De54": [],
        "1LvynFoPehesKJsdQbJ25df6niE2EzRMGz": [],
        "1M94LQnBctLAtWxHc5TTkxBZEgLgyoDTsT": [],
        "1NJmMBXDQNxV1itXKhxBw9vAi7JhLHLaGR": [],
        "1P3TpMdJzBJzAstZvCSXnAYN6RWVfwuLKr": [],
        "1PRipQRRS6yESYJFqjmzhtoeUisEkkSSVj": [],
        "1xA7qMuLhPwXCgbvrcYn2VH2dcKdFriGw": []
    },
    "addresses": {
        "change": [
            "1BZ8n8n5anL6h1AFrPihTc57TFHfMW19L6",
            "1EkAXs6Rg6r7F4zotyvvys5AcwRhxjjGks",
            "17rEBUjCjApESJAUzS92KDQQmCSa1Mqkai",
            "1B55aw3yEbvPFgDZk9ypp1LuAQy3pMVWYa",
            "1M94LQnBctLAtWxHc5TTkxBZEgLgyoDTsT",
            "17fg6NDXG7oM8KW7BGZmKojg7j9pmzk7gn",
            "14a8D5xJQZUN5VWPMtxeaGZjeW6CfkcKy8",
            "18oBZq6CRZQDttYHeJgwSSHRDox57d8HmB",
            "1DE2iYTVeWz4tm3NUNFiLHzPfi3H2TcfTK",
            "1xA7qMuLhPwXCgbvrcYn2VH2dcKdFriGw"
        ],
        "receiving": [
            "1DdKwirjm2xEuNdB6dyJ5oqUbhSFRSpoZC",
            "1KLQPb825bAwjBvhf8jR9sgn5ginrjmBVZ",
            "1PRipQRRS6yESYJFqjmzhtoeUisEkkSSVj",
            "1CPTvKLL23SsTDzL2LvZhZsQBALCB8QQz1",
            "15FK3qvKueWGfYowRLee7LoBCuQawkDr2z",
            "15podmPWctYbP1JiHYVPPogZ5V12Rtm8LM",
            "13xp1TDEFeY7JavgZs6PrWhqXNNyHAtxC8",
            "1P3TpMdJzBJzAstZvCSXnAYN6RWVfwuLKr",
            "1L1L8usb2V1PmLc7db3pheC3SokaW7De54",
            "1K9m6ikuZhoEgWv9KjKAsmeQJGhBENRHAS",
            "1LvynFoPehesKJsdQbJ25df6niE2EzRMGz",
            "14ybAy8krtR7me8fKf16yu3o1943Csw2B4",
            "1AMxHZFvT3XjPVkeXd9b4NEXAYcHVeXSyB",
            "15QDeXzR2XPHhrNcHNrhMcsE2YaS9d4Q5c",
            "1FXtmoaTjVYEzmgUFRjxreQxm7HR1Aj5gw",
            "1NJmMBXDQNxV1itXKhxBw9vAi7JhLHLaGR",
            "1361yRwrHf1g2NrBXKXQf3X4mVJTY44RCD",
            "1EimzzJjxVdaW3gnMzysgovSWXGPtgMfS7",
            "1Kig9bdAZpfEekLJnfVb14BvbcZYnztyq",
            "1FBMDVqZJEQDwATaEb5nqvyKLRrVBUDLA3"
        ]
    },
    "fiat_value": {},
    "frozen_coins": {},
    "invoices": {},
    "keystore": {
        "derivation": "m",
        "pw_hash_version": 1,
        "root_fingerprint": "1bd1e276",
        "seed": "minor zone pool aunt remain combine vintage claw medal settle grace capable",
        "seed_type": "standard",
        "type": "bip32",
        "xprv": "xprv9s21ZrQH143K2LqKRUtmH8rVgPTDHsyMHFHaJkSB2sYgCEVF4RiaMze4V9Gs26FUmTMmvzPKah4TUxbJUG6jZVJmgLLmHNEUNfTahBBa6DA",
        "xpub": "xpub661MyMwAqRbcEpunXWRmeGoEERHhhLhCeUDB78qnbD5f52pPby2punxYLSuxH3srTjigterbr3JVm8BHLWsANpk7KsDSbbmUSxJYensc5U2"
    },
    "labels": {},
    "payment_requests": {},
    "prevouts_by_scripthash": {},
    "seed_version": 50,
    "spent_outpoints": {},
    "transactions": {},
    "tx_fees": {},
    "txi": {},
    "txo": {},
    "use_encryption": false,
    "verified_tx3": {},
    "wallet_type": "standard"
}