{
    "addr_history": {
        "12F6tWGXvd8hurJUEQ769GCoryEqyMiqcy": [],
        "12aZp3je38wMFfWqXCLEMLYGvJYfjWnaN6": [],
        "142CJTv2AEGKD1yKhpqPnwNz6s4iWpQRxe": [],
        "14AM4uE4HhypaHT4otpq2hG7znkN2AiDjB": [],
        "14xrgtDgDYmS1F1u6K9M65Jm2SpsnQyErR": [],
        "151MXEBzGXmqi6EKRtkvf9VX44VhuA93kG": [],
        "15jXxosjvfa5JyQCkA9Q7PiqXSayuezXJj": [],
        "16xWsVSUjRDwZyyJdUP7n2U8rsJHTFWMyW": [],
        "16xZMBBAcusMefuSkRWESgfTcPMPq9SWRc": [],
        "18WyXj5jga1cLq8pSyiUwTjv83cRGMRrYJ": [],
        "19m899C6Z25Gfi1Bkqx9SypGrWZUVkyANm": [],
        "1AAXZpdPN8xVH1qWhn7miPoMvwqLBSBeUJ": [],
        "1AiUPqWGaJMYtrXiYJqjz5StJ2JjqKjp7L": [],
        "1ArJLsLsiqKRfWeUKTFfzCncu1e5NLEiRc": [],
        "1C4mhuPhowdJtwBtgEmqxBjR1X1zXGfpQm": [],
        "1CLsiExib74JYF6zpoYMUKwNRmuS5vaFnB": [],
        "1DicracfqVLfMFq5LYYyg6wKdQmEKGNPF8": [],
        "1FkAzuaEo4kopbvGEr6GrJDzZ7SGTkFHzz": [],
        "1GxxMT8DV5HTAu9VuxtkyrxNr552eBof77": [],
        "1J4VrTRMwCqXdbRUewhLQnyZCLk61HX9ce": [],
        "1Jv7r3opLucKYC5KnYDXFiQ45BzzzeA1YA": [],
        "1KEk88GNR6c4gF1VxFRKWksCa1vRzFgYV7": [],
        "1L53otfGXqEtHmsfNp8KcXqP6M8BumjBJU": [],
        "1MvosCwrao8G9CPnYasvbUrW7kWDChZf1t": [],
        "1MwfAgRQ4ebhTJpvpvvBtDfkgbKgi7fByh": [],
        "1NyVARGnzMrV5HmEAUwJg8AGxxNCCKfYjt": [],
        "1PC33XgrNvAY6uFks88f6jkKJhSRP2AozD": [],
        "1PhVYcdeZM2dTFLkjoky2ioAKJ1MwLh8Yr": [],
        "1Pp6tXca7y4cMxLmsXNAbM4CCWJSSVNywG": [],
        "1h5Q8wXkuqhyZJABUfq4hib3NX4TwMVb7": []
    },
    "addresses": {
        "change": [
            "1GxxMT8DV5HTAu9VuxtkyrxNr552eBof77",
            "142CJTv2AEGKD1yKhpqPnwNz6s4iWpQRxe",
            "1Jv7r3opLucKYC5KnYDXFiQ45BzzzeA1YA",
            "1PhVYcdeZM2dTFLkjoky2ioAKJ1MwLh8Yr",
            "16xZMBBAcusMefuSkRWESgfTcPMPq9SWRc",
            "1DicracfqVLfMFq5LYYyg6wKdQmEKGNPF8",
            "1KEk88GNR6c4gF1VxFRKWksCa1vRzFgYV7",
            "12aZp3je38wMFfWqXCLEMLYGvJYfjWnaN6",
            "14xrgtDgDYmS1F1u6K9M65Jm2SpsnQyErR",
            "1ArJLsLsiqKRfWeUKTFfzCncu1e5NLEiRc"
        ],
        "receiving": [
            "151MXEBzGXmqi6EKRtkvf9VX44VhuA93kG",
            "1J4VrTRMwCqXdbRUewhLQnyZCLk61HX9ce",
            "1AAXZpdPN8xVH1qWhn7miPoMvwqLBSBeUJ",
            "1FkAzuaEo4kopbvGEr6GrJDzZ7SGTkFHzz",
            "1L53otfGXqEtHmsfNp8KcXqP6M8BumjBJU",
            "1NyVARGnzMrV5HmEAUwJg8AGxxNCCKfYjt",
            "18WyXj5jga1cLq8pSyiUwTjv83cRGMRrYJ",
            "14AM4uE4HhypaHT4otpq2hG7znkN2AiDjB",
            "1h5Q8wXkuqhyZJABUfq4hib3NX4TwMVb7",
            "1CLsiExib74JYF6zpoYMUKwNRmuS5vaFnB",
            "16xWsVSUjRDwZyyJdUP7n2U8rsJHTFWMyW",
            "1PC33XgrNvAY6uFks88f6jkKJhSRP2AozD",
            "1Pp6tXca7y4cMxLmsXNAbM4CCWJSSVNywG",
            "1C4mhuPhowdJtwBtgEmqxBjR1X1zXGfpQm",
            "15jXxosjvfa5JyQCkA9Q7PiqXSayuezXJj",
            "1MvosCwrao8G9CPnYasvbUrW7kWDChZf1t",
            "12F6tWGXvd8hurJUEQ769GCoryEqyMiqcy",
            "1AiUPqWGaJMYtrXiYJqjz5StJ2JjqKjp7L",
            "19m899C6Z25Gfi1Bkqx9SypGrWZUVkyANm",
            "1MwfAgRQ4ebhTJpvpvvBtDfkgbKgi7fByh"
        ]
    },
    "fiat_value": {},
    "frozen_coins": {},
    "invoices": {},
    "keystore": {
        "derivation": "m",
        "pw_hash_version": 1,
        "root_fingerprint": "755d1c44",
        "seed": "minor zone pool amount remain combine connect claw medal settle grace capable",
        "seed_type": "standard",
        "type": "bip32",
        "xprv": "xprv9s21ZrQH143K37ziMBLBu3jX5ShAzDLrnAMfGG8UaNJQqrfHTHKvZpAPkacHTRBnR3NAASuZPVysnW3AWoZgq932HfaZ9H3Ywh2G4aTWi93",
        "xpub": "xpub661MyMwAqRbcFc5BTCsCGBgFdUXfPg4i9PHG4eY68hqPiezRzpeB7cUsbsUzZP9qh3KHEZkw9Z7zcRzPGbzXxEBM7Mi2YuZ6UysTcMaZ94G"
    },
    "labels": {},
    "payment_requests": {},
    "prevouts_by_scripthash": {},
    "seed_version": 50,
    "spent_outpoints": {},
    "transactions": {},
    "tx_fees": {},
    "txi": {},
    "txo": {},
    "use_encryption": false,
    "verified_tx3": {},
    "wallet_type": "standard"
}