{
    "addr_history": {
        "12ZFQmP91e33xg1fUh1PrRthtH8r18pzsP": [],
        "12nUhpwZLCtZZvGYHtLfFxFGpgeR5QgaYw": [],
        "12o9wwAgMmsFpfYm4so8r4KnaiBM1K1hVP": [],
        "12pCRLg3d4uLRhHoCEq6ToSXmavTov99kU": [],
        "12uEVmNBmB5VEzKDMLUdxNoHBbo9Hk2P2J": [],
        "13HWJbMz44WUdxMphFrMn7NsDJx2NT2nas": [],
        "13soj46LhPSbtHSRYwt4VTjF4Nyyw1evfi": [],
        "14MiGig8FN7hDKXUsi4hyawrYUicTxbxAY": [],
        "14pgypo62seouu53wdNHN1mMuyWoH4hQGL": [],
        "15CUNJa25kN7f4WAsBikAZyAsga13BUN2T": [],
        "16EiuhTyY4bYschcn7VRPvibXziVvFmwrH": [],
        "177fNrjy6t64AvEEf9tWwcjzwt7V2Gx3Db": [],
        "17ReA2PkV5hqSEQLRGSkCx8rfmGtwtkrc4": [],
        "17ozBDUy5rfkuUvRfET9MiG1N8mX1RGsUD": [],
        "19Ecun9nAs1qH37Vcu6RxRPL2TYXHcznz3": [],
        "1A4dFTfmBUfgCbFm9JDeD5Krtd4zFZWmzp": [],
        "1B1wkwj9pBHRhk6FF4RkgVc56pAARdg1v5": [],
        "1C8fdJyogoRRqHgrLuuWDrFre4VcJSPLxv": [],
        "1CDv86jcwn45k8xttcc3wSQqmd5dvYxg4y": [],
        "1DPSkmgHk9JZh2eZ6QQuoZoPoKoTejUyXX": [],
        "1E4bu6cdLGd9B3gTMJh1zuV9iH97k37dFE": [],
        "1EFAEBxtmDVkX6Y6vbAwZqNUGR3QfYoda8": [],
        "1EzYKEJCwMC1uZPUghpwYC8jU8UqKR7zug": [],
        "1GZxULXEtespLwACEu1pkRqSYsULYPaV29": [],
        "1Gbf39QkZQtaGahC2wbnX6eDvThVJvPrN6": [],
        "1Jz2k2Venmh142FRJkERNA2qdthMUYNw9q": [],
        "1LpYB9p1mdBzyBBdnWLw1ATM3RyJn3iGcj": [],
        "1Mqi4mEbXqVrVEPbaT9ZuLSPtsE2mrQ2Mt": [],
        "1MzJUPhneHTGKmGZefAPUVBrC65k73Zm7A": [],
        "1ahp1DwiGdmhoo3pN9oMPLj1yWzvBVmhC": []
    },
    "addresses": {
        "change": [
            "14pgypo62seouu53wdNHN1mMuyWoH4hQGL",
            "1EzYKEJCwMC1uZPUghpwYC8jU8UqKR7zug",
            "19Ecun9nAs1qH37Vcu6RxRPL2TYXHcznz3",
            "1Jz2k2Venmh142FRJkERNA2qdthMUYNw9q",
            "1A4dFTfmBUfgCbFm9JDeD5Krtd4zFZWmzp",
            "177fNrjy6t64AvEEf9tWwcjzwt7V2Gx3Db",
            "1MzJUPhneHTGKmGZefAPUVBrC65k73Zm7A",
            "13HWJbMz44WUdxMphFrMn7NsDJx2NT2nas",
            "17ozBDUy5rfkuUvRfET9MiG1N8mX1RGsUD",
            "1Mqi4mEbXqVrVEPbaT9ZuLSPtsE2mrQ2Mt"
        ],
        "receiving": [
            "12pCRLg3d4uLRhHoCEq6ToSXmavTov99kU",
            "1DPSkmgHk9JZh2eZ6QQuoZoPoKoTejUyXX",
            "16EiuhTyY4bYschcn7VRPvibXziVvFmwrH",
            "1GZxULXEtespLwACEu1pkRqSYsULYPaV29",
            "1B1wkwj9pBHRhk6FF4RkgVc56pAARdg1v5",
            "1LpYB9p1mdBzyBBdnWLw1ATM3RyJn3iGcj",
            "13soj46LhPSbtHSRYwt4VTjF4Nyyw1evfi",
            "1EFAEBxtmDVkX6Y6vbAwZqNUGR3QfYoda8",
            "1C8fdJyogoRRqHgrLuuWDrFre4VcJSPLxv",
            "1E4bu6cdLGd9B3gTMJh1zuV9iH97k37dFE",
            "14MiGig8FN7hDKXUsi4hyawrYUicTxbxAY",
            "15CUNJa25kN7f4WAsBikAZyAsga13BUN2T",
            "1CDv86jcwn45k8xttcc3wSQqmd5dvYxg4y",
            "17ReA2PkV5hqSEQLRGSkCx8rfmGtwtkrc4",
            "12o9wwAgMmsFpfYm4so8r4KnaiBM1K1hVP",
            "12nUhpwZLCtZZvGYHtLfFxFGpgeR5QgaYw",
            "12uEVmNBmB5VEzKDMLUdxNoHBbo9Hk2P2J",
            "1Gbf39QkZQtaGahC2wbnX6eDvThVJvPrN6",
            "1ahp1DwiGdmhoo3pN9oMPLj1yWzvBVmhC",
            "12ZFQmP91e33xg1fUh1PrRthtH8r18pzsP"
        ]
    },
    "fiat_value": {},
    "frozen_coins": {},
    "invoices": {},
    "keystore": {
        "derivation": "m",
        "pw_hash_version": 1,
        "root_fingerprint": "94a8487f",
        "seed": "minor zone pool artwork remain combine exhibit claw medal settle grace capable",
        "seed_type": "standard",
        "type": "bip32",
        "xprv": "xprv9s21ZrQH143K2dmnk946binMH6BRf5LgUgBcXqw1dWVkwf46r2CkZyJVbYp9UTQsd9P6VkFTqSC8ZBufDjmQPMyTQfPQUov9nDdExkHSfMe",
        "xpub": "xpub661MyMwAqRbcF7rFrAb6xrj5q81v4Y4Xqu7DLELdBr2jpTPFPZX17mcySqddpTBaJm7zoJKRLtxGSkqPYHQwTBtUpvzRRXzUWsty6DUJ4Z8"
    },
    "labels": {},
    "payment_requests": {},
    "prevouts_by_scripthash": {},
    "seed_version": 50,
    "spent_outpoints": {},
    "transactions": {},
    "tx_fees": {},
    "txi": {},
    "txo": {},
    "use_encryption": false,
    "verified_tx3": {},
    "wallet_type": "standard"
}