{
    "addr_history": {
        "12LCCedsFyMkRjAqBtJX3KSGPwceje9Z7M": [],
        "12dQFiCdFuXgEUFprZaSdJX2FA3mtwZAkN": [],
        "13EuFyHQ3bDmua6itcGo9nGQJGAKt2f7rz": [],
        "14ftUagxLoX2VMrujWiXnQx9yY22PQiUFs": [],
        "154eWJSUWQhFbYQwzubKAQMyMZxSsYehbq": [],
        "16hTe3hVnTLVNZyeAmqnwdUziLci1gXpJb": [],
        "174DYZo8HCt12gZaiWoHxd7yh39Xbo4bhS": [],
        "17AQiQwgciW5UXceFp1JQEHhuZLKbgxhqY": [],
        "17WyZsaDHyQuFsqz1vjzhfeJZNb8y93rPB": [],
        "183ywAGvR6zGmc7QNzG3wckh4NHip5fD9S": [],
        "19JxGxHcMxtd4TZ4UWZDdaR9vWAHgwbMQS": [],
        "19o65PvXuQZpKwteg1Vx518gAa6QueJZjZ": [],
        "1Be4gfTdrWW81ANvbaHKkvTFzEjRMac6xg": [],
        "1EDrdCdo1vDPYcZQ8U3xiy57znAsTeXjg2": [],
        "1EabpEd53Xco5eCt62MAmtia2GfH96tyxK": [],
        "1EbQ8gPvufsD633Xd3hNU63h2eG5Aa1QHL": [],
        "1Es2cJLyA65SCAYc8vgvoxXAjCRgKMxLpR": [],
        "1EuYfBktqUxxZ1TksZ2LE2ZmXJqP37VUEG": [],
        "1FhBVGuzADzgFfajt9ucP9yivwm6ErALHM": [],
        "1Fm1bQf9UPvHYhAruvT4RPh2pgBNdjJKpp": [],
        "1GegJ9JyDCEHKmvYWMtiWprHjy8b4ox5FY": [],
        "1H1wFTsAvoWxLCFx6ALtVShMfs83WYg2Wb": [],
        "1HmMxevh9hGRj4p27ipPXCg4gR62RrKRkY": [],
        "1JKoWpYGCNgZnPyqPXNK7YToPnB78vvrAF": [],
        "1JM7SAxvNx2eguworKUfPmxT2T1XxBoGkJ": [],
        "1K18NJu5RY2KPHzeh4pGXLypgUCM4P9Swr": [],
        "1NWAkHTHtzCDVyY9YTCmzXBSXuoPZyKj4g": [],
        "1PcWAknfSCXAE4snMU72Q4v6iwdCR36p91": [],
        "1Phz9xDT1bnBgGErK7oKu8HJXkuQnhdiWo": [],
        "1QJod3mYLWfPy6NBGGgM89Kw7hT1wFBYzp": []
    },
    "addresses": {
        "change": [
            "1Fm1bQf9UPvHYhAruvT4RPh2pgBNdjJKpp",
            "1Phz9xDT1bnBgGErK7oKu8HJXkuQnhdiWo",
            "1EuYfBktqUxxZ1TksZ2LE2ZmXJqP37VUEG",
            "1EabpEd53Xco5eCt62MAmtia2GfH96tyxK",
            "12LCCedsFyMkRjAqBtJX3KSGPwceje9Z7M",
            "1EDrdCdo1vDPYcZQ8U3xiy57znAsTeXjg2",
            "1Be4gfTdrWW81ANvbaHKkvTFzEjRMac6xg",
            "154eWJSUWQhFbYQwzubKAQMyMZxSsYehbq",
            "1EbQ8gPvufsD633Xd3hNU63h2eG5Aa1QHL",
            "174DYZo8HCt12gZaiWoHxd7yh39Xbo4bhS"
        ],
        "receiving": [
            "1GegJ9JyDCEHKmvYWMtiWprHjy8b4ox5FY",
            "16hTe3hVnTLVNZyeAmqnwdUziLci1gXpJb",
            "19o65PvXuQZpKwteg1Vx518gAa6QueJZjZ",
            "1H1wFTsAvoWxLCFx6ALtVShMfs83WYg2Wb",
            "19JxGxHcMxtd4TZ4UWZDdaR9vWAHgwbMQS",
            "13EuFyHQ3bDmua6itcGo9nGQJGAKt2f7rz",
            "1NWAkHTHtzCDVyY9YTCmzXBSXuoPZyKj4g",
            "1K18NJu5RY2KPHzeh4pGXLypgUCM4P9Swr",
            "1FhBVGuzADzgFfajt9ucP9yivwm6ErALHM",
            "1PcWAknfSCXAE4snMU72Q4v6iwdCR36p91",
            "1JKoWpYGCNgZnPyqPXNK7YToPnB78vvrAF",
            "14ftUagxLoX2VMrujWiXnQx9yY22PQiUFs",
            "17AQiQwgciW5UXceFp1JQEHhuZLKbgxhqY",
            "1Es2cJLyA65SCAYc8vgvoxXAjCRgKMxLpR",
            "1HmMxevh9hGRj4p27ipPXCg4gR62RrKRkY",
            "17WyZsaDHyQuFsqz1vjzhfeJZNb8y93rPB",
            "12dQFiCdFuXgEUFprZaSdJX2FA3mtwZAkN",
            "1QJod3mYLWfPy6NBGGgM89Kw7hT1wFBYzp",
            "1JM7SAxvNx2eguworKUfPmxT2T1XxBoGkJ",
            "183ywAGvR6zGmc7QNzG3wckh4NHip5fD9S"
        ]
    },
    "fiat_value": {},
    "frozen_coins": {},
    "invoices": {},
    "keystore": {
        "derivation": "m",
        "pw_hash_version": 1,
        "root_fingerprint": "1d15fdf3",
        "seed": "minor zone pool antenna remain combine lion claw medal settle grace capable",
        "seed_type": "standard",
        "type": "bip32",
        "xprv": "xprv9s21ZrQH143K3FaS3eThrn4HvkbiYKVnEHsmETU969beN3WBTevNtAcsbLH2uu3yBj74bPmuueobz15zGUmjj1m5yFzEHhDBVynPWP2YfrU",
        "xpub": "xpub661MyMwAqRbcFjeu9fziDv12UnSCwnDdbWoN2qskeV8dEqqL1CEdRxwMSdqrFCkfS8XnqZwodUJ5wwzMmXcAgn97GnqW4tphR8hVuJMNC4w"
    },
    "labels": {},
    "payment_requests": {},
    "prevouts_by_scripthash": {},
    "seed_version": 50,
    "spent_outpoints": {},
    "transactions": {},
    "tx_fees": {},
    "txi": {},
    "txo": {},
    "use_encryption": false,
    "verified_tx3": {},
    "wallet_type": "standard"
}