{
    "addr_history": {
        "123L5RNKY5bAkvHT984qdkFfUfdvcR41NQ": [],
        "12Pug9QVKMPBxp5qwhmrpC4xoUfPhiMbch": [],
        "12eZycdSp8PyHFEu8tPNPaXbxneKF6iRkr": [],
        "13vhoYA5JbzhepLsJiTEYdMQL47NbXLdy6": [],
        "1522em6DFbdzHJ1gSgwEsvm7xxxDXRbPwu": [],
        "153oRdtqpqUva8aBJqiPAzrjCqn5tLCEWp": [],
        "15UVumJWwJWH6eNpTcHgYGkPALcRN49CxW": [],
        "16rahR3vk2wJVxKx6NXCJePoQeKyEjcVui": [],
        "179v2ETPxJinnGBJPj2oVprARMgtnBS9Z8": [],
        "17uTn3DSG6K86GL3CvNTwYFcfEdSVvAsy8": [],
        "184aXYDQRSqZnR5Ft8o6WQsuamokvvgVHf": [],
        "18HjEJ6LcrHKZ2iBN8wYpVM91Xo2vXT7LK": [],
        "1AJmC9CpEyetMkfQSazntTuH9WSzmcwy8G": [],
        "1BGjRFCQqvRE5dQF1DGxVQqV2WLx7TTkn7": [],
        "1DgQRLPJYSagxd6mpSFKdE6xFiucJxs1ZA": [],
        "1EwD8azem3WHYLCHCeQwFQ6QoY9gM9mKtr": [],
        "1FB2fR1mRkLENRR5A5JJV1yZ119cF47pXY": [],
        "1FviDhU8RLh5TUDBWqdJvuYhUa3GXnnbDX": [],
        "1GD8iAt8Y5CJxPdfLKLy8mZFbEEETyzu7U": [],
        "1HPBc4fiD12uzRKPjwbGusCXz6upnesEoW": [],
        "1J7Scy7sGrg5P45WtT3drioFEMxj4qZ3C6": [],
        "1JWgZohBDYegdRahktsPCMY21BTf86vhVc": [],
        "1JZH2VFfNMM5RBV4eRoGQ7wNBXMCQ4mcHL": [],
        "1Jg9EBNanh3ezvKXzUZLQCXE19vTpGoWnU": [],
        "1KkiSiZhb5VSruTNwm4j7okL2tccNJGi7q": [],
        "1LRab1844YveqkM7PqEQcC6gb8qx88eMhd": [],
        "1MTdVVFVcpfstce2ob5kDMFkrTwrWxxyRv": [],
        "1N6guxJLR7zHzk1AeweTqxwtPuthD2gcjX": [],
        "1Ncnk8KqhihvUHiBnMwdko7YNbgjMJb8j2": [],
        "1Nxkfur3VWru9ywMsHKSQhjZJrLWivawJN": []
    },
    "addresses": {
        "change": [
            "1Ncnk8KqhihvUHiBnMwdko7YNbgjMJb8j2",
            "1FviDhU8RLh5TUDBWqdJvuYhUa3GXnnbDX",
            "1N6guxJLR7zHzk1AeweTqxwtPuthD2gcjX",
            "1JZH2VFfNMM5RBV4eRoGQ7wNBXMCQ4mcHL",
            "123L5RNKY5bAkvHT984qdkFfUfdvcR41NQ",
            "1JWgZohBDYegdRahktsPCMY21BTf86vhVc",
            "1Nxkfur3VWru9ywMsHKSQhjZJrLWivawJN",
            "1LRab1844YveqkM7PqEQcC6gb8qx88eMhd",
            "179v2ETPxJinnGBJPj2oVprARMgtnBS9Z8",
            "1Jg9EBNanh3ezvKXzUZLQCXE19vTpGoWnU"
        ],
        "receiving": [
            "1J7Scy7sGrg5P45WtT3drioFEMxj4qZ3C6",
            "18HjEJ6LcrHKZ2iBN8wYpVM91Xo2vXT7LK",
            "1DgQRLPJYSagxd6mpSFKdE6xFiucJxs1ZA",
            "1AJmC9CpEyetMkfQSazntTuH9WSzmcwy8G",
            "12eZycdSp8PyHFEu8tPNPaXbxneKF6iRkr",
            "184aXYDQRSqZnR5Ft8o6WQsuamokvvgVHf",
            "153oRdtqpqUva8aBJqiPAzrjCqn5tLCEWp",
            "1MTdVVFVcpfstce2ob5kDMFkrTwrWxxyRv",
            "13vhoYA5JbzhepLsJiTEYdMQL47NbXLdy6",
            "1522em6DFbdzHJ1gSgwEsvm7xxxDXRbPwu",
            "1GD8iAt8Y5CJxPdfLKLy8mZFbEEETyzu7U",
            "1FB2fR1mRkLENRR5A5JJV1yZ119cF47pXY",
            "1BGjRFCQqvRE5dQF1DGxVQqV2WLx7TTkn7",
            "17uTn3DSG6K86GL3CvNTwYFcfEdSVvAsy8",
            "1EwD8azem3WHYLCHCeQwFQ6QoY9gM9mKtr",
            "12Pug9QVKMPBxp5qwhmrpC4xoUfPhiMbch",
            "1HPBc4fiD12uzRKPjwbGusCXz6upnesEoW",
            "15UVumJWwJWH6eNpTcHgYGkPALcRN49CxW",
            "16rahR3vk2wJVxKx6NXCJePoQeKyEjcVui",
            "1KkiSiZhb5VSruTNwm4j7okL2tccNJGi7q"
        ]
    },
    "fiat_value": {},
    "frozen_coins": {},
    "invoices": {},
    "keystore": {
        "derivation": "m",
        "pw_hash_version": 1,
        "root_fingerprint": "e586b84f",
        "seed": "minor zone pool appear remain combine tackle claw medal settle grace capable",
        "seed_type": "standard",
        "type": "bip32",
        "xprv": "xprv9s21ZrQH143K2p9i9QRa6CWK1e5MuodPNowfioGsedJ1Vdx597tCtRSMU427ok68Mm4NJaqW3p4qpXaZMkq7V65HbZDxhoB5mMp8dH9bJBv",
        "xpub": "xpub661MyMwAqRbcFJEBFRxaTLT3ZfurKGMEk2sGXBgVCxpzNSHDgfCTSDkqKLyJ1jpNAoU96bbivLHDzpLBtPCVwrNqWBEjznEtS9s4kaZ5i89"
    },
    "labels": {},
    "payment_requests": {},
    "prevouts_by_scripthash": {},
    "seed_version": 50,
    "spent_outpoints": {},
    "transactions": {},
    "tx_fees": {},
    "txi": {},
    "txo": {},
    "use_encryption": false,
    "verified_tx3": {},
    "wallet_type": "standard"
}