{
    "addr_history": {
        "12JLEhUpLFCUQYWJciDDDo1JdaBWZUpJyC": [],
        "15EFHrUs27A2fCFNeMnamdbFk3Kr2PwxVR": [],
        "15FtULQsVk5FC3y2PDRodiyNtmZd9BgfPu": [],
        "15eQznEyx67xCpzcjrTRd2Tay9zqGHRqLs": [],
        "16eZchDJNaSLWqy3nHnb6VgyCHM1JLemgh": [],
        "16jAkiTcyzjarz64sFFDDrVRsh6SFP4Ny8": [],
        "16zmdLBDXQiM7q5oEW2zkhhFpiDF3jAu1Q": [],
        "172YJTEg1qrxNRqi7aT3GAUBEEjZRQzCoA": [],
        "18u9wy2p7yBnF2ZrnrMXLHoi9jBMU2Zg8p": [],
        "193yzCPg4coMudvGCc5RtEhGKNABq19Met": [],
        "1AKg6FQVBDNKsnd5GLRcnyqTRLPDKkP53M": [],
        "1BVkPoKc2q3KrSQhQgj5EnpworDVEWZY58": [],
        "1C5kVHXcD7NpeSTUJ1SXMzTAbEkkz636oq": [],
        "1C9fNwYV9k9AnbTwtbN6v2yQiv54LvNCzY": [],
        "1CntGbcXUd438ZS3SojWaKrFgojYRWLM8c": [],
        "1DAFhJyNpPwygdSKZ35vsmuUdB8JAFr8qn": [],
        "1DGj9KKQhEUfHwbhQaq5CGEQWqDPX6q95Z": [],
        "1FRRAXN28eoJvFiqfefYooni6rvotu7XmB": [],
        "1GMVp776JSc6pLECwVFjDh1C1b4dw8V9d9": [],
        "1HA9NEnBfFjNToHSvSpG973WXKLe8dmJcQ": [],
        "1Hq5Rz9VTmwqjuxd7Jj7sFYpSdUWnv3bzQ": [],
        "1HyoXFDEfDKm4cRWMR6C1Y3NrboFgLVVzZ": [],
        "1JHQWPh8FCBTqwxduoB379XQ9qjHVufGzW": [],
        "1JZ7rJqjmdPChj8taCQ9x1ucM1DmBQQKBK": [],
        "1KMdhWHy6aBwzE3dEsy2c4zQsVjgi4N8gc": [],
        "1Kj4SuHrTFk8e85RtSYaQkACf27sb3aXSK": [],
        "1LiBqREArGEPTS7ErpWwvFx6QbKUgFgrrU": [],
        "1Lj4WZFpvuekiyeAv8rJMDzBTPTsKSqYCa": [],
        "1NdbG5azEZxd45dwuWNWxDrRq9bmtgwRjp": [],
        "1PCiprpGrPbBcDv2nCKxSkX9eizZyxwsjD": []
    },
    "addresses": {
        "change": [
            "16eZchDJNaSLWqy3nHnb6VgyCHM1JLemgh",
            "1AKg6FQVBDNKsnd5GLRcnyqTRLPDKkP53M",
            "1PCiprpGrPbBcDv2nCKxSkX9eizZyxwsjD",
            "15eQznEyx67xCpzcjrTRd2Tay9zqGHRqLs",
            "1DGj9KKQhEUfHwbhQaq5CGEQWqDPX6q95Z",
            "1NdbG5azEZxd45dwuWNWxDrRq9bmtgwRjp",
            "16zmdLBDXQiM7q5oEW2zkhhFpiDF3jAu1Q",
            "1BVkPoKc2q3KrSQhQgj5EnpworDVEWZY58",
            "1HyoXFDEfDKm4cRWMR6C1Y3NrboFgLVVzZ",
            "1DAFhJyNpPwygdSKZ35vsmuUdB8JAFr8qn"
        ],
        "receiving": [
            "1Hq5Rz9VTmwqjuxd7Jj7sFYpSdUWnv3bzQ",
            "1GMVp776JSc6pLECwVFjDh1C1b4dw8V9d9",
            "15EFHrUs27A2fCFNeMnamdbFk3Kr2PwxVR",
            "1Lj4WZFpvuekiyeAv8rJMDzBTPTsKSqYCa",
            "1CntGbcXUd438ZS3SojWaKrFgojYRWLM8c",
            "12JLEhUpLFCUQYWJciDDDo1JdaBWZUpJyC",
            "15FtULQsVk5FC3y2PDRodiyNtmZd9BgfPu",
            "172YJTEg1qrxNRqi7aT3GAUBEEjZRQzCoA",
            "1JZ7rJqjmdPChj8taCQ9x1ucM1DmBQQKBK",
            "16jAkiTcyzjarz64sFFDDrVRsh6SFP4Ny8",
            "1KMdhWHy6aBwzE3dEsy2c4zQsVjgi4N8gc",
            "1JHQWPh8FCBTqwxduoB379XQ9qjHVufGzW",
            "193yzCPg4coMudvGCc5RtEhGKNABq19Met",
            "1C5kVHXcD7NpeSTUJ1SXMzTAbEkkz636oq",
            "1HA9NEnBfFjNToHSvSpG973WXKLe8dmJcQ",
            "1Kj4SuHrTFk8e85RtSYaQkACf27sb3aXSK",
            "1FRRAXN28eoJvFiqfefYooni6rvotu7XmB",
            "18u9wy2p7yBnF2ZrnrMXLHoi9jBMU2Zg8p",
            "1LiBqREArGEPTS7ErpWwvFx6QbKUgFgrrU",
            "1C9fNwYV9k9AnbTwtbN6v2yQiv54LvNCzY"
        ]
    },
    "fiat_value": {},
    "frozen_coins": {},
    "invoices": {},
    "keystore": {
        "derivation": "m",
        "pw_hash_version": 1,
        "root_fingerprint": "cbd6e175",
        "seed": "minor zone pool abuse remain combine social claw medal settle grace capable",
        "seed_type": "standard",
        "type": "bip32",
        "xprv": "xprv9s21ZrQH143K4Xksdg2pafX7eR3zA9e8TPywn3HDomtmYrs2FKpMc5vnB2EnNSVFDxW34d3jzTYMpzBNmtBmTfBEhPt9xSfwaqKiGnE85uU",
        "xpub": "xpub661MyMwAqRbcH1qLjhZpwoTrCStUZcMypcuYaRgqN7RkRfCAns8c9tFG2FzRwfYB3HBfzpfyomt9PpB1hd6NKuw6cBNHpPmTxpXEcPER6YK"
    },
    "labels": {},
    "payment_requests": {},
    "prevouts_by_scripthash": {},
    "seed_version": 50,
    "spent_outpoints": {},
    "transactions": {},
    "tx_fees": {},
    "txi": {},
    "txo": {},
    "use_encryption": false,
    "verified_tx3": {},
    "wallet_type": "standard"
}